Timestamp,Sensor ID,Track ID,Longitude,Latitude,Air Quality Category,AQI
1726528430000,AQ001,fb485e12-231d-490c-a6a5-47394a6684ed,-13046364.9791,4036688.8176999986,Very Unhealthy,206
1726528490000,AQ001,fb485e12-231d-490c-a6a5-47394a6684ed,-13046364.9791,4036688.8176999986,Hazardous,453
1726528550000,AQ001,fb485e12-231d-490c-a6a5-47394a6684ed,-13046364.9791,4036688.8176999986,Moderate,87
1726528610000,AQ001,fb485e12-231d-490c-a6a5-47394a6684ed,-13046364.9791,4036688.8176999986,Moderate,97
1726528670000,AQ001,fb485e12-231d-490c-a6a5-47394a6684ed,-13046364.9791,4036688.8176999986,Good,28
1726528730000,AQ001,fb485e12-231d-490c-a6a5-47394a6684ed,-13046364.9791,4036688.8176999986,Moderate,87
1726528790000,AQ001,fb485e12-231d-490c-a6a5-47394a6684ed,-13046364.9791,4036688.8176999986,Moderate,100
1726528850000,AQ001,fb485e12-231d-490c-a6a5-47394a6684ed,-13046364.9791,4036688.8176999986,Very Unhealthy,297
1726528910000,AQ001,fb485e12-231d-490c-a6a5-47394a6684ed,-13046364.9791,4036688.8176999986,Unhealthy,177
1726528970000,AQ001,fb485e12-231d-490c-a6a5-47394a6684ed,-13046364.9791,4036688.8176999986,Unhealthy,153
1726529030000,AQ001,fb485e12-231d-490c-a6a5-47394a6684ed,-13046364.9791,4036688.8176999986,Unhealthy,184
1726529090000,AQ001,fb485e12-231d-490c-a6a5-47394a6684ed,-13046364.9791,4036688.8176999986,Hazardous,343
1726529150000,AQ001,fb485e12-231d-490c-a6a5-47394a6684ed,-13046364.9791,4036688.8176999986,Moderate,64
1726529210000,AQ001,fb485e12-231d-490c-a6a5-47394a6684ed,-13046364.9791,4036688.8176999986,Good,47
1726529270000,AQ001,fb485e12-231d-490c-a6a5-47394a6684ed,-13046364.9791,4036688.8176999986,Moderate,56
1726529330000,AQ001,fb485e12-231d-490c-a6a5-47394a6684ed,-13046364.9791,4036688.8176999986,Good,48
1726529390000,AQ001,fb485e12-231d-490c-a6a5-47394a6684ed,-13046364.9791,4036688.8176999986,Moderate,65
1726529450000,AQ001,fb485e12-231d-490c-a6a5-47394a6684ed,-13046364.9791,4036688.8176999986,Unhealthy,189
1726529510000,AQ001,fb485e12-231d-490c-a6a5-47394a6684ed,-13046364.9791,4036688.8176999986,Very Unhealthy,244
1726529570000,AQ001,fb485e12-231d-490c-a6a5-47394a6684ed,-13046364.9791,4036688.8176999986,Unhealthy,178
1726529630000,AQ001,fb485e12-231d-490c-a6a5-47394a6684ed,-13046364.9791,4036688.8176999986,Unhealthy,197
1726529690000,AQ001,fb485e12-231d-490c-a6a5-47394a6684ed,-13046364.9791,4036688.8176999986,Hazardous,485
1726529750000,AQ001,fb485e12-231d-490c-a6a5-47394a6684ed,-13046364.9791,4036688.8176999986,Moderate,93
1726529810000,AQ001,fb485e12-231d-490c-a6a5-47394a6684ed,-13046364.9791,4036688.8176999986,Good,27
1726529870000,AQ001,fb485e12-231d-490c-a6a5-47394a6684ed,-13046364.9791,4036688.8176999986,Good,16
1726529930000,AQ001,fb485e12-231d-490c-a6a5-47394a6684ed,-13046364.9791,4036688.8176999986,Good,11
1726529990000,AQ001,fb485e12-231d-490c-a6a5-47394a6684ed,-13046364.9791,4036688.8176999986,Good,42
1726530050000,AQ001,fb485e12-231d-490c-a6a5-47394a6684ed,-13046364.9791,4036688.8176999986,Unhealthy,154
1726530110000,AQ001,fb485e12-231d-490c-a6a5-47394a6684ed,-13046364.9791,4036688.8176999986,Unhealthy,161
1726530170000,AQ001,fb485e12-231d-490c-a6a5-47394a6684ed,-13046364.9791,4036688.8176999986,Hazardous,428
1726530230000,AQ001,fb485e12-231d-490c-a6a5-47394a6684ed,-13046364.9791,4036688.8176999986,Unhealthy,174
1726530290000,AQ001,fb485e12-231d-490c-a6a5-47394a6684ed,-13046364.9791,4036688.8176999986,Unhealthy,159
1726530350000,AQ001,fb485e12-231d-490c-a6a5-47394a6684ed,-13046364.9791,4036688.8176999986,Good,18
1726530410000,AQ001,fb485e12-231d-490c-a6a5-47394a6684ed,-13046364.9791,4036688.8176999986,Good,22
1726530470000,AQ001,fb485e12-231d-490c-a6a5-47394a6684ed,-13046364.9791,4036688.8176999986,Moderate,71
1726530530000,AQ001,fb485e12-231d-490c-a6a5-47394a6684ed,-13046364.9791,4036688.8176999986,Good,17
1726530590000,AQ001,fb485e12-231d-490c-a6a5-47394a6684ed,-13046364.9791,4036688.8176999986,Moderate,97
1726530650000,AQ001,fb485e12-231d-490c-a6a5-47394a6684ed,-13046364.9791,4036688.8176999986,Very Unhealthy,237
1726530710000,AQ001,fb485e12-231d-490c-a6a5-47394a6684ed,-13046364.9791,4036688.8176999986,Hazardous,334
1726530770000,AQ001,fb485e12-231d-490c-a6a5-47394a6684ed,-13046364.9791,4036688.8176999986,Unhealthy,182
1726530830000,AQ001,fb485e12-231d-490c-a6a5-47394a6684ed,-13046364.9791,4036688.8176999986,Unhealthy,172
1726530890000,AQ001,fb485e12-231d-490c-a6a5-47394a6684ed,-13046364.9791,4036688.8176999986,Unhealthy,160
1726530950000,AQ001,fb485e12-231d-490c-a6a5-47394a6684ed,-13046364.9791,4036688.8176999986,Good,31
1726531010000,AQ001,fb485e12-231d-490c-a6a5-47394a6684ed,-13046364.9791,4036688.8176999986,Moderate,81
1726531070000,AQ001,fb485e12-231d-490c-a6a5-47394a6684ed,-13046364.9791,4036688.8176999986,Good,20
1726531130000,AQ001,fb485e12-231d-490c-a6a5-47394a6684ed,-13046364.9791,4036688.8176999986,Good,16
1726531190000,AQ001,fb485e12-231d-490c-a6a5-47394a6684ed,-13046364.9791,4036688.8176999986,Good,26
1726531250000,AQ001,fb485e12-231d-490c-a6a5-47394a6684ed,-13046364.9791,4036688.8176999986,Hazardous,500
1726531310000,AQ001,fb485e12-231d-490c-a6a5-47394a6684ed,-13046364.9791,4036688.8176999986,Hazardous,469
1726531370000,AQ001,fb485e12-231d-490c-a6a5-47394a6684ed,-13046364.9791,4036688.8176999986,Hazardous,356
1726531430000,AQ001,fb485e12-231d-490c-a6a5-47394a6684ed,-13046364.9791,4036688.8176999986,Hazardous,350
1726531490000,AQ001,fb485e12-231d-490c-a6a5-47394a6684ed,-13046364.9791,4036688.8176999986,Unhealthy,194
1726531550000,AQ001,fb485e12-231d-490c-a6a5-47394a6684ed,-13046364.9791,4036688.8176999986,Moderate,60
1726531610000,AQ001,fb485e12-231d-490c-a6a5-47394a6684ed,-13046364.9791,4036688.8176999986,Moderate,62
1726531670000,AQ001,fb485e12-231d-490c-a6a5-47394a6684ed,-13046364.9791,4036688.8176999986,Moderate,82
1726531730000,AQ001,fb485e12-231d-490c-a6a5-47394a6684ed,-13046364.9791,4036688.8176999986,Moderate,56
1726531790000,AQ001,fb485e12-231d-490c-a6a5-47394a6684ed,-13046364.9791,4036688.8176999986,Moderate,56
1726531850000,AQ001,fb485e12-231d-490c-a6a5-47394a6684ed,-13046364.9791,4036688.8176999986,Unhealthy,179
1726531910000,AQ001,fb485e12-231d-490c-a6a5-47394a6684ed,-13046364.9791,4036688.8176999986,Hazardous,445
1726531970000,AQ001,fb485e12-231d-490c-a6a5-47394a6684ed,-13046364.9791,4036688.8176999986,Unhealthy,200
1726532030000,AQ001,fb485e12-231d-490c-a6a5-47394a6684ed,-13046364.9791,4036688.8176999986,Very Unhealthy,249
1726532090000,AQ001,fb485e12-231d-490c-a6a5-47394a6684ed,-13046364.9791,4036688.8176999986,Very Unhealthy,242
1726532150000,AQ001,fb485e12-231d-490c-a6a5-47394a6684ed,-13046364.9791,4036688.8176999986,Moderate,89
1726532210000,AQ001,fb485e12-231d-490c-a6a5-47394a6684ed,-13046364.9791,4036688.8176999986,Good,4
1726532270000,AQ001,fb485e12-231d-490c-a6a5-47394a6684ed,-13046364.9791,4036688.8176999986,Moderate,100
1726532330000,AQ001,fb485e12-231d-490c-a6a5-47394a6684ed,-13046364.9791,4036688.8176999986,Moderate,58
1726532390000,AQ001,fb485e12-231d-490c-a6a5-47394a6684ed,-13046364.9791,4036688.8176999986,Good,31
1726532450000,AQ001,fb485e12-231d-490c-a6a5-47394a6684ed,-13046364.9791,4036688.8176999986,Unhealthy,175
1726532510000,AQ001,fb485e12-231d-490c-a6a5-47394a6684ed,-13046364.9791,4036688.8176999986,Very Unhealthy,225
1726532570000,AQ001,fb485e12-231d-490c-a6a5-47394a6684ed,-13046364.9791,4036688.8176999986,Very Unhealthy,238
1726532630000,AQ001,fb485e12-231d-490c-a6a5-47394a6684ed,-13046364.9791,4036688.8176999986,Hazardous,322
1726532690000,AQ001,fb485e12-231d-490c-a6a5-47394a6684ed,-13046364.9791,4036688.8176999986,Very Unhealthy,293
1726532750000,AQ001,fb485e12-231d-490c-a6a5-47394a6684ed,-13046364.9791,4036688.8176999986,Moderate,88
1726532810000,AQ001,fb485e12-231d-490c-a6a5-47394a6684ed,-13046364.9791,4036688.8176999986,Good,48
1726532870000,AQ001,fb485e12-231d-490c-a6a5-47394a6684ed,-13046364.9791,4036688.8176999986,Moderate,65
1726532930000,AQ001,fb485e12-231d-490c-a6a5-47394a6684ed,-13046364.9791,4036688.8176999986,Moderate,91
1726532990000,AQ001,fb485e12-231d-490c-a6a5-47394a6684ed,-13046364.9791,4036688.8176999986,Moderate,93
1726533050000,AQ001,fb485e12-231d-490c-a6a5-47394a6684ed,-13046364.9791,4036688.8176999986,Unhealthy,162
1726533110000,AQ001,fb485e12-231d-490c-a6a5-47394a6684ed,-13046364.9791,4036688.8176999986,Hazardous,424
1726533170000,AQ001,fb485e12-231d-490c-a6a5-47394a6684ed,-13046364.9791,4036688.8176999986,Unhealthy,164
1726533230000,AQ001,fb485e12-231d-490c-a6a5-47394a6684ed,-13046364.9791,4036688.8176999986,Hazardous,457
1726533290000,AQ001,fb485e12-231d-490c-a6a5-47394a6684ed,-13046364.9791,4036688.8176999986,Very Unhealthy,271
1726533350000,AQ001,fb485e12-231d-490c-a6a5-47394a6684ed,-13046364.9791,4036688.8176999986,Moderate,77
1726533410000,AQ001,fb485e12-231d-490c-a6a5-47394a6684ed,-13046364.9791,4036688.8176999986,Good,40
1726533470000,AQ001,fb485e12-231d-490c-a6a5-47394a6684ed,-13046364.9791,4036688.8176999986,Moderate,56
1726533530000,AQ001,fb485e12-231d-490c-a6a5-47394a6684ed,-13046364.9791,4036688.8176999986,Moderate,88
1726533590000,AQ001,fb485e12-231d-490c-a6a5-47394a6684ed,-13046364.9791,4036688.8176999986,Good,23
1726533650000,AQ001,fb485e12-231d-490c-a6a5-47394a6684ed,-13046364.9791,4036688.8176999986,Very Unhealthy,251
1726533710000,AQ001,fb485e12-231d-490c-a6a5-47394a6684ed,-13046364.9791,4036688.8176999986,Hazardous,330
1726533770000,AQ001,fb485e12-231d-490c-a6a5-47394a6684ed,-13046364.9791,4036688.8176999986,Unhealthy,186
1726533830000,AQ001,fb485e12-231d-490c-a6a5-47394a6684ed,-13046364.9791,4036688.8176999986,Hazardous,367
1726533890000,AQ001,fb485e12-231d-490c-a6a5-47394a6684ed,-13046364.9791,4036688.8176999986,Hazardous,493
1726533950000,AQ001,fb485e12-231d-490c-a6a5-47394a6684ed,-13046364.9791,4036688.8176999986,Good,18
1726534010000,AQ001,fb485e12-231d-490c-a6a5-47394a6684ed,-13046364.9791,4036688.8176999986,Good,1
1726534070000,AQ001,fb485e12-231d-490c-a6a5-47394a6684ed,-13046364.9791,4036688.8176999986,Moderate,73
1726534130000,AQ001,fb485e12-231d-490c-a6a5-47394a6684ed,-13046364.9791,4036688.8176999986,Moderate,67
1726534190000,AQ001,fb485e12-231d-490c-a6a5-47394a6684ed,-13046364.9791,4036688.8176999986,Good,37
1726534250000,AQ001,fb485e12-231d-490c-a6a5-47394a6684ed,-13046364.9791,4036688.8176999986,Unhealthy,190
1726534310000,AQ001,fb485e12-231d-490c-a6a5-47394a6684ed,-13046364.9791,4036688.8176999986,Very Unhealthy,258
1726534370000,AQ001,fb485e12-231d-490c-a6a5-47394a6684ed,-13046364.9791,4036688.8176999986,Very Unhealthy,232
1726534430000,AQ001,fb485e12-231d-490c-a6a5-47394a6684ed,-13046364.9791,4036688.8176999986,Unhealthy,180
1726534490000,AQ001,fb485e12-231d-490c-a6a5-47394a6684ed,-13046364.9791,4036688.8176999986,Very Unhealthy,286
1726534550000,AQ001,fb485e12-231d-490c-a6a5-47394a6684ed,-13046364.9791,4036688.8176999986,Moderate,75
1726534610000,AQ001,fb485e12-231d-490c-a6a5-47394a6684ed,-13046364.9791,4036688.8176999986,Moderate,91
1726534670000,AQ001,fb485e12-231d-490c-a6a5-47394a6684ed,-13046364.9791,4036688.8176999986,Moderate,52
1726534730000,AQ001,fb485e12-231d-490c-a6a5-47394a6684ed,-13046364.9791,4036688.8176999986,Good,18
1726534790000,AQ001,fb485e12-231d-490c-a6a5-47394a6684ed,-13046364.9791,4036688.8176999986,Good,14
1726534850000,AQ001,fb485e12-231d-490c-a6a5-47394a6684ed,-13046364.9791,4036688.8176999986,Hazardous,323
1726534910000,AQ001,fb485e12-231d-490c-a6a5-47394a6684ed,-13046364.9791,4036688.8176999986,Very Unhealthy,269
1726534970000,AQ001,fb485e12-231d-490c-a6a5-47394a6684ed,-13046364.9791,4036688.8176999986,Hazardous,483
1726535030000,AQ001,fb485e12-231d-490c-a6a5-47394a6684ed,-13046364.9791,4036688.8176999986,Unhealthy,194
1726535090000,AQ001,fb485e12-231d-490c-a6a5-47394a6684ed,-13046364.9791,4036688.8176999986,Hazardous,464
1726535150000,AQ001,fb485e12-231d-490c-a6a5-47394a6684ed,-13046364.9791,4036688.8176999986,Moderate,91
1726535210000,AQ001,fb485e12-231d-490c-a6a5-47394a6684ed,-13046364.9791,4036688.8176999986,Good,17
1726535270000,AQ001,fb485e12-231d-490c-a6a5-47394a6684ed,-13046364.9791,4036688.8176999986,Moderate,72
1726535330000,AQ001,fb485e12-231d-490c-a6a5-47394a6684ed,-13046364.9791,4036688.8176999986,Good,41
1726535390000,AQ001,fb485e12-231d-490c-a6a5-47394a6684ed,-13046364.9791,4036688.8176999986,Good,32
1726535450000,AQ001,fb485e12-231d-490c-a6a5-47394a6684ed,-13046364.9791,4036688.8176999986,Unhealthy,174
1726535510000,AQ001,fb485e12-231d-490c-a6a5-47394a6684ed,-13046364.9791,4036688.8176999986,Unhealthy,169
1726535570000,AQ001,fb485e12-231d-490c-a6a5-47394a6684ed,-13046364.9791,4036688.8176999986,Unhealthy,182
1726535630000,AQ001,fb485e12-231d-490c-a6a5-47394a6684ed,-13046364.9791,4036688.8176999986,Unhealthy,181
1726535690000,AQ001,fb485e12-231d-490c-a6a5-47394a6684ed,-13046364.9791,4036688.8176999986,Very Unhealthy,273
1726535750000,AQ001,fb485e12-231d-490c-a6a5-47394a6684ed,-13046364.9791,4036688.8176999986,Good,12
1726535810000,AQ001,fb485e12-231d-490c-a6a5-47394a6684ed,-13046364.9791,4036688.8176999986,Good,34
1726535870000,AQ001,fb485e12-231d-490c-a6a5-47394a6684ed,-13046364.9791,4036688.8176999986,Good,13
1726535930000,AQ001,fb485e12-231d-490c-a6a5-47394a6684ed,-13046364.9791,4036688.8176999986,Good,5
1726535990000,AQ001,fb485e12-231d-490c-a6a5-47394a6684ed,-13046364.9791,4036688.8176999986,Good,7
1726536050000,AQ001,fb485e12-231d-490c-a6a5-47394a6684ed,-13046364.9791,4036688.8176999986,Hazardous,484
1726536110000,AQ001,fb485e12-231d-490c-a6a5-47394a6684ed,-13046364.9791,4036688.8176999986,Hazardous,362
1726536170000,AQ001,fb485e12-231d-490c-a6a5-47394a6684ed,-13046364.9791,4036688.8176999986,Hazardous,409
1726536230000,AQ001,fb485e12-231d-490c-a6a5-47394a6684ed,-13046364.9791,4036688.8176999986,Unhealthy,151
1726536290000,AQ001,fb485e12-231d-490c-a6a5-47394a6684ed,-13046364.9791,4036688.8176999986,Hazardous,381
1726536350000,AQ001,fb485e12-231d-490c-a6a5-47394a6684ed,-13046364.9791,4036688.8176999986,Good,46
1726536410000,AQ001,fb485e12-231d-490c-a6a5-47394a6684ed,-13046364.9791,4036688.8176999986,Good,37
1726536470000,AQ001,fb485e12-231d-490c-a6a5-47394a6684ed,-13046364.9791,4036688.8176999986,Moderate,59
1726536530000,AQ001,fb485e12-231d-490c-a6a5-47394a6684ed,-13046364.9791,4036688.8176999986,Moderate,78
1726536590000,AQ001,fb485e12-231d-490c-a6a5-47394a6684ed,-13046364.9791,4036688.8176999986,Moderate,89
1726536650000,AQ001,fb485e12-231d-490c-a6a5-47394a6684ed,-13046364.9791,4036688.8176999986,Very Unhealthy,241
1726536710000,AQ001,fb485e12-231d-490c-a6a5-47394a6684ed,-13046364.9791,4036688.8176999986,Very Unhealthy,281
1726536770000,AQ001,fb485e12-231d-490c-a6a5-47394a6684ed,-13046364.9791,4036688.8176999986,Hazardous,388
1726536830000,AQ001,fb485e12-231d-490c-a6a5-47394a6684ed,-13046364.9791,4036688.8176999986,Very Unhealthy,234
1726536890000,AQ001,fb485e12-231d-490c-a6a5-47394a6684ed,-13046364.9791,4036688.8176999986,Unhealthy,198
1726536950000,AQ001,fb485e12-231d-490c-a6a5-47394a6684ed,-13046364.9791,4036688.8176999986,Good,29
1726537010000,AQ001,fb485e12-231d-490c-a6a5-47394a6684ed,-13046364.9791,4036688.8176999986,Good,44
1726537070000,AQ001,fb485e12-231d-490c-a6a5-47394a6684ed,-13046364.9791,4036688.8176999986,Good,23
1726537130000,AQ001,fb485e12-231d-490c-a6a5-47394a6684ed,-13046364.9791,4036688.8176999986,Good,10
1726537190000,AQ001,fb485e12-231d-490c-a6a5-47394a6684ed,-13046364.9791,4036688.8176999986,Good,26
1726537250000,AQ001,fb485e12-231d-490c-a6a5-47394a6684ed,-13046364.9791,4036688.8176999986,Very Unhealthy,253
1726537310000,AQ001,fb485e12-231d-490c-a6a5-47394a6684ed,-13046364.9791,4036688.8176999986,Hazardous,334
1726537370000,AQ001,fb485e12-231d-490c-a6a5-47394a6684ed,-13046364.9791,4036688.8176999986,Very Unhealthy,201
1726537430000,AQ001,fb485e12-231d-490c-a6a5-47394a6684ed,-13046364.9791,4036688.8176999986,Unhealthy,152
1726537490000,AQ001,fb485e12-231d-490c-a6a5-47394a6684ed,-13046364.9791,4036688.8176999986,Hazardous,486
1726537550000,AQ001,fb485e12-231d-490c-a6a5-47394a6684ed,-13046364.9791,4036688.8176999986,Moderate,89
1726537610000,AQ001,fb485e12-231d-490c-a6a5-47394a6684ed,-13046364.9791,4036688.8176999986,Good,34
1726537670000,AQ001,fb485e12-231d-490c-a6a5-47394a6684ed,-13046364.9791,4036688.8176999986,Moderate,95
1726537730000,AQ001,fb485e12-231d-490c-a6a5-47394a6684ed,-13046364.9791,4036688.8176999986,Good,34
1726537790000,AQ001,fb485e12-231d-490c-a6a5-47394a6684ed,-13046364.9791,4036688.8176999986,Good,2
1726537850000,AQ001,fb485e12-231d-490c-a6a5-47394a6684ed,-13046364.9791,4036688.8176999986,Unhealthy,173
1726537910000,AQ001,fb485e12-231d-490c-a6a5-47394a6684ed,-13046364.9791,4036688.8176999986,Very Unhealthy,264
1726537970000,AQ001,fb485e12-231d-490c-a6a5-47394a6684ed,-13046364.9791,4036688.8176999986,Hazardous,330
1726538030000,AQ001,fb485e12-231d-490c-a6a5-47394a6684ed,-13046364.9791,4036688.8176999986,Unhealthy,187
1726538090000,AQ001,fb485e12-231d-490c-a6a5-47394a6684ed,-13046364.9791,4036688.8176999986,Very Unhealthy,286
1726538150000,AQ001,fb485e12-231d-490c-a6a5-47394a6684ed,-13046364.9791,4036688.8176999986,Good,3
1726538210000,AQ001,fb485e12-231d-490c-a6a5-47394a6684ed,-13046364.9791,4036688.8176999986,Moderate,95
1726538270000,AQ001,fb485e12-231d-490c-a6a5-47394a6684ed,-13046364.9791,4036688.8176999986,Moderate,67
1726538330000,AQ001,fb485e12-231d-490c-a6a5-47394a6684ed,-13046364.9791,4036688.8176999986,Good,6
1726538390000,AQ001,fb485e12-231d-490c-a6a5-47394a6684ed,-13046364.9791,4036688.8176999986,Moderate,86
1726538450000,AQ001,fb485e12-231d-490c-a6a5-47394a6684ed,-13046364.9791,4036688.8176999986,Very Unhealthy,271
1726538510000,AQ001,fb485e12-231d-490c-a6a5-47394a6684ed,-13046364.9791,4036688.8176999986,Unhealthy,178
1726538570000,AQ001,fb485e12-231d-490c-a6a5-47394a6684ed,-13046364.9791,4036688.8176999986,Hazardous,414
1726538630000,AQ001,fb485e12-231d-490c-a6a5-47394a6684ed,-13046364.9791,4036688.8176999986,Hazardous,479
1726538690000,AQ001,fb485e12-231d-490c-a6a5-47394a6684ed,-13046364.9791,4036688.8176999986,Very Unhealthy,207
1726538750000,AQ001,fb485e12-231d-490c-a6a5-47394a6684ed,-13046364.9791,4036688.8176999986,Good,11
1726538810000,AQ001,fb485e12-231d-490c-a6a5-47394a6684ed,-13046364.9791,4036688.8176999986,Moderate,92
1726538870000,AQ001,fb485e12-231d-490c-a6a5-47394a6684ed,-13046364.9791,4036688.8176999986,Good,39
1726538930000,AQ001,fb485e12-231d-490c-a6a5-47394a6684ed,-13046364.9791,4036688.8176999986,Moderate,68
1726538990000,AQ001,fb485e12-231d-490c-a6a5-47394a6684ed,-13046364.9791,4036688.8176999986,Good,26
1726539050000,AQ001,fb485e12-231d-490c-a6a5-47394a6684ed,-13046364.9791,4036688.8176999986,Unhealthy,164
1726539110000,AQ001,fb485e12-231d-490c-a6a5-47394a6684ed,-13046364.9791,4036688.8176999986,Hazardous,321
1726539170000,AQ001,fb485e12-231d-490c-a6a5-47394a6684ed,-13046364.9791,4036688.8176999986,Hazardous,375
1726539230000,AQ001,fb485e12-231d-490c-a6a5-47394a6684ed,-13046364.9791,4036688.8176999986,Hazardous,476
1726539290000,AQ001,fb485e12-231d-490c-a6a5-47394a6684ed,-13046364.9791,4036688.8176999986,Very Unhealthy,298
1726539350000,AQ001,fb485e12-231d-490c-a6a5-47394a6684ed,-13046364.9791,4036688.8176999986,Good,1
1726539410000,AQ001,fb485e12-231d-490c-a6a5-47394a6684ed,-13046364.9791,4036688.8176999986,Good,17
1726539470000,AQ001,fb485e12-231d-490c-a6a5-47394a6684ed,-13046364.9791,4036688.8176999986,Good,18
1726539530000,AQ001,fb485e12-231d-490c-a6a5-47394a6684ed,-13046364.9791,4036688.8176999986,Moderate,87
1726539590000,AQ001,fb485e12-231d-490c-a6a5-47394a6684ed,-13046364.9791,4036688.8176999986,Moderate,53
1726539650000,AQ001,fb485e12-231d-490c-a6a5-47394a6684ed,-13046364.9791,4036688.8176999986,Unhealthy,169
1726539710000,AQ001,fb485e12-231d-490c-a6a5-47394a6684ed,-13046364.9791,4036688.8176999986,Very Unhealthy,234
1726539770000,AQ001,fb485e12-231d-490c-a6a5-47394a6684ed,-13046364.9791,4036688.8176999986,Very Unhealthy,299
1726539830000,AQ001,fb485e12-231d-490c-a6a5-47394a6684ed,-13046364.9791,4036688.8176999986,Hazardous,319
1726539890000,AQ001,fb485e12-231d-490c-a6a5-47394a6684ed,-13046364.9791,4036688.8176999986,Unhealthy,198
1726539950000,AQ001,fb485e12-231d-490c-a6a5-47394a6684ed,-13046364.9791,4036688.8176999986,Moderate,51
1726540010000,AQ001,fb485e12-231d-490c-a6a5-47394a6684ed,-13046364.9791,4036688.8176999986,Moderate,54
1726540070000,AQ001,fb485e12-231d-490c-a6a5-47394a6684ed,-13046364.9791,4036688.8176999986,Moderate,63
1726540130000,AQ001,fb485e12-231d-490c-a6a5-47394a6684ed,-13046364.9791,4036688.8176999986,Moderate,68
1726540190000,AQ001,fb485e12-231d-490c-a6a5-47394a6684ed,-13046364.9791,4036688.8176999986,Moderate,56
1726540250000,AQ001,fb485e12-231d-490c-a6a5-47394a6684ed,-13046364.9791,4036688.8176999986,Unhealthy,159
1726540310000,AQ001,fb485e12-231d-490c-a6a5-47394a6684ed,-13046364.9791,4036688.8176999986,Hazardous,370
1726540370000,AQ001,fb485e12-231d-490c-a6a5-47394a6684ed,-13046364.9791,4036688.8176999986,Very Unhealthy,248
1726540430000,AQ001,fb485e12-231d-490c-a6a5-47394a6684ed,-13046364.9791,4036688.8176999986,Hazardous,408
1726540490000,AQ001,fb485e12-231d-490c-a6a5-47394a6684ed,-13046364.9791,4036688.8176999986,Hazardous,441
1726540550000,AQ001,fb485e12-231d-490c-a6a5-47394a6684ed,-13046364.9791,4036688.8176999986,Moderate,80
1726540610000,AQ001,fb485e12-231d-490c-a6a5-47394a6684ed,-13046364.9791,4036688.8176999986,Good,29
1726540670000,AQ001,fb485e12-231d-490c-a6a5-47394a6684ed,-13046364.9791,4036688.8176999986,Good,28
1726540730000,AQ001,fb485e12-231d-490c-a6a5-47394a6684ed,-13046364.9791,4036688.8176999986,Good,39
1726540790000,AQ001,fb485e12-231d-490c-a6a5-47394a6684ed,-13046364.9791,4036688.8176999986,Moderate,92
1726540850000,AQ001,fb485e12-231d-490c-a6a5-47394a6684ed,-13046364.9791,4036688.8176999986,Unhealthy,193
1726540910000,AQ001,fb485e12-231d-490c-a6a5-47394a6684ed,-13046364.9791,4036688.8176999986,Hazardous,442
1726540970000,AQ001,fb485e12-231d-490c-a6a5-47394a6684ed,-13046364.9791,4036688.8176999986,Very Unhealthy,257
1726541030000,AQ001,fb485e12-231d-490c-a6a5-47394a6684ed,-13046364.9791,4036688.8176999986,Very Unhealthy,233
1726541090000,AQ001,fb485e12-231d-490c-a6a5-47394a6684ed,-13046364.9791,4036688.8176999986,Very Unhealthy,268
1726541150000,AQ001,fb485e12-231d-490c-a6a5-47394a6684ed,-13046364.9791,4036688.8176999986,Moderate,57
1726541210000,AQ001,fb485e12-231d-490c-a6a5-47394a6684ed,-13046364.9791,4036688.8176999986,Good,9
1726541270000,AQ001,fb485e12-231d-490c-a6a5-47394a6684ed,-13046364.9791,4036688.8176999986,Moderate,100
1726541330000,AQ001,fb485e12-231d-490c-a6a5-47394a6684ed,-13046364.9791,4036688.8176999986,Good,7
1726541390000,AQ001,fb485e12-231d-490c-a6a5-47394a6684ed,-13046364.9791,4036688.8176999986,Moderate,89
1726541450000,AQ001,fb485e12-231d-490c-a6a5-47394a6684ed,-13046364.9791,4036688.8176999986,Very Unhealthy,205
1726541510000,AQ001,fb485e12-231d-490c-a6a5-47394a6684ed,-13046364.9791,4036688.8176999986,Very Unhealthy,275
1726541570000,AQ001,fb485e12-231d-490c-a6a5-47394a6684ed,-13046364.9791,4036688.8176999986,Very Unhealthy,231
1726541630000,AQ001,fb485e12-231d-490c-a6a5-47394a6684ed,-13046364.9791,4036688.8176999986,Very Unhealthy,206
1726541690000,AQ001,fb485e12-231d-490c-a6a5-47394a6684ed,-13046364.9791,4036688.8176999986,Hazardous,457
1726541750000,AQ001,fb485e12-231d-490c-a6a5-47394a6684ed,-13046364.9791,4036688.8176999986,Good,45
1726541810000,AQ001,fb485e12-231d-490c-a6a5-47394a6684ed,-13046364.9791,4036688.8176999986,Moderate,70
1726541870000,AQ001,fb485e12-231d-490c-a6a5-47394a6684ed,-13046364.9791,4036688.8176999986,Good,28
1726541930000,AQ001,fb485e12-231d-490c-a6a5-47394a6684ed,-13046364.9791,4036688.8176999986,Moderate,72
1726541990000,AQ001,fb485e12-231d-490c-a6a5-47394a6684ed,-13046364.9791,4036688.8176999986,Good,46
1726542050000,AQ001,fb485e12-231d-490c-a6a5-47394a6684ed,-13046364.9791,4036688.8176999986,Very Unhealthy,298
1726542110000,AQ001,fb485e12-231d-490c-a6a5-47394a6684ed,-13046364.9791,4036688.8176999986,Very Unhealthy,295
1726542170000,AQ001,fb485e12-231d-490c-a6a5-47394a6684ed,-13046364.9791,4036688.8176999986,Very Unhealthy,211
1726542230000,AQ001,fb485e12-231d-490c-a6a5-47394a6684ed,-13046364.9791,4036688.8176999986,Unhealthy,170
1726542290000,AQ001,fb485e12-231d-490c-a6a5-47394a6684ed,-13046364.9791,4036688.8176999986,Unhealthy,164
1726542350000,AQ001,fb485e12-231d-490c-a6a5-47394a6684ed,-13046364.9791,4036688.8176999986,Moderate,69
1726542410000,AQ001,fb485e12-231d-490c-a6a5-47394a6684ed,-13046364.9791,4036688.8176999986,Good,15
1726542470000,AQ001,fb485e12-231d-490c-a6a5-47394a6684ed,-13046364.9791,4036688.8176999986,Moderate,78
1726542530000,AQ001,fb485e12-231d-490c-a6a5-47394a6684ed,-13046364.9791,4036688.8176999986,Moderate,68
1726542590000,AQ001,fb485e12-231d-490c-a6a5-47394a6684ed,-13046364.9791,4036688.8176999986,Good,42
1726542650000,AQ001,fb485e12-231d-490c-a6a5-47394a6684ed,-13046364.9791,4036688.8176999986,Very Unhealthy,283
1726542710000,AQ001,fb485e12-231d-490c-a6a5-47394a6684ed,-13046364.9791,4036688.8176999986,Hazardous,430
1726542770000,AQ001,fb485e12-231d-490c-a6a5-47394a6684ed,-13046364.9791,4036688.8176999986,Hazardous,387
1726542830000,AQ001,fb485e12-231d-490c-a6a5-47394a6684ed,-13046364.9791,4036688.8176999986,Unhealthy,153
1726542890000,AQ001,fb485e12-231d-490c-a6a5-47394a6684ed,-13046364.9791,4036688.8176999986,Very Unhealthy,294
1726542950000,AQ001,fb485e12-231d-490c-a6a5-47394a6684ed,-13046364.9791,4036688.8176999986,Moderate,77
1726543010000,AQ001,fb485e12-231d-490c-a6a5-47394a6684ed,-13046364.9791,4036688.8176999986,Moderate,72
1726543070000,AQ001,fb485e12-231d-490c-a6a5-47394a6684ed,-13046364.9791,4036688.8176999986,Good,4
1726543130000,AQ001,fb485e12-231d-490c-a6a5-47394a6684ed,-13046364.9791,4036688.8176999986,Good,11
1726543190000,AQ001,fb485e12-231d-490c-a6a5-47394a6684ed,-13046364.9791,4036688.8176999986,Moderate,80
1726543250000,AQ001,fb485e12-231d-490c-a6a5-47394a6684ed,-13046364.9791,4036688.8176999986,Very Unhealthy,208
1726543310000,AQ001,fb485e12-231d-490c-a6a5-47394a6684ed,-13046364.9791,4036688.8176999986,Hazardous,418
1726543370000,AQ001,fb485e12-231d-490c-a6a5-47394a6684ed,-13046364.9791,4036688.8176999986,Very Unhealthy,232
1726543430000,AQ001,fb485e12-231d-490c-a6a5-47394a6684ed,-13046364.9791,4036688.8176999986,Hazardous,423
1726543490000,AQ001,fb485e12-231d-490c-a6a5-47394a6684ed,-13046364.9791,4036688.8176999986,Very Unhealthy,266
1726543550000,AQ001,fb485e12-231d-490c-a6a5-47394a6684ed,-13046364.9791,4036688.8176999986,Good,10
1726543610000,AQ001,fb485e12-231d-490c-a6a5-47394a6684ed,-13046364.9791,4036688.8176999986,Good,41
1726543670000,AQ001,fb485e12-231d-490c-a6a5-47394a6684ed,-13046364.9791,4036688.8176999986,Moderate,61
1726543730000,AQ001,fb485e12-231d-490c-a6a5-47394a6684ed,-13046364.9791,4036688.8176999986,Good,19
1726543790000,AQ001,fb485e12-231d-490c-a6a5-47394a6684ed,-13046364.9791,4036688.8176999986,Moderate,64
1726543850000,AQ001,fb485e12-231d-490c-a6a5-47394a6684ed,-13046364.9791,4036688.8176999986,Very Unhealthy,223
1726543910000,AQ001,fb485e12-231d-490c-a6a5-47394a6684ed,-13046364.9791,4036688.8176999986,Very Unhealthy,286
1726543970000,AQ001,fb485e12-231d-490c-a6a5-47394a6684ed,-13046364.9791,4036688.8176999986,Unhealthy,178
1726544030000,AQ001,fb485e12-231d-490c-a6a5-47394a6684ed,-13046364.9791,4036688.8176999986,Hazardous,419
1726544090000,AQ001,fb485e12-231d-490c-a6a5-47394a6684ed,-13046364.9791,4036688.8176999986,Unhealthy,192
1726544150000,AQ001,fb485e12-231d-490c-a6a5-47394a6684ed,-13046364.9791,4036688.8176999986,Moderate,99
1726544210000,AQ001,fb485e12-231d-490c-a6a5-47394a6684ed,-13046364.9791,4036688.8176999986,Good,10
1726544270000,AQ001,fb485e12-231d-490c-a6a5-47394a6684ed,-13046364.9791,4036688.8176999986,Moderate,58
1726544330000,AQ001,fb485e12-231d-490c-a6a5-47394a6684ed,-13046364.9791,4036688.8176999986,Moderate,89
1726544390000,AQ001,fb485e12-231d-490c-a6a5-47394a6684ed,-13046364.9791,4036688.8176999986,Moderate,68
1726544450000,AQ001,fb485e12-231d-490c-a6a5-47394a6684ed,-13046364.9791,4036688.8176999986,Hazardous,320
1726544510000,AQ001,fb485e12-231d-490c-a6a5-47394a6684ed,-13046364.9791,4036688.8176999986,Hazardous,337
1726544570000,AQ001,fb485e12-231d-490c-a6a5-47394a6684ed,-13046364.9791,4036688.8176999986,Very Unhealthy,205
1726544630000,AQ001,fb485e12-231d-490c-a6a5-47394a6684ed,-13046364.9791,4036688.8176999986,Hazardous,469
1726544690000,AQ001,fb485e12-231d-490c-a6a5-47394a6684ed,-13046364.9791,4036688.8176999986,Hazardous,425
1726544750000,AQ001,fb485e12-231d-490c-a6a5-47394a6684ed,-13046364.9791,4036688.8176999986,Good,6
1726544810000,AQ001,fb485e12-231d-490c-a6a5-47394a6684ed,-13046364.9791,4036688.8176999986,Moderate,62
1726544870000,AQ001,fb485e12-231d-490c-a6a5-47394a6684ed,-13046364.9791,4036688.8176999986,Moderate,97
1726544930000,AQ001,fb485e12-231d-490c-a6a5-47394a6684ed,-13046364.9791,4036688.8176999986,Good,8
1726544990000,AQ001,fb485e12-231d-490c-a6a5-47394a6684ed,-13046364.9791,4036688.8176999986,Moderate,56
1726545050000,AQ001,fb485e12-231d-490c-a6a5-47394a6684ed,-13046364.9791,4036688.8176999986,Very Unhealthy,255
1726545110000,AQ001,fb485e12-231d-490c-a6a5-47394a6684ed,-13046364.9791,4036688.8176999986,Very Unhealthy,233
1726545170000,AQ001,fb485e12-231d-490c-a6a5-47394a6684ed,-13046364.9791,4036688.8176999986,Hazardous,367
1726545230000,AQ001,fb485e12-231d-490c-a6a5-47394a6684ed,-13046364.9791,4036688.8176999986,Hazardous,319
1726545290000,AQ001,fb485e12-231d-490c-a6a5-47394a6684ed,-13046364.9791,4036688.8176999986,Unhealthy,196
1726545350000,AQ001,fb485e12-231d-490c-a6a5-47394a6684ed,-13046364.9791,4036688.8176999986,Good,17
1726545410000,AQ001,fb485e12-231d-490c-a6a5-47394a6684ed,-13046364.9791,4036688.8176999986,Moderate,67
1726545470000,AQ001,fb485e12-231d-490c-a6a5-47394a6684ed,-13046364.9791,4036688.8176999986,Moderate,86
1726545530000,AQ001,fb485e12-231d-490c-a6a5-47394a6684ed,-13046364.9791,4036688.8176999986,Good,3
1726545590000,AQ001,fb485e12-231d-490c-a6a5-47394a6684ed,-13046364.9791,4036688.8176999986,Good,10
1726545650000,AQ001,fb485e12-231d-490c-a6a5-47394a6684ed,-13046364.9791,4036688.8176999986,Hazardous,447
1726545710000,AQ001,fb485e12-231d-490c-a6a5-47394a6684ed,-13046364.9791,4036688.8176999986,Unhealthy,156
1726545770000,AQ001,fb485e12-231d-490c-a6a5-47394a6684ed,-13046364.9791,4036688.8176999986,Very Unhealthy,234
1726545830000,AQ001,fb485e12-231d-490c-a6a5-47394a6684ed,-13046364.9791,4036688.8176999986,Very Unhealthy,247
1726545890000,AQ001,fb485e12-231d-490c-a6a5-47394a6684ed,-13046364.9791,4036688.8176999986,Hazardous,475
1726545950000,AQ001,fb485e12-231d-490c-a6a5-47394a6684ed,-13046364.9791,4036688.8176999986,Good,2
1726546010000,AQ001,fb485e12-231d-490c-a6a5-47394a6684ed,-13046364.9791,4036688.8176999986,Good,46
1726546070000,AQ001,fb485e12-231d-490c-a6a5-47394a6684ed,-13046364.9791,4036688.8176999986,Moderate,76
1726546130000,AQ001,fb485e12-231d-490c-a6a5-47394a6684ed,-13046364.9791,4036688.8176999986,Moderate,89
1726546190000,AQ001,fb485e12-231d-490c-a6a5-47394a6684ed,-13046364.9791,4036688.8176999986,Good,16
1726546250000,AQ001,fb485e12-231d-490c-a6a5-47394a6684ed,-13046364.9791,4036688.8176999986,Hazardous,370
1726546310000,AQ001,fb485e12-231d-490c-a6a5-47394a6684ed,-13046364.9791,4036688.8176999986,Unhealthy,190
1726546370000,AQ001,fb485e12-231d-490c-a6a5-47394a6684ed,-13046364.9791,4036688.8176999986,Unhealthy,168
1726546430000,AQ001,fb485e12-231d-490c-a6a5-47394a6684ed,-13046364.9791,4036688.8176999986,Very Unhealthy,204
1726546490000,AQ001,fb485e12-231d-490c-a6a5-47394a6684ed,-13046364.9791,4036688.8176999986,Very Unhealthy,248
1726546550000,AQ001,fb485e12-231d-490c-a6a5-47394a6684ed,-13046364.9791,4036688.8176999986,Good,32
1726546610000,AQ001,fb485e12-231d-490c-a6a5-47394a6684ed,-13046364.9791,4036688.8176999986,Moderate,79
1726546670000,AQ001,fb485e12-231d-490c-a6a5-47394a6684ed,-13046364.9791,4036688.8176999986,Good,41
1726546730000,AQ001,fb485e12-231d-490c-a6a5-47394a6684ed,-13046364.9791,4036688.8176999986,Moderate,93
1726546790000,AQ001,fb485e12-231d-490c-a6a5-47394a6684ed,-13046364.9791,4036688.8176999986,Good,35
1726546850000,AQ001,fb485e12-231d-490c-a6a5-47394a6684ed,-13046364.9791,4036688.8176999986,Hazardous,452
1726546910000,AQ001,fb485e12-231d-490c-a6a5-47394a6684ed,-13046364.9791,4036688.8176999986,Unhealthy,175
1726546970000,AQ001,fb485e12-231d-490c-a6a5-47394a6684ed,-13046364.9791,4036688.8176999986,Very Unhealthy,211
1726547030000,AQ001,fb485e12-231d-490c-a6a5-47394a6684ed,-13046364.9791,4036688.8176999986,Hazardous,463
1726547090000,AQ001,fb485e12-231d-490c-a6a5-47394a6684ed,-13046364.9791,4036688.8176999986,Hazardous,354
1726547150000,AQ001,fb485e12-231d-490c-a6a5-47394a6684ed,-13046364.9791,4036688.8176999986,Good,33
1726547210000,AQ001,fb485e12-231d-490c-a6a5-47394a6684ed,-13046364.9791,4036688.8176999986,Good,13
1726547270000,AQ001,fb485e12-231d-490c-a6a5-47394a6684ed,-13046364.9791,4036688.8176999986,Good,48
1726547330000,AQ001,fb485e12-231d-490c-a6a5-47394a6684ed,-13046364.9791,4036688.8176999986,Moderate,79
1726547390000,AQ001,fb485e12-231d-490c-a6a5-47394a6684ed,-13046364.9791,4036688.8176999986,Good,19
1726547450000,AQ001,fb485e12-231d-490c-a6a5-47394a6684ed,-13046364.9791,4036688.8176999986,Unhealthy,156
1726547510000,AQ001,fb485e12-231d-490c-a6a5-47394a6684ed,-13046364.9791,4036688.8176999986,Very Unhealthy,230
1726547570000,AQ001,fb485e12-231d-490c-a6a5-47394a6684ed,-13046364.9791,4036688.8176999986,Unhealthy,189
1726547630000,AQ001,fb485e12-231d-490c-a6a5-47394a6684ed,-13046364.9791,4036688.8176999986,Hazardous,479
1726547690000,AQ001,fb485e12-231d-490c-a6a5-47394a6684ed,-13046364.9791,4036688.8176999986,Hazardous,374
1726547750000,AQ001,fb485e12-231d-490c-a6a5-47394a6684ed,-13046364.9791,4036688.8176999986,Moderate,64
1726547810000,AQ001,fb485e12-231d-490c-a6a5-47394a6684ed,-13046364.9791,4036688.8176999986,Good,31
1726547870000,AQ001,fb485e12-231d-490c-a6a5-47394a6684ed,-13046364.9791,4036688.8176999986,Moderate,67
1726547930000,AQ001,fb485e12-231d-490c-a6a5-47394a6684ed,-13046364.9791,4036688.8176999986,Good,50
1726547990000,AQ001,fb485e12-231d-490c-a6a5-47394a6684ed,-13046364.9791,4036688.8176999986,Good,0
1726548050000,AQ001,fb485e12-231d-490c-a6a5-47394a6684ed,-13046364.9791,4036688.8176999986,Very Unhealthy,223
1726548110000,AQ001,fb485e12-231d-490c-a6a5-47394a6684ed,-13046364.9791,4036688.8176999986,Unhealthy,185
1726548170000,AQ001,fb485e12-231d-490c-a6a5-47394a6684ed,-13046364.9791,4036688.8176999986,Very Unhealthy,289
1726548230000,AQ001,fb485e12-231d-490c-a6a5-47394a6684ed,-13046364.9791,4036688.8176999986,Unhealthy,197
1726548290000,AQ001,fb485e12-231d-490c-a6a5-47394a6684ed,-13046364.9791,4036688.8176999986,Very Unhealthy,246
1726548350000,AQ001,fb485e12-231d-490c-a6a5-47394a6684ed,-13046364.9791,4036688.8176999986,Good,33
1726548410000,AQ001,fb485e12-231d-490c-a6a5-47394a6684ed,-13046364.9791,4036688.8176999986,Moderate,67
1726548470000,AQ001,fb485e12-231d-490c-a6a5-47394a6684ed,-13046364.9791,4036688.8176999986,Moderate,88
1726548530000,AQ001,fb485e12-231d-490c-a6a5-47394a6684ed,-13046364.9791,4036688.8176999986,Good,21
1726548590000,AQ001,fb485e12-231d-490c-a6a5-47394a6684ed,-13046364.9791,4036688.8176999986,Good,37
1726548650000,AQ001,fb485e12-231d-490c-a6a5-47394a6684ed,-13046364.9791,4036688.8176999986,Very Unhealthy,286
1726548710000,AQ001,fb485e12-231d-490c-a6a5-47394a6684ed,-13046364.9791,4036688.8176999986,Hazardous,359
1726548770000,AQ001,fb485e12-231d-490c-a6a5-47394a6684ed,-13046364.9791,4036688.8176999986,Unhealthy,157
1726548830000,AQ001,fb485e12-231d-490c-a6a5-47394a6684ed,-13046364.9791,4036688.8176999986,Unhealthy,198
1726548890000,AQ001,fb485e12-231d-490c-a6a5-47394a6684ed,-13046364.9791,4036688.8176999986,Hazardous,463
1726548950000,AQ001,fb485e12-231d-490c-a6a5-47394a6684ed,-13046364.9791,4036688.8176999986,Moderate,78
1726549010000,AQ001,fb485e12-231d-490c-a6a5-47394a6684ed,-13046364.9791,4036688.8176999986,Moderate,51
1726549070000,AQ001,fb485e12-231d-490c-a6a5-47394a6684ed,-13046364.9791,4036688.8176999986,Good,29
1726549130000,AQ001,fb485e12-231d-490c-a6a5-47394a6684ed,-13046364.9791,4036688.8176999986,Moderate,99
1726549190000,AQ001,fb485e12-231d-490c-a6a5-47394a6684ed,-13046364.9791,4036688.8176999986,Moderate,57
1726549250000,AQ001,fb485e12-231d-490c-a6a5-47394a6684ed,-13046364.9791,4036688.8176999986,Very Unhealthy,291
1726549310000,AQ001,fb485e12-231d-490c-a6a5-47394a6684ed,-13046364.9791,4036688.8176999986,Hazardous,362
1726549370000,AQ001,fb485e12-231d-490c-a6a5-47394a6684ed,-13046364.9791,4036688.8176999986,Hazardous,432
1726549430000,AQ001,fb485e12-231d-490c-a6a5-47394a6684ed,-13046364.9791,4036688.8176999986,Hazardous,493
1726549490000,AQ001,fb485e12-231d-490c-a6a5-47394a6684ed,-13046364.9791,4036688.8176999986,Unhealthy,151
1726549550000,AQ001,fb485e12-231d-490c-a6a5-47394a6684ed,-13046364.9791,4036688.8176999986,Moderate,57
1726549610000,AQ001,fb485e12-231d-490c-a6a5-47394a6684ed,-13046364.9791,4036688.8176999986,Moderate,87
1726549670000,AQ001,fb485e12-231d-490c-a6a5-47394a6684ed,-13046364.9791,4036688.8176999986,Moderate,85
1726549730000,AQ001,fb485e12-231d-490c-a6a5-47394a6684ed,-13046364.9791,4036688.8176999986,Moderate,70
1726549790000,AQ001,fb485e12-231d-490c-a6a5-47394a6684ed,-13046364.9791,4036688.8176999986,Moderate,54
1726549850000,AQ001,fb485e12-231d-490c-a6a5-47394a6684ed,-13046364.9791,4036688.8176999986,Very Unhealthy,237
1726549910000,AQ001,fb485e12-231d-490c-a6a5-47394a6684ed,-13046364.9791,4036688.8176999986,Very Unhealthy,246
1726549970000,AQ001,fb485e12-231d-490c-a6a5-47394a6684ed,-13046364.9791,4036688.8176999986,Hazardous,406
1726550030000,AQ001,fb485e12-231d-490c-a6a5-47394a6684ed,-13046364.9791,4036688.8176999986,Unhealthy,171
1726550090000,AQ001,fb485e12-231d-490c-a6a5-47394a6684ed,-13046364.9791,4036688.8176999986,Very Unhealthy,234
1726550150000,AQ001,fb485e12-231d-490c-a6a5-47394a6684ed,-13046364.9791,4036688.8176999986,Moderate,74
1726550210000,AQ001,fb485e12-231d-490c-a6a5-47394a6684ed,-13046364.9791,4036688.8176999986,Moderate,51
1726550270000,AQ001,fb485e12-231d-490c-a6a5-47394a6684ed,-13046364.9791,4036688.8176999986,Good,20
1726550330000,AQ001,fb485e12-231d-490c-a6a5-47394a6684ed,-13046364.9791,4036688.8176999986,Moderate,91
1726550390000,AQ001,fb485e12-231d-490c-a6a5-47394a6684ed,-13046364.9791,4036688.8176999986,Moderate,65
1726550450000,AQ001,fb485e12-231d-490c-a6a5-47394a6684ed,-13046364.9791,4036688.8176999986,Hazardous,482
1726550510000,AQ001,fb485e12-231d-490c-a6a5-47394a6684ed,-13046364.9791,4036688.8176999986,Very Unhealthy,288
1726550570000,AQ001,fb485e12-231d-490c-a6a5-47394a6684ed,-13046364.9791,4036688.8176999986,Hazardous,367
1726550630000,AQ001,fb485e12-231d-490c-a6a5-47394a6684ed,-13046364.9791,4036688.8176999986,Unhealthy,182
1726550690000,AQ001,fb485e12-231d-490c-a6a5-47394a6684ed,-13046364.9791,4036688.8176999986,Very Unhealthy,213
1726550750000,AQ001,fb485e12-231d-490c-a6a5-47394a6684ed,-13046364.9791,4036688.8176999986,Good,46
1726550810000,AQ001,fb485e12-231d-490c-a6a5-47394a6684ed,-13046364.9791,4036688.8176999986,Moderate,78
1726550870000,AQ001,fb485e12-231d-490c-a6a5-47394a6684ed,-13046364.9791,4036688.8176999986,Good,41
1726550930000,AQ001,fb485e12-231d-490c-a6a5-47394a6684ed,-13046364.9791,4036688.8176999986,Good,37
1726550990000,AQ001,fb485e12-231d-490c-a6a5-47394a6684ed,-13046364.9791,4036688.8176999986,Moderate,64
1726551050000,AQ001,fb485e12-231d-490c-a6a5-47394a6684ed,-13046364.9791,4036688.8176999986,Very Unhealthy,206
1726551110000,AQ001,fb485e12-231d-490c-a6a5-47394a6684ed,-13046364.9791,4036688.8176999986,Hazardous,322
1726551170000,AQ001,fb485e12-231d-490c-a6a5-47394a6684ed,-13046364.9791,4036688.8176999986,Unhealthy,166
1726551230000,AQ001,fb485e12-231d-490c-a6a5-47394a6684ed,-13046364.9791,4036688.8176999986,Very Unhealthy,255
1726551290000,AQ001,fb485e12-231d-490c-a6a5-47394a6684ed,-13046364.9791,4036688.8176999986,Unhealthy,156
1726551350000,AQ001,fb485e12-231d-490c-a6a5-47394a6684ed,-13046364.9791,4036688.8176999986,Moderate,95
1726551410000,AQ001,fb485e12-231d-490c-a6a5-47394a6684ed,-13046364.9791,4036688.8176999986,Moderate,85
1726551470000,AQ001,fb485e12-231d-490c-a6a5-47394a6684ed,-13046364.9791,4036688.8176999986,Good,46
1726551530000,AQ001,fb485e12-231d-490c-a6a5-47394a6684ed,-13046364.9791,4036688.8176999986,Good,38
1726551590000,AQ001,fb485e12-231d-490c-a6a5-47394a6684ed,-13046364.9791,4036688.8176999986,Moderate,63
1726551650000,AQ001,fb485e12-231d-490c-a6a5-47394a6684ed,-13046364.9791,4036688.8176999986,Very Unhealthy,294
1726551710000,AQ001,fb485e12-231d-490c-a6a5-47394a6684ed,-13046364.9791,4036688.8176999986,Very Unhealthy,220
1726551770000,AQ001,fb485e12-231d-490c-a6a5-47394a6684ed,-13046364.9791,4036688.8176999986,Hazardous,392
1726551830000,AQ001,fb485e12-231d-490c-a6a5-47394a6684ed,-13046364.9791,4036688.8176999986,Unhealthy,168
1726551890000,AQ001,fb485e12-231d-490c-a6a5-47394a6684ed,-13046364.9791,4036688.8176999986,Very Unhealthy,234
1726551950000,AQ001,fb485e12-231d-490c-a6a5-47394a6684ed,-13046364.9791,4036688.8176999986,Moderate,87
1726552010000,AQ001,fb485e12-231d-490c-a6a5-47394a6684ed,-13046364.9791,4036688.8176999986,Moderate,80
1726552070000,AQ001,fb485e12-231d-490c-a6a5-47394a6684ed,-13046364.9791,4036688.8176999986,Good,34
1726552130000,AQ001,fb485e12-231d-490c-a6a5-47394a6684ed,-13046364.9791,4036688.8176999986,Good,23
1726552190000,AQ001,fb485e12-231d-490c-a6a5-47394a6684ed,-13046364.9791,4036688.8176999986,Moderate,77
1726552250000,AQ001,fb485e12-231d-490c-a6a5-47394a6684ed,-13046364.9791,4036688.8176999986,Hazardous,392
1726552310000,AQ001,fb485e12-231d-490c-a6a5-47394a6684ed,-13046364.9791,4036688.8176999986,Unhealthy,181
1726552370000,AQ001,fb485e12-231d-490c-a6a5-47394a6684ed,-13046364.9791,4036688.8176999986,Very Unhealthy,252
1726552430000,AQ001,fb485e12-231d-490c-a6a5-47394a6684ed,-13046364.9791,4036688.8176999986,Hazardous,394
1726552490000,AQ001,fb485e12-231d-490c-a6a5-47394a6684ed,-13046364.9791,4036688.8176999986,Hazardous,461
1726552550000,AQ001,fb485e12-231d-490c-a6a5-47394a6684ed,-13046364.9791,4036688.8176999986,Good,30
1726552610000,AQ001,fb485e12-231d-490c-a6a5-47394a6684ed,-13046364.9791,4036688.8176999986,Moderate,76
1726552670000,AQ001,fb485e12-231d-490c-a6a5-47394a6684ed,-13046364.9791,4036688.8176999986,Moderate,53
1726552730000,AQ001,fb485e12-231d-490c-a6a5-47394a6684ed,-13046364.9791,4036688.8176999986,Moderate,71
1726552790000,AQ001,fb485e12-231d-490c-a6a5-47394a6684ed,-13046364.9791,4036688.8176999986,Moderate,95
1726552850000,AQ001,fb485e12-231d-490c-a6a5-47394a6684ed,-13046364.9791,4036688.8176999986,Hazardous,442
1726552910000,AQ001,fb485e12-231d-490c-a6a5-47394a6684ed,-13046364.9791,4036688.8176999986,Very Unhealthy,243
1726552970000,AQ001,fb485e12-231d-490c-a6a5-47394a6684ed,-13046364.9791,4036688.8176999986,Hazardous,324
1726553030000,AQ001,fb485e12-231d-490c-a6a5-47394a6684ed,-13046364.9791,4036688.8176999986,Very Unhealthy,205
1726553090000,AQ001,fb485e12-231d-490c-a6a5-47394a6684ed,-13046364.9791,4036688.8176999986,Unhealthy,151
1726553150000,AQ001,fb485e12-231d-490c-a6a5-47394a6684ed,-13046364.9791,4036688.8176999986,Good,17
1726553210000,AQ001,fb485e12-231d-490c-a6a5-47394a6684ed,-13046364.9791,4036688.8176999986,Good,9
1726553270000,AQ001,fb485e12-231d-490c-a6a5-47394a6684ed,-13046364.9791,4036688.8176999986,Good,28
1726553330000,AQ001,fb485e12-231d-490c-a6a5-47394a6684ed,-13046364.9791,4036688.8176999986,Moderate,70
1726553390000,AQ001,fb485e12-231d-490c-a6a5-47394a6684ed,-13046364.9791,4036688.8176999986,Good,43
1726553450000,AQ001,fb485e12-231d-490c-a6a5-47394a6684ed,-13046364.9791,4036688.8176999986,Very Unhealthy,269
1726553510000,AQ001,fb485e12-231d-490c-a6a5-47394a6684ed,-13046364.9791,4036688.8176999986,Very Unhealthy,220
1726553570000,AQ001,fb485e12-231d-490c-a6a5-47394a6684ed,-13046364.9791,4036688.8176999986,Very Unhealthy,275
1726553630000,AQ001,fb485e12-231d-490c-a6a5-47394a6684ed,-13046364.9791,4036688.8176999986,Very Unhealthy,235
1726553690000,AQ001,fb485e12-231d-490c-a6a5-47394a6684ed,-13046364.9791,4036688.8176999986,Hazardous,310
1726553750000,AQ001,fb485e12-231d-490c-a6a5-47394a6684ed,-13046364.9791,4036688.8176999986,Good,23
1726553810000,AQ001,fb485e12-231d-490c-a6a5-47394a6684ed,-13046364.9791,4036688.8176999986,Good,23
1726553870000,AQ001,fb485e12-231d-490c-a6a5-47394a6684ed,-13046364.9791,4036688.8176999986,Moderate,92
1726553930000,AQ001,fb485e12-231d-490c-a6a5-47394a6684ed,-13046364.9791,4036688.8176999986,Moderate,84
1726553990000,AQ001,fb485e12-231d-490c-a6a5-47394a6684ed,-13046364.9791,4036688.8176999986,Moderate,92
1726554050000,AQ001,fb485e12-231d-490c-a6a5-47394a6684ed,-13046364.9791,4036688.8176999986,Unhealthy,178
1726554110000,AQ001,fb485e12-231d-490c-a6a5-47394a6684ed,-13046364.9791,4036688.8176999986,Hazardous,366
1726554170000,AQ001,fb485e12-231d-490c-a6a5-47394a6684ed,-13046364.9791,4036688.8176999986,Very Unhealthy,243
1726554230000,AQ001,fb485e12-231d-490c-a6a5-47394a6684ed,-13046364.9791,4036688.8176999986,Unhealthy,198
1726554290000,AQ001,fb485e12-231d-490c-a6a5-47394a6684ed,-13046364.9791,4036688.8176999986,Unhealthy,152
1726554350000,AQ001,fb485e12-231d-490c-a6a5-47394a6684ed,-13046364.9791,4036688.8176999986,Moderate,64
1726554410000,AQ001,fb485e12-231d-490c-a6a5-47394a6684ed,-13046364.9791,4036688.8176999986,Good,3
1726554470000,AQ001,fb485e12-231d-490c-a6a5-47394a6684ed,-13046364.9791,4036688.8176999986,Moderate,67
1726554530000,AQ001,fb485e12-231d-490c-a6a5-47394a6684ed,-13046364.9791,4036688.8176999986,Good,4
1726554590000,AQ001,fb485e12-231d-490c-a6a5-47394a6684ed,-13046364.9791,4036688.8176999986,Moderate,86
1726554650000,AQ001,fb485e12-231d-490c-a6a5-47394a6684ed,-13046364.9791,4036688.8176999986,Unhealthy,191
1726554710000,AQ001,fb485e12-231d-490c-a6a5-47394a6684ed,-13046364.9791,4036688.8176999986,Unhealthy,163
1726554770000,AQ001,fb485e12-231d-490c-a6a5-47394a6684ed,-13046364.9791,4036688.8176999986,Very Unhealthy,218
1726554830000,AQ001,fb485e12-231d-490c-a6a5-47394a6684ed,-13046364.9791,4036688.8176999986,Very Unhealthy,264
1726554890000,AQ001,fb485e12-231d-490c-a6a5-47394a6684ed,-13046364.9791,4036688.8176999986,Hazardous,360
1726554950000,AQ001,fb485e12-231d-490c-a6a5-47394a6684ed,-13046364.9791,4036688.8176999986,Good,0
1726555010000,AQ001,fb485e12-231d-490c-a6a5-47394a6684ed,-13046364.9791,4036688.8176999986,Moderate,87
1726555070000,AQ001,fb485e12-231d-490c-a6a5-47394a6684ed,-13046364.9791,4036688.8176999986,Good,10
1726555130000,AQ001,fb485e12-231d-490c-a6a5-47394a6684ed,-13046364.9791,4036688.8176999986,Moderate,63
1726555190000,AQ001,fb485e12-231d-490c-a6a5-47394a6684ed,-13046364.9791,4036688.8176999986,Good,0
1726555250000,AQ001,fb485e12-231d-490c-a6a5-47394a6684ed,-13046364.9791,4036688.8176999986,Unhealthy,197
1726555310000,AQ001,fb485e12-231d-490c-a6a5-47394a6684ed,-13046364.9791,4036688.8176999986,Unhealthy,195
1726555370000,AQ001,fb485e12-231d-490c-a6a5-47394a6684ed,-13046364.9791,4036688.8176999986,Very Unhealthy,202
1726555430000,AQ001,fb485e12-231d-490c-a6a5-47394a6684ed,-13046364.9791,4036688.8176999986,Hazardous,332
1726555490000,AQ001,fb485e12-231d-490c-a6a5-47394a6684ed,-13046364.9791,4036688.8176999986,Hazardous,339
1726555550000,AQ001,fb485e12-231d-490c-a6a5-47394a6684ed,-13046364.9791,4036688.8176999986,Good,10
1726555610000,AQ001,fb485e12-231d-490c-a6a5-47394a6684ed,-13046364.9791,4036688.8176999986,Good,31
1726555670000,AQ001,fb485e12-231d-490c-a6a5-47394a6684ed,-13046364.9791,4036688.8176999986,Good,14
1726555730000,AQ001,fb485e12-231d-490c-a6a5-47394a6684ed,-13046364.9791,4036688.8176999986,Good,30
1726555790000,AQ001,fb485e12-231d-490c-a6a5-47394a6684ed,-13046364.9791,4036688.8176999986,Good,28
1726555850000,AQ001,fb485e12-231d-490c-a6a5-47394a6684ed,-13046364.9791,4036688.8176999986,Very Unhealthy,281
1726555910000,AQ001,fb485e12-231d-490c-a6a5-47394a6684ed,-13046364.9791,4036688.8176999986,Very Unhealthy,262
1726555970000,AQ001,fb485e12-231d-490c-a6a5-47394a6684ed,-13046364.9791,4036688.8176999986,Unhealthy,153
1726556030000,AQ001,fb485e12-231d-490c-a6a5-47394a6684ed,-13046364.9791,4036688.8176999986,Very Unhealthy,247
1726556090000,AQ001,fb485e12-231d-490c-a6a5-47394a6684ed,-13046364.9791,4036688.8176999986,Very Unhealthy,202
1726556150000,AQ001,fb485e12-231d-490c-a6a5-47394a6684ed,-13046364.9791,4036688.8176999986,Moderate,77
1726556210000,AQ001,fb485e12-231d-490c-a6a5-47394a6684ed,-13046364.9791,4036688.8176999986,Moderate,88
1726556270000,AQ001,fb485e12-231d-490c-a6a5-47394a6684ed,-13046364.9791,4036688.8176999986,Moderate,100
1726556330000,AQ001,fb485e12-231d-490c-a6a5-47394a6684ed,-13046364.9791,4036688.8176999986,Moderate,53
1726556390000,AQ001,fb485e12-231d-490c-a6a5-47394a6684ed,-13046364.9791,4036688.8176999986,Moderate,53
1726556450000,AQ001,fb485e12-231d-490c-a6a5-47394a6684ed,-13046364.9791,4036688.8176999986,Hazardous,376
1726556510000,AQ001,fb485e12-231d-490c-a6a5-47394a6684ed,-13046364.9791,4036688.8176999986,Hazardous,420
1726556570000,AQ001,fb485e12-231d-490c-a6a5-47394a6684ed,-13046364.9791,4036688.8176999986,Unhealthy,200
1726556630000,AQ001,fb485e12-231d-490c-a6a5-47394a6684ed,-13046364.9791,4036688.8176999986,Very Unhealthy,276
1726556690000,AQ001,fb485e12-231d-490c-a6a5-47394a6684ed,-13046364.9791,4036688.8176999986,Very Unhealthy,233
1726556750000,AQ001,fb485e12-231d-490c-a6a5-47394a6684ed,-13046364.9791,4036688.8176999986,Good,18
1726556810000,AQ001,fb485e12-231d-490c-a6a5-47394a6684ed,-13046364.9791,4036688.8176999986,Good,25
1726556870000,AQ001,fb485e12-231d-490c-a6a5-47394a6684ed,-13046364.9791,4036688.8176999986,Moderate,93
1726556930000,AQ001,fb485e12-231d-490c-a6a5-47394a6684ed,-13046364.9791,4036688.8176999986,Moderate,54
1726556990000,AQ001,fb485e12-231d-490c-a6a5-47394a6684ed,-13046364.9791,4036688.8176999986,Good,9
1726557050000,AQ001,fb485e12-231d-490c-a6a5-47394a6684ed,-13046364.9791,4036688.8176999986,Unhealthy,195
1726557110000,AQ001,fb485e12-231d-490c-a6a5-47394a6684ed,-13046364.9791,4036688.8176999986,Unhealthy,155
1726557170000,AQ001,fb485e12-231d-490c-a6a5-47394a6684ed,-13046364.9791,4036688.8176999986,Hazardous,414
1726557230000,AQ001,fb485e12-231d-490c-a6a5-47394a6684ed,-13046364.9791,4036688.8176999986,Very Unhealthy,268
1726557290000,AQ001,fb485e12-231d-490c-a6a5-47394a6684ed,-13046364.9791,4036688.8176999986,Unhealthy,198
1726557350000,AQ001,fb485e12-231d-490c-a6a5-47394a6684ed,-13046364.9791,4036688.8176999986,Moderate,57
1726557410000,AQ001,fb485e12-231d-490c-a6a5-47394a6684ed,-13046364.9791,4036688.8176999986,Good,42
1726557470000,AQ001,fb485e12-231d-490c-a6a5-47394a6684ed,-13046364.9791,4036688.8176999986,Good,19
1726557530000,AQ001,fb485e12-231d-490c-a6a5-47394a6684ed,-13046364.9791,4036688.8176999986,Moderate,100
1726557590000,AQ001,fb485e12-231d-490c-a6a5-47394a6684ed,-13046364.9791,4036688.8176999986,Moderate,79
1726557650000,AQ001,fb485e12-231d-490c-a6a5-47394a6684ed,-13046364.9791,4036688.8176999986,Hazardous,331
1726557710000,AQ001,fb485e12-231d-490c-a6a5-47394a6684ed,-13046364.9791,4036688.8176999986,Hazardous,381
1726557770000,AQ001,fb485e12-231d-490c-a6a5-47394a6684ed,-13046364.9791,4036688.8176999986,Unhealthy,193
1726557830000,AQ001,fb485e12-231d-490c-a6a5-47394a6684ed,-13046364.9791,4036688.8176999986,Unhealthy,198
1726557890000,AQ001,fb485e12-231d-490c-a6a5-47394a6684ed,-13046364.9791,4036688.8176999986,Very Unhealthy,214
1726557950000,AQ001,fb485e12-231d-490c-a6a5-47394a6684ed,-13046364.9791,4036688.8176999986,Good,39
1726558010000,AQ001,fb485e12-231d-490c-a6a5-47394a6684ed,-13046364.9791,4036688.8176999986,Good,16
1726558070000,AQ001,fb485e12-231d-490c-a6a5-47394a6684ed,-13046364.9791,4036688.8176999986,Moderate,66
1726558130000,AQ001,fb485e12-231d-490c-a6a5-47394a6684ed,-13046364.9791,4036688.8176999986,Good,24
1726558190000,AQ001,fb485e12-231d-490c-a6a5-47394a6684ed,-13046364.9791,4036688.8176999986,Good,18
1726558250000,AQ001,fb485e12-231d-490c-a6a5-47394a6684ed,-13046364.9791,4036688.8176999986,Hazardous,302
1726558310000,AQ001,fb485e12-231d-490c-a6a5-47394a6684ed,-13046364.9791,4036688.8176999986,Very Unhealthy,202
1726558370000,AQ001,fb485e12-231d-490c-a6a5-47394a6684ed,-13046364.9791,4036688.8176999986,Unhealthy,178
1726558430000,AQ001,fb485e12-231d-490c-a6a5-47394a6684ed,-13046364.9791,4036688.8176999986,Hazardous,320
1726558490000,AQ001,fb485e12-231d-490c-a6a5-47394a6684ed,-13046364.9791,4036688.8176999986,Unhealthy,153
1726558550000,AQ001,fb485e12-231d-490c-a6a5-47394a6684ed,-13046364.9791,4036688.8176999986,Moderate,74
1726558610000,AQ001,fb485e12-231d-490c-a6a5-47394a6684ed,-13046364.9791,4036688.8176999986,Moderate,66
1726558670000,AQ001,fb485e12-231d-490c-a6a5-47394a6684ed,-13046364.9791,4036688.8176999986,Moderate,54
1726558730000,AQ001,fb485e12-231d-490c-a6a5-47394a6684ed,-13046364.9791,4036688.8176999986,Good,1
1726558790000,AQ001,fb485e12-231d-490c-a6a5-47394a6684ed,-13046364.9791,4036688.8176999986,Moderate,82
1726558850000,AQ001,fb485e12-231d-490c-a6a5-47394a6684ed,-13046364.9791,4036688.8176999986,Unhealthy,183
1726558910000,AQ001,fb485e12-231d-490c-a6a5-47394a6684ed,-13046364.9791,4036688.8176999986,Unhealthy,164
1726558970000,AQ001,fb485e12-231d-490c-a6a5-47394a6684ed,-13046364.9791,4036688.8176999986,Unhealthy,167
1726559030000,AQ001,fb485e12-231d-490c-a6a5-47394a6684ed,-13046364.9791,4036688.8176999986,Very Unhealthy,289
1726559090000,AQ001,fb485e12-231d-490c-a6a5-47394a6684ed,-13046364.9791,4036688.8176999986,Unhealthy,190
1726559150000,AQ001,fb485e12-231d-490c-a6a5-47394a6684ed,-13046364.9791,4036688.8176999986,Moderate,55
1726559210000,AQ001,fb485e12-231d-490c-a6a5-47394a6684ed,-13046364.9791,4036688.8176999986,Good,50
1726559270000,AQ001,fb485e12-231d-490c-a6a5-47394a6684ed,-13046364.9791,4036688.8176999986,Good,27
1726559330000,AQ001,fb485e12-231d-490c-a6a5-47394a6684ed,-13046364.9791,4036688.8176999986,Good,17
1726559390000,AQ001,fb485e12-231d-490c-a6a5-47394a6684ed,-13046364.9791,4036688.8176999986,Good,2
1726559450000,AQ001,fb485e12-231d-490c-a6a5-47394a6684ed,-13046364.9791,4036688.8176999986,Unhealthy,194
1726559510000,AQ001,fb485e12-231d-490c-a6a5-47394a6684ed,-13046364.9791,4036688.8176999986,Very Unhealthy,235
1726559570000,AQ001,fb485e12-231d-490c-a6a5-47394a6684ed,-13046364.9791,4036688.8176999986,Hazardous,378
1726559630000,AQ001,fb485e12-231d-490c-a6a5-47394a6684ed,-13046364.9791,4036688.8176999986,Hazardous,478
1726559690000,AQ001,fb485e12-231d-490c-a6a5-47394a6684ed,-13046364.9791,4036688.8176999986,Unhealthy,183
1726559750000,AQ001,fb485e12-231d-490c-a6a5-47394a6684ed,-13046364.9791,4036688.8176999986,Moderate,52
1726559810000,AQ001,fb485e12-231d-490c-a6a5-47394a6684ed,-13046364.9791,4036688.8176999986,Good,14
1726559870000,AQ001,fb485e12-231d-490c-a6a5-47394a6684ed,-13046364.9791,4036688.8176999986,Moderate,55
1726559930000,AQ001,fb485e12-231d-490c-a6a5-47394a6684ed,-13046364.9791,4036688.8176999986,Moderate,89
1726559990000,AQ001,fb485e12-231d-490c-a6a5-47394a6684ed,-13046364.9791,4036688.8176999986,Moderate,60
1726560050000,AQ001,fb485e12-231d-490c-a6a5-47394a6684ed,-13046364.9791,4036688.8176999986,Very Unhealthy,202
1726560110000,AQ001,fb485e12-231d-490c-a6a5-47394a6684ed,-13046364.9791,4036688.8176999986,Hazardous,463
1726560170000,AQ001,fb485e12-231d-490c-a6a5-47394a6684ed,-13046364.9791,4036688.8176999986,Very Unhealthy,278
1726560230000,AQ001,fb485e12-231d-490c-a6a5-47394a6684ed,-13046364.9791,4036688.8176999986,Very Unhealthy,286
1726560290000,AQ001,fb485e12-231d-490c-a6a5-47394a6684ed,-13046364.9791,4036688.8176999986,Hazardous,435
1726560350000,AQ001,fb485e12-231d-490c-a6a5-47394a6684ed,-13046364.9791,4036688.8176999986,Moderate,75
1726560410000,AQ001,fb485e12-231d-490c-a6a5-47394a6684ed,-13046364.9791,4036688.8176999986,Good,50
1726560470000,AQ001,fb485e12-231d-490c-a6a5-47394a6684ed,-13046364.9791,4036688.8176999986,Moderate,87
1726560530000,AQ001,fb485e12-231d-490c-a6a5-47394a6684ed,-13046364.9791,4036688.8176999986,Good,12
1726560590000,AQ001,fb485e12-231d-490c-a6a5-47394a6684ed,-13046364.9791,4036688.8176999986,Good,12
1726560650000,AQ001,fb485e12-231d-490c-a6a5-47394a6684ed,-13046364.9791,4036688.8176999986,Hazardous,370
1726560710000,AQ001,fb485e12-231d-490c-a6a5-47394a6684ed,-13046364.9791,4036688.8176999986,Hazardous,322
1726560770000,AQ001,fb485e12-231d-490c-a6a5-47394a6684ed,-13046364.9791,4036688.8176999986,Very Unhealthy,255
1726560830000,AQ001,fb485e12-231d-490c-a6a5-47394a6684ed,-13046364.9791,4036688.8176999986,Very Unhealthy,268
1726560890000,AQ001,fb485e12-231d-490c-a6a5-47394a6684ed,-13046364.9791,4036688.8176999986,Hazardous,440
1726560950000,AQ001,fb485e12-231d-490c-a6a5-47394a6684ed,-13046364.9791,4036688.8176999986,Moderate,91
1726561010000,AQ001,fb485e12-231d-490c-a6a5-47394a6684ed,-13046364.9791,4036688.8176999986,Moderate,65
1726561070000,AQ001,fb485e12-231d-490c-a6a5-47394a6684ed,-13046364.9791,4036688.8176999986,Good,41
1726561130000,AQ001,fb485e12-231d-490c-a6a5-47394a6684ed,-13046364.9791,4036688.8176999986,Moderate,93
1726561190000,AQ001,fb485e12-231d-490c-a6a5-47394a6684ed,-13046364.9791,4036688.8176999986,Good,8
1726561250000,AQ001,fb485e12-231d-490c-a6a5-47394a6684ed,-13046364.9791,4036688.8176999986,Very Unhealthy,233
1726561310000,AQ001,fb485e12-231d-490c-a6a5-47394a6684ed,-13046364.9791,4036688.8176999986,Very Unhealthy,213
1726561370000,AQ001,fb485e12-231d-490c-a6a5-47394a6684ed,-13046364.9791,4036688.8176999986,Hazardous,366
1726561430000,AQ001,fb485e12-231d-490c-a6a5-47394a6684ed,-13046364.9791,4036688.8176999986,Unhealthy,163
1726561490000,AQ001,fb485e12-231d-490c-a6a5-47394a6684ed,-13046364.9791,4036688.8176999986,Very Unhealthy,295
1726561550000,AQ001,fb485e12-231d-490c-a6a5-47394a6684ed,-13046364.9791,4036688.8176999986,Moderate,84
1726561610000,AQ001,fb485e12-231d-490c-a6a5-47394a6684ed,-13046364.9791,4036688.8176999986,Moderate,61
1726561670000,AQ001,fb485e12-231d-490c-a6a5-47394a6684ed,-13046364.9791,4036688.8176999986,Good,39
1726561730000,AQ001,fb485e12-231d-490c-a6a5-47394a6684ed,-13046364.9791,4036688.8176999986,Good,7
1726561790000,AQ001,fb485e12-231d-490c-a6a5-47394a6684ed,-13046364.9791,4036688.8176999986,Good,46
1726561850000,AQ001,fb485e12-231d-490c-a6a5-47394a6684ed,-13046364.9791,4036688.8176999986,Very Unhealthy,285
1726561910000,AQ001,fb485e12-231d-490c-a6a5-47394a6684ed,-13046364.9791,4036688.8176999986,Hazardous,397
1726561970000,AQ001,fb485e12-231d-490c-a6a5-47394a6684ed,-13046364.9791,4036688.8176999986,Hazardous,470
1726562030000,AQ001,fb485e12-231d-490c-a6a5-47394a6684ed,-13046364.9791,4036688.8176999986,Very Unhealthy,211
1726562090000,AQ001,fb485e12-231d-490c-a6a5-47394a6684ed,-13046364.9791,4036688.8176999986,Hazardous,432
1726562150000,AQ001,fb485e12-231d-490c-a6a5-47394a6684ed,-13046364.9791,4036688.8176999986,Good,49
1726562210000,AQ001,fb485e12-231d-490c-a6a5-47394a6684ed,-13046364.9791,4036688.8176999986,Good,20
1726562270000,AQ001,fb485e12-231d-490c-a6a5-47394a6684ed,-13046364.9791,4036688.8176999986,Good,13
1726562330000,AQ001,fb485e12-231d-490c-a6a5-47394a6684ed,-13046364.9791,4036688.8176999986,Moderate,63
1726562390000,AQ001,fb485e12-231d-490c-a6a5-47394a6684ed,-13046364.9791,4036688.8176999986,Good,4
1726562450000,AQ001,fb485e12-231d-490c-a6a5-47394a6684ed,-13046364.9791,4036688.8176999986,Very Unhealthy,247
1726562510000,AQ001,fb485e12-231d-490c-a6a5-47394a6684ed,-13046364.9791,4036688.8176999986,Very Unhealthy,271
1726562570000,AQ001,fb485e12-231d-490c-a6a5-47394a6684ed,-13046364.9791,4036688.8176999986,Hazardous,478
1726562630000,AQ001,fb485e12-231d-490c-a6a5-47394a6684ed,-13046364.9791,4036688.8176999986,Very Unhealthy,233
1726562690000,AQ001,fb485e12-231d-490c-a6a5-47394a6684ed,-13046364.9791,4036688.8176999986,Unhealthy,166
1726562750000,AQ001,fb485e12-231d-490c-a6a5-47394a6684ed,-13046364.9791,4036688.8176999986,Moderate,63
1726562810000,AQ001,fb485e12-231d-490c-a6a5-47394a6684ed,-13046364.9791,4036688.8176999986,Good,18
1726562870000,AQ001,fb485e12-231d-490c-a6a5-47394a6684ed,-13046364.9791,4036688.8176999986,Good,1
1726562930000,AQ001,fb485e12-231d-490c-a6a5-47394a6684ed,-13046364.9791,4036688.8176999986,Moderate,55
1726562990000,AQ001,fb485e12-231d-490c-a6a5-47394a6684ed,-13046364.9791,4036688.8176999986,Moderate,52
1726563050000,AQ001,fb485e12-231d-490c-a6a5-47394a6684ed,-13046364.9791,4036688.8176999986,Very Unhealthy,202
1726563110000,AQ001,fb485e12-231d-490c-a6a5-47394a6684ed,-13046364.9791,4036688.8176999986,Very Unhealthy,281
1726563170000,AQ001,fb485e12-231d-490c-a6a5-47394a6684ed,-13046364.9791,4036688.8176999986,Hazardous,393
1726563230000,AQ001,fb485e12-231d-490c-a6a5-47394a6684ed,-13046364.9791,4036688.8176999986,Very Unhealthy,229
1726563290000,AQ001,fb485e12-231d-490c-a6a5-47394a6684ed,-13046364.9791,4036688.8176999986,Hazardous,457
1726563350000,AQ001,fb485e12-231d-490c-a6a5-47394a6684ed,-13046364.9791,4036688.8176999986,Good,22
1726563410000,AQ001,fb485e12-231d-490c-a6a5-47394a6684ed,-13046364.9791,4036688.8176999986,Good,33
1726563470000,AQ001,fb485e12-231d-490c-a6a5-47394a6684ed,-13046364.9791,4036688.8176999986,Moderate,100
1726563530000,AQ001,fb485e12-231d-490c-a6a5-47394a6684ed,-13046364.9791,4036688.8176999986,Good,46
1726563590000,AQ001,fb485e12-231d-490c-a6a5-47394a6684ed,-13046364.9791,4036688.8176999986,Good,43
1726563650000,AQ001,fb485e12-231d-490c-a6a5-47394a6684ed,-13046364.9791,4036688.8176999986,Hazardous,471
1726563710000,AQ001,fb485e12-231d-490c-a6a5-47394a6684ed,-13046364.9791,4036688.8176999986,Very Unhealthy,262
1726563770000,AQ001,fb485e12-231d-490c-a6a5-47394a6684ed,-13046364.9791,4036688.8176999986,Unhealthy,168
1726563830000,AQ001,fb485e12-231d-490c-a6a5-47394a6684ed,-13046364.9791,4036688.8176999986,Unhealthy,164
1726563890000,AQ001,fb485e12-231d-490c-a6a5-47394a6684ed,-13046364.9791,4036688.8176999986,Very Unhealthy,210
1726563950000,AQ001,fb485e12-231d-490c-a6a5-47394a6684ed,-13046364.9791,4036688.8176999986,Good,14
1726564010000,AQ001,fb485e12-231d-490c-a6a5-47394a6684ed,-13046364.9791,4036688.8176999986,Moderate,84
1726564070000,AQ001,fb485e12-231d-490c-a6a5-47394a6684ed,-13046364.9791,4036688.8176999986,Good,14
1726564130000,AQ001,fb485e12-231d-490c-a6a5-47394a6684ed,-13046364.9791,4036688.8176999986,Good,22
1726564190000,AQ001,fb485e12-231d-490c-a6a5-47394a6684ed,-13046364.9791,4036688.8176999986,Good,5
1726564250000,AQ001,fb485e12-231d-490c-a6a5-47394a6684ed,-13046364.9791,4036688.8176999986,Unhealthy,155
1726564310000,AQ001,fb485e12-231d-490c-a6a5-47394a6684ed,-13046364.9791,4036688.8176999986,Hazardous,398
1726564370000,AQ001,fb485e12-231d-490c-a6a5-47394a6684ed,-13046364.9791,4036688.8176999986,Very Unhealthy,248
1726564430000,AQ001,fb485e12-231d-490c-a6a5-47394a6684ed,-13046364.9791,4036688.8176999986,Very Unhealthy,289
1726564490000,AQ001,fb485e12-231d-490c-a6a5-47394a6684ed,-13046364.9791,4036688.8176999986,Hazardous,350
1726564550000,AQ001,fb485e12-231d-490c-a6a5-47394a6684ed,-13046364.9791,4036688.8176999986,Good,28
1726564610000,AQ001,fb485e12-231d-490c-a6a5-47394a6684ed,-13046364.9791,4036688.8176999986,Moderate,87
1726564670000,AQ001,fb485e12-231d-490c-a6a5-47394a6684ed,-13046364.9791,4036688.8176999986,Good,43
1726564730000,AQ001,fb485e12-231d-490c-a6a5-47394a6684ed,-13046364.9791,4036688.8176999986,Moderate,60
1726564790000,AQ001,fb485e12-231d-490c-a6a5-47394a6684ed,-13046364.9791,4036688.8176999986,Moderate,72
1726564850000,AQ001,fb485e12-231d-490c-a6a5-47394a6684ed,-13046364.9791,4036688.8176999986,Hazardous,383
1726564910000,AQ001,fb485e12-231d-490c-a6a5-47394a6684ed,-13046364.9791,4036688.8176999986,Hazardous,437
1726564970000,AQ001,fb485e12-231d-490c-a6a5-47394a6684ed,-13046364.9791,4036688.8176999986,Very Unhealthy,260
1726565030000,AQ001,fb485e12-231d-490c-a6a5-47394a6684ed,-13046364.9791,4036688.8176999986,Unhealthy,156
1726565090000,AQ001,fb485e12-231d-490c-a6a5-47394a6684ed,-13046364.9791,4036688.8176999986,Very Unhealthy,300
1726565150000,AQ001,fb485e12-231d-490c-a6a5-47394a6684ed,-13046364.9791,4036688.8176999986,Moderate,66
1726565210000,AQ001,fb485e12-231d-490c-a6a5-47394a6684ed,-13046364.9791,4036688.8176999986,Good,39
1726565270000,AQ001,fb485e12-231d-490c-a6a5-47394a6684ed,-13046364.9791,4036688.8176999986,Moderate,89
1726565330000,AQ001,fb485e12-231d-490c-a6a5-47394a6684ed,-13046364.9791,4036688.8176999986,Moderate,75
1726565390000,AQ001,fb485e12-231d-490c-a6a5-47394a6684ed,-13046364.9791,4036688.8176999986,Moderate,72
1726565450000,AQ001,fb485e12-231d-490c-a6a5-47394a6684ed,-13046364.9791,4036688.8176999986,Hazardous,376
1726565510000,AQ001,fb485e12-231d-490c-a6a5-47394a6684ed,-13046364.9791,4036688.8176999986,Unhealthy,192
1726565570000,AQ001,fb485e12-231d-490c-a6a5-47394a6684ed,-13046364.9791,4036688.8176999986,Unhealthy,169
1726565630000,AQ001,fb485e12-231d-490c-a6a5-47394a6684ed,-13046364.9791,4036688.8176999986,Unhealthy,163
1726565690000,AQ001,fb485e12-231d-490c-a6a5-47394a6684ed,-13046364.9791,4036688.8176999986,Unhealthy,190
1726565750000,AQ001,fb485e12-231d-490c-a6a5-47394a6684ed,-13046364.9791,4036688.8176999986,Good,16
1726565810000,AQ001,fb485e12-231d-490c-a6a5-47394a6684ed,-13046364.9791,4036688.8176999986,Moderate,98
1726565870000,AQ001,fb485e12-231d-490c-a6a5-47394a6684ed,-13046364.9791,4036688.8176999986,Good,4
1726565930000,AQ001,fb485e12-231d-490c-a6a5-47394a6684ed,-13046364.9791,4036688.8176999986,Good,42
1726565990000,AQ001,fb485e12-231d-490c-a6a5-47394a6684ed,-13046364.9791,4036688.8176999986,Good,18
1726566050000,AQ001,fb485e12-231d-490c-a6a5-47394a6684ed,-13046364.9791,4036688.8176999986,Unhealthy,151
1726566110000,AQ001,fb485e12-231d-490c-a6a5-47394a6684ed,-13046364.9791,4036688.8176999986,Unhealthy,152
1726566170000,AQ001,fb485e12-231d-490c-a6a5-47394a6684ed,-13046364.9791,4036688.8176999986,Hazardous,447
1726566230000,AQ001,fb485e12-231d-490c-a6a5-47394a6684ed,-13046364.9791,4036688.8176999986,Hazardous,328
1726566290000,AQ001,fb485e12-231d-490c-a6a5-47394a6684ed,-13046364.9791,4036688.8176999986,Very Unhealthy,242
1726566350000,AQ001,fb485e12-231d-490c-a6a5-47394a6684ed,-13046364.9791,4036688.8176999986,Moderate,82
1726566410000,AQ001,fb485e12-231d-490c-a6a5-47394a6684ed,-13046364.9791,4036688.8176999986,Moderate,88
1726566470000,AQ001,fb485e12-231d-490c-a6a5-47394a6684ed,-13046364.9791,4036688.8176999986,Moderate,63
1726566530000,AQ001,fb485e12-231d-490c-a6a5-47394a6684ed,-13046364.9791,4036688.8176999986,Moderate,78
1726566590000,AQ001,fb485e12-231d-490c-a6a5-47394a6684ed,-13046364.9791,4036688.8176999986,Good,32
1726566650000,AQ001,fb485e12-231d-490c-a6a5-47394a6684ed,-13046364.9791,4036688.8176999986,Very Unhealthy,211
1726566710000,AQ001,fb485e12-231d-490c-a6a5-47394a6684ed,-13046364.9791,4036688.8176999986,Unhealthy,177
1726566770000,AQ001,fb485e12-231d-490c-a6a5-47394a6684ed,-13046364.9791,4036688.8176999986,Hazardous,326
1726566830000,AQ001,fb485e12-231d-490c-a6a5-47394a6684ed,-13046364.9791,4036688.8176999986,Very Unhealthy,271
1726566890000,AQ001,fb485e12-231d-490c-a6a5-47394a6684ed,-13046364.9791,4036688.8176999986,Very Unhealthy,231
1726566950000,AQ001,fb485e12-231d-490c-a6a5-47394a6684ed,-13046364.9791,4036688.8176999986,Moderate,73
1726567010000,AQ001,fb485e12-231d-490c-a6a5-47394a6684ed,-13046364.9791,4036688.8176999986,Moderate,96
1726567070000,AQ001,fb485e12-231d-490c-a6a5-47394a6684ed,-13046364.9791,4036688.8176999986,Moderate,100
1726567130000,AQ001,fb485e12-231d-490c-a6a5-47394a6684ed,-13046364.9791,4036688.8176999986,Moderate,84
1726567190000,AQ001,fb485e12-231d-490c-a6a5-47394a6684ed,-13046364.9791,4036688.8176999986,Good,29
1726567250000,AQ001,fb485e12-231d-490c-a6a5-47394a6684ed,-13046364.9791,4036688.8176999986,Hazardous,349
1726567310000,AQ001,fb485e12-231d-490c-a6a5-47394a6684ed,-13046364.9791,4036688.8176999986,Hazardous,365
1726567370000,AQ001,fb485e12-231d-490c-a6a5-47394a6684ed,-13046364.9791,4036688.8176999986,Very Unhealthy,236
1726567430000,AQ001,fb485e12-231d-490c-a6a5-47394a6684ed,-13046364.9791,4036688.8176999986,Very Unhealthy,233
1726567490000,AQ001,fb485e12-231d-490c-a6a5-47394a6684ed,-13046364.9791,4036688.8176999986,Hazardous,318
1726567550000,AQ001,fb485e12-231d-490c-a6a5-47394a6684ed,-13046364.9791,4036688.8176999986,Good,3
1726567610000,AQ001,fb485e12-231d-490c-a6a5-47394a6684ed,-13046364.9791,4036688.8176999986,Moderate,73
1726567670000,AQ001,fb485e12-231d-490c-a6a5-47394a6684ed,-13046364.9791,4036688.8176999986,Good,11
1726567730000,AQ001,fb485e12-231d-490c-a6a5-47394a6684ed,-13046364.9791,4036688.8176999986,Good,16
1726567790000,AQ001,fb485e12-231d-490c-a6a5-47394a6684ed,-13046364.9791,4036688.8176999986,Good,7
1726567850000,AQ001,fb485e12-231d-490c-a6a5-47394a6684ed,-13046364.9791,4036688.8176999986,Unhealthy,170
1726567910000,AQ001,fb485e12-231d-490c-a6a5-47394a6684ed,-13046364.9791,4036688.8176999986,Unhealthy,185
1726567970000,AQ001,fb485e12-231d-490c-a6a5-47394a6684ed,-13046364.9791,4036688.8176999986,Very Unhealthy,235
1726568030000,AQ001,fb485e12-231d-490c-a6a5-47394a6684ed,-13046364.9791,4036688.8176999986,Hazardous,346
1726568090000,AQ001,fb485e12-231d-490c-a6a5-47394a6684ed,-13046364.9791,4036688.8176999986,Hazardous,407
1726568150000,AQ001,fb485e12-231d-490c-a6a5-47394a6684ed,-13046364.9791,4036688.8176999986,Moderate,85
1726568210000,AQ001,fb485e12-231d-490c-a6a5-47394a6684ed,-13046364.9791,4036688.8176999986,Good,35
1726568270000,AQ001,fb485e12-231d-490c-a6a5-47394a6684ed,-13046364.9791,4036688.8176999986,Moderate,74
1726568330000,AQ001,fb485e12-231d-490c-a6a5-47394a6684ed,-13046364.9791,4036688.8176999986,Good,14
1726568390000,AQ001,fb485e12-231d-490c-a6a5-47394a6684ed,-13046364.9791,4036688.8176999986,Moderate,64
1726568450000,AQ001,fb485e12-231d-490c-a6a5-47394a6684ed,-13046364.9791,4036688.8176999986,Very Unhealthy,269
1726568510000,AQ001,fb485e12-231d-490c-a6a5-47394a6684ed,-13046364.9791,4036688.8176999986,Hazardous,474
1726568570000,AQ001,fb485e12-231d-490c-a6a5-47394a6684ed,-13046364.9791,4036688.8176999986,Unhealthy,189
1726568630000,AQ001,fb485e12-231d-490c-a6a5-47394a6684ed,-13046364.9791,4036688.8176999986,Hazardous,337
1726568690000,AQ001,fb485e12-231d-490c-a6a5-47394a6684ed,-13046364.9791,4036688.8176999986,Very Unhealthy,277
1726568750000,AQ001,fb485e12-231d-490c-a6a5-47394a6684ed,-13046364.9791,4036688.8176999986,Moderate,81
1726568810000,AQ001,fb485e12-231d-490c-a6a5-47394a6684ed,-13046364.9791,4036688.8176999986,Good,13
1726568870000,AQ001,fb485e12-231d-490c-a6a5-47394a6684ed,-13046364.9791,4036688.8176999986,Moderate,72
1726568930000,AQ001,fb485e12-231d-490c-a6a5-47394a6684ed,-13046364.9791,4036688.8176999986,Moderate,51
1726568990000,AQ001,fb485e12-231d-490c-a6a5-47394a6684ed,-13046364.9791,4036688.8176999986,Good,44
1726569050000,AQ001,fb485e12-231d-490c-a6a5-47394a6684ed,-13046364.9791,4036688.8176999986,Hazardous,407
1726569110000,AQ001,fb485e12-231d-490c-a6a5-47394a6684ed,-13046364.9791,4036688.8176999986,Hazardous,341
1726569170000,AQ001,fb485e12-231d-490c-a6a5-47394a6684ed,-13046364.9791,4036688.8176999986,Hazardous,438
1726569230000,AQ001,fb485e12-231d-490c-a6a5-47394a6684ed,-13046364.9791,4036688.8176999986,Very Unhealthy,232
1726569290000,AQ001,fb485e12-231d-490c-a6a5-47394a6684ed,-13046364.9791,4036688.8176999986,Very Unhealthy,298
1726569350000,AQ001,fb485e12-231d-490c-a6a5-47394a6684ed,-13046364.9791,4036688.8176999986,Good,24
1726569410000,AQ001,fb485e12-231d-490c-a6a5-47394a6684ed,-13046364.9791,4036688.8176999986,Good,27
1726569470000,AQ001,fb485e12-231d-490c-a6a5-47394a6684ed,-13046364.9791,4036688.8176999986,Good,21
1726569530000,AQ001,fb485e12-231d-490c-a6a5-47394a6684ed,-13046364.9791,4036688.8176999986,Moderate,91
1726569590000,AQ001,fb485e12-231d-490c-a6a5-47394a6684ed,-13046364.9791,4036688.8176999986,Moderate,69
1726569650000,AQ001,fb485e12-231d-490c-a6a5-47394a6684ed,-13046364.9791,4036688.8176999986,Unhealthy,184
1726569710000,AQ001,fb485e12-231d-490c-a6a5-47394a6684ed,-13046364.9791,4036688.8176999986,Very Unhealthy,250
1726569770000,AQ001,fb485e12-231d-490c-a6a5-47394a6684ed,-13046364.9791,4036688.8176999986,Very Unhealthy,274
1726569830000,AQ001,fb485e12-231d-490c-a6a5-47394a6684ed,-13046364.9791,4036688.8176999986,Very Unhealthy,285
1726569890000,AQ001,fb485e12-231d-490c-a6a5-47394a6684ed,-13046364.9791,4036688.8176999986,Very Unhealthy,214
1726569950000,AQ001,fb485e12-231d-490c-a6a5-47394a6684ed,-13046364.9791,4036688.8176999986,Moderate,75
1726570010000,AQ001,fb485e12-231d-490c-a6a5-47394a6684ed,-13046364.9791,4036688.8176999986,Moderate,84
1726570070000,AQ001,fb485e12-231d-490c-a6a5-47394a6684ed,-13046364.9791,4036688.8176999986,Moderate,58
1726570130000,AQ001,fb485e12-231d-490c-a6a5-47394a6684ed,-13046364.9791,4036688.8176999986,Good,20
1726570190000,AQ001,fb485e12-231d-490c-a6a5-47394a6684ed,-13046364.9791,4036688.8176999986,Good,16
1726570250000,AQ001,fb485e12-231d-490c-a6a5-47394a6684ed,-13046364.9791,4036688.8176999986,Very Unhealthy,212
1726570310000,AQ001,fb485e12-231d-490c-a6a5-47394a6684ed,-13046364.9791,4036688.8176999986,Unhealthy,154
1726570370000,AQ001,fb485e12-231d-490c-a6a5-47394a6684ed,-13046364.9791,4036688.8176999986,Very Unhealthy,255
1726570430000,AQ001,fb485e12-231d-490c-a6a5-47394a6684ed,-13046364.9791,4036688.8176999986,Unhealthy,169
1726570490000,AQ001,fb485e12-231d-490c-a6a5-47394a6684ed,-13046364.9791,4036688.8176999986,Hazardous,445
1726570550000,AQ001,fb485e12-231d-490c-a6a5-47394a6684ed,-13046364.9791,4036688.8176999986,Moderate,85
1726570610000,AQ001,fb485e12-231d-490c-a6a5-47394a6684ed,-13046364.9791,4036688.8176999986,Good,42
1726570670000,AQ001,fb485e12-231d-490c-a6a5-47394a6684ed,-13046364.9791,4036688.8176999986,Moderate,97
1726570730000,AQ001,fb485e12-231d-490c-a6a5-47394a6684ed,-13046364.9791,4036688.8176999986,Good,49
1726570790000,AQ001,fb485e12-231d-490c-a6a5-47394a6684ed,-13046364.9791,4036688.8176999986,Moderate,59
1726570850000,AQ001,fb485e12-231d-490c-a6a5-47394a6684ed,-13046364.9791,4036688.8176999986,Unhealthy,182
1726570910000,AQ001,fb485e12-231d-490c-a6a5-47394a6684ed,-13046364.9791,4036688.8176999986,Hazardous,313
1726570970000,AQ001,fb485e12-231d-490c-a6a5-47394a6684ed,-13046364.9791,4036688.8176999986,Hazardous,418
1726571030000,AQ001,fb485e12-231d-490c-a6a5-47394a6684ed,-13046364.9791,4036688.8176999986,Very Unhealthy,242
1726571090000,AQ001,fb485e12-231d-490c-a6a5-47394a6684ed,-13046364.9791,4036688.8176999986,Hazardous,374
1726571150000,AQ001,fb485e12-231d-490c-a6a5-47394a6684ed,-13046364.9791,4036688.8176999986,Good,5
1726571210000,AQ001,fb485e12-231d-490c-a6a5-47394a6684ed,-13046364.9791,4036688.8176999986,Good,48
1726571270000,AQ001,fb485e12-231d-490c-a6a5-47394a6684ed,-13046364.9791,4036688.8176999986,Good,21
1726571330000,AQ001,fb485e12-231d-490c-a6a5-47394a6684ed,-13046364.9791,4036688.8176999986,Good,38
1726571390000,AQ001,fb485e12-231d-490c-a6a5-47394a6684ed,-13046364.9791,4036688.8176999986,Good,21
1726571450000,AQ001,fb485e12-231d-490c-a6a5-47394a6684ed,-13046364.9791,4036688.8176999986,Unhealthy,169
1726571510000,AQ001,fb485e12-231d-490c-a6a5-47394a6684ed,-13046364.9791,4036688.8176999986,Unhealthy,151
1726571570000,AQ001,fb485e12-231d-490c-a6a5-47394a6684ed,-13046364.9791,4036688.8176999986,Very Unhealthy,246
1726571630000,AQ001,fb485e12-231d-490c-a6a5-47394a6684ed,-13046364.9791,4036688.8176999986,Hazardous,410
1726571690000,AQ001,fb485e12-231d-490c-a6a5-47394a6684ed,-13046364.9791,4036688.8176999986,Unhealthy,185
1726571750000,AQ001,fb485e12-231d-490c-a6a5-47394a6684ed,-13046364.9791,4036688.8176999986,Good,3
1726571810000,AQ001,fb485e12-231d-490c-a6a5-47394a6684ed,-13046364.9791,4036688.8176999986,Good,26
1726571870000,AQ001,fb485e12-231d-490c-a6a5-47394a6684ed,-13046364.9791,4036688.8176999986,Moderate,57
1726571930000,AQ001,fb485e12-231d-490c-a6a5-47394a6684ed,-13046364.9791,4036688.8176999986,Good,32
1726571990000,AQ001,fb485e12-231d-490c-a6a5-47394a6684ed,-13046364.9791,4036688.8176999986,Good,3
1726572050000,AQ001,fb485e12-231d-490c-a6a5-47394a6684ed,-13046364.9791,4036688.8176999986,Hazardous,322
1726572110000,AQ001,fb485e12-231d-490c-a6a5-47394a6684ed,-13046364.9791,4036688.8176999986,Unhealthy,160
1726572170000,AQ001,fb485e12-231d-490c-a6a5-47394a6684ed,-13046364.9791,4036688.8176999986,Unhealthy,152
1726572230000,AQ001,fb485e12-231d-490c-a6a5-47394a6684ed,-13046364.9791,4036688.8176999986,Hazardous,371
1726572290000,AQ001,fb485e12-231d-490c-a6a5-47394a6684ed,-13046364.9791,4036688.8176999986,Hazardous,452
1726572350000,AQ001,fb485e12-231d-490c-a6a5-47394a6684ed,-13046364.9791,4036688.8176999986,Good,5
1726572410000,AQ001,fb485e12-231d-490c-a6a5-47394a6684ed,-13046364.9791,4036688.8176999986,Good,37
1726572470000,AQ001,fb485e12-231d-490c-a6a5-47394a6684ed,-13046364.9791,4036688.8176999986,Good,10
1726572530000,AQ001,fb485e12-231d-490c-a6a5-47394a6684ed,-13046364.9791,4036688.8176999986,Good,12
1726572590000,AQ001,fb485e12-231d-490c-a6a5-47394a6684ed,-13046364.9791,4036688.8176999986,Good,21
1726572650000,AQ001,fb485e12-231d-490c-a6a5-47394a6684ed,-13046364.9791,4036688.8176999986,Hazardous,438
1726572710000,AQ001,fb485e12-231d-490c-a6a5-47394a6684ed,-13046364.9791,4036688.8176999986,Hazardous,437
1726572770000,AQ001,fb485e12-231d-490c-a6a5-47394a6684ed,-13046364.9791,4036688.8176999986,Very Unhealthy,221
1726572830000,AQ001,fb485e12-231d-490c-a6a5-47394a6684ed,-13046364.9791,4036688.8176999986,Very Unhealthy,275
1726572890000,AQ001,fb485e12-231d-490c-a6a5-47394a6684ed,-13046364.9791,4036688.8176999986,Hazardous,348
1726572950000,AQ001,fb485e12-231d-490c-a6a5-47394a6684ed,-13046364.9791,4036688.8176999986,Good,7
1726573010000,AQ001,fb485e12-231d-490c-a6a5-47394a6684ed,-13046364.9791,4036688.8176999986,Good,35
1726573070000,AQ001,fb485e12-231d-490c-a6a5-47394a6684ed,-13046364.9791,4036688.8176999986,Good,37
1726573130000,AQ001,fb485e12-231d-490c-a6a5-47394a6684ed,-13046364.9791,4036688.8176999986,Good,28
1726573190000,AQ001,fb485e12-231d-490c-a6a5-47394a6684ed,-13046364.9791,4036688.8176999986,Moderate,67
1726573250000,AQ001,fb485e12-231d-490c-a6a5-47394a6684ed,-13046364.9791,4036688.8176999986,Very Unhealthy,221
1726573310000,AQ001,fb485e12-231d-490c-a6a5-47394a6684ed,-13046364.9791,4036688.8176999986,Unhealthy,162
1726573370000,AQ001,fb485e12-231d-490c-a6a5-47394a6684ed,-13046364.9791,4036688.8176999986,Very Unhealthy,235
1726573430000,AQ001,fb485e12-231d-490c-a6a5-47394a6684ed,-13046364.9791,4036688.8176999986,Unhealthy,187
1726573490000,AQ001,fb485e12-231d-490c-a6a5-47394a6684ed,-13046364.9791,4036688.8176999986,Hazardous,393
1726573550000,AQ001,fb485e12-231d-490c-a6a5-47394a6684ed,-13046364.9791,4036688.8176999986,Good,41
1726573610000,AQ001,fb485e12-231d-490c-a6a5-47394a6684ed,-13046364.9791,4036688.8176999986,Good,0
1726573670000,AQ001,fb485e12-231d-490c-a6a5-47394a6684ed,-13046364.9791,4036688.8176999986,Good,23
1726573730000,AQ001,fb485e12-231d-490c-a6a5-47394a6684ed,-13046364.9791,4036688.8176999986,Moderate,90
1726573790000,AQ001,fb485e12-231d-490c-a6a5-47394a6684ed,-13046364.9791,4036688.8176999986,Moderate,93
1726573850000,AQ001,fb485e12-231d-490c-a6a5-47394a6684ed,-13046364.9791,4036688.8176999986,Very Unhealthy,266
1726573910000,AQ001,fb485e12-231d-490c-a6a5-47394a6684ed,-13046364.9791,4036688.8176999986,Hazardous,308
1726573970000,AQ001,fb485e12-231d-490c-a6a5-47394a6684ed,-13046364.9791,4036688.8176999986,Very Unhealthy,244
1726574030000,AQ001,fb485e12-231d-490c-a6a5-47394a6684ed,-13046364.9791,4036688.8176999986,Hazardous,453
1726574090000,AQ001,fb485e12-231d-490c-a6a5-47394a6684ed,-13046364.9791,4036688.8176999986,Hazardous,488
1726574150000,AQ001,fb485e12-231d-490c-a6a5-47394a6684ed,-13046364.9791,4036688.8176999986,Good,46
1726574210000,AQ001,fb485e12-231d-490c-a6a5-47394a6684ed,-13046364.9791,4036688.8176999986,Moderate,100
1726574270000,AQ001,fb485e12-231d-490c-a6a5-47394a6684ed,-13046364.9791,4036688.8176999986,Moderate,65
1726574330000,AQ001,fb485e12-231d-490c-a6a5-47394a6684ed,-13046364.9791,4036688.8176999986,Moderate,66
1726574390000,AQ001,fb485e12-231d-490c-a6a5-47394a6684ed,-13046364.9791,4036688.8176999986,Good,29
1726574450000,AQ001,fb485e12-231d-490c-a6a5-47394a6684ed,-13046364.9791,4036688.8176999986,Unhealthy,182
1726574510000,AQ001,fb485e12-231d-490c-a6a5-47394a6684ed,-13046364.9791,4036688.8176999986,Very Unhealthy,269
1726574570000,AQ001,fb485e12-231d-490c-a6a5-47394a6684ed,-13046364.9791,4036688.8176999986,Unhealthy,187
1726574630000,AQ001,fb485e12-231d-490c-a6a5-47394a6684ed,-13046364.9791,4036688.8176999986,Very Unhealthy,297
1726574690000,AQ001,fb485e12-231d-490c-a6a5-47394a6684ed,-13046364.9791,4036688.8176999986,Very Unhealthy,278
1726574750000,AQ001,fb485e12-231d-490c-a6a5-47394a6684ed,-13046364.9791,4036688.8176999986,Good,15
1726574810000,AQ001,fb485e12-231d-490c-a6a5-47394a6684ed,-13046364.9791,4036688.8176999986,Good,29
1726574870000,AQ001,fb485e12-231d-490c-a6a5-47394a6684ed,-13046364.9791,4036688.8176999986,Moderate,83
1726574930000,AQ001,fb485e12-231d-490c-a6a5-47394a6684ed,-13046364.9791,4036688.8176999986,Moderate,67
1726574990000,AQ001,fb485e12-231d-490c-a6a5-47394a6684ed,-13046364.9791,4036688.8176999986,Moderate,78
1726575050000,AQ001,fb485e12-231d-490c-a6a5-47394a6684ed,-13046364.9791,4036688.8176999986,Unhealthy,151
1726575110000,AQ001,fb485e12-231d-490c-a6a5-47394a6684ed,-13046364.9791,4036688.8176999986,Hazardous,479
1726575170000,AQ001,fb485e12-231d-490c-a6a5-47394a6684ed,-13046364.9791,4036688.8176999986,Unhealthy,193
1726575230000,AQ001,fb485e12-231d-490c-a6a5-47394a6684ed,-13046364.9791,4036688.8176999986,Unhealthy,182
1726575290000,AQ001,fb485e12-231d-490c-a6a5-47394a6684ed,-13046364.9791,4036688.8176999986,Hazardous,363
1726575350000,AQ001,fb485e12-231d-490c-a6a5-47394a6684ed,-13046364.9791,4036688.8176999986,Moderate,72
1726575410000,AQ001,fb485e12-231d-490c-a6a5-47394a6684ed,-13046364.9791,4036688.8176999986,Moderate,99
1726575470000,AQ001,fb485e12-231d-490c-a6a5-47394a6684ed,-13046364.9791,4036688.8176999986,Moderate,62
1726575530000,AQ001,fb485e12-231d-490c-a6a5-47394a6684ed,-13046364.9791,4036688.8176999986,Good,9
1726575590000,AQ001,fb485e12-231d-490c-a6a5-47394a6684ed,-13046364.9791,4036688.8176999986,Moderate,92
1726575650000,AQ001,fb485e12-231d-490c-a6a5-47394a6684ed,-13046364.9791,4036688.8176999986,Hazardous,366
1726575710000,AQ001,fb485e12-231d-490c-a6a5-47394a6684ed,-13046364.9791,4036688.8176999986,Hazardous,399
1726575770000,AQ001,fb485e12-231d-490c-a6a5-47394a6684ed,-13046364.9791,4036688.8176999986,Very Unhealthy,297
1726575830000,AQ001,fb485e12-231d-490c-a6a5-47394a6684ed,-13046364.9791,4036688.8176999986,Hazardous,381
1726575890000,AQ001,fb485e12-231d-490c-a6a5-47394a6684ed,-13046364.9791,4036688.8176999986,Hazardous,302
1726575950000,AQ001,fb485e12-231d-490c-a6a5-47394a6684ed,-13046364.9791,4036688.8176999986,Good,20
1726576010000,AQ001,fb485e12-231d-490c-a6a5-47394a6684ed,-13046364.9791,4036688.8176999986,Good,43
1726576070000,AQ001,fb485e12-231d-490c-a6a5-47394a6684ed,-13046364.9791,4036688.8176999986,Good,30
1726576130000,AQ001,fb485e12-231d-490c-a6a5-47394a6684ed,-13046364.9791,4036688.8176999986,Good,27
1726576190000,AQ001,fb485e12-231d-490c-a6a5-47394a6684ed,-13046364.9791,4036688.8176999986,Moderate,74
1726576250000,AQ001,fb485e12-231d-490c-a6a5-47394a6684ed,-13046364.9791,4036688.8176999986,Unhealthy,183
1726576310000,AQ001,fb485e12-231d-490c-a6a5-47394a6684ed,-13046364.9791,4036688.8176999986,Unhealthy,170
1726576370000,AQ001,fb485e12-231d-490c-a6a5-47394a6684ed,-13046364.9791,4036688.8176999986,Unhealthy,180
1726576430000,AQ001,fb485e12-231d-490c-a6a5-47394a6684ed,-13046364.9791,4036688.8176999986,Unhealthy,178
1726576490000,AQ001,fb485e12-231d-490c-a6a5-47394a6684ed,-13046364.9791,4036688.8176999986,Unhealthy,182
1726576550000,AQ001,fb485e12-231d-490c-a6a5-47394a6684ed,-13046364.9791,4036688.8176999986,Good,14
1726576610000,AQ001,fb485e12-231d-490c-a6a5-47394a6684ed,-13046364.9791,4036688.8176999986,Good,25
1726576670000,AQ001,fb485e12-231d-490c-a6a5-47394a6684ed,-13046364.9791,4036688.8176999986,Moderate,88
1726576730000,AQ001,fb485e12-231d-490c-a6a5-47394a6684ed,-13046364.9791,4036688.8176999986,Moderate,100
1726576790000,AQ001,fb485e12-231d-490c-a6a5-47394a6684ed,-13046364.9791,4036688.8176999986,Good,36
1726576850000,AQ001,fb485e12-231d-490c-a6a5-47394a6684ed,-13046364.9791,4036688.8176999986,Very Unhealthy,223
1726576910000,AQ001,fb485e12-231d-490c-a6a5-47394a6684ed,-13046364.9791,4036688.8176999986,Hazardous,325
1726576970000,AQ001,fb485e12-231d-490c-a6a5-47394a6684ed,-13046364.9791,4036688.8176999986,Hazardous,396
1726577030000,AQ001,fb485e12-231d-490c-a6a5-47394a6684ed,-13046364.9791,4036688.8176999986,Very Unhealthy,270
1726577090000,AQ001,fb485e12-231d-490c-a6a5-47394a6684ed,-13046364.9791,4036688.8176999986,Hazardous,344
1726577150000,AQ001,fb485e12-231d-490c-a6a5-47394a6684ed,-13046364.9791,4036688.8176999986,Moderate,89
1726577210000,AQ001,fb485e12-231d-490c-a6a5-47394a6684ed,-13046364.9791,4036688.8176999986,Good,45
1726577270000,AQ001,fb485e12-231d-490c-a6a5-47394a6684ed,-13046364.9791,4036688.8176999986,Good,15
1726577330000,AQ001,fb485e12-231d-490c-a6a5-47394a6684ed,-13046364.9791,4036688.8176999986,Moderate,80
1726577390000,AQ001,fb485e12-231d-490c-a6a5-47394a6684ed,-13046364.9791,4036688.8176999986,Good,48
1726577450000,AQ001,fb485e12-231d-490c-a6a5-47394a6684ed,-13046364.9791,4036688.8176999986,Hazardous,435
1726577510000,AQ001,fb485e12-231d-490c-a6a5-47394a6684ed,-13046364.9791,4036688.8176999986,Very Unhealthy,229
1726577570000,AQ001,fb485e12-231d-490c-a6a5-47394a6684ed,-13046364.9791,4036688.8176999986,Unhealthy,168
1726577630000,AQ001,fb485e12-231d-490c-a6a5-47394a6684ed,-13046364.9791,4036688.8176999986,Hazardous,461
1726577690000,AQ001,fb485e12-231d-490c-a6a5-47394a6684ed,-13046364.9791,4036688.8176999986,Unhealthy,189
1726577750000,AQ001,fb485e12-231d-490c-a6a5-47394a6684ed,-13046364.9791,4036688.8176999986,Good,32
1726577810000,AQ001,fb485e12-231d-490c-a6a5-47394a6684ed,-13046364.9791,4036688.8176999986,Moderate,57
1726577870000,AQ001,fb485e12-231d-490c-a6a5-47394a6684ed,-13046364.9791,4036688.8176999986,Moderate,86
1726577930000,AQ001,fb485e12-231d-490c-a6a5-47394a6684ed,-13046364.9791,4036688.8176999986,Moderate,71
1726577990000,AQ001,fb485e12-231d-490c-a6a5-47394a6684ed,-13046364.9791,4036688.8176999986,Good,6
1726578050000,AQ001,fb485e12-231d-490c-a6a5-47394a6684ed,-13046364.9791,4036688.8176999986,Very Unhealthy,227
1726578110000,AQ001,fb485e12-231d-490c-a6a5-47394a6684ed,-13046364.9791,4036688.8176999986,Very Unhealthy,249
1726578170000,AQ001,fb485e12-231d-490c-a6a5-47394a6684ed,-13046364.9791,4036688.8176999986,Unhealthy,178
1726578230000,AQ001,fb485e12-231d-490c-a6a5-47394a6684ed,-13046364.9791,4036688.8176999986,Very Unhealthy,250
1726578290000,AQ001,fb485e12-231d-490c-a6a5-47394a6684ed,-13046364.9791,4036688.8176999986,Hazardous,472
1726578350000,AQ001,fb485e12-231d-490c-a6a5-47394a6684ed,-13046364.9791,4036688.8176999986,Good,6
1726578410000,AQ001,fb485e12-231d-490c-a6a5-47394a6684ed,-13046364.9791,4036688.8176999986,Good,29
1726578470000,AQ001,fb485e12-231d-490c-a6a5-47394a6684ed,-13046364.9791,4036688.8176999986,Moderate,77
1726578530000,AQ001,fb485e12-231d-490c-a6a5-47394a6684ed,-13046364.9791,4036688.8176999986,Good,20
1726578590000,AQ001,fb485e12-231d-490c-a6a5-47394a6684ed,-13046364.9791,4036688.8176999986,Moderate,93
1726578650000,AQ001,fb485e12-231d-490c-a6a5-47394a6684ed,-13046364.9791,4036688.8176999986,Unhealthy,169
1726578710000,AQ001,fb485e12-231d-490c-a6a5-47394a6684ed,-13046364.9791,4036688.8176999986,Unhealthy,196
1726578770000,AQ001,fb485e12-231d-490c-a6a5-47394a6684ed,-13046364.9791,4036688.8176999986,Hazardous,331
1726578830000,AQ001,fb485e12-231d-490c-a6a5-47394a6684ed,-13046364.9791,4036688.8176999986,Unhealthy,169
1726578890000,AQ001,fb485e12-231d-490c-a6a5-47394a6684ed,-13046364.9791,4036688.8176999986,Hazardous,493
1726578950000,AQ001,fb485e12-231d-490c-a6a5-47394a6684ed,-13046364.9791,4036688.8176999986,Moderate,96
1726579010000,AQ001,fb485e12-231d-490c-a6a5-47394a6684ed,-13046364.9791,4036688.8176999986,Moderate,80
1726579070000,AQ001,fb485e12-231d-490c-a6a5-47394a6684ed,-13046364.9791,4036688.8176999986,Moderate,69
1726579130000,AQ001,fb485e12-231d-490c-a6a5-47394a6684ed,-13046364.9791,4036688.8176999986,Moderate,82
1726579190000,AQ001,fb485e12-231d-490c-a6a5-47394a6684ed,-13046364.9791,4036688.8176999986,Moderate,55
1726579250000,AQ001,fb485e12-231d-490c-a6a5-47394a6684ed,-13046364.9791,4036688.8176999986,Unhealthy,192
1726579310000,AQ001,fb485e12-231d-490c-a6a5-47394a6684ed,-13046364.9791,4036688.8176999986,Unhealthy,187
1726579370000,AQ001,fb485e12-231d-490c-a6a5-47394a6684ed,-13046364.9791,4036688.8176999986,Unhealthy,170
1726579430000,AQ001,fb485e12-231d-490c-a6a5-47394a6684ed,-13046364.9791,4036688.8176999986,Unhealthy,171
1726579490000,AQ001,fb485e12-231d-490c-a6a5-47394a6684ed,-13046364.9791,4036688.8176999986,Unhealthy,157
1726579550000,AQ001,fb485e12-231d-490c-a6a5-47394a6684ed,-13046364.9791,4036688.8176999986,Moderate,56
1726579610000,AQ001,fb485e12-231d-490c-a6a5-47394a6684ed,-13046364.9791,4036688.8176999986,Good,16
1726579670000,AQ001,fb485e12-231d-490c-a6a5-47394a6684ed,-13046364.9791,4036688.8176999986,Good,48
1726579730000,AQ001,fb485e12-231d-490c-a6a5-47394a6684ed,-13046364.9791,4036688.8176999986,Moderate,92
1726579790000,AQ001,fb485e12-231d-490c-a6a5-47394a6684ed,-13046364.9791,4036688.8176999986,Moderate,66
1726579850000,AQ001,fb485e12-231d-490c-a6a5-47394a6684ed,-13046364.9791,4036688.8176999986,Hazardous,337
1726579910000,AQ001,fb485e12-231d-490c-a6a5-47394a6684ed,-13046364.9791,4036688.8176999986,Very Unhealthy,223
1726579970000,AQ001,fb485e12-231d-490c-a6a5-47394a6684ed,-13046364.9791,4036688.8176999986,Hazardous,464
1726580030000,AQ001,fb485e12-231d-490c-a6a5-47394a6684ed,-13046364.9791,4036688.8176999986,Unhealthy,175
1726580090000,AQ001,fb485e12-231d-490c-a6a5-47394a6684ed,-13046364.9791,4036688.8176999986,Very Unhealthy,219
1726580150000,AQ001,fb485e12-231d-490c-a6a5-47394a6684ed,-13046364.9791,4036688.8176999986,Good,10
1726580210000,AQ001,fb485e12-231d-490c-a6a5-47394a6684ed,-13046364.9791,4036688.8176999986,Moderate,77
1726580270000,AQ001,fb485e12-231d-490c-a6a5-47394a6684ed,-13046364.9791,4036688.8176999986,Good,48
1726580330000,AQ001,fb485e12-231d-490c-a6a5-47394a6684ed,-13046364.9791,4036688.8176999986,Good,28
1726580390000,AQ001,fb485e12-231d-490c-a6a5-47394a6684ed,-13046364.9791,4036688.8176999986,Good,40
1726580450000,AQ001,fb485e12-231d-490c-a6a5-47394a6684ed,-13046364.9791,4036688.8176999986,Unhealthy,183
1726580510000,AQ001,fb485e12-231d-490c-a6a5-47394a6684ed,-13046364.9791,4036688.8176999986,Very Unhealthy,273
1726580570000,AQ001,fb485e12-231d-490c-a6a5-47394a6684ed,-13046364.9791,4036688.8176999986,Very Unhealthy,216
1726580630000,AQ001,fb485e12-231d-490c-a6a5-47394a6684ed,-13046364.9791,4036688.8176999986,Very Unhealthy,261
1726580690000,AQ001,fb485e12-231d-490c-a6a5-47394a6684ed,-13046364.9791,4036688.8176999986,Hazardous,461
1726580750000,AQ001,fb485e12-231d-490c-a6a5-47394a6684ed,-13046364.9791,4036688.8176999986,Good,11
1726580810000,AQ001,fb485e12-231d-490c-a6a5-47394a6684ed,-13046364.9791,4036688.8176999986,Good,0
1726580870000,AQ001,fb485e12-231d-490c-a6a5-47394a6684ed,-13046364.9791,4036688.8176999986,Good,3
1726580930000,AQ001,fb485e12-231d-490c-a6a5-47394a6684ed,-13046364.9791,4036688.8176999986,Moderate,86
1726580990000,AQ001,fb485e12-231d-490c-a6a5-47394a6684ed,-13046364.9791,4036688.8176999986,Good,49
1726581050000,AQ001,fb485e12-231d-490c-a6a5-47394a6684ed,-13046364.9791,4036688.8176999986,Hazardous,487
1726581110000,AQ001,fb485e12-231d-490c-a6a5-47394a6684ed,-13046364.9791,4036688.8176999986,Unhealthy,190
1726581170000,AQ001,fb485e12-231d-490c-a6a5-47394a6684ed,-13046364.9791,4036688.8176999986,Unhealthy,170
1726581230000,AQ001,fb485e12-231d-490c-a6a5-47394a6684ed,-13046364.9791,4036688.8176999986,Unhealthy,183
1726581290000,AQ001,fb485e12-231d-490c-a6a5-47394a6684ed,-13046364.9791,4036688.8176999986,Very Unhealthy,294
1726581350000,AQ001,fb485e12-231d-490c-a6a5-47394a6684ed,-13046364.9791,4036688.8176999986,Good,24
1726581410000,AQ001,fb485e12-231d-490c-a6a5-47394a6684ed,-13046364.9791,4036688.8176999986,Moderate,88
1726581470000,AQ001,fb485e12-231d-490c-a6a5-47394a6684ed,-13046364.9791,4036688.8176999986,Moderate,82
1726581530000,AQ001,fb485e12-231d-490c-a6a5-47394a6684ed,-13046364.9791,4036688.8176999986,Good,8
1726581590000,AQ001,fb485e12-231d-490c-a6a5-47394a6684ed,-13046364.9791,4036688.8176999986,Moderate,83
1726581650000,AQ001,fb485e12-231d-490c-a6a5-47394a6684ed,-13046364.9791,4036688.8176999986,Unhealthy,154
1726581710000,AQ001,fb485e12-231d-490c-a6a5-47394a6684ed,-13046364.9791,4036688.8176999986,Hazardous,317
1726581770000,AQ001,fb485e12-231d-490c-a6a5-47394a6684ed,-13046364.9791,4036688.8176999986,Hazardous,457
1726581830000,AQ001,fb485e12-231d-490c-a6a5-47394a6684ed,-13046364.9791,4036688.8176999986,Very Unhealthy,218
1726581890000,AQ001,fb485e12-231d-490c-a6a5-47394a6684ed,-13046364.9791,4036688.8176999986,Unhealthy,167
1726581950000,AQ001,fb485e12-231d-490c-a6a5-47394a6684ed,-13046364.9791,4036688.8176999986,Good,44
1726582010000,AQ001,fb485e12-231d-490c-a6a5-47394a6684ed,-13046364.9791,4036688.8176999986,Good,40
1726582070000,AQ001,fb485e12-231d-490c-a6a5-47394a6684ed,-13046364.9791,4036688.8176999986,Moderate,53
1726582130000,AQ001,fb485e12-231d-490c-a6a5-47394a6684ed,-13046364.9791,4036688.8176999986,Moderate,55
1726582190000,AQ001,fb485e12-231d-490c-a6a5-47394a6684ed,-13046364.9791,4036688.8176999986,Good,3
1726582250000,AQ001,fb485e12-231d-490c-a6a5-47394a6684ed,-13046364.9791,4036688.8176999986,Unhealthy,191
1726582310000,AQ001,fb485e12-231d-490c-a6a5-47394a6684ed,-13046364.9791,4036688.8176999986,Hazardous,432
1726582370000,AQ001,fb485e12-231d-490c-a6a5-47394a6684ed,-13046364.9791,4036688.8176999986,Hazardous,489
1726582430000,AQ001,fb485e12-231d-490c-a6a5-47394a6684ed,-13046364.9791,4036688.8176999986,Hazardous,469
1726582490000,AQ001,fb485e12-231d-490c-a6a5-47394a6684ed,-13046364.9791,4036688.8176999986,Very Unhealthy,292
1726582550000,AQ001,fb485e12-231d-490c-a6a5-47394a6684ed,-13046364.9791,4036688.8176999986,Good,47
1726582610000,AQ001,fb485e12-231d-490c-a6a5-47394a6684ed,-13046364.9791,4036688.8176999986,Good,48
1726582670000,AQ001,fb485e12-231d-490c-a6a5-47394a6684ed,-13046364.9791,4036688.8176999986,Good,38
1726582730000,AQ001,fb485e12-231d-490c-a6a5-47394a6684ed,-13046364.9791,4036688.8176999986,Moderate,57
1726582790000,AQ001,fb485e12-231d-490c-a6a5-47394a6684ed,-13046364.9791,4036688.8176999986,Good,40
1726582850000,AQ001,fb485e12-231d-490c-a6a5-47394a6684ed,-13046364.9791,4036688.8176999986,Very Unhealthy,258
1726582910000,AQ001,fb485e12-231d-490c-a6a5-47394a6684ed,-13046364.9791,4036688.8176999986,Hazardous,465
1726582970000,AQ001,fb485e12-231d-490c-a6a5-47394a6684ed,-13046364.9791,4036688.8176999986,Unhealthy,157
1726583030000,AQ001,fb485e12-231d-490c-a6a5-47394a6684ed,-13046364.9791,4036688.8176999986,Hazardous,308
1726583090000,AQ001,fb485e12-231d-490c-a6a5-47394a6684ed,-13046364.9791,4036688.8176999986,Hazardous,440
1726583150000,AQ001,fb485e12-231d-490c-a6a5-47394a6684ed,-13046364.9791,4036688.8176999986,Good,20
1726583210000,AQ001,fb485e12-231d-490c-a6a5-47394a6684ed,-13046364.9791,4036688.8176999986,Moderate,82
1726583270000,AQ001,fb485e12-231d-490c-a6a5-47394a6684ed,-13046364.9791,4036688.8176999986,Moderate,98
1726583330000,AQ001,fb485e12-231d-490c-a6a5-47394a6684ed,-13046364.9791,4036688.8176999986,Moderate,72
1726583390000,AQ001,fb485e12-231d-490c-a6a5-47394a6684ed,-13046364.9791,4036688.8176999986,Good,19
1726583450000,AQ001,fb485e12-231d-490c-a6a5-47394a6684ed,-13046364.9791,4036688.8176999986,Unhealthy,164
1726583510000,AQ001,fb485e12-231d-490c-a6a5-47394a6684ed,-13046364.9791,4036688.8176999986,Unhealthy,174
1726583570000,AQ001,fb485e12-231d-490c-a6a5-47394a6684ed,-13046364.9791,4036688.8176999986,Unhealthy,200
1726583630000,AQ001,fb485e12-231d-490c-a6a5-47394a6684ed,-13046364.9791,4036688.8176999986,Hazardous,433
1726583690000,AQ001,fb485e12-231d-490c-a6a5-47394a6684ed,-13046364.9791,4036688.8176999986,Very Unhealthy,271
1726583750000,AQ001,fb485e12-231d-490c-a6a5-47394a6684ed,-13046364.9791,4036688.8176999986,Moderate,57
1726583810000,AQ001,fb485e12-231d-490c-a6a5-47394a6684ed,-13046364.9791,4036688.8176999986,Moderate,99
1726583870000,AQ001,fb485e12-231d-490c-a6a5-47394a6684ed,-13046364.9791,4036688.8176999986,Good,37
1726583930000,AQ001,fb485e12-231d-490c-a6a5-47394a6684ed,-13046364.9791,4036688.8176999986,Good,18
1726583990000,AQ001,fb485e12-231d-490c-a6a5-47394a6684ed,-13046364.9791,4036688.8176999986,Moderate,66
1726584050000,AQ001,fb485e12-231d-490c-a6a5-47394a6684ed,-13046364.9791,4036688.8176999986,Very Unhealthy,266
1726584110000,AQ001,fb485e12-231d-490c-a6a5-47394a6684ed,-13046364.9791,4036688.8176999986,Unhealthy,157
1726584170000,AQ001,fb485e12-231d-490c-a6a5-47394a6684ed,-13046364.9791,4036688.8176999986,Unhealthy,182
1726584230000,AQ001,fb485e12-231d-490c-a6a5-47394a6684ed,-13046364.9791,4036688.8176999986,Very Unhealthy,246
1726584290000,AQ001,fb485e12-231d-490c-a6a5-47394a6684ed,-13046364.9791,4036688.8176999986,Very Unhealthy,204
1726584350000,AQ001,fb485e12-231d-490c-a6a5-47394a6684ed,-13046364.9791,4036688.8176999986,Moderate,59
1726584410000,AQ001,fb485e12-231d-490c-a6a5-47394a6684ed,-13046364.9791,4036688.8176999986,Good,29
1726584470000,AQ001,fb485e12-231d-490c-a6a5-47394a6684ed,-13046364.9791,4036688.8176999986,Good,20
1726584530000,AQ001,fb485e12-231d-490c-a6a5-47394a6684ed,-13046364.9791,4036688.8176999986,Good,10
1726584590000,AQ001,fb485e12-231d-490c-a6a5-47394a6684ed,-13046364.9791,4036688.8176999986,Good,28
1726584650000,AQ001,fb485e12-231d-490c-a6a5-47394a6684ed,-13046364.9791,4036688.8176999986,Hazardous,398
1726584710000,AQ001,fb485e12-231d-490c-a6a5-47394a6684ed,-13046364.9791,4036688.8176999986,Hazardous,327
1726584770000,AQ001,fb485e12-231d-490c-a6a5-47394a6684ed,-13046364.9791,4036688.8176999986,Very Unhealthy,292
1726584830000,AQ001,fb485e12-231d-490c-a6a5-47394a6684ed,-13046364.9791,4036688.8176999986,Unhealthy,164
1726584890000,AQ001,fb485e12-231d-490c-a6a5-47394a6684ed,-13046364.9791,4036688.8176999986,Hazardous,484
1726584950000,AQ001,fb485e12-231d-490c-a6a5-47394a6684ed,-13046364.9791,4036688.8176999986,Moderate,98
1726585010000,AQ001,fb485e12-231d-490c-a6a5-47394a6684ed,-13046364.9791,4036688.8176999986,Good,16
1726585070000,AQ001,fb485e12-231d-490c-a6a5-47394a6684ed,-13046364.9791,4036688.8176999986,Moderate,93
1726585130000,AQ001,fb485e12-231d-490c-a6a5-47394a6684ed,-13046364.9791,4036688.8176999986,Moderate,100
1726585190000,AQ001,fb485e12-231d-490c-a6a5-47394a6684ed,-13046364.9791,4036688.8176999986,Moderate,91
1726585250000,AQ001,fb485e12-231d-490c-a6a5-47394a6684ed,-13046364.9791,4036688.8176999986,Hazardous,327
1726585310000,AQ001,fb485e12-231d-490c-a6a5-47394a6684ed,-13046364.9791,4036688.8176999986,Unhealthy,166
1726585370000,AQ001,fb485e12-231d-490c-a6a5-47394a6684ed,-13046364.9791,4036688.8176999986,Hazardous,457
1726585430000,AQ001,fb485e12-231d-490c-a6a5-47394a6684ed,-13046364.9791,4036688.8176999986,Hazardous,387
1726585490000,AQ001,fb485e12-231d-490c-a6a5-47394a6684ed,-13046364.9791,4036688.8176999986,Unhealthy,199
1726585550000,AQ001,fb485e12-231d-490c-a6a5-47394a6684ed,-13046364.9791,4036688.8176999986,Moderate,97
1726585610000,AQ001,fb485e12-231d-490c-a6a5-47394a6684ed,-13046364.9791,4036688.8176999986,Good,46
1726585670000,AQ001,fb485e12-231d-490c-a6a5-47394a6684ed,-13046364.9791,4036688.8176999986,Good,34
1726585730000,AQ001,fb485e12-231d-490c-a6a5-47394a6684ed,-13046364.9791,4036688.8176999986,Good,10
1726585790000,AQ001,fb485e12-231d-490c-a6a5-47394a6684ed,-13046364.9791,4036688.8176999986,Moderate,75
1726585850000,AQ001,fb485e12-231d-490c-a6a5-47394a6684ed,-13046364.9791,4036688.8176999986,Very Unhealthy,204
1726585910000,AQ001,fb485e12-231d-490c-a6a5-47394a6684ed,-13046364.9791,4036688.8176999986,Unhealthy,154
1726585970000,AQ001,fb485e12-231d-490c-a6a5-47394a6684ed,-13046364.9791,4036688.8176999986,Very Unhealthy,212
1726586030000,AQ001,fb485e12-231d-490c-a6a5-47394a6684ed,-13046364.9791,4036688.8176999986,Unhealthy,157
1726586090000,AQ001,fb485e12-231d-490c-a6a5-47394a6684ed,-13046364.9791,4036688.8176999986,Hazardous,390
1726586150000,AQ001,fb485e12-231d-490c-a6a5-47394a6684ed,-13046364.9791,4036688.8176999986,Moderate,83
1726586210000,AQ001,fb485e12-231d-490c-a6a5-47394a6684ed,-13046364.9791,4036688.8176999986,Good,5
1726586270000,AQ001,fb485e12-231d-490c-a6a5-47394a6684ed,-13046364.9791,4036688.8176999986,Good,22
1726586330000,AQ001,fb485e12-231d-490c-a6a5-47394a6684ed,-13046364.9791,4036688.8176999986,Good,28
1726586390000,AQ001,fb485e12-231d-490c-a6a5-47394a6684ed,-13046364.9791,4036688.8176999986,Moderate,92
1726586450000,AQ001,fb485e12-231d-490c-a6a5-47394a6684ed,-13046364.9791,4036688.8176999986,Unhealthy,188
1726586510000,AQ001,fb485e12-231d-490c-a6a5-47394a6684ed,-13046364.9791,4036688.8176999986,Hazardous,316
1726586570000,AQ001,fb485e12-231d-490c-a6a5-47394a6684ed,-13046364.9791,4036688.8176999986,Unhealthy,192
1726586630000,AQ001,fb485e12-231d-490c-a6a5-47394a6684ed,-13046364.9791,4036688.8176999986,Unhealthy,157
1726586690000,AQ001,fb485e12-231d-490c-a6a5-47394a6684ed,-13046364.9791,4036688.8176999986,Very Unhealthy,251
1726586750000,AQ001,fb485e12-231d-490c-a6a5-47394a6684ed,-13046364.9791,4036688.8176999986,Moderate,55
1726586810000,AQ001,fb485e12-231d-490c-a6a5-47394a6684ed,-13046364.9791,4036688.8176999986,Good,8
1726586870000,AQ001,fb485e12-231d-490c-a6a5-47394a6684ed,-13046364.9791,4036688.8176999986,Moderate,69
1726586930000,AQ001,fb485e12-231d-490c-a6a5-47394a6684ed,-13046364.9791,4036688.8176999986,Moderate,90
1726586990000,AQ001,fb485e12-231d-490c-a6a5-47394a6684ed,-13046364.9791,4036688.8176999986,Moderate,65
1726587050000,AQ001,fb485e12-231d-490c-a6a5-47394a6684ed,-13046364.9791,4036688.8176999986,Hazardous,338
1726587110000,AQ001,fb485e12-231d-490c-a6a5-47394a6684ed,-13046364.9791,4036688.8176999986,Very Unhealthy,267
1726587170000,AQ001,fb485e12-231d-490c-a6a5-47394a6684ed,-13046364.9791,4036688.8176999986,Unhealthy,172
1726587230000,AQ001,fb485e12-231d-490c-a6a5-47394a6684ed,-13046364.9791,4036688.8176999986,Hazardous,324
1726587290000,AQ001,fb485e12-231d-490c-a6a5-47394a6684ed,-13046364.9791,4036688.8176999986,Unhealthy,169
1726587350000,AQ001,fb485e12-231d-490c-a6a5-47394a6684ed,-13046364.9791,4036688.8176999986,Moderate,73
1726587410000,AQ001,fb485e12-231d-490c-a6a5-47394a6684ed,-13046364.9791,4036688.8176999986,Moderate,88
1726587470000,AQ001,fb485e12-231d-490c-a6a5-47394a6684ed,-13046364.9791,4036688.8176999986,Good,14
1726587530000,AQ001,fb485e12-231d-490c-a6a5-47394a6684ed,-13046364.9791,4036688.8176999986,Moderate,82
1726587590000,AQ001,fb485e12-231d-490c-a6a5-47394a6684ed,-13046364.9791,4036688.8176999986,Moderate,56
1726587650000,AQ001,fb485e12-231d-490c-a6a5-47394a6684ed,-13046364.9791,4036688.8176999986,Unhealthy,196
1726587710000,AQ001,fb485e12-231d-490c-a6a5-47394a6684ed,-13046364.9791,4036688.8176999986,Unhealthy,185
1726587770000,AQ001,fb485e12-231d-490c-a6a5-47394a6684ed,-13046364.9791,4036688.8176999986,Hazardous,418
1726587830000,AQ001,fb485e12-231d-490c-a6a5-47394a6684ed,-13046364.9791,4036688.8176999986,Hazardous,320
1726587890000,AQ001,fb485e12-231d-490c-a6a5-47394a6684ed,-13046364.9791,4036688.8176999986,Very Unhealthy,209
1726587950000,AQ001,fb485e12-231d-490c-a6a5-47394a6684ed,-13046364.9791,4036688.8176999986,Moderate,74
1726588010000,AQ001,fb485e12-231d-490c-a6a5-47394a6684ed,-13046364.9791,4036688.8176999986,Moderate,98
1726588070000,AQ001,fb485e12-231d-490c-a6a5-47394a6684ed,-13046364.9791,4036688.8176999986,Good,37
1726588130000,AQ001,fb485e12-231d-490c-a6a5-47394a6684ed,-13046364.9791,4036688.8176999986,Moderate,67
1726588190000,AQ001,fb485e12-231d-490c-a6a5-47394a6684ed,-13046364.9791,4036688.8176999986,Moderate,53
1726588250000,AQ001,fb485e12-231d-490c-a6a5-47394a6684ed,-13046364.9791,4036688.8176999986,Very Unhealthy,258
1726588310000,AQ001,fb485e12-231d-490c-a6a5-47394a6684ed,-13046364.9791,4036688.8176999986,Very Unhealthy,274
1726588370000,AQ001,fb485e12-231d-490c-a6a5-47394a6684ed,-13046364.9791,4036688.8176999986,Unhealthy,163
1726588430000,AQ001,fb485e12-231d-490c-a6a5-47394a6684ed,-13046364.9791,4036688.8176999986,Unhealthy,188
1726588490000,AQ001,fb485e12-231d-490c-a6a5-47394a6684ed,-13046364.9791,4036688.8176999986,Unhealthy,175
1726588550000,AQ001,fb485e12-231d-490c-a6a5-47394a6684ed,-13046364.9791,4036688.8176999986,Good,41
1726588610000,AQ001,fb485e12-231d-490c-a6a5-47394a6684ed,-13046364.9791,4036688.8176999986,Good,43
1726588670000,AQ001,fb485e12-231d-490c-a6a5-47394a6684ed,-13046364.9791,4036688.8176999986,Good,27
1726588730000,AQ001,fb485e12-231d-490c-a6a5-47394a6684ed,-13046364.9791,4036688.8176999986,Moderate,90
1726588790000,AQ001,fb485e12-231d-490c-a6a5-47394a6684ed,-13046364.9791,4036688.8176999986,Moderate,71
1726588850000,AQ001,fb485e12-231d-490c-a6a5-47394a6684ed,-13046364.9791,4036688.8176999986,Unhealthy,196
1726588910000,AQ001,fb485e12-231d-490c-a6a5-47394a6684ed,-13046364.9791,4036688.8176999986,Hazardous,344
1726588970000,AQ001,fb485e12-231d-490c-a6a5-47394a6684ed,-13046364.9791,4036688.8176999986,Very Unhealthy,203
1726589030000,AQ001,fb485e12-231d-490c-a6a5-47394a6684ed,-13046364.9791,4036688.8176999986,Unhealthy,159
1726589090000,AQ001,fb485e12-231d-490c-a6a5-47394a6684ed,-13046364.9791,4036688.8176999986,Hazardous,404
1726589150000,AQ001,fb485e12-231d-490c-a6a5-47394a6684ed,-13046364.9791,4036688.8176999986,Good,31
1726589210000,AQ001,fb485e12-231d-490c-a6a5-47394a6684ed,-13046364.9791,4036688.8176999986,Good,18
1726589270000,AQ001,fb485e12-231d-490c-a6a5-47394a6684ed,-13046364.9791,4036688.8176999986,Moderate,99
1726589330000,AQ001,fb485e12-231d-490c-a6a5-47394a6684ed,-13046364.9791,4036688.8176999986,Moderate,51
1726589390000,AQ001,fb485e12-231d-490c-a6a5-47394a6684ed,-13046364.9791,4036688.8176999986,Moderate,82
1726589450000,AQ001,fb485e12-231d-490c-a6a5-47394a6684ed,-13046364.9791,4036688.8176999986,Very Unhealthy,294
1726589510000,AQ001,fb485e12-231d-490c-a6a5-47394a6684ed,-13046364.9791,4036688.8176999986,Unhealthy,175
1726589570000,AQ001,fb485e12-231d-490c-a6a5-47394a6684ed,-13046364.9791,4036688.8176999986,Unhealthy,162
1726589630000,AQ001,fb485e12-231d-490c-a6a5-47394a6684ed,-13046364.9791,4036688.8176999986,Very Unhealthy,208
1726589690000,AQ001,fb485e12-231d-490c-a6a5-47394a6684ed,-13046364.9791,4036688.8176999986,Unhealthy,166
1726589750000,AQ001,fb485e12-231d-490c-a6a5-47394a6684ed,-13046364.9791,4036688.8176999986,Moderate,81
1726589810000,AQ001,fb485e12-231d-490c-a6a5-47394a6684ed,-13046364.9791,4036688.8176999986,Good,34
1726589870000,AQ001,fb485e12-231d-490c-a6a5-47394a6684ed,-13046364.9791,4036688.8176999986,Good,22
1726589930000,AQ001,fb485e12-231d-490c-a6a5-47394a6684ed,-13046364.9791,4036688.8176999986,Moderate,100
1726589990000,AQ001,fb485e12-231d-490c-a6a5-47394a6684ed,-13046364.9791,4036688.8176999986,Good,0
1726590050000,AQ001,fb485e12-231d-490c-a6a5-47394a6684ed,-13046364.9791,4036688.8176999986,Hazardous,371
1726590110000,AQ001,fb485e12-231d-490c-a6a5-47394a6684ed,-13046364.9791,4036688.8176999986,Very Unhealthy,273
1726590170000,AQ001,fb485e12-231d-490c-a6a5-47394a6684ed,-13046364.9791,4036688.8176999986,Unhealthy,166
1726590230000,AQ001,fb485e12-231d-490c-a6a5-47394a6684ed,-13046364.9791,4036688.8176999986,Very Unhealthy,270
1726590290000,AQ001,fb485e12-231d-490c-a6a5-47394a6684ed,-13046364.9791,4036688.8176999986,Very Unhealthy,294
1726590350000,AQ001,fb485e12-231d-490c-a6a5-47394a6684ed,-13046364.9791,4036688.8176999986,Good,21
1726590410000,AQ001,fb485e12-231d-490c-a6a5-47394a6684ed,-13046364.9791,4036688.8176999986,Moderate,79
1726590470000,AQ001,fb485e12-231d-490c-a6a5-47394a6684ed,-13046364.9791,4036688.8176999986,Moderate,63
1726590530000,AQ001,fb485e12-231d-490c-a6a5-47394a6684ed,-13046364.9791,4036688.8176999986,Good,44
1726590590000,AQ001,fb485e12-231d-490c-a6a5-47394a6684ed,-13046364.9791,4036688.8176999986,Good,29
1726590650000,AQ001,fb485e12-231d-490c-a6a5-47394a6684ed,-13046364.9791,4036688.8176999986,Very Unhealthy,278
1726590710000,AQ001,fb485e12-231d-490c-a6a5-47394a6684ed,-13046364.9791,4036688.8176999986,Very Unhealthy,224
1726590770000,AQ001,fb485e12-231d-490c-a6a5-47394a6684ed,-13046364.9791,4036688.8176999986,Hazardous,483
1726590830000,AQ001,fb485e12-231d-490c-a6a5-47394a6684ed,-13046364.9791,4036688.8176999986,Hazardous,304
1726590890000,AQ001,fb485e12-231d-490c-a6a5-47394a6684ed,-13046364.9791,4036688.8176999986,Very Unhealthy,269
1726590950000,AQ001,fb485e12-231d-490c-a6a5-47394a6684ed,-13046364.9791,4036688.8176999986,Moderate,51
1726591010000,AQ001,fb485e12-231d-490c-a6a5-47394a6684ed,-13046364.9791,4036688.8176999986,Good,10
1726591070000,AQ001,fb485e12-231d-490c-a6a5-47394a6684ed,-13046364.9791,4036688.8176999986,Moderate,82
1726591130000,AQ001,fb485e12-231d-490c-a6a5-47394a6684ed,-13046364.9791,4036688.8176999986,Good,3
1726591190000,AQ001,fb485e12-231d-490c-a6a5-47394a6684ed,-13046364.9791,4036688.8176999986,Good,46
1726591250000,AQ001,fb485e12-231d-490c-a6a5-47394a6684ed,-13046364.9791,4036688.8176999986,Hazardous,318
1726591310000,AQ001,fb485e12-231d-490c-a6a5-47394a6684ed,-13046364.9791,4036688.8176999986,Hazardous,455
1726591370000,AQ001,fb485e12-231d-490c-a6a5-47394a6684ed,-13046364.9791,4036688.8176999986,Very Unhealthy,276
1726591430000,AQ001,fb485e12-231d-490c-a6a5-47394a6684ed,-13046364.9791,4036688.8176999986,Unhealthy,195
1726591490000,AQ001,fb485e12-231d-490c-a6a5-47394a6684ed,-13046364.9791,4036688.8176999986,Unhealthy,162
1726591550000,AQ001,fb485e12-231d-490c-a6a5-47394a6684ed,-13046364.9791,4036688.8176999986,Moderate,98
1726591610000,AQ001,fb485e12-231d-490c-a6a5-47394a6684ed,-13046364.9791,4036688.8176999986,Moderate,63
1726591670000,AQ001,fb485e12-231d-490c-a6a5-47394a6684ed,-13046364.9791,4036688.8176999986,Good,22
1726591730000,AQ001,fb485e12-231d-490c-a6a5-47394a6684ed,-13046364.9791,4036688.8176999986,Good,17
1726591790000,AQ001,fb485e12-231d-490c-a6a5-47394a6684ed,-13046364.9791,4036688.8176999986,Good,32
1726591850000,AQ001,fb485e12-231d-490c-a6a5-47394a6684ed,-13046364.9791,4036688.8176999986,Unhealthy,173
1726591910000,AQ001,fb485e12-231d-490c-a6a5-47394a6684ed,-13046364.9791,4036688.8176999986,Hazardous,356
1726591970000,AQ001,fb485e12-231d-490c-a6a5-47394a6684ed,-13046364.9791,4036688.8176999986,Hazardous,488
1726592030000,AQ001,fb485e12-231d-490c-a6a5-47394a6684ed,-13046364.9791,4036688.8176999986,Very Unhealthy,265
1726592090000,AQ001,fb485e12-231d-490c-a6a5-47394a6684ed,-13046364.9791,4036688.8176999986,Very Unhealthy,201
1726592150000,AQ001,fb485e12-231d-490c-a6a5-47394a6684ed,-13046364.9791,4036688.8176999986,Moderate,88
1726592210000,AQ001,fb485e12-231d-490c-a6a5-47394a6684ed,-13046364.9791,4036688.8176999986,Moderate,54
1726592270000,AQ001,fb485e12-231d-490c-a6a5-47394a6684ed,-13046364.9791,4036688.8176999986,Moderate,96
1726592330000,AQ001,fb485e12-231d-490c-a6a5-47394a6684ed,-13046364.9791,4036688.8176999986,Moderate,87
1726592390000,AQ001,fb485e12-231d-490c-a6a5-47394a6684ed,-13046364.9791,4036688.8176999986,Moderate,65
1726592450000,AQ001,fb485e12-231d-490c-a6a5-47394a6684ed,-13046364.9791,4036688.8176999986,Very Unhealthy,285
1726592510000,AQ001,fb485e12-231d-490c-a6a5-47394a6684ed,-13046364.9791,4036688.8176999986,Hazardous,346
1726592570000,AQ001,fb485e12-231d-490c-a6a5-47394a6684ed,-13046364.9791,4036688.8176999986,Hazardous,355
1726592630000,AQ001,fb485e12-231d-490c-a6a5-47394a6684ed,-13046364.9791,4036688.8176999986,Unhealthy,189
1726592690000,AQ001,fb485e12-231d-490c-a6a5-47394a6684ed,-13046364.9791,4036688.8176999986,Hazardous,326
1726592750000,AQ001,fb485e12-231d-490c-a6a5-47394a6684ed,-13046364.9791,4036688.8176999986,Moderate,73
1726592810000,AQ001,fb485e12-231d-490c-a6a5-47394a6684ed,-13046364.9791,4036688.8176999986,Moderate,90
1726592870000,AQ001,fb485e12-231d-490c-a6a5-47394a6684ed,-13046364.9791,4036688.8176999986,Moderate,58
1726592930000,AQ001,fb485e12-231d-490c-a6a5-47394a6684ed,-13046364.9791,4036688.8176999986,Moderate,88
1726592990000,AQ001,fb485e12-231d-490c-a6a5-47394a6684ed,-13046364.9791,4036688.8176999986,Moderate,76
1726593050000,AQ001,fb485e12-231d-490c-a6a5-47394a6684ed,-13046364.9791,4036688.8176999986,Very Unhealthy,233
1726593110000,AQ001,fb485e12-231d-490c-a6a5-47394a6684ed,-13046364.9791,4036688.8176999986,Very Unhealthy,291
1726593170000,AQ001,fb485e12-231d-490c-a6a5-47394a6684ed,-13046364.9791,4036688.8176999986,Very Unhealthy,208
1726593230000,AQ001,fb485e12-231d-490c-a6a5-47394a6684ed,-13046364.9791,4036688.8176999986,Unhealthy,164
1726593290000,AQ001,fb485e12-231d-490c-a6a5-47394a6684ed,-13046364.9791,4036688.8176999986,Very Unhealthy,219
1726593350000,AQ001,fb485e12-231d-490c-a6a5-47394a6684ed,-13046364.9791,4036688.8176999986,Good,41
1726593410000,AQ001,fb485e12-231d-490c-a6a5-47394a6684ed,-13046364.9791,4036688.8176999986,Moderate,67
1726593470000,AQ001,fb485e12-231d-490c-a6a5-47394a6684ed,-13046364.9791,4036688.8176999986,Good,11
1726593530000,AQ001,fb485e12-231d-490c-a6a5-47394a6684ed,-13046364.9791,4036688.8176999986,Good,8
1726593590000,AQ001,fb485e12-231d-490c-a6a5-47394a6684ed,-13046364.9791,4036688.8176999986,Moderate,81
1726593650000,AQ001,fb485e12-231d-490c-a6a5-47394a6684ed,-13046364.9791,4036688.8176999986,Very Unhealthy,241
1726593710000,AQ001,fb485e12-231d-490c-a6a5-47394a6684ed,-13046364.9791,4036688.8176999986,Hazardous,366
1726593770000,AQ001,fb485e12-231d-490c-a6a5-47394a6684ed,-13046364.9791,4036688.8176999986,Unhealthy,173
1726593830000,AQ001,fb485e12-231d-490c-a6a5-47394a6684ed,-13046364.9791,4036688.8176999986,Unhealthy,200
1726593890000,AQ001,fb485e12-231d-490c-a6a5-47394a6684ed,-13046364.9791,4036688.8176999986,Very Unhealthy,247
1726593950000,AQ001,fb485e12-231d-490c-a6a5-47394a6684ed,-13046364.9791,4036688.8176999986,Good,43
1726594010000,AQ001,fb485e12-231d-490c-a6a5-47394a6684ed,-13046364.9791,4036688.8176999986,Good,26
1726594070000,AQ001,fb485e12-231d-490c-a6a5-47394a6684ed,-13046364.9791,4036688.8176999986,Good,22
1726594130000,AQ001,fb485e12-231d-490c-a6a5-47394a6684ed,-13046364.9791,4036688.8176999986,Moderate,58
1726594190000,AQ001,fb485e12-231d-490c-a6a5-47394a6684ed,-13046364.9791,4036688.8176999986,Moderate,63
1726594250000,AQ001,fb485e12-231d-490c-a6a5-47394a6684ed,-13046364.9791,4036688.8176999986,Very Unhealthy,252
1726594310000,AQ001,fb485e12-231d-490c-a6a5-47394a6684ed,-13046364.9791,4036688.8176999986,Unhealthy,187
1726594370000,AQ001,fb485e12-231d-490c-a6a5-47394a6684ed,-13046364.9791,4036688.8176999986,Unhealthy,200
1726594430000,AQ001,fb485e12-231d-490c-a6a5-47394a6684ed,-13046364.9791,4036688.8176999986,Unhealthy,170
1726594490000,AQ001,fb485e12-231d-490c-a6a5-47394a6684ed,-13046364.9791,4036688.8176999986,Hazardous,308
1726594550000,AQ001,fb485e12-231d-490c-a6a5-47394a6684ed,-13046364.9791,4036688.8176999986,Good,49
1726594610000,AQ001,fb485e12-231d-490c-a6a5-47394a6684ed,-13046364.9791,4036688.8176999986,Moderate,66
1726594670000,AQ001,fb485e12-231d-490c-a6a5-47394a6684ed,-13046364.9791,4036688.8176999986,Good,19
1726594730000,AQ001,fb485e12-231d-490c-a6a5-47394a6684ed,-13046364.9791,4036688.8176999986,Moderate,97
1726594790000,AQ001,fb485e12-231d-490c-a6a5-47394a6684ed,-13046364.9791,4036688.8176999986,Moderate,78
1726594850000,AQ001,fb485e12-231d-490c-a6a5-47394a6684ed,-13046364.9791,4036688.8176999986,Hazardous,495
1726594910000,AQ001,fb485e12-231d-490c-a6a5-47394a6684ed,-13046364.9791,4036688.8176999986,Very Unhealthy,251
1726594970000,AQ001,fb485e12-231d-490c-a6a5-47394a6684ed,-13046364.9791,4036688.8176999986,Very Unhealthy,268
1726595030000,AQ001,fb485e12-231d-490c-a6a5-47394a6684ed,-13046364.9791,4036688.8176999986,Hazardous,472
1726595090000,AQ001,fb485e12-231d-490c-a6a5-47394a6684ed,-13046364.9791,4036688.8176999986,Hazardous,437
1726595150000,AQ001,fb485e12-231d-490c-a6a5-47394a6684ed,-13046364.9791,4036688.8176999986,Good,32
1726595210000,AQ001,fb485e12-231d-490c-a6a5-47394a6684ed,-13046364.9791,4036688.8176999986,Moderate,98
1726595270000,AQ001,fb485e12-231d-490c-a6a5-47394a6684ed,-13046364.9791,4036688.8176999986,Moderate,63
1726595330000,AQ001,fb485e12-231d-490c-a6a5-47394a6684ed,-13046364.9791,4036688.8176999986,Good,9
1726595390000,AQ001,fb485e12-231d-490c-a6a5-47394a6684ed,-13046364.9791,4036688.8176999986,Good,49
1726595450000,AQ001,fb485e12-231d-490c-a6a5-47394a6684ed,-13046364.9791,4036688.8176999986,Unhealthy,183
1726595510000,AQ001,fb485e12-231d-490c-a6a5-47394a6684ed,-13046364.9791,4036688.8176999986,Very Unhealthy,242
1726595570000,AQ001,fb485e12-231d-490c-a6a5-47394a6684ed,-13046364.9791,4036688.8176999986,Very Unhealthy,247
1726595630000,AQ001,fb485e12-231d-490c-a6a5-47394a6684ed,-13046364.9791,4036688.8176999986,Unhealthy,195
1726595690000,AQ001,fb485e12-231d-490c-a6a5-47394a6684ed,-13046364.9791,4036688.8176999986,Hazardous,432
1726595750000,AQ001,fb485e12-231d-490c-a6a5-47394a6684ed,-13046364.9791,4036688.8176999986,Good,14
1726595810000,AQ001,fb485e12-231d-490c-a6a5-47394a6684ed,-13046364.9791,4036688.8176999986,Moderate,65
1726595870000,AQ001,fb485e12-231d-490c-a6a5-47394a6684ed,-13046364.9791,4036688.8176999986,Moderate,84
1726595930000,AQ001,fb485e12-231d-490c-a6a5-47394a6684ed,-13046364.9791,4036688.8176999986,Moderate,53
1726595990000,AQ001,fb485e12-231d-490c-a6a5-47394a6684ed,-13046364.9791,4036688.8176999986,Good,49
1726596050000,AQ001,fb485e12-231d-490c-a6a5-47394a6684ed,-13046364.9791,4036688.8176999986,Hazardous,344
1726596110000,AQ001,fb485e12-231d-490c-a6a5-47394a6684ed,-13046364.9791,4036688.8176999986,Hazardous,349
1726596170000,AQ001,fb485e12-231d-490c-a6a5-47394a6684ed,-13046364.9791,4036688.8176999986,Very Unhealthy,278
1726596230000,AQ001,fb485e12-231d-490c-a6a5-47394a6684ed,-13046364.9791,4036688.8176999986,Unhealthy,183
1726596290000,AQ001,fb485e12-231d-490c-a6a5-47394a6684ed,-13046364.9791,4036688.8176999986,Hazardous,315
1726596350000,AQ001,fb485e12-231d-490c-a6a5-47394a6684ed,-13046364.9791,4036688.8176999986,Moderate,89
1726596410000,AQ001,fb485e12-231d-490c-a6a5-47394a6684ed,-13046364.9791,4036688.8176999986,Good,0
1726596470000,AQ001,fb485e12-231d-490c-a6a5-47394a6684ed,-13046364.9791,4036688.8176999986,Moderate,98
1726596530000,AQ001,fb485e12-231d-490c-a6a5-47394a6684ed,-13046364.9791,4036688.8176999986,Good,47
1726596590000,AQ001,fb485e12-231d-490c-a6a5-47394a6684ed,-13046364.9791,4036688.8176999986,Good,3
1726596650000,AQ001,fb485e12-231d-490c-a6a5-47394a6684ed,-13046364.9791,4036688.8176999986,Unhealthy,156
1726596710000,AQ001,fb485e12-231d-490c-a6a5-47394a6684ed,-13046364.9791,4036688.8176999986,Hazardous,345
1726596770000,AQ001,fb485e12-231d-490c-a6a5-47394a6684ed,-13046364.9791,4036688.8176999986,Unhealthy,155
1726596830000,AQ001,fb485e12-231d-490c-a6a5-47394a6684ed,-13046364.9791,4036688.8176999986,Very Unhealthy,296
1726596890000,AQ001,fb485e12-231d-490c-a6a5-47394a6684ed,-13046364.9791,4036688.8176999986,Unhealthy,196
1726596950000,AQ001,fb485e12-231d-490c-a6a5-47394a6684ed,-13046364.9791,4036688.8176999986,Moderate,53
1726597010000,AQ001,fb485e12-231d-490c-a6a5-47394a6684ed,-13046364.9791,4036688.8176999986,Good,14
1726597070000,AQ001,fb485e12-231d-490c-a6a5-47394a6684ed,-13046364.9791,4036688.8176999986,Good,43
1726597130000,AQ001,fb485e12-231d-490c-a6a5-47394a6684ed,-13046364.9791,4036688.8176999986,Good,38
1726597190000,AQ001,fb485e12-231d-490c-a6a5-47394a6684ed,-13046364.9791,4036688.8176999986,Good,14
1726597250000,AQ001,fb485e12-231d-490c-a6a5-47394a6684ed,-13046364.9791,4036688.8176999986,Unhealthy,158
1726597310000,AQ001,fb485e12-231d-490c-a6a5-47394a6684ed,-13046364.9791,4036688.8176999986,Very Unhealthy,281
1726597370000,AQ001,fb485e12-231d-490c-a6a5-47394a6684ed,-13046364.9791,4036688.8176999986,Very Unhealthy,279
1726597430000,AQ001,fb485e12-231d-490c-a6a5-47394a6684ed,-13046364.9791,4036688.8176999986,Unhealthy,181
1726597490000,AQ001,fb485e12-231d-490c-a6a5-47394a6684ed,-13046364.9791,4036688.8176999986,Unhealthy,175
1726597550000,AQ001,fb485e12-231d-490c-a6a5-47394a6684ed,-13046364.9791,4036688.8176999986,Good,25
1726597610000,AQ001,fb485e12-231d-490c-a6a5-47394a6684ed,-13046364.9791,4036688.8176999986,Moderate,52
1726597670000,AQ001,fb485e12-231d-490c-a6a5-47394a6684ed,-13046364.9791,4036688.8176999986,Moderate,79
1726597730000,AQ001,fb485e12-231d-490c-a6a5-47394a6684ed,-13046364.9791,4036688.8176999986,Moderate,51
1726597790000,AQ001,fb485e12-231d-490c-a6a5-47394a6684ed,-13046364.9791,4036688.8176999986,Moderate,73
1726597850000,AQ001,fb485e12-231d-490c-a6a5-47394a6684ed,-13046364.9791,4036688.8176999986,Hazardous,491
1726597910000,AQ001,fb485e12-231d-490c-a6a5-47394a6684ed,-13046364.9791,4036688.8176999986,Unhealthy,156
1726597970000,AQ001,fb485e12-231d-490c-a6a5-47394a6684ed,-13046364.9791,4036688.8176999986,Hazardous,468
1726598030000,AQ001,fb485e12-231d-490c-a6a5-47394a6684ed,-13046364.9791,4036688.8176999986,Hazardous,469
1726598090000,AQ001,fb485e12-231d-490c-a6a5-47394a6684ed,-13046364.9791,4036688.8176999986,Hazardous,351
1726598150000,AQ001,fb485e12-231d-490c-a6a5-47394a6684ed,-13046364.9791,4036688.8176999986,Moderate,89
1726598210000,AQ001,fb485e12-231d-490c-a6a5-47394a6684ed,-13046364.9791,4036688.8176999986,Moderate,70
1726598270000,AQ001,fb485e12-231d-490c-a6a5-47394a6684ed,-13046364.9791,4036688.8176999986,Moderate,77
1726598330000,AQ001,fb485e12-231d-490c-a6a5-47394a6684ed,-13046364.9791,4036688.8176999986,Moderate,76
1726598390000,AQ001,fb485e12-231d-490c-a6a5-47394a6684ed,-13046364.9791,4036688.8176999986,Moderate,71
1726598450000,AQ001,fb485e12-231d-490c-a6a5-47394a6684ed,-13046364.9791,4036688.8176999986,Hazardous,343
1726598510000,AQ001,fb485e12-231d-490c-a6a5-47394a6684ed,-13046364.9791,4036688.8176999986,Very Unhealthy,221
1726598570000,AQ001,fb485e12-231d-490c-a6a5-47394a6684ed,-13046364.9791,4036688.8176999986,Hazardous,322
1726598630000,AQ001,fb485e12-231d-490c-a6a5-47394a6684ed,-13046364.9791,4036688.8176999986,Unhealthy,173
1726598690000,AQ001,fb485e12-231d-490c-a6a5-47394a6684ed,-13046364.9791,4036688.8176999986,Very Unhealthy,283
1726598750000,AQ001,fb485e12-231d-490c-a6a5-47394a6684ed,-13046364.9791,4036688.8176999986,Moderate,93
1726598810000,AQ001,fb485e12-231d-490c-a6a5-47394a6684ed,-13046364.9791,4036688.8176999986,Moderate,99
1726598870000,AQ001,fb485e12-231d-490c-a6a5-47394a6684ed,-13046364.9791,4036688.8176999986,Good,37
1726598930000,AQ001,fb485e12-231d-490c-a6a5-47394a6684ed,-13046364.9791,4036688.8176999986,Moderate,68
1726598990000,AQ001,fb485e12-231d-490c-a6a5-47394a6684ed,-13046364.9791,4036688.8176999986,Good,9
1726599050000,AQ001,fb485e12-231d-490c-a6a5-47394a6684ed,-13046364.9791,4036688.8176999986,Unhealthy,167
1726599110000,AQ001,fb485e12-231d-490c-a6a5-47394a6684ed,-13046364.9791,4036688.8176999986,Very Unhealthy,236
1726599170000,AQ001,fb485e12-231d-490c-a6a5-47394a6684ed,-13046364.9791,4036688.8176999986,Unhealthy,158
1726599230000,AQ001,fb485e12-231d-490c-a6a5-47394a6684ed,-13046364.9791,4036688.8176999986,Hazardous,466
1726599290000,AQ001,fb485e12-231d-490c-a6a5-47394a6684ed,-13046364.9791,4036688.8176999986,Very Unhealthy,253
1726599350000,AQ001,fb485e12-231d-490c-a6a5-47394a6684ed,-13046364.9791,4036688.8176999986,Moderate,57
1726599410000,AQ001,fb485e12-231d-490c-a6a5-47394a6684ed,-13046364.9791,4036688.8176999986,Moderate,81
1726599470000,AQ001,fb485e12-231d-490c-a6a5-47394a6684ed,-13046364.9791,4036688.8176999986,Good,34
1726599530000,AQ001,fb485e12-231d-490c-a6a5-47394a6684ed,-13046364.9791,4036688.8176999986,Good,17
1726599590000,AQ001,fb485e12-231d-490c-a6a5-47394a6684ed,-13046364.9791,4036688.8176999986,Good,30
1726599650000,AQ001,fb485e12-231d-490c-a6a5-47394a6684ed,-13046364.9791,4036688.8176999986,Unhealthy,198
1726599710000,AQ001,fb485e12-231d-490c-a6a5-47394a6684ed,-13046364.9791,4036688.8176999986,Unhealthy,180
1726599770000,AQ001,fb485e12-231d-490c-a6a5-47394a6684ed,-13046364.9791,4036688.8176999986,Unhealthy,192
1726599830000,AQ001,fb485e12-231d-490c-a6a5-47394a6684ed,-13046364.9791,4036688.8176999986,Very Unhealthy,249
1726599890000,AQ001,fb485e12-231d-490c-a6a5-47394a6684ed,-13046364.9791,4036688.8176999986,Hazardous,394
1726599950000,AQ001,fb485e12-231d-490c-a6a5-47394a6684ed,-13046364.9791,4036688.8176999986,Moderate,82
1726600010000,AQ001,fb485e12-231d-490c-a6a5-47394a6684ed,-13046364.9791,4036688.8176999986,Good,48
1726600070000,AQ001,fb485e12-231d-490c-a6a5-47394a6684ed,-13046364.9791,4036688.8176999986,Good,47
1726600130000,AQ001,fb485e12-231d-490c-a6a5-47394a6684ed,-13046364.9791,4036688.8176999986,Moderate,97
1726600190000,AQ001,fb485e12-231d-490c-a6a5-47394a6684ed,-13046364.9791,4036688.8176999986,Moderate,74
1726600250000,AQ001,fb485e12-231d-490c-a6a5-47394a6684ed,-13046364.9791,4036688.8176999986,Hazardous,371
1726600310000,AQ001,fb485e12-231d-490c-a6a5-47394a6684ed,-13046364.9791,4036688.8176999986,Hazardous,497
1726600370000,AQ001,fb485e12-231d-490c-a6a5-47394a6684ed,-13046364.9791,4036688.8176999986,Unhealthy,174
1726600430000,AQ001,fb485e12-231d-490c-a6a5-47394a6684ed,-13046364.9791,4036688.8176999986,Unhealthy,188
1726600490000,AQ001,fb485e12-231d-490c-a6a5-47394a6684ed,-13046364.9791,4036688.8176999986,Unhealthy,160
1726600550000,AQ001,fb485e12-231d-490c-a6a5-47394a6684ed,-13046364.9791,4036688.8176999986,Good,22
1726600610000,AQ001,fb485e12-231d-490c-a6a5-47394a6684ed,-13046364.9791,4036688.8176999986,Good,42
1726600670000,AQ001,fb485e12-231d-490c-a6a5-47394a6684ed,-13046364.9791,4036688.8176999986,Moderate,74
1726600730000,AQ001,fb485e12-231d-490c-a6a5-47394a6684ed,-13046364.9791,4036688.8176999986,Good,32
1726600790000,AQ001,fb485e12-231d-490c-a6a5-47394a6684ed,-13046364.9791,4036688.8176999986,Moderate,52
1726600850000,AQ001,fb485e12-231d-490c-a6a5-47394a6684ed,-13046364.9791,4036688.8176999986,Hazardous,356
1726600910000,AQ001,fb485e12-231d-490c-a6a5-47394a6684ed,-13046364.9791,4036688.8176999986,Very Unhealthy,214
1726600970000,AQ001,fb485e12-231d-490c-a6a5-47394a6684ed,-13046364.9791,4036688.8176999986,Very Unhealthy,214
1726601030000,AQ001,fb485e12-231d-490c-a6a5-47394a6684ed,-13046364.9791,4036688.8176999986,Very Unhealthy,252
1726601090000,AQ001,fb485e12-231d-490c-a6a5-47394a6684ed,-13046364.9791,4036688.8176999986,Unhealthy,180
1726601150000,AQ001,fb485e12-231d-490c-a6a5-47394a6684ed,-13046364.9791,4036688.8176999986,Moderate,74
1726601210000,AQ001,fb485e12-231d-490c-a6a5-47394a6684ed,-13046364.9791,4036688.8176999986,Good,40
1726601270000,AQ001,fb485e12-231d-490c-a6a5-47394a6684ed,-13046364.9791,4036688.8176999986,Moderate,55
1726601330000,AQ001,fb485e12-231d-490c-a6a5-47394a6684ed,-13046364.9791,4036688.8176999986,Moderate,75
1726601390000,AQ001,fb485e12-231d-490c-a6a5-47394a6684ed,-13046364.9791,4036688.8176999986,Good,33
1726601450000,AQ001,fb485e12-231d-490c-a6a5-47394a6684ed,-13046364.9791,4036688.8176999986,Hazardous,437
1726601510000,AQ001,fb485e12-231d-490c-a6a5-47394a6684ed,-13046364.9791,4036688.8176999986,Hazardous,379
1726601570000,AQ001,fb485e12-231d-490c-a6a5-47394a6684ed,-13046364.9791,4036688.8176999986,Very Unhealthy,213
1726601630000,AQ001,fb485e12-231d-490c-a6a5-47394a6684ed,-13046364.9791,4036688.8176999986,Unhealthy,198
1726601690000,AQ001,fb485e12-231d-490c-a6a5-47394a6684ed,-13046364.9791,4036688.8176999986,Hazardous,373
1726601750000,AQ001,fb485e12-231d-490c-a6a5-47394a6684ed,-13046364.9791,4036688.8176999986,Moderate,72
1726601810000,AQ001,fb485e12-231d-490c-a6a5-47394a6684ed,-13046364.9791,4036688.8176999986,Moderate,70
1726601870000,AQ001,fb485e12-231d-490c-a6a5-47394a6684ed,-13046364.9791,4036688.8176999986,Moderate,69
1726601930000,AQ001,fb485e12-231d-490c-a6a5-47394a6684ed,-13046364.9791,4036688.8176999986,Moderate,74
1726601990000,AQ001,fb485e12-231d-490c-a6a5-47394a6684ed,-13046364.9791,4036688.8176999986,Good,45
1726602050000,AQ001,fb485e12-231d-490c-a6a5-47394a6684ed,-13046364.9791,4036688.8176999986,Hazardous,305
1726602110000,AQ001,fb485e12-231d-490c-a6a5-47394a6684ed,-13046364.9791,4036688.8176999986,Unhealthy,160
1726602170000,AQ001,fb485e12-231d-490c-a6a5-47394a6684ed,-13046364.9791,4036688.8176999986,Unhealthy,174
1726602230000,AQ001,fb485e12-231d-490c-a6a5-47394a6684ed,-13046364.9791,4036688.8176999986,Very Unhealthy,272
1726602290000,AQ001,fb485e12-231d-490c-a6a5-47394a6684ed,-13046364.9791,4036688.8176999986,Hazardous,384
1726602350000,AQ001,fb485e12-231d-490c-a6a5-47394a6684ed,-13046364.9791,4036688.8176999986,Good,18
1726602410000,AQ001,fb485e12-231d-490c-a6a5-47394a6684ed,-13046364.9791,4036688.8176999986,Good,48
1726602470000,AQ001,fb485e12-231d-490c-a6a5-47394a6684ed,-13046364.9791,4036688.8176999986,Moderate,70
1726602530000,AQ001,fb485e12-231d-490c-a6a5-47394a6684ed,-13046364.9791,4036688.8176999986,Moderate,52
1726602590000,AQ001,fb485e12-231d-490c-a6a5-47394a6684ed,-13046364.9791,4036688.8176999986,Good,12
1726602650000,AQ001,fb485e12-231d-490c-a6a5-47394a6684ed,-13046364.9791,4036688.8176999986,Hazardous,375
1726602710000,AQ001,fb485e12-231d-490c-a6a5-47394a6684ed,-13046364.9791,4036688.8176999986,Unhealthy,194
1726602770000,AQ001,fb485e12-231d-490c-a6a5-47394a6684ed,-13046364.9791,4036688.8176999986,Unhealthy,187
1726602830000,AQ001,fb485e12-231d-490c-a6a5-47394a6684ed,-13046364.9791,4036688.8176999986,Very Unhealthy,251
1726602890000,AQ001,fb485e12-231d-490c-a6a5-47394a6684ed,-13046364.9791,4036688.8176999986,Very Unhealthy,206
1726602950000,AQ001,fb485e12-231d-490c-a6a5-47394a6684ed,-13046364.9791,4036688.8176999986,Good,1
1726603010000,AQ001,fb485e12-231d-490c-a6a5-47394a6684ed,-13046364.9791,4036688.8176999986,Moderate,60
1726603070000,AQ001,fb485e12-231d-490c-a6a5-47394a6684ed,-13046364.9791,4036688.8176999986,Good,29
1726603130000,AQ001,fb485e12-231d-490c-a6a5-47394a6684ed,-13046364.9791,4036688.8176999986,Good,42
1726603190000,AQ001,fb485e12-231d-490c-a6a5-47394a6684ed,-13046364.9791,4036688.8176999986,Moderate,70
1726603250000,AQ001,fb485e12-231d-490c-a6a5-47394a6684ed,-13046364.9791,4036688.8176999986,Very Unhealthy,287
1726603310000,AQ001,fb485e12-231d-490c-a6a5-47394a6684ed,-13046364.9791,4036688.8176999986,Very Unhealthy,267
1726603370000,AQ001,fb485e12-231d-490c-a6a5-47394a6684ed,-13046364.9791,4036688.8176999986,Very Unhealthy,244
1726603430000,AQ001,fb485e12-231d-490c-a6a5-47394a6684ed,-13046364.9791,4036688.8176999986,Unhealthy,199
1726603490000,AQ001,fb485e12-231d-490c-a6a5-47394a6684ed,-13046364.9791,4036688.8176999986,Hazardous,430
1726603550000,AQ001,fb485e12-231d-490c-a6a5-47394a6684ed,-13046364.9791,4036688.8176999986,Moderate,71
1726603610000,AQ001,fb485e12-231d-490c-a6a5-47394a6684ed,-13046364.9791,4036688.8176999986,Moderate,55
1726603670000,AQ001,fb485e12-231d-490c-a6a5-47394a6684ed,-13046364.9791,4036688.8176999986,Good,47
1726603730000,AQ001,fb485e12-231d-490c-a6a5-47394a6684ed,-13046364.9791,4036688.8176999986,Moderate,80
1726603790000,AQ001,fb485e12-231d-490c-a6a5-47394a6684ed,-13046364.9791,4036688.8176999986,Good,20
1726603850000,AQ001,fb485e12-231d-490c-a6a5-47394a6684ed,-13046364.9791,4036688.8176999986,Unhealthy,185
1726603910000,AQ001,fb485e12-231d-490c-a6a5-47394a6684ed,-13046364.9791,4036688.8176999986,Hazardous,384
1726603970000,AQ001,fb485e12-231d-490c-a6a5-47394a6684ed,-13046364.9791,4036688.8176999986,Very Unhealthy,220
1726604030000,AQ001,fb485e12-231d-490c-a6a5-47394a6684ed,-13046364.9791,4036688.8176999986,Hazardous,392
1726604090000,AQ001,fb485e12-231d-490c-a6a5-47394a6684ed,-13046364.9791,4036688.8176999986,Hazardous,471
1726604150000,AQ001,fb485e12-231d-490c-a6a5-47394a6684ed,-13046364.9791,4036688.8176999986,Good,29
1726604210000,AQ001,fb485e12-231d-490c-a6a5-47394a6684ed,-13046364.9791,4036688.8176999986,Moderate,98
1726604270000,AQ001,fb485e12-231d-490c-a6a5-47394a6684ed,-13046364.9791,4036688.8176999986,Moderate,68
1726604330000,AQ001,fb485e12-231d-490c-a6a5-47394a6684ed,-13046364.9791,4036688.8176999986,Moderate,57
1726604390000,AQ001,fb485e12-231d-490c-a6a5-47394a6684ed,-13046364.9791,4036688.8176999986,Good,18
1726604450000,AQ001,fb485e12-231d-490c-a6a5-47394a6684ed,-13046364.9791,4036688.8176999986,Unhealthy,188
1726604510000,AQ001,fb485e12-231d-490c-a6a5-47394a6684ed,-13046364.9791,4036688.8176999986,Unhealthy,190
1726604570000,AQ001,fb485e12-231d-490c-a6a5-47394a6684ed,-13046364.9791,4036688.8176999986,Hazardous,322
1726604630000,AQ001,fb485e12-231d-490c-a6a5-47394a6684ed,-13046364.9791,4036688.8176999986,Very Unhealthy,268
1726604690000,AQ001,fb485e12-231d-490c-a6a5-47394a6684ed,-13046364.9791,4036688.8176999986,Very Unhealthy,282
1726604750000,AQ001,fb485e12-231d-490c-a6a5-47394a6684ed,-13046364.9791,4036688.8176999986,Moderate,66
1726604810000,AQ001,fb485e12-231d-490c-a6a5-47394a6684ed,-13046364.9791,4036688.8176999986,Moderate,70
1726604870000,AQ001,fb485e12-231d-490c-a6a5-47394a6684ed,-13046364.9791,4036688.8176999986,Moderate,86
1726604930000,AQ001,fb485e12-231d-490c-a6a5-47394a6684ed,-13046364.9791,4036688.8176999986,Good,32
1726604990000,AQ001,fb485e12-231d-490c-a6a5-47394a6684ed,-13046364.9791,4036688.8176999986,Moderate,92
1726605050000,AQ001,fb485e12-231d-490c-a6a5-47394a6684ed,-13046364.9791,4036688.8176999986,Very Unhealthy,265
1726605110000,AQ001,fb485e12-231d-490c-a6a5-47394a6684ed,-13046364.9791,4036688.8176999986,Unhealthy,195
1726605170000,AQ001,fb485e12-231d-490c-a6a5-47394a6684ed,-13046364.9791,4036688.8176999986,Unhealthy,165
1726605230000,AQ001,fb485e12-231d-490c-a6a5-47394a6684ed,-13046364.9791,4036688.8176999986,Unhealthy,181
1726605290000,AQ001,fb485e12-231d-490c-a6a5-47394a6684ed,-13046364.9791,4036688.8176999986,Very Unhealthy,273
1726605350000,AQ001,fb485e12-231d-490c-a6a5-47394a6684ed,-13046364.9791,4036688.8176999986,Moderate,85
1726605410000,AQ001,fb485e12-231d-490c-a6a5-47394a6684ed,-13046364.9791,4036688.8176999986,Good,14
1726605470000,AQ001,fb485e12-231d-490c-a6a5-47394a6684ed,-13046364.9791,4036688.8176999986,Good,32
1726605530000,AQ001,fb485e12-231d-490c-a6a5-47394a6684ed,-13046364.9791,4036688.8176999986,Good,43
1726605590000,AQ001,fb485e12-231d-490c-a6a5-47394a6684ed,-13046364.9791,4036688.8176999986,Good,33
1726605650000,AQ001,fb485e12-231d-490c-a6a5-47394a6684ed,-13046364.9791,4036688.8176999986,Very Unhealthy,273
1726605710000,AQ001,fb485e12-231d-490c-a6a5-47394a6684ed,-13046364.9791,4036688.8176999986,Unhealthy,174
1726605770000,AQ001,fb485e12-231d-490c-a6a5-47394a6684ed,-13046364.9791,4036688.8176999986,Unhealthy,196
1726605830000,AQ001,fb485e12-231d-490c-a6a5-47394a6684ed,-13046364.9791,4036688.8176999986,Hazardous,337
1726605890000,AQ001,fb485e12-231d-490c-a6a5-47394a6684ed,-13046364.9791,4036688.8176999986,Hazardous,475
1726605950000,AQ001,fb485e12-231d-490c-a6a5-47394a6684ed,-13046364.9791,4036688.8176999986,Good,12
1726606010000,AQ001,fb485e12-231d-490c-a6a5-47394a6684ed,-13046364.9791,4036688.8176999986,Good,5
1726606070000,AQ001,fb485e12-231d-490c-a6a5-47394a6684ed,-13046364.9791,4036688.8176999986,Moderate,71
1726606130000,AQ001,fb485e12-231d-490c-a6a5-47394a6684ed,-13046364.9791,4036688.8176999986,Good,45
1726606190000,AQ001,fb485e12-231d-490c-a6a5-47394a6684ed,-13046364.9791,4036688.8176999986,Moderate,65
1726606250000,AQ001,fb485e12-231d-490c-a6a5-47394a6684ed,-13046364.9791,4036688.8176999986,Very Unhealthy,282
1726606310000,AQ001,fb485e12-231d-490c-a6a5-47394a6684ed,-13046364.9791,4036688.8176999986,Very Unhealthy,271
1726606370000,AQ001,fb485e12-231d-490c-a6a5-47394a6684ed,-13046364.9791,4036688.8176999986,Unhealthy,197
1726606430000,AQ001,fb485e12-231d-490c-a6a5-47394a6684ed,-13046364.9791,4036688.8176999986,Hazardous,374
1726606490000,AQ001,fb485e12-231d-490c-a6a5-47394a6684ed,-13046364.9791,4036688.8176999986,Hazardous,406
1726606550000,AQ001,fb485e12-231d-490c-a6a5-47394a6684ed,-13046364.9791,4036688.8176999986,Good,3
1726606610000,AQ001,fb485e12-231d-490c-a6a5-47394a6684ed,-13046364.9791,4036688.8176999986,Good,41
1726606670000,AQ001,fb485e12-231d-490c-a6a5-47394a6684ed,-13046364.9791,4036688.8176999986,Good,39
1726606730000,AQ001,fb485e12-231d-490c-a6a5-47394a6684ed,-13046364.9791,4036688.8176999986,Good,32
1726606790000,AQ001,fb485e12-231d-490c-a6a5-47394a6684ed,-13046364.9791,4036688.8176999986,Good,12
1726606850000,AQ001,fb485e12-231d-490c-a6a5-47394a6684ed,-13046364.9791,4036688.8176999986,Hazardous,492
1726606910000,AQ001,fb485e12-231d-490c-a6a5-47394a6684ed,-13046364.9791,4036688.8176999986,Unhealthy,168
1726606970000,AQ001,fb485e12-231d-490c-a6a5-47394a6684ed,-13046364.9791,4036688.8176999986,Very Unhealthy,295
1726607030000,AQ001,fb485e12-231d-490c-a6a5-47394a6684ed,-13046364.9791,4036688.8176999986,Hazardous,458
1726607090000,AQ001,fb485e12-231d-490c-a6a5-47394a6684ed,-13046364.9791,4036688.8176999986,Hazardous,446
1726607150000,AQ001,fb485e12-231d-490c-a6a5-47394a6684ed,-13046364.9791,4036688.8176999986,Good,10
1726607210000,AQ001,fb485e12-231d-490c-a6a5-47394a6684ed,-13046364.9791,4036688.8176999986,Good,11
1726607270000,AQ001,fb485e12-231d-490c-a6a5-47394a6684ed,-13046364.9791,4036688.8176999986,Good,6
1726607330000,AQ001,fb485e12-231d-490c-a6a5-47394a6684ed,-13046364.9791,4036688.8176999986,Good,7
1726607390000,AQ001,fb485e12-231d-490c-a6a5-47394a6684ed,-13046364.9791,4036688.8176999986,Moderate,67
1726607450000,AQ001,fb485e12-231d-490c-a6a5-47394a6684ed,-13046364.9791,4036688.8176999986,Unhealthy,188
1726607510000,AQ001,fb485e12-231d-490c-a6a5-47394a6684ed,-13046364.9791,4036688.8176999986,Very Unhealthy,298
1726607570000,AQ001,fb485e12-231d-490c-a6a5-47394a6684ed,-13046364.9791,4036688.8176999986,Hazardous,466
1726607630000,AQ001,fb485e12-231d-490c-a6a5-47394a6684ed,-13046364.9791,4036688.8176999986,Very Unhealthy,233
1726607690000,AQ001,fb485e12-231d-490c-a6a5-47394a6684ed,-13046364.9791,4036688.8176999986,Unhealthy,185
1726607750000,AQ001,fb485e12-231d-490c-a6a5-47394a6684ed,-13046364.9791,4036688.8176999986,Moderate,96
1726607810000,AQ001,fb485e12-231d-490c-a6a5-47394a6684ed,-13046364.9791,4036688.8176999986,Good,8
1726607870000,AQ001,fb485e12-231d-490c-a6a5-47394a6684ed,-13046364.9791,4036688.8176999986,Good,7
1726607930000,AQ001,fb485e12-231d-490c-a6a5-47394a6684ed,-13046364.9791,4036688.8176999986,Moderate,71
1726607990000,AQ001,fb485e12-231d-490c-a6a5-47394a6684ed,-13046364.9791,4036688.8176999986,Good,40
1726608050000,AQ001,fb485e12-231d-490c-a6a5-47394a6684ed,-13046364.9791,4036688.8176999986,Unhealthy,164
1726608110000,AQ001,fb485e12-231d-490c-a6a5-47394a6684ed,-13046364.9791,4036688.8176999986,Hazardous,447
1726608170000,AQ001,fb485e12-231d-490c-a6a5-47394a6684ed,-13046364.9791,4036688.8176999986,Unhealthy,190
1726608230000,AQ001,fb485e12-231d-490c-a6a5-47394a6684ed,-13046364.9791,4036688.8176999986,Very Unhealthy,278
1726608290000,AQ001,fb485e12-231d-490c-a6a5-47394a6684ed,-13046364.9791,4036688.8176999986,Unhealthy,182
1726608350000,AQ001,fb485e12-231d-490c-a6a5-47394a6684ed,-13046364.9791,4036688.8176999986,Moderate,70
1726608410000,AQ001,fb485e12-231d-490c-a6a5-47394a6684ed,-13046364.9791,4036688.8176999986,Good,30
1726608470000,AQ001,fb485e12-231d-490c-a6a5-47394a6684ed,-13046364.9791,4036688.8176999986,Good,29
1726608530000,AQ001,fb485e12-231d-490c-a6a5-47394a6684ed,-13046364.9791,4036688.8176999986,Moderate,87
1726608590000,AQ001,fb485e12-231d-490c-a6a5-47394a6684ed,-13046364.9791,4036688.8176999986,Moderate,59
1726608650000,AQ001,fb485e12-231d-490c-a6a5-47394a6684ed,-13046364.9791,4036688.8176999986,Unhealthy,154
1726608710000,AQ001,fb485e12-231d-490c-a6a5-47394a6684ed,-13046364.9791,4036688.8176999986,Very Unhealthy,244
1726608770000,AQ001,fb485e12-231d-490c-a6a5-47394a6684ed,-13046364.9791,4036688.8176999986,Hazardous,383
1726608830000,AQ001,fb485e12-231d-490c-a6a5-47394a6684ed,-13046364.9791,4036688.8176999986,Hazardous,464
1726608890000,AQ001,fb485e12-231d-490c-a6a5-47394a6684ed,-13046364.9791,4036688.8176999986,Very Unhealthy,266
1726608950000,AQ001,fb485e12-231d-490c-a6a5-47394a6684ed,-13046364.9791,4036688.8176999986,Good,4
1726609010000,AQ001,fb485e12-231d-490c-a6a5-47394a6684ed,-13046364.9791,4036688.8176999986,Moderate,71
1726609070000,AQ001,fb485e12-231d-490c-a6a5-47394a6684ed,-13046364.9791,4036688.8176999986,Moderate,51
1726609130000,AQ001,fb485e12-231d-490c-a6a5-47394a6684ed,-13046364.9791,4036688.8176999986,Moderate,79
1726609190000,AQ001,fb485e12-231d-490c-a6a5-47394a6684ed,-13046364.9791,4036688.8176999986,Good,5
1726609250000,AQ001,fb485e12-231d-490c-a6a5-47394a6684ed,-13046364.9791,4036688.8176999986,Hazardous,474
1726609310000,AQ001,fb485e12-231d-490c-a6a5-47394a6684ed,-13046364.9791,4036688.8176999986,Very Unhealthy,288
1726609370000,AQ001,fb485e12-231d-490c-a6a5-47394a6684ed,-13046364.9791,4036688.8176999986,Hazardous,437
1726609430000,AQ001,fb485e12-231d-490c-a6a5-47394a6684ed,-13046364.9791,4036688.8176999986,Very Unhealthy,260
1726609490000,AQ001,fb485e12-231d-490c-a6a5-47394a6684ed,-13046364.9791,4036688.8176999986,Unhealthy,200
1726609550000,AQ001,fb485e12-231d-490c-a6a5-47394a6684ed,-13046364.9791,4036688.8176999986,Moderate,100
1726609610000,AQ001,fb485e12-231d-490c-a6a5-47394a6684ed,-13046364.9791,4036688.8176999986,Good,12
1726609670000,AQ001,fb485e12-231d-490c-a6a5-47394a6684ed,-13046364.9791,4036688.8176999986,Good,35
1726609730000,AQ001,fb485e12-231d-490c-a6a5-47394a6684ed,-13046364.9791,4036688.8176999986,Good,16
1726609790000,AQ001,fb485e12-231d-490c-a6a5-47394a6684ed,-13046364.9791,4036688.8176999986,Good,4
1726609850000,AQ001,fb485e12-231d-490c-a6a5-47394a6684ed,-13046364.9791,4036688.8176999986,Hazardous,384
1726609910000,AQ001,fb485e12-231d-490c-a6a5-47394a6684ed,-13046364.9791,4036688.8176999986,Hazardous,496
1726609970000,AQ001,fb485e12-231d-490c-a6a5-47394a6684ed,-13046364.9791,4036688.8176999986,Hazardous,385
1726610030000,AQ001,fb485e12-231d-490c-a6a5-47394a6684ed,-13046364.9791,4036688.8176999986,Hazardous,349
1726610090000,AQ001,fb485e12-231d-490c-a6a5-47394a6684ed,-13046364.9791,4036688.8176999986,Unhealthy,163
1726610150000,AQ001,fb485e12-231d-490c-a6a5-47394a6684ed,-13046364.9791,4036688.8176999986,Moderate,72
1726610210000,AQ001,fb485e12-231d-490c-a6a5-47394a6684ed,-13046364.9791,4036688.8176999986,Good,10
1726610270000,AQ001,fb485e12-231d-490c-a6a5-47394a6684ed,-13046364.9791,4036688.8176999986,Good,10
1726610330000,AQ001,fb485e12-231d-490c-a6a5-47394a6684ed,-13046364.9791,4036688.8176999986,Moderate,74
1726610390000,AQ001,fb485e12-231d-490c-a6a5-47394a6684ed,-13046364.9791,4036688.8176999986,Good,49
1726610450000,AQ001,fb485e12-231d-490c-a6a5-47394a6684ed,-13046364.9791,4036688.8176999986,Hazardous,454
1726610510000,AQ001,fb485e12-231d-490c-a6a5-47394a6684ed,-13046364.9791,4036688.8176999986,Unhealthy,169
1726610570000,AQ001,fb485e12-231d-490c-a6a5-47394a6684ed,-13046364.9791,4036688.8176999986,Unhealthy,192
1726610630000,AQ001,fb485e12-231d-490c-a6a5-47394a6684ed,-13046364.9791,4036688.8176999986,Hazardous,471
1726610690000,AQ001,fb485e12-231d-490c-a6a5-47394a6684ed,-13046364.9791,4036688.8176999986,Unhealthy,192
1726610750000,AQ001,fb485e12-231d-490c-a6a5-47394a6684ed,-13046364.9791,4036688.8176999986,Good,42
1726610810000,AQ001,fb485e12-231d-490c-a6a5-47394a6684ed,-13046364.9791,4036688.8176999986,Moderate,92
1726610870000,AQ001,fb485e12-231d-490c-a6a5-47394a6684ed,-13046364.9791,4036688.8176999986,Good,39
1726610930000,AQ001,fb485e12-231d-490c-a6a5-47394a6684ed,-13046364.9791,4036688.8176999986,Good,0
1726610990000,AQ001,fb485e12-231d-490c-a6a5-47394a6684ed,-13046364.9791,4036688.8176999986,Moderate,56
1726611050000,AQ001,fb485e12-231d-490c-a6a5-47394a6684ed,-13046364.9791,4036688.8176999986,Very Unhealthy,250
1726611110000,AQ001,fb485e12-231d-490c-a6a5-47394a6684ed,-13046364.9791,4036688.8176999986,Unhealthy,184
1726611170000,AQ001,fb485e12-231d-490c-a6a5-47394a6684ed,-13046364.9791,4036688.8176999986,Unhealthy,169
1726611230000,AQ001,fb485e12-231d-490c-a6a5-47394a6684ed,-13046364.9791,4036688.8176999986,Hazardous,421
1726611290000,AQ001,fb485e12-231d-490c-a6a5-47394a6684ed,-13046364.9791,4036688.8176999986,Unhealthy,189
1726611350000,AQ001,fb485e12-231d-490c-a6a5-47394a6684ed,-13046364.9791,4036688.8176999986,Moderate,84
1726611410000,AQ001,fb485e12-231d-490c-a6a5-47394a6684ed,-13046364.9791,4036688.8176999986,Moderate,98
1726611470000,AQ001,fb485e12-231d-490c-a6a5-47394a6684ed,-13046364.9791,4036688.8176999986,Good,40
1726611530000,AQ001,fb485e12-231d-490c-a6a5-47394a6684ed,-13046364.9791,4036688.8176999986,Good,10
1726611590000,AQ001,fb485e12-231d-490c-a6a5-47394a6684ed,-13046364.9791,4036688.8176999986,Moderate,53
1726611650000,AQ001,fb485e12-231d-490c-a6a5-47394a6684ed,-13046364.9791,4036688.8176999986,Hazardous,325
1726611710000,AQ001,fb485e12-231d-490c-a6a5-47394a6684ed,-13046364.9791,4036688.8176999986,Unhealthy,181
1726611770000,AQ001,fb485e12-231d-490c-a6a5-47394a6684ed,-13046364.9791,4036688.8176999986,Hazardous,386
1726611830000,AQ001,fb485e12-231d-490c-a6a5-47394a6684ed,-13046364.9791,4036688.8176999986,Unhealthy,157
1726611890000,AQ001,fb485e12-231d-490c-a6a5-47394a6684ed,-13046364.9791,4036688.8176999986,Very Unhealthy,275
1726611950000,AQ001,fb485e12-231d-490c-a6a5-47394a6684ed,-13046364.9791,4036688.8176999986,Good,29
1726612010000,AQ001,fb485e12-231d-490c-a6a5-47394a6684ed,-13046364.9791,4036688.8176999986,Good,3
1726612070000,AQ001,fb485e12-231d-490c-a6a5-47394a6684ed,-13046364.9791,4036688.8176999986,Good,44
1726612130000,AQ001,fb485e12-231d-490c-a6a5-47394a6684ed,-13046364.9791,4036688.8176999986,Moderate,71
1726612190000,AQ001,fb485e12-231d-490c-a6a5-47394a6684ed,-13046364.9791,4036688.8176999986,Good,15
1726612250000,AQ001,fb485e12-231d-490c-a6a5-47394a6684ed,-13046364.9791,4036688.8176999986,Very Unhealthy,293
1726612310000,AQ001,fb485e12-231d-490c-a6a5-47394a6684ed,-13046364.9791,4036688.8176999986,Unhealthy,165
1726612370000,AQ001,fb485e12-231d-490c-a6a5-47394a6684ed,-13046364.9791,4036688.8176999986,Very Unhealthy,238
1726612430000,AQ001,fb485e12-231d-490c-a6a5-47394a6684ed,-13046364.9791,4036688.8176999986,Unhealthy,177
1726612490000,AQ001,fb485e12-231d-490c-a6a5-47394a6684ed,-13046364.9791,4036688.8176999986,Hazardous,488
1726612550000,AQ001,fb485e12-231d-490c-a6a5-47394a6684ed,-13046364.9791,4036688.8176999986,Good,13
1726612610000,AQ001,fb485e12-231d-490c-a6a5-47394a6684ed,-13046364.9791,4036688.8176999986,Good,3
1726612670000,AQ001,fb485e12-231d-490c-a6a5-47394a6684ed,-13046364.9791,4036688.8176999986,Good,14
1726612730000,AQ001,fb485e12-231d-490c-a6a5-47394a6684ed,-13046364.9791,4036688.8176999986,Moderate,79
1726612790000,AQ001,fb485e12-231d-490c-a6a5-47394a6684ed,-13046364.9791,4036688.8176999986,Moderate,87
1726612850000,AQ001,fb485e12-231d-490c-a6a5-47394a6684ed,-13046364.9791,4036688.8176999986,Unhealthy,191
1726612910000,AQ001,fb485e12-231d-490c-a6a5-47394a6684ed,-13046364.9791,4036688.8176999986,Very Unhealthy,242
1726612970000,AQ001,fb485e12-231d-490c-a6a5-47394a6684ed,-13046364.9791,4036688.8176999986,Unhealthy,179
1726613030000,AQ001,fb485e12-231d-490c-a6a5-47394a6684ed,-13046364.9791,4036688.8176999986,Unhealthy,199
1726613090000,AQ001,fb485e12-231d-490c-a6a5-47394a6684ed,-13046364.9791,4036688.8176999986,Very Unhealthy,294
1726613150000,AQ001,fb485e12-231d-490c-a6a5-47394a6684ed,-13046364.9791,4036688.8176999986,Good,15
1726613210000,AQ001,fb485e12-231d-490c-a6a5-47394a6684ed,-13046364.9791,4036688.8176999986,Good,26
1726613270000,AQ001,fb485e12-231d-490c-a6a5-47394a6684ed,-13046364.9791,4036688.8176999986,Good,23
1726613330000,AQ001,fb485e12-231d-490c-a6a5-47394a6684ed,-13046364.9791,4036688.8176999986,Good,39
1726613390000,AQ001,fb485e12-231d-490c-a6a5-47394a6684ed,-13046364.9791,4036688.8176999986,Moderate,100
1726613450000,AQ001,fb485e12-231d-490c-a6a5-47394a6684ed,-13046364.9791,4036688.8176999986,Hazardous,440
1726613510000,AQ001,fb485e12-231d-490c-a6a5-47394a6684ed,-13046364.9791,4036688.8176999986,Unhealthy,171
1726613570000,AQ001,fb485e12-231d-490c-a6a5-47394a6684ed,-13046364.9791,4036688.8176999986,Unhealthy,176
1726613630000,AQ001,fb485e12-231d-490c-a6a5-47394a6684ed,-13046364.9791,4036688.8176999986,Unhealthy,192
1726613690000,AQ001,fb485e12-231d-490c-a6a5-47394a6684ed,-13046364.9791,4036688.8176999986,Hazardous,406
1726613750000,AQ001,fb485e12-231d-490c-a6a5-47394a6684ed,-13046364.9791,4036688.8176999986,Good,7
1726613810000,AQ001,fb485e12-231d-490c-a6a5-47394a6684ed,-13046364.9791,4036688.8176999986,Moderate,96
1726613870000,AQ001,fb485e12-231d-490c-a6a5-47394a6684ed,-13046364.9791,4036688.8176999986,Moderate,75
1726613930000,AQ001,fb485e12-231d-490c-a6a5-47394a6684ed,-13046364.9791,4036688.8176999986,Good,16
1726613990000,AQ001,fb485e12-231d-490c-a6a5-47394a6684ed,-13046364.9791,4036688.8176999986,Good,2
1726614050000,AQ001,fb485e12-231d-490c-a6a5-47394a6684ed,-13046364.9791,4036688.8176999986,Hazardous,498
1726614110000,AQ001,fb485e12-231d-490c-a6a5-47394a6684ed,-13046364.9791,4036688.8176999986,Hazardous,419
1726614170000,AQ001,fb485e12-231d-490c-a6a5-47394a6684ed,-13046364.9791,4036688.8176999986,Very Unhealthy,267
1726614230000,AQ001,fb485e12-231d-490c-a6a5-47394a6684ed,-13046364.9791,4036688.8176999986,Hazardous,309
1726614290000,AQ001,fb485e12-231d-490c-a6a5-47394a6684ed,-13046364.9791,4036688.8176999986,Unhealthy,178
1726614350000,AQ001,fb485e12-231d-490c-a6a5-47394a6684ed,-13046364.9791,4036688.8176999986,Moderate,51
1726614410000,AQ001,fb485e12-231d-490c-a6a5-47394a6684ed,-13046364.9791,4036688.8176999986,Good,41
1726614470000,AQ001,fb485e12-231d-490c-a6a5-47394a6684ed,-13046364.9791,4036688.8176999986,Good,26
1726614530000,AQ001,fb485e12-231d-490c-a6a5-47394a6684ed,-13046364.9791,4036688.8176999986,Moderate,88
1726614590000,AQ001,fb485e12-231d-490c-a6a5-47394a6684ed,-13046364.9791,4036688.8176999986,Moderate,69
1726614650000,AQ001,fb485e12-231d-490c-a6a5-47394a6684ed,-13046364.9791,4036688.8176999986,Very Unhealthy,265
1726614710000,AQ001,fb485e12-231d-490c-a6a5-47394a6684ed,-13046364.9791,4036688.8176999986,Unhealthy,186
1726614770000,AQ001,fb485e12-231d-490c-a6a5-47394a6684ed,-13046364.9791,4036688.8176999986,Hazardous,420
