Timestamp,SensorID,TrackID,Longitude,Latitude,NoiseCategory,LAeq_dBA
1785794400000,NOISE-N,b291e7be-9f14-44ed-87c1-0f02b8ca35b3,958906.23,6010563.72,Comfortable,51
1785794400000,NOISE-E,7be9696e-9ace-4085-a81b-0b04c83955db,959045.15,6010445.49,Comfortable,52
1785794400000,NOISE-S,b543d03f-a7d0-4faa-8507-0b3e31081e0b,958885.54,6010297.7,Comfortable,49.9
1785794400000,NOISE-W,49a1ac8f-b89d-4356-8260-a3e73765a98a,958749.58,6010415.93,Comfortable,50.9
1785794400000,NOISE-NR1,5c7eb3a5-3ace-49d5-b023-33009a594311,959160.42,6010678.99,Comfortable,46.6
1785794400000,NOISE-NR2,a7b30385-932d-4325-b84b-ae6bdcc359e3,958613.61,6010191.3,Comfortable,45.5
1785794400000,NOISE-NR3,74469165-c65c-4435-a387-36920379578d,959234.31,6010383.42,Comfortable,47.6
1785794460000,NOISE-N,b291e7be-9f14-44ed-87c1-0f02b8ca35b3,958906.23,6010563.72,Comfortable,50.6
1785794460000,NOISE-E,7be9696e-9ace-4085-a81b-0b04c83955db,959045.15,6010445.49,Comfortable,51.8
1785794460000,NOISE-S,b543d03f-a7d0-4faa-8507-0b3e31081e0b,958885.54,6010297.7,Comfortable,49.8
1785794460000,NOISE-W,49a1ac8f-b89d-4356-8260-a3e73765a98a,958749.58,6010415.93,Comfortable,50.8
1785794460000,NOISE-NR1,5c7eb3a5-3ace-49d5-b023-33009a594311,959160.42,6010678.99,Comfortable,46.9
1785794460000,NOISE-NR2,a7b30385-932d-4325-b84b-ae6bdcc359e3,958613.61,6010191.3,Comfortable,45.1
1785794460000,NOISE-NR3,74469165-c65c-4435-a387-36920379578d,959234.31,6010383.42,Comfortable,47.3
1785794520000,NOISE-N,b291e7be-9f14-44ed-87c1-0f02b8ca35b3,958906.23,6010563.72,Comfortable,51.2
1785794520000,NOISE-E,7be9696e-9ace-4085-a81b-0b04c83955db,959045.15,6010445.49,Comfortable,52.1
1785794520000,NOISE-S,b543d03f-a7d0-4faa-8507-0b3e31081e0b,958885.54,6010297.7,Comfortable,49.2
1785794520000,NOISE-W,49a1ac8f-b89d-4356-8260-a3e73765a98a,958749.58,6010415.93,Comfortable,50.6
1785794520000,NOISE-NR1,5c7eb3a5-3ace-49d5-b023-33009a594311,959160.42,6010678.99,Comfortable,46.5
1785794520000,NOISE-NR2,a7b30385-932d-4325-b84b-ae6bdcc359e3,958613.61,6010191.3,Comfortable,45.3
1785794520000,NOISE-NR3,74469165-c65c-4435-a387-36920379578d,959234.31,6010383.42,Comfortable,46.7
1785794580000,NOISE-N,b291e7be-9f14-44ed-87c1-0f02b8ca35b3,958906.23,6010563.72,Comfortable,51.3
1785794580000,NOISE-E,7be9696e-9ace-4085-a81b-0b04c83955db,959045.15,6010445.49,Comfortable,52.4
1785794580000,NOISE-S,b543d03f-a7d0-4faa-8507-0b3e31081e0b,958885.54,6010297.7,Comfortable,49
1785794580000,NOISE-W,49a1ac8f-b89d-4356-8260-a3e73765a98a,958749.58,6010415.93,Comfortable,50.3
1785794580000,NOISE-NR1,5c7eb3a5-3ace-49d5-b023-33009a594311,959160.42,6010678.99,Comfortable,46.3
1785794580000,NOISE-NR2,a7b30385-932d-4325-b84b-ae6bdcc359e3,958613.61,6010191.3,Comfortable,45.9
1785794580000,NOISE-NR3,74469165-c65c-4435-a387-36920379578d,959234.31,6010383.42,Comfortable,47.4
1785794640000,NOISE-N,b291e7be-9f14-44ed-87c1-0f02b8ca35b3,958906.23,6010563.72,Comfortable,51
1785794640000,NOISE-E,7be9696e-9ace-4085-a81b-0b04c83955db,959045.15,6010445.49,Comfortable,51.9
1785794640000,NOISE-S,b543d03f-a7d0-4faa-8507-0b3e31081e0b,958885.54,6010297.7,Comfortable,48.8
1785794640000,NOISE-W,49a1ac8f-b89d-4356-8260-a3e73765a98a,958749.58,6010415.93,Comfortable,50
1785794640000,NOISE-NR1,5c7eb3a5-3ace-49d5-b023-33009a594311,959160.42,6010678.99,Comfortable,45.7
1785794640000,NOISE-NR2,a7b30385-932d-4325-b84b-ae6bdcc359e3,958613.61,6010191.3,Comfortable,45.2
1785794640000,NOISE-NR3,74469165-c65c-4435-a387-36920379578d,959234.31,6010383.42,Comfortable,47.5
1785794700000,NOISE-N,b291e7be-9f14-44ed-87c1-0f02b8ca35b3,958906.23,6010563.72,Comfortable,51.5
1785794700000,NOISE-E,7be9696e-9ace-4085-a81b-0b04c83955db,959045.15,6010445.49,Comfortable,51.6
1785794700000,NOISE-S,b543d03f-a7d0-4faa-8507-0b3e31081e0b,958885.54,6010297.7,Comfortable,48.4
1785794700000,NOISE-W,49a1ac8f-b89d-4356-8260-a3e73765a98a,958749.58,6010415.93,Comfortable,50.6
1785794700000,NOISE-NR1,5c7eb3a5-3ace-49d5-b023-33009a594311,959160.42,6010678.99,Comfortable,46.4
1785794700000,NOISE-NR2,a7b30385-932d-4325-b84b-ae6bdcc359e3,958613.61,6010191.3,Comfortable,45.5
1785794700000,NOISE-NR3,74469165-c65c-4435-a387-36920379578d,959234.31,6010383.42,Comfortable,48
1785794760000,NOISE-N,b291e7be-9f14-44ed-87c1-0f02b8ca35b3,958906.23,6010563.72,Comfortable,50.9
1785794760000,NOISE-E,7be9696e-9ace-4085-a81b-0b04c83955db,959045.15,6010445.49,Comfortable,50.9
1785794760000,NOISE-S,b543d03f-a7d0-4faa-8507-0b3e31081e0b,958885.54,6010297.7,Comfortable,49.2
1785794760000,NOISE-W,49a1ac8f-b89d-4356-8260-a3e73765a98a,958749.58,6010415.93,Comfortable,50.4
1785794760000,NOISE-NR1,5c7eb3a5-3ace-49d5-b023-33009a594311,959160.42,6010678.99,Comfortable,47.2
1785794760000,NOISE-NR2,a7b30385-932d-4325-b84b-ae6bdcc359e3,958613.61,6010191.3,Comfortable,45
1785794760000,NOISE-NR3,74469165-c65c-4435-a387-36920379578d,959234.31,6010383.42,Comfortable,47.2
1785794820000,NOISE-N,b291e7be-9f14-44ed-87c1-0f02b8ca35b3,958906.23,6010563.72,Comfortable,51.3
1785794820000,NOISE-E,7be9696e-9ace-4085-a81b-0b04c83955db,959045.15,6010445.49,Comfortable,51.1
1785794820000,NOISE-S,b543d03f-a7d0-4faa-8507-0b3e31081e0b,958885.54,6010297.7,Comfortable,49.8
1785794820000,NOISE-W,49a1ac8f-b89d-4356-8260-a3e73765a98a,958749.58,6010415.93,Comfortable,50.8
1785794820000,NOISE-NR1,5c7eb3a5-3ace-49d5-b023-33009a594311,959160.42,6010678.99,Comfortable,46.5
1785794820000,NOISE-NR2,a7b30385-932d-4325-b84b-ae6bdcc359e3,958613.61,6010191.3,Comfortable,45.4
1785794820000,NOISE-NR3,74469165-c65c-4435-a387-36920379578d,959234.31,6010383.42,Comfortable,47.3
1785794880000,NOISE-N,b291e7be-9f14-44ed-87c1-0f02b8ca35b3,958906.23,6010563.72,Comfortable,51.5
1785794880000,NOISE-E,7be9696e-9ace-4085-a81b-0b04c83955db,959045.15,6010445.49,Comfortable,50.5
1785794880000,NOISE-S,b543d03f-a7d0-4faa-8507-0b3e31081e0b,958885.54,6010297.7,Comfortable,49.4
1785794880000,NOISE-W,49a1ac8f-b89d-4356-8260-a3e73765a98a,958749.58,6010415.93,Comfortable,51.6
1785794880000,NOISE-NR1,5c7eb3a5-3ace-49d5-b023-33009a594311,959160.42,6010678.99,Comfortable,46.1
1785794880000,NOISE-NR2,a7b30385-932d-4325-b84b-ae6bdcc359e3,958613.61,6010191.3,Comfortable,45.8
1785794880000,NOISE-NR3,74469165-c65c-4435-a387-36920379578d,959234.31,6010383.42,Comfortable,47.4
1785794940000,NOISE-N,b291e7be-9f14-44ed-87c1-0f02b8ca35b3,958906.23,6010563.72,Comfortable,51.7
1785794940000,NOISE-E,7be9696e-9ace-4085-a81b-0b04c83955db,959045.15,6010445.49,Comfortable,50.5
1785794940000,NOISE-S,b543d03f-a7d0-4faa-8507-0b3e31081e0b,958885.54,6010297.7,Comfortable,49.9
1785794940000,NOISE-W,49a1ac8f-b89d-4356-8260-a3e73765a98a,958749.58,6010415.93,Comfortable,52
1785794940000,NOISE-NR1,5c7eb3a5-3ace-49d5-b023-33009a594311,959160.42,6010678.99,Comfortable,46.3
1785794940000,NOISE-NR2,a7b30385-932d-4325-b84b-ae6bdcc359e3,958613.61,6010191.3,Comfortable,45.6
1785794940000,NOISE-NR3,74469165-c65c-4435-a387-36920379578d,959234.31,6010383.42,Comfortable,47.2
1785795000000,NOISE-N,b291e7be-9f14-44ed-87c1-0f02b8ca35b3,958906.23,6010563.72,Comfortable,51
1785795000000,NOISE-E,7be9696e-9ace-4085-a81b-0b04c83955db,959045.15,6010445.49,Comfortable,50.8
1785795000000,NOISE-S,b543d03f-a7d0-4faa-8507-0b3e31081e0b,958885.54,6010297.7,Comfortable,49.1
1785795000000,NOISE-W,49a1ac8f-b89d-4356-8260-a3e73765a98a,958749.58,6010415.93,Comfortable,52.4
1785795000000,NOISE-NR1,5c7eb3a5-3ace-49d5-b023-33009a594311,959160.42,6010678.99,Comfortable,47
1785795000000,NOISE-NR2,a7b30385-932d-4325-b84b-ae6bdcc359e3,958613.61,6010191.3,Comfortable,44.8
1785795000000,NOISE-NR3,74469165-c65c-4435-a387-36920379578d,959234.31,6010383.42,Comfortable,46.8
1785795060000,NOISE-N,b291e7be-9f14-44ed-87c1-0f02b8ca35b3,958906.23,6010563.72,Comfortable,51
1785795060000,NOISE-E,7be9696e-9ace-4085-a81b-0b04c83955db,959045.15,6010445.49,Comfortable,51.8
1785795060000,NOISE-S,b543d03f-a7d0-4faa-8507-0b3e31081e0b,958885.54,6010297.7,Comfortable,48.9
1785795060000,NOISE-W,49a1ac8f-b89d-4356-8260-a3e73765a98a,958749.58,6010415.93,Comfortable,52.2
1785795060000,NOISE-NR1,5c7eb3a5-3ace-49d5-b023-33009a594311,959160.42,6010678.99,Comfortable,46.9
1785795060000,NOISE-NR2,a7b30385-932d-4325-b84b-ae6bdcc359e3,958613.61,6010191.3,Comfortable,44.4
1785795060000,NOISE-NR3,74469165-c65c-4435-a387-36920379578d,959234.31,6010383.42,Comfortable,46.6
1785795120000,NOISE-N,b291e7be-9f14-44ed-87c1-0f02b8ca35b3,958906.23,6010563.72,Comfortable,51.1
1785795120000,NOISE-E,7be9696e-9ace-4085-a81b-0b04c83955db,959045.15,6010445.49,Comfortable,52
1785795120000,NOISE-S,b543d03f-a7d0-4faa-8507-0b3e31081e0b,958885.54,6010297.7,Comfortable,49.8
1785795120000,NOISE-W,49a1ac8f-b89d-4356-8260-a3e73765a98a,958749.58,6010415.93,Comfortable,51.6
1785795120000,NOISE-NR1,5c7eb3a5-3ace-49d5-b023-33009a594311,959160.42,6010678.99,Comfortable,46.2
1785795120000,NOISE-NR2,a7b30385-932d-4325-b84b-ae6bdcc359e3,958613.61,6010191.3,Comfortable,44.6
1785795120000,NOISE-NR3,74469165-c65c-4435-a387-36920379578d,959234.31,6010383.42,Comfortable,47.2
1785795180000,NOISE-N,b291e7be-9f14-44ed-87c1-0f02b8ca35b3,958906.23,6010563.72,Comfortable,51
1785795180000,NOISE-E,7be9696e-9ace-4085-a81b-0b04c83955db,959045.15,6010445.49,Comfortable,51.8
1785795180000,NOISE-S,b543d03f-a7d0-4faa-8507-0b3e31081e0b,958885.54,6010297.7,Comfortable,50.3
1785795180000,NOISE-W,49a1ac8f-b89d-4356-8260-a3e73765a98a,958749.58,6010415.93,Comfortable,51.9
1785795180000,NOISE-NR1,5c7eb3a5-3ace-49d5-b023-33009a594311,959160.42,6010678.99,Comfortable,46.3
1785795180000,NOISE-NR2,a7b30385-932d-4325-b84b-ae6bdcc359e3,958613.61,6010191.3,Comfortable,45.3
1785795180000,NOISE-NR3,74469165-c65c-4435-a387-36920379578d,959234.31,6010383.42,Comfortable,47.1
1785795240000,NOISE-N,b291e7be-9f14-44ed-87c1-0f02b8ca35b3,958906.23,6010563.72,Comfortable,51.5
1785795240000,NOISE-E,7be9696e-9ace-4085-a81b-0b04c83955db,959045.15,6010445.49,Comfortable,52.2
1785795240000,NOISE-S,b543d03f-a7d0-4faa-8507-0b3e31081e0b,958885.54,6010297.7,Comfortable,50.9
1785795240000,NOISE-W,49a1ac8f-b89d-4356-8260-a3e73765a98a,958749.58,6010415.93,Comfortable,51.7
1785795240000,NOISE-NR1,5c7eb3a5-3ace-49d5-b023-33009a594311,959160.42,6010678.99,Comfortable,46
1785795240000,NOISE-NR2,a7b30385-932d-4325-b84b-ae6bdcc359e3,958613.61,6010191.3,Comfortable,45.8
1785795240000,NOISE-NR3,74469165-c65c-4435-a387-36920379578d,959234.31,6010383.42,Comfortable,47.8
1785795300000,NOISE-N,b291e7be-9f14-44ed-87c1-0f02b8ca35b3,958906.23,6010563.72,Comfortable,50.7
1785795300000,NOISE-E,7be9696e-9ace-4085-a81b-0b04c83955db,959045.15,6010445.49,Comfortable,51.5
1785795300000,NOISE-S,b543d03f-a7d0-4faa-8507-0b3e31081e0b,958885.54,6010297.7,Comfortable,50.2
1785795300000,NOISE-W,49a1ac8f-b89d-4356-8260-a3e73765a98a,958749.58,6010415.93,Comfortable,50.8
1785795300000,NOISE-NR1,5c7eb3a5-3ace-49d5-b023-33009a594311,959160.42,6010678.99,Comfortable,45.7
1785795300000,NOISE-NR2,a7b30385-932d-4325-b84b-ae6bdcc359e3,958613.61,6010191.3,Comfortable,46.4
1785795300000,NOISE-NR3,74469165-c65c-4435-a387-36920379578d,959234.31,6010383.42,Comfortable,47.8
1785795360000,NOISE-N,b291e7be-9f14-44ed-87c1-0f02b8ca35b3,958906.23,6010563.72,Comfortable,50.4
1785795360000,NOISE-E,7be9696e-9ace-4085-a81b-0b04c83955db,959045.15,6010445.49,Comfortable,51.6
1785795360000,NOISE-S,b543d03f-a7d0-4faa-8507-0b3e31081e0b,958885.54,6010297.7,Comfortable,49.7
1785795360000,NOISE-W,49a1ac8f-b89d-4356-8260-a3e73765a98a,958749.58,6010415.93,Comfortable,51.2
1785795360000,NOISE-NR1,5c7eb3a5-3ace-49d5-b023-33009a594311,959160.42,6010678.99,Comfortable,45.3
1785795360000,NOISE-NR2,a7b30385-932d-4325-b84b-ae6bdcc359e3,958613.61,6010191.3,Comfortable,46.6
1785795360000,NOISE-NR3,74469165-c65c-4435-a387-36920379578d,959234.31,6010383.42,Comfortable,47.6
1785795420000,NOISE-N,b291e7be-9f14-44ed-87c1-0f02b8ca35b3,958906.23,6010563.72,Comfortable,49.9
1785795420000,NOISE-E,7be9696e-9ace-4085-a81b-0b04c83955db,959045.15,6010445.49,Comfortable,51
1785795420000,NOISE-S,b543d03f-a7d0-4faa-8507-0b3e31081e0b,958885.54,6010297.7,Comfortable,50.1
1785795420000,NOISE-W,49a1ac8f-b89d-4356-8260-a3e73765a98a,958749.58,6010415.93,Comfortable,50.8
1785795420000,NOISE-NR1,5c7eb3a5-3ace-49d5-b023-33009a594311,959160.42,6010678.99,Comfortable,46.2
1785795420000,NOISE-NR2,a7b30385-932d-4325-b84b-ae6bdcc359e3,958613.61,6010191.3,Comfortable,46.9
1785795420000,NOISE-NR3,74469165-c65c-4435-a387-36920379578d,959234.31,6010383.42,Comfortable,47.6
1785795480000,NOISE-N,b291e7be-9f14-44ed-87c1-0f02b8ca35b3,958906.23,6010563.72,Comfortable,49.7
1785795480000,NOISE-E,7be9696e-9ace-4085-a81b-0b04c83955db,959045.15,6010445.49,Comfortable,50.9
1785795480000,NOISE-S,b543d03f-a7d0-4faa-8507-0b3e31081e0b,958885.54,6010297.7,Comfortable,50.2
1785795480000,NOISE-W,49a1ac8f-b89d-4356-8260-a3e73765a98a,958749.58,6010415.93,Comfortable,50.8
1785795480000,NOISE-NR1,5c7eb3a5-3ace-49d5-b023-33009a594311,959160.42,6010678.99,Comfortable,46
1785795480000,NOISE-NR2,a7b30385-932d-4325-b84b-ae6bdcc359e3,958613.61,6010191.3,Comfortable,47
1785795480000,NOISE-NR3,74469165-c65c-4435-a387-36920379578d,959234.31,6010383.42,Comfortable,47.2
1785795540000,NOISE-N,b291e7be-9f14-44ed-87c1-0f02b8ca35b3,958906.23,6010563.72,Comfortable,50.3
1785795540000,NOISE-E,7be9696e-9ace-4085-a81b-0b04c83955db,959045.15,6010445.49,Comfortable,51.7
1785795540000,NOISE-S,b543d03f-a7d0-4faa-8507-0b3e31081e0b,958885.54,6010297.7,Comfortable,50
1785795540000,NOISE-W,49a1ac8f-b89d-4356-8260-a3e73765a98a,958749.58,6010415.93,Comfortable,50.4
1785795540000,NOISE-NR1,5c7eb3a5-3ace-49d5-b023-33009a594311,959160.42,6010678.99,Comfortable,46.9
1785795540000,NOISE-NR2,a7b30385-932d-4325-b84b-ae6bdcc359e3,958613.61,6010191.3,Comfortable,46.2
1785795540000,NOISE-NR3,74469165-c65c-4435-a387-36920379578d,959234.31,6010383.42,Comfortable,47.9
1785795600000,NOISE-N,b291e7be-9f14-44ed-87c1-0f02b8ca35b3,958906.23,6010563.72,Comfortable,50.3
1785795600000,NOISE-E,7be9696e-9ace-4085-a81b-0b04c83955db,959045.15,6010445.49,Comfortable,51.8
1785795600000,NOISE-S,b543d03f-a7d0-4faa-8507-0b3e31081e0b,958885.54,6010297.7,Comfortable,49.4
1785795600000,NOISE-W,49a1ac8f-b89d-4356-8260-a3e73765a98a,958749.58,6010415.93,Comfortable,51.3
1785795600000,NOISE-NR1,5c7eb3a5-3ace-49d5-b023-33009a594311,959160.42,6010678.99,Comfortable,46.7
1785795600000,NOISE-NR2,a7b30385-932d-4325-b84b-ae6bdcc359e3,958613.61,6010191.3,Comfortable,45.2
1785795600000,NOISE-NR3,74469165-c65c-4435-a387-36920379578d,959234.31,6010383.42,Comfortable,47.6
1785795660000,NOISE-N,b291e7be-9f14-44ed-87c1-0f02b8ca35b3,958906.23,6010563.72,Comfortable,50
1785795660000,NOISE-E,7be9696e-9ace-4085-a81b-0b04c83955db,959045.15,6010445.49,Comfortable,51.5
1785795660000,NOISE-S,b543d03f-a7d0-4faa-8507-0b3e31081e0b,958885.54,6010297.7,Comfortable,50
1785795660000,NOISE-W,49a1ac8f-b89d-4356-8260-a3e73765a98a,958749.58,6010415.93,Comfortable,51.8
1785795660000,NOISE-NR1,5c7eb3a5-3ace-49d5-b023-33009a594311,959160.42,6010678.99,Comfortable,45.9
1785795660000,NOISE-NR2,a7b30385-932d-4325-b84b-ae6bdcc359e3,958613.61,6010191.3,Comfortable,45
1785795660000,NOISE-NR3,74469165-c65c-4435-a387-36920379578d,959234.31,6010383.42,Comfortable,47.6
1785795720000,NOISE-N,b291e7be-9f14-44ed-87c1-0f02b8ca35b3,958906.23,6010563.72,Comfortable,49.7
1785795720000,NOISE-E,7be9696e-9ace-4085-a81b-0b04c83955db,959045.15,6010445.49,Comfortable,51.4
1785795720000,NOISE-S,b543d03f-a7d0-4faa-8507-0b3e31081e0b,958885.54,6010297.7,Comfortable,49.7
1785795720000,NOISE-W,49a1ac8f-b89d-4356-8260-a3e73765a98a,958749.58,6010415.93,Comfortable,51.8
1785795720000,NOISE-NR1,5c7eb3a5-3ace-49d5-b023-33009a594311,959160.42,6010678.99,Comfortable,45.9
1785795720000,NOISE-NR2,a7b30385-932d-4325-b84b-ae6bdcc359e3,958613.61,6010191.3,Comfortable,45.8
1785795720000,NOISE-NR3,74469165-c65c-4435-a387-36920379578d,959234.31,6010383.42,Comfortable,46.9
1785795780000,NOISE-N,b291e7be-9f14-44ed-87c1-0f02b8ca35b3,958906.23,6010563.72,Comfortable,49.5
1785795780000,NOISE-E,7be9696e-9ace-4085-a81b-0b04c83955db,959045.15,6010445.49,Comfortable,52
1785795780000,NOISE-S,b543d03f-a7d0-4faa-8507-0b3e31081e0b,958885.54,6010297.7,Comfortable,50
1785795780000,NOISE-W,49a1ac8f-b89d-4356-8260-a3e73765a98a,958749.58,6010415.93,Comfortable,51
1785795780000,NOISE-NR1,5c7eb3a5-3ace-49d5-b023-33009a594311,959160.42,6010678.99,Comfortable,45.4
1785795780000,NOISE-NR2,a7b30385-932d-4325-b84b-ae6bdcc359e3,958613.61,6010191.3,Comfortable,46.4
1785795780000,NOISE-NR3,74469165-c65c-4435-a387-36920379578d,959234.31,6010383.42,Comfortable,46.6
1785795840000,NOISE-N,b291e7be-9f14-44ed-87c1-0f02b8ca35b3,958906.23,6010563.72,Comfortable,50
1785795840000,NOISE-E,7be9696e-9ace-4085-a81b-0b04c83955db,959045.15,6010445.49,Comfortable,51.7
1785795840000,NOISE-S,b543d03f-a7d0-4faa-8507-0b3e31081e0b,958885.54,6010297.7,Comfortable,49.5
1785795840000,NOISE-W,49a1ac8f-b89d-4356-8260-a3e73765a98a,958749.58,6010415.93,Comfortable,51.4
1785795840000,NOISE-NR1,5c7eb3a5-3ace-49d5-b023-33009a594311,959160.42,6010678.99,Comfortable,45.3
1785795840000,NOISE-NR2,a7b30385-932d-4325-b84b-ae6bdcc359e3,958613.61,6010191.3,Comfortable,46.4
1785795840000,NOISE-NR3,74469165-c65c-4435-a387-36920379578d,959234.31,6010383.42,Comfortable,46.3
1785795900000,NOISE-N,b291e7be-9f14-44ed-87c1-0f02b8ca35b3,958906.23,6010563.72,Comfortable,49.5
1785795900000,NOISE-E,7be9696e-9ace-4085-a81b-0b04c83955db,959045.15,6010445.49,Comfortable,51.5
1785795900000,NOISE-S,b543d03f-a7d0-4faa-8507-0b3e31081e0b,958885.54,6010297.7,Comfortable,49.9
1785795900000,NOISE-W,49a1ac8f-b89d-4356-8260-a3e73765a98a,958749.58,6010415.93,Comfortable,50.9
1785795900000,NOISE-NR1,5c7eb3a5-3ace-49d5-b023-33009a594311,959160.42,6010678.99,Comfortable,46.4
1785795900000,NOISE-NR2,a7b30385-932d-4325-b84b-ae6bdcc359e3,958613.61,6010191.3,Comfortable,45.6
1785795900000,NOISE-NR3,74469165-c65c-4435-a387-36920379578d,959234.31,6010383.42,Comfortable,46.1
1785795960000,NOISE-N,b291e7be-9f14-44ed-87c1-0f02b8ca35b3,958906.23,6010563.72,Comfortable,50.1
1785795960000,NOISE-E,7be9696e-9ace-4085-a81b-0b04c83955db,959045.15,6010445.49,Comfortable,51.4
1785795960000,NOISE-S,b543d03f-a7d0-4faa-8507-0b3e31081e0b,958885.54,6010297.7,Comfortable,49.8
1785795960000,NOISE-W,49a1ac8f-b89d-4356-8260-a3e73765a98a,958749.58,6010415.93,Comfortable,51.5
1785795960000,NOISE-NR1,5c7eb3a5-3ace-49d5-b023-33009a594311,959160.42,6010678.99,Comfortable,45.8
1785795960000,NOISE-NR2,a7b30385-932d-4325-b84b-ae6bdcc359e3,958613.61,6010191.3,Comfortable,46.3
1785795960000,NOISE-NR3,74469165-c65c-4435-a387-36920379578d,959234.31,6010383.42,Comfortable,46.5
1785796020000,NOISE-N,b291e7be-9f14-44ed-87c1-0f02b8ca35b3,958906.23,6010563.72,Comfortable,50.4
1785796020000,NOISE-E,7be9696e-9ace-4085-a81b-0b04c83955db,959045.15,6010445.49,Comfortable,51
1785796020000,NOISE-S,b543d03f-a7d0-4faa-8507-0b3e31081e0b,958885.54,6010297.7,Comfortable,49.5
1785796020000,NOISE-W,49a1ac8f-b89d-4356-8260-a3e73765a98a,958749.58,6010415.93,Comfortable,51.3
1785796020000,NOISE-NR1,5c7eb3a5-3ace-49d5-b023-33009a594311,959160.42,6010678.99,Comfortable,45.3
1785796020000,NOISE-NR2,a7b30385-932d-4325-b84b-ae6bdcc359e3,958613.61,6010191.3,Comfortable,45.8
1785796020000,NOISE-NR3,74469165-c65c-4435-a387-36920379578d,959234.31,6010383.42,Comfortable,46.5
1785796080000,NOISE-N,b291e7be-9f14-44ed-87c1-0f02b8ca35b3,958906.23,6010563.72,Comfortable,51.3
1785796080000,NOISE-E,7be9696e-9ace-4085-a81b-0b04c83955db,959045.15,6010445.49,Comfortable,51.6
1785796080000,NOISE-S,b543d03f-a7d0-4faa-8507-0b3e31081e0b,958885.54,6010297.7,Comfortable,48.8
1785796080000,NOISE-W,49a1ac8f-b89d-4356-8260-a3e73765a98a,958749.58,6010415.93,Comfortable,51
1785796080000,NOISE-NR1,5c7eb3a5-3ace-49d5-b023-33009a594311,959160.42,6010678.99,Comfortable,45.2
1785796080000,NOISE-NR2,a7b30385-932d-4325-b84b-ae6bdcc359e3,958613.61,6010191.3,Comfortable,45.3
1785796080000,NOISE-NR3,74469165-c65c-4435-a387-36920379578d,959234.31,6010383.42,Comfortable,47.4
1785796140000,NOISE-N,b291e7be-9f14-44ed-87c1-0f02b8ca35b3,958906.23,6010563.72,Comfortable,50.8
1785796140000,NOISE-E,7be9696e-9ace-4085-a81b-0b04c83955db,959045.15,6010445.49,Comfortable,52.3
1785796140000,NOISE-S,b543d03f-a7d0-4faa-8507-0b3e31081e0b,958885.54,6010297.7,Comfortable,49.8
1785796140000,NOISE-W,49a1ac8f-b89d-4356-8260-a3e73765a98a,958749.58,6010415.93,Comfortable,51.6
1785796140000,NOISE-NR1,5c7eb3a5-3ace-49d5-b023-33009a594311,959160.42,6010678.99,Comfortable,46.3
1785796140000,NOISE-NR2,a7b30385-932d-4325-b84b-ae6bdcc359e3,958613.61,6010191.3,Comfortable,45.6
1785796140000,NOISE-NR3,74469165-c65c-4435-a387-36920379578d,959234.31,6010383.42,Comfortable,46.6
1785796200000,NOISE-N,b291e7be-9f14-44ed-87c1-0f02b8ca35b3,958906.23,6010563.72,Comfortable,50.3
1785796200000,NOISE-E,7be9696e-9ace-4085-a81b-0b04c83955db,959045.15,6010445.49,Comfortable,52
1785796200000,NOISE-S,b543d03f-a7d0-4faa-8507-0b3e31081e0b,958885.54,6010297.7,Comfortable,50.6
1785796200000,NOISE-W,49a1ac8f-b89d-4356-8260-a3e73765a98a,958749.58,6010415.93,Comfortable,51.6
1785796200000,NOISE-NR1,5c7eb3a5-3ace-49d5-b023-33009a594311,959160.42,6010678.99,Comfortable,46.3
1785796200000,NOISE-NR2,a7b30385-932d-4325-b84b-ae6bdcc359e3,958613.61,6010191.3,Comfortable,45.6
1785796200000,NOISE-NR3,74469165-c65c-4435-a387-36920379578d,959234.31,6010383.42,Comfortable,47.1
1785796260000,NOISE-N,b291e7be-9f14-44ed-87c1-0f02b8ca35b3,958906.23,6010563.72,Comfortable,51.2
1785796260000,NOISE-E,7be9696e-9ace-4085-a81b-0b04c83955db,959045.15,6010445.49,Comfortable,51.8
1785796260000,NOISE-S,b543d03f-a7d0-4faa-8507-0b3e31081e0b,958885.54,6010297.7,Comfortable,51.1
1785796260000,NOISE-W,49a1ac8f-b89d-4356-8260-a3e73765a98a,958749.58,6010415.93,Comfortable,51.2
1785796260000,NOISE-NR1,5c7eb3a5-3ace-49d5-b023-33009a594311,959160.42,6010678.99,Comfortable,45.6
1785796260000,NOISE-NR2,a7b30385-932d-4325-b84b-ae6bdcc359e3,958613.61,6010191.3,Comfortable,46.2
1785796260000,NOISE-NR3,74469165-c65c-4435-a387-36920379578d,959234.31,6010383.42,Comfortable,47.8
1785796320000,NOISE-N,b291e7be-9f14-44ed-87c1-0f02b8ca35b3,958906.23,6010563.72,Comfortable,51.3
1785796320000,NOISE-E,7be9696e-9ace-4085-a81b-0b04c83955db,959045.15,6010445.49,Comfortable,51.3
1785796320000,NOISE-S,b543d03f-a7d0-4faa-8507-0b3e31081e0b,958885.54,6010297.7,Comfortable,50.6
1785796320000,NOISE-W,49a1ac8f-b89d-4356-8260-a3e73765a98a,958749.58,6010415.93,Comfortable,50.7
1785796320000,NOISE-NR1,5c7eb3a5-3ace-49d5-b023-33009a594311,959160.42,6010678.99,Comfortable,45.1
1785796320000,NOISE-NR2,a7b30385-932d-4325-b84b-ae6bdcc359e3,958613.61,6010191.3,Comfortable,46.6
1785796320000,NOISE-NR3,74469165-c65c-4435-a387-36920379578d,959234.31,6010383.42,Comfortable,47.2
1785796380000,NOISE-N,b291e7be-9f14-44ed-87c1-0f02b8ca35b3,958906.23,6010563.72,Comfortable,51.1
1785796380000,NOISE-E,7be9696e-9ace-4085-a81b-0b04c83955db,959045.15,6010445.49,Comfortable,52
1785796380000,NOISE-S,b543d03f-a7d0-4faa-8507-0b3e31081e0b,958885.54,6010297.7,Comfortable,49.8
1785796380000,NOISE-W,49a1ac8f-b89d-4356-8260-a3e73765a98a,958749.58,6010415.93,Comfortable,51.5
1785796380000,NOISE-NR1,5c7eb3a5-3ace-49d5-b023-33009a594311,959160.42,6010678.99,Comfortable,45.1
1785796380000,NOISE-NR2,a7b30385-932d-4325-b84b-ae6bdcc359e3,958613.61,6010191.3,Comfortable,46.5
1785796380000,NOISE-NR3,74469165-c65c-4435-a387-36920379578d,959234.31,6010383.42,Comfortable,46.8
1785796440000,NOISE-N,b291e7be-9f14-44ed-87c1-0f02b8ca35b3,958906.23,6010563.72,Comfortable,51.8
1785796440000,NOISE-E,7be9696e-9ace-4085-a81b-0b04c83955db,959045.15,6010445.49,Comfortable,52.5
1785796440000,NOISE-S,b543d03f-a7d0-4faa-8507-0b3e31081e0b,958885.54,6010297.7,Comfortable,49.8
1785796440000,NOISE-W,49a1ac8f-b89d-4356-8260-a3e73765a98a,958749.58,6010415.93,Comfortable,50.6
1785796440000,NOISE-NR1,5c7eb3a5-3ace-49d5-b023-33009a594311,959160.42,6010678.99,Comfortable,44.8
1785796440000,NOISE-NR2,a7b30385-932d-4325-b84b-ae6bdcc359e3,958613.61,6010191.3,Comfortable,45.7
1785796440000,NOISE-NR3,74469165-c65c-4435-a387-36920379578d,959234.31,6010383.42,Comfortable,47.6
1785796500000,NOISE-N,b291e7be-9f14-44ed-87c1-0f02b8ca35b3,958906.23,6010563.72,Comfortable,51.1
1785796500000,NOISE-E,7be9696e-9ace-4085-a81b-0b04c83955db,959045.15,6010445.49,Comfortable,52.6
1785796500000,NOISE-S,b543d03f-a7d0-4faa-8507-0b3e31081e0b,958885.54,6010297.7,Comfortable,49.9
1785796500000,NOISE-W,49a1ac8f-b89d-4356-8260-a3e73765a98a,958749.58,6010415.93,Comfortable,50.4
1785796500000,NOISE-NR1,5c7eb3a5-3ace-49d5-b023-33009a594311,959160.42,6010678.99,Comfortable,46
1785796500000,NOISE-NR2,a7b30385-932d-4325-b84b-ae6bdcc359e3,958613.61,6010191.3,Comfortable,44.9
1785796500000,NOISE-NR3,74469165-c65c-4435-a387-36920379578d,959234.31,6010383.42,Comfortable,47.7
1785796560000,NOISE-N,b291e7be-9f14-44ed-87c1-0f02b8ca35b3,958906.23,6010563.72,Comfortable,51.5
1785796560000,NOISE-E,7be9696e-9ace-4085-a81b-0b04c83955db,959045.15,6010445.49,Comfortable,52.1
1785796560000,NOISE-S,b543d03f-a7d0-4faa-8507-0b3e31081e0b,958885.54,6010297.7,Comfortable,50.5
1785796560000,NOISE-W,49a1ac8f-b89d-4356-8260-a3e73765a98a,958749.58,6010415.93,Comfortable,49.9
1785796560000,NOISE-NR1,5c7eb3a5-3ace-49d5-b023-33009a594311,959160.42,6010678.99,Comfortable,46
1785796560000,NOISE-NR2,a7b30385-932d-4325-b84b-ae6bdcc359e3,958613.61,6010191.3,Comfortable,44.5
1785796560000,NOISE-NR3,74469165-c65c-4435-a387-36920379578d,959234.31,6010383.42,Comfortable,47.3
1785796620000,NOISE-N,b291e7be-9f14-44ed-87c1-0f02b8ca35b3,958906.23,6010563.72,Comfortable,52.1
1785796620000,NOISE-E,7be9696e-9ace-4085-a81b-0b04c83955db,959045.15,6010445.49,Comfortable,52.8
1785796620000,NOISE-S,b543d03f-a7d0-4faa-8507-0b3e31081e0b,958885.54,6010297.7,Comfortable,50.4
1785796620000,NOISE-W,49a1ac8f-b89d-4356-8260-a3e73765a98a,958749.58,6010415.93,Comfortable,50.2
1785796620000,NOISE-NR1,5c7eb3a5-3ace-49d5-b023-33009a594311,959160.42,6010678.99,Comfortable,45.5
1785796620000,NOISE-NR2,a7b30385-932d-4325-b84b-ae6bdcc359e3,958613.61,6010191.3,Comfortable,44.8
1785796620000,NOISE-NR3,74469165-c65c-4435-a387-36920379578d,959234.31,6010383.42,Comfortable,47.4
1785796680000,NOISE-N,b291e7be-9f14-44ed-87c1-0f02b8ca35b3,958906.23,6010563.72,Comfortable,52.2
1785796680000,NOISE-E,7be9696e-9ace-4085-a81b-0b04c83955db,959045.15,6010445.49,Comfortable,51.8
1785796680000,NOISE-S,b543d03f-a7d0-4faa-8507-0b3e31081e0b,958885.54,6010297.7,Comfortable,50.8
1785796680000,NOISE-W,49a1ac8f-b89d-4356-8260-a3e73765a98a,958749.58,6010415.93,Comfortable,50.7
1785796680000,NOISE-NR1,5c7eb3a5-3ace-49d5-b023-33009a594311,959160.42,6010678.99,Comfortable,46.1
1785796680000,NOISE-NR2,a7b30385-932d-4325-b84b-ae6bdcc359e3,958613.61,6010191.3,Comfortable,44.5
1785796680000,NOISE-NR3,74469165-c65c-4435-a387-36920379578d,959234.31,6010383.42,Comfortable,47.5
1785796740000,NOISE-N,b291e7be-9f14-44ed-87c1-0f02b8ca35b3,958906.23,6010563.72,Comfortable,51.7
1785796740000,NOISE-E,7be9696e-9ace-4085-a81b-0b04c83955db,959045.15,6010445.49,Comfortable,51.7
1785796740000,NOISE-S,b543d03f-a7d0-4faa-8507-0b3e31081e0b,958885.54,6010297.7,Comfortable,51.3
1785796740000,NOISE-W,49a1ac8f-b89d-4356-8260-a3e73765a98a,958749.58,6010415.93,Comfortable,50.4
1785796740000,NOISE-NR1,5c7eb3a5-3ace-49d5-b023-33009a594311,959160.42,6010678.99,Comfortable,46.9
1785796740000,NOISE-NR2,a7b30385-932d-4325-b84b-ae6bdcc359e3,958613.61,6010191.3,Comfortable,44.6
1785796740000,NOISE-NR3,74469165-c65c-4435-a387-36920379578d,959234.31,6010383.42,Comfortable,47.2
1785796800000,NOISE-N,b291e7be-9f14-44ed-87c1-0f02b8ca35b3,958906.23,6010563.72,Comfortable,51.1
1785796800000,NOISE-E,7be9696e-9ace-4085-a81b-0b04c83955db,959045.15,6010445.49,Comfortable,52.1
1785796800000,NOISE-S,b543d03f-a7d0-4faa-8507-0b3e31081e0b,958885.54,6010297.7,Comfortable,51.4
1785796800000,NOISE-W,49a1ac8f-b89d-4356-8260-a3e73765a98a,958749.58,6010415.93,Comfortable,50.2
1785796800000,NOISE-NR1,5c7eb3a5-3ace-49d5-b023-33009a594311,959160.42,6010678.99,Comfortable,47.1
1785796800000,NOISE-NR2,a7b30385-932d-4325-b84b-ae6bdcc359e3,958613.61,6010191.3,Comfortable,45
1785796800000,NOISE-NR3,74469165-c65c-4435-a387-36920379578d,959234.31,6010383.42,Comfortable,47.4
1785796860000,NOISE-N,b291e7be-9f14-44ed-87c1-0f02b8ca35b3,958906.23,6010563.72,Comfortable,51.4
1785796860000,NOISE-E,7be9696e-9ace-4085-a81b-0b04c83955db,959045.15,6010445.49,Comfortable,52.7
1785796860000,NOISE-S,b543d03f-a7d0-4faa-8507-0b3e31081e0b,958885.54,6010297.7,Comfortable,51.3
1785796860000,NOISE-W,49a1ac8f-b89d-4356-8260-a3e73765a98a,958749.58,6010415.93,Comfortable,50.1
1785796860000,NOISE-NR1,5c7eb3a5-3ace-49d5-b023-33009a594311,959160.42,6010678.99,Comfortable,46.5
1785796860000,NOISE-NR2,a7b30385-932d-4325-b84b-ae6bdcc359e3,958613.61,6010191.3,Comfortable,45.3
1785796860000,NOISE-NR3,74469165-c65c-4435-a387-36920379578d,959234.31,6010383.42,Comfortable,46.9
1785796920000,NOISE-N,b291e7be-9f14-44ed-87c1-0f02b8ca35b3,958906.23,6010563.72,Comfortable,50.5
1785796920000,NOISE-E,7be9696e-9ace-4085-a81b-0b04c83955db,959045.15,6010445.49,Comfortable,51.9
1785796920000,NOISE-S,b543d03f-a7d0-4faa-8507-0b3e31081e0b,958885.54,6010297.7,Comfortable,51.1
1785796920000,NOISE-W,49a1ac8f-b89d-4356-8260-a3e73765a98a,958749.58,6010415.93,Comfortable,50.4
1785796920000,NOISE-NR1,5c7eb3a5-3ace-49d5-b023-33009a594311,959160.42,6010678.99,Comfortable,46.1
1785796920000,NOISE-NR2,a7b30385-932d-4325-b84b-ae6bdcc359e3,958613.61,6010191.3,Comfortable,45.6
1785796920000,NOISE-NR3,74469165-c65c-4435-a387-36920379578d,959234.31,6010383.42,Comfortable,47.5
1785796980000,NOISE-N,b291e7be-9f14-44ed-87c1-0f02b8ca35b3,958906.23,6010563.72,Comfortable,51.4
1785796980000,NOISE-E,7be9696e-9ace-4085-a81b-0b04c83955db,959045.15,6010445.49,Comfortable,51.3
1785796980000,NOISE-S,b543d03f-a7d0-4faa-8507-0b3e31081e0b,958885.54,6010297.7,Comfortable,50.5
1785796980000,NOISE-W,49a1ac8f-b89d-4356-8260-a3e73765a98a,958749.58,6010415.93,Comfortable,51.1
1785796980000,NOISE-NR1,5c7eb3a5-3ace-49d5-b023-33009a594311,959160.42,6010678.99,Comfortable,47.1
1785796980000,NOISE-NR2,a7b30385-932d-4325-b84b-ae6bdcc359e3,958613.61,6010191.3,Comfortable,46.3
1785796980000,NOISE-NR3,74469165-c65c-4435-a387-36920379578d,959234.31,6010383.42,Comfortable,48.2
1785797040000,NOISE-N,b291e7be-9f14-44ed-87c1-0f02b8ca35b3,958906.23,6010563.72,Comfortable,50.6
1785797040000,NOISE-E,7be9696e-9ace-4085-a81b-0b04c83955db,959045.15,6010445.49,Comfortable,51.7
1785797040000,NOISE-S,b543d03f-a7d0-4faa-8507-0b3e31081e0b,958885.54,6010297.7,Comfortable,50
1785797040000,NOISE-W,49a1ac8f-b89d-4356-8260-a3e73765a98a,958749.58,6010415.93,Comfortable,51
1785797040000,NOISE-NR1,5c7eb3a5-3ace-49d5-b023-33009a594311,959160.42,6010678.99,Comfortable,46.7
1785797040000,NOISE-NR2,a7b30385-932d-4325-b84b-ae6bdcc359e3,958613.61,6010191.3,Comfortable,45.4
1785797040000,NOISE-NR3,74469165-c65c-4435-a387-36920379578d,959234.31,6010383.42,Comfortable,48.1
1785797100000,NOISE-N,b291e7be-9f14-44ed-87c1-0f02b8ca35b3,958906.23,6010563.72,Comfortable,51.1
1785797100000,NOISE-E,7be9696e-9ace-4085-a81b-0b04c83955db,959045.15,6010445.49,Comfortable,51
1785797100000,NOISE-S,b543d03f-a7d0-4faa-8507-0b3e31081e0b,958885.54,6010297.7,Comfortable,49.2
1785797100000,NOISE-W,49a1ac8f-b89d-4356-8260-a3e73765a98a,958749.58,6010415.93,Comfortable,51.7
1785797100000,NOISE-NR1,5c7eb3a5-3ace-49d5-b023-33009a594311,959160.42,6010678.99,Comfortable,47.1
1785797100000,NOISE-NR2,a7b30385-932d-4325-b84b-ae6bdcc359e3,958613.61,6010191.3,Comfortable,45.8
1785797100000,NOISE-NR3,74469165-c65c-4435-a387-36920379578d,959234.31,6010383.42,Comfortable,48.6
1785797160000,NOISE-N,b291e7be-9f14-44ed-87c1-0f02b8ca35b3,958906.23,6010563.72,Comfortable,51.2
1785797160000,NOISE-E,7be9696e-9ace-4085-a81b-0b04c83955db,959045.15,6010445.49,Comfortable,52
1785797160000,NOISE-S,b543d03f-a7d0-4faa-8507-0b3e31081e0b,958885.54,6010297.7,Comfortable,49.9
1785797160000,NOISE-W,49a1ac8f-b89d-4356-8260-a3e73765a98a,958749.58,6010415.93,Comfortable,51
1785797160000,NOISE-NR1,5c7eb3a5-3ace-49d5-b023-33009a594311,959160.42,6010678.99,Comfortable,47.7
1785797160000,NOISE-NR2,a7b30385-932d-4325-b84b-ae6bdcc359e3,958613.61,6010191.3,Comfortable,45.2
1785797160000,NOISE-NR3,74469165-c65c-4435-a387-36920379578d,959234.31,6010383.42,Comfortable,49.1
1785797220000,NOISE-N,b291e7be-9f14-44ed-87c1-0f02b8ca35b3,958906.23,6010563.72,Comfortable,51.8
1785797220000,NOISE-E,7be9696e-9ace-4085-a81b-0b04c83955db,959045.15,6010445.49,Comfortable,51.5
1785797220000,NOISE-S,b543d03f-a7d0-4faa-8507-0b3e31081e0b,958885.54,6010297.7,Comfortable,50
1785797220000,NOISE-W,49a1ac8f-b89d-4356-8260-a3e73765a98a,958749.58,6010415.93,Comfortable,50.2
1785797220000,NOISE-NR1,5c7eb3a5-3ace-49d5-b023-33009a594311,959160.42,6010678.99,Comfortable,47
1785797220000,NOISE-NR2,a7b30385-932d-4325-b84b-ae6bdcc359e3,958613.61,6010191.3,Comfortable,45.3
1785797220000,NOISE-NR3,74469165-c65c-4435-a387-36920379578d,959234.31,6010383.42,Comfortable,49.4
1785797280000,NOISE-N,b291e7be-9f14-44ed-87c1-0f02b8ca35b3,958906.23,6010563.72,Comfortable,51.3
1785797280000,NOISE-E,7be9696e-9ace-4085-a81b-0b04c83955db,959045.15,6010445.49,Comfortable,52.3
1785797280000,NOISE-S,b543d03f-a7d0-4faa-8507-0b3e31081e0b,958885.54,6010297.7,Comfortable,49.6
1785797280000,NOISE-W,49a1ac8f-b89d-4356-8260-a3e73765a98a,958749.58,6010415.93,Comfortable,50.5
1785797280000,NOISE-NR1,5c7eb3a5-3ace-49d5-b023-33009a594311,959160.42,6010678.99,Comfortable,47.5
1785797280000,NOISE-NR2,a7b30385-932d-4325-b84b-ae6bdcc359e3,958613.61,6010191.3,Comfortable,46
1785797280000,NOISE-NR3,74469165-c65c-4435-a387-36920379578d,959234.31,6010383.42,Comfortable,49.7
1785797340000,NOISE-N,b291e7be-9f14-44ed-87c1-0f02b8ca35b3,958906.23,6010563.72,Comfortable,51.9
1785797340000,NOISE-E,7be9696e-9ace-4085-a81b-0b04c83955db,959045.15,6010445.49,Comfortable,51.6
1785797340000,NOISE-S,b543d03f-a7d0-4faa-8507-0b3e31081e0b,958885.54,6010297.7,Comfortable,49
1785797340000,NOISE-W,49a1ac8f-b89d-4356-8260-a3e73765a98a,958749.58,6010415.93,Comfortable,51.4
1785797340000,NOISE-NR1,5c7eb3a5-3ace-49d5-b023-33009a594311,959160.42,6010678.99,Comfortable,47.7
1785797340000,NOISE-NR2,a7b30385-932d-4325-b84b-ae6bdcc359e3,958613.61,6010191.3,Comfortable,45.3
1785797340000,NOISE-NR3,74469165-c65c-4435-a387-36920379578d,959234.31,6010383.42,Comfortable,48.9
1785797400000,NOISE-N,b291e7be-9f14-44ed-87c1-0f02b8ca35b3,958906.23,6010563.72,Comfortable,52
1785797400000,NOISE-E,7be9696e-9ace-4085-a81b-0b04c83955db,959045.15,6010445.49,Comfortable,52.5
1785797400000,NOISE-S,b543d03f-a7d0-4faa-8507-0b3e31081e0b,958885.54,6010297.7,Comfortable,49
1785797400000,NOISE-W,49a1ac8f-b89d-4356-8260-a3e73765a98a,958749.58,6010415.93,Comfortable,50.9
1785797400000,NOISE-NR1,5c7eb3a5-3ace-49d5-b023-33009a594311,959160.42,6010678.99,Comfortable,48.2
1785797400000,NOISE-NR2,a7b30385-932d-4325-b84b-ae6bdcc359e3,958613.61,6010191.3,Comfortable,45.2
1785797400000,NOISE-NR3,74469165-c65c-4435-a387-36920379578d,959234.31,6010383.42,Comfortable,48.3
1785797460000,NOISE-N,b291e7be-9f14-44ed-87c1-0f02b8ca35b3,958906.23,6010563.72,Comfortable,51.8
1785797460000,NOISE-E,7be9696e-9ace-4085-a81b-0b04c83955db,959045.15,6010445.49,Comfortable,51.9
1785797460000,NOISE-S,b543d03f-a7d0-4faa-8507-0b3e31081e0b,958885.54,6010297.7,Comfortable,50
1785797460000,NOISE-W,49a1ac8f-b89d-4356-8260-a3e73765a98a,958749.58,6010415.93,Comfortable,50.4
1785797460000,NOISE-NR1,5c7eb3a5-3ace-49d5-b023-33009a594311,959160.42,6010678.99,Comfortable,48.4
1785797460000,NOISE-NR2,a7b30385-932d-4325-b84b-ae6bdcc359e3,958613.61,6010191.3,Comfortable,45.6
1785797460000,NOISE-NR3,74469165-c65c-4435-a387-36920379578d,959234.31,6010383.42,Comfortable,47.9
1785797520000,NOISE-N,b291e7be-9f14-44ed-87c1-0f02b8ca35b3,958906.23,6010563.72,Comfortable,51.6
1785797520000,NOISE-E,7be9696e-9ace-4085-a81b-0b04c83955db,959045.15,6010445.49,Comfortable,51.3
1785797520000,NOISE-S,b543d03f-a7d0-4faa-8507-0b3e31081e0b,958885.54,6010297.7,Comfortable,50.6
1785797520000,NOISE-W,49a1ac8f-b89d-4356-8260-a3e73765a98a,958749.58,6010415.93,Comfortable,49.7
1785797520000,NOISE-NR1,5c7eb3a5-3ace-49d5-b023-33009a594311,959160.42,6010678.99,Comfortable,47.8
1785797520000,NOISE-NR2,a7b30385-932d-4325-b84b-ae6bdcc359e3,958613.61,6010191.3,Comfortable,45.2
1785797520000,NOISE-NR3,74469165-c65c-4435-a387-36920379578d,959234.31,6010383.42,Comfortable,47
1785797580000,NOISE-N,b291e7be-9f14-44ed-87c1-0f02b8ca35b3,958906.23,6010563.72,Comfortable,50.8
1785797580000,NOISE-E,7be9696e-9ace-4085-a81b-0b04c83955db,959045.15,6010445.49,Comfortable,51.4
1785797580000,NOISE-S,b543d03f-a7d0-4faa-8507-0b3e31081e0b,958885.54,6010297.7,Comfortable,50.9
1785797580000,NOISE-W,49a1ac8f-b89d-4356-8260-a3e73765a98a,958749.58,6010415.93,Comfortable,50.4
1785797580000,NOISE-NR1,5c7eb3a5-3ace-49d5-b023-33009a594311,959160.42,6010678.99,Comfortable,47.9
1785797580000,NOISE-NR2,a7b30385-932d-4325-b84b-ae6bdcc359e3,958613.61,6010191.3,Comfortable,44.7
1785797580000,NOISE-NR3,74469165-c65c-4435-a387-36920379578d,959234.31,6010383.42,Comfortable,47.3
1785797640000,NOISE-N,b291e7be-9f14-44ed-87c1-0f02b8ca35b3,958906.23,6010563.72,Comfortable,51.6
1785797640000,NOISE-E,7be9696e-9ace-4085-a81b-0b04c83955db,959045.15,6010445.49,Comfortable,51.4
1785797640000,NOISE-S,b543d03f-a7d0-4faa-8507-0b3e31081e0b,958885.54,6010297.7,Comfortable,51.4
1785797640000,NOISE-W,49a1ac8f-b89d-4356-8260-a3e73765a98a,958749.58,6010415.93,Comfortable,50.6
1785797640000,NOISE-NR1,5c7eb3a5-3ace-49d5-b023-33009a594311,959160.42,6010678.99,Comfortable,46.9
1785797640000,NOISE-NR2,a7b30385-932d-4325-b84b-ae6bdcc359e3,958613.61,6010191.3,Comfortable,45.1
1785797640000,NOISE-NR3,74469165-c65c-4435-a387-36920379578d,959234.31,6010383.42,Comfortable,46.7
1785797700000,NOISE-N,b291e7be-9f14-44ed-87c1-0f02b8ca35b3,958906.23,6010563.72,Comfortable,51.5
1785797700000,NOISE-E,7be9696e-9ace-4085-a81b-0b04c83955db,959045.15,6010445.49,Comfortable,52.1
1785797700000,NOISE-S,b543d03f-a7d0-4faa-8507-0b3e31081e0b,958885.54,6010297.7,Comfortable,50.3
1785797700000,NOISE-W,49a1ac8f-b89d-4356-8260-a3e73765a98a,958749.58,6010415.93,Comfortable,50.8
1785797700000,NOISE-NR1,5c7eb3a5-3ace-49d5-b023-33009a594311,959160.42,6010678.99,Comfortable,46.7
1785797700000,NOISE-NR2,a7b30385-932d-4325-b84b-ae6bdcc359e3,958613.61,6010191.3,Comfortable,45.3
1785797700000,NOISE-NR3,74469165-c65c-4435-a387-36920379578d,959234.31,6010383.42,Comfortable,47.4
1785797760000,NOISE-N,b291e7be-9f14-44ed-87c1-0f02b8ca35b3,958906.23,6010563.72,Comfortable,50.8
1785797760000,NOISE-E,7be9696e-9ace-4085-a81b-0b04c83955db,959045.15,6010445.49,Comfortable,51.7
1785797760000,NOISE-S,b543d03f-a7d0-4faa-8507-0b3e31081e0b,958885.54,6010297.7,Comfortable,50.8
1785797760000,NOISE-W,49a1ac8f-b89d-4356-8260-a3e73765a98a,958749.58,6010415.93,Comfortable,51
1785797760000,NOISE-NR1,5c7eb3a5-3ace-49d5-b023-33009a594311,959160.42,6010678.99,Comfortable,47
1785797760000,NOISE-NR2,a7b30385-932d-4325-b84b-ae6bdcc359e3,958613.61,6010191.3,Comfortable,46.2
1785797760000,NOISE-NR3,74469165-c65c-4435-a387-36920379578d,959234.31,6010383.42,Comfortable,47.3
1785797820000,NOISE-N,b291e7be-9f14-44ed-87c1-0f02b8ca35b3,958906.23,6010563.72,Comfortable,51.1
1785797820000,NOISE-E,7be9696e-9ace-4085-a81b-0b04c83955db,959045.15,6010445.49,Comfortable,51.5
1785797820000,NOISE-S,b543d03f-a7d0-4faa-8507-0b3e31081e0b,958885.54,6010297.7,Comfortable,51
1785797820000,NOISE-W,49a1ac8f-b89d-4356-8260-a3e73765a98a,958749.58,6010415.93,Comfortable,51.1
1785797820000,NOISE-NR1,5c7eb3a5-3ace-49d5-b023-33009a594311,959160.42,6010678.99,Comfortable,46.6
1785797820000,NOISE-NR2,a7b30385-932d-4325-b84b-ae6bdcc359e3,958613.61,6010191.3,Comfortable,45.7
1785797820000,NOISE-NR3,74469165-c65c-4435-a387-36920379578d,959234.31,6010383.42,Comfortable,47
1785797880000,NOISE-N,b291e7be-9f14-44ed-87c1-0f02b8ca35b3,958906.23,6010563.72,Comfortable,51.7
1785797880000,NOISE-E,7be9696e-9ace-4085-a81b-0b04c83955db,959045.15,6010445.49,Comfortable,50.9
1785797880000,NOISE-S,b543d03f-a7d0-4faa-8507-0b3e31081e0b,958885.54,6010297.7,Comfortable,50.6
1785797880000,NOISE-W,49a1ac8f-b89d-4356-8260-a3e73765a98a,958749.58,6010415.93,Comfortable,51.3
1785797880000,NOISE-NR1,5c7eb3a5-3ace-49d5-b023-33009a594311,959160.42,6010678.99,Comfortable,47.1
1785797880000,NOISE-NR2,a7b30385-932d-4325-b84b-ae6bdcc359e3,958613.61,6010191.3,Comfortable,45.6
1785797880000,NOISE-NR3,74469165-c65c-4435-a387-36920379578d,959234.31,6010383.42,Comfortable,47.8
1785797940000,NOISE-N,b291e7be-9f14-44ed-87c1-0f02b8ca35b3,958906.23,6010563.72,Comfortable,51.2
1785797940000,NOISE-E,7be9696e-9ace-4085-a81b-0b04c83955db,959045.15,6010445.49,Comfortable,50.8
1785797940000,NOISE-S,b543d03f-a7d0-4faa-8507-0b3e31081e0b,958885.54,6010297.7,Comfortable,51
1785797940000,NOISE-W,49a1ac8f-b89d-4356-8260-a3e73765a98a,958749.58,6010415.93,Comfortable,50.6
1785797940000,NOISE-NR1,5c7eb3a5-3ace-49d5-b023-33009a594311,959160.42,6010678.99,Comfortable,46.8
1785797940000,NOISE-NR2,a7b30385-932d-4325-b84b-ae6bdcc359e3,958613.61,6010191.3,Comfortable,46.3
1785797940000,NOISE-NR3,74469165-c65c-4435-a387-36920379578d,959234.31,6010383.42,Comfortable,48.3
1785798000000,NOISE-N,b291e7be-9f14-44ed-87c1-0f02b8ca35b3,958906.23,6010563.72,Comfortable,51
1785798000000,NOISE-E,7be9696e-9ace-4085-a81b-0b04c83955db,959045.15,6010445.49,Comfortable,51
1785798000000,NOISE-S,b543d03f-a7d0-4faa-8507-0b3e31081e0b,958885.54,6010297.7,Comfortable,50.4
1785798000000,NOISE-W,49a1ac8f-b89d-4356-8260-a3e73765a98a,958749.58,6010415.93,Comfortable,50
1785798000000,NOISE-NR1,5c7eb3a5-3ace-49d5-b023-33009a594311,959160.42,6010678.99,Comfortable,47.3
1785798000000,NOISE-NR2,a7b30385-932d-4325-b84b-ae6bdcc359e3,958613.61,6010191.3,Comfortable,45.5
1785798000000,NOISE-NR3,74469165-c65c-4435-a387-36920379578d,959234.31,6010383.42,Comfortable,47.4
1785798060000,NOISE-N,b291e7be-9f14-44ed-87c1-0f02b8ca35b3,958906.23,6010563.72,Comfortable,50.7
1785798060000,NOISE-E,7be9696e-9ace-4085-a81b-0b04c83955db,959045.15,6010445.49,Comfortable,51.2
1785798060000,NOISE-S,b543d03f-a7d0-4faa-8507-0b3e31081e0b,958885.54,6010297.7,Comfortable,49.8
1785798060000,NOISE-W,49a1ac8f-b89d-4356-8260-a3e73765a98a,958749.58,6010415.93,Comfortable,49.8
1785798060000,NOISE-NR1,5c7eb3a5-3ace-49d5-b023-33009a594311,959160.42,6010678.99,Comfortable,46.6
1785798060000,NOISE-NR2,a7b30385-932d-4325-b84b-ae6bdcc359e3,958613.61,6010191.3,Comfortable,46.1
1785798060000,NOISE-NR3,74469165-c65c-4435-a387-36920379578d,959234.31,6010383.42,Comfortable,47.3
1785798120000,NOISE-N,b291e7be-9f14-44ed-87c1-0f02b8ca35b3,958906.23,6010563.72,Comfortable,50.9
1785798120000,NOISE-E,7be9696e-9ace-4085-a81b-0b04c83955db,959045.15,6010445.49,Comfortable,50.7
1785798120000,NOISE-S,b543d03f-a7d0-4faa-8507-0b3e31081e0b,958885.54,6010297.7,Comfortable,49.2
1785798120000,NOISE-W,49a1ac8f-b89d-4356-8260-a3e73765a98a,958749.58,6010415.93,Comfortable,49.7
1785798120000,NOISE-NR1,5c7eb3a5-3ace-49d5-b023-33009a594311,959160.42,6010678.99,Comfortable,46.5
1785798120000,NOISE-NR2,a7b30385-932d-4325-b84b-ae6bdcc359e3,958613.61,6010191.3,Comfortable,45.4
1785798120000,NOISE-NR3,74469165-c65c-4435-a387-36920379578d,959234.31,6010383.42,Comfortable,47.7
1785798180000,NOISE-N,b291e7be-9f14-44ed-87c1-0f02b8ca35b3,958906.23,6010563.72,Comfortable,51
1785798180000,NOISE-E,7be9696e-9ace-4085-a81b-0b04c83955db,959045.15,6010445.49,Comfortable,51
1785798180000,NOISE-S,b543d03f-a7d0-4faa-8507-0b3e31081e0b,958885.54,6010297.7,Comfortable,50
1785798180000,NOISE-W,49a1ac8f-b89d-4356-8260-a3e73765a98a,958749.58,6010415.93,Comfortable,49.7
1785798180000,NOISE-NR1,5c7eb3a5-3ace-49d5-b023-33009a594311,959160.42,6010678.99,Comfortable,46.5
1785798180000,NOISE-NR2,a7b30385-932d-4325-b84b-ae6bdcc359e3,958613.61,6010191.3,Comfortable,45.2
1785798180000,NOISE-NR3,74469165-c65c-4435-a387-36920379578d,959234.31,6010383.42,Comfortable,48.2
1785798240000,NOISE-N,b291e7be-9f14-44ed-87c1-0f02b8ca35b3,958906.23,6010563.72,Comfortable,51.4
1785798240000,NOISE-E,7be9696e-9ace-4085-a81b-0b04c83955db,959045.15,6010445.49,Comfortable,52
1785798240000,NOISE-S,b543d03f-a7d0-4faa-8507-0b3e31081e0b,958885.54,6010297.7,Comfortable,50
1785798240000,NOISE-W,49a1ac8f-b89d-4356-8260-a3e73765a98a,958749.58,6010415.93,Comfortable,50.2
1785798240000,NOISE-NR1,5c7eb3a5-3ace-49d5-b023-33009a594311,959160.42,6010678.99,Comfortable,45.8
1785798240000,NOISE-NR2,a7b30385-932d-4325-b84b-ae6bdcc359e3,958613.61,6010191.3,Comfortable,45.8
1785798240000,NOISE-NR3,74469165-c65c-4435-a387-36920379578d,959234.31,6010383.42,Comfortable,47.9
1785798300000,NOISE-N,b291e7be-9f14-44ed-87c1-0f02b8ca35b3,958906.23,6010563.72,Comfortable,51.1
1785798300000,NOISE-E,7be9696e-9ace-4085-a81b-0b04c83955db,959045.15,6010445.49,Comfortable,51.5
1785798300000,NOISE-S,b543d03f-a7d0-4faa-8507-0b3e31081e0b,958885.54,6010297.7,Comfortable,50.7
1785798300000,NOISE-W,49a1ac8f-b89d-4356-8260-a3e73765a98a,958749.58,6010415.93,Comfortable,49.7
1785798300000,NOISE-NR1,5c7eb3a5-3ace-49d5-b023-33009a594311,959160.42,6010678.99,Comfortable,46.4
1785798300000,NOISE-NR2,a7b30385-932d-4325-b84b-ae6bdcc359e3,958613.61,6010191.3,Comfortable,45.1
1785798300000,NOISE-NR3,74469165-c65c-4435-a387-36920379578d,959234.31,6010383.42,Comfortable,48.1
1785798360000,NOISE-N,b291e7be-9f14-44ed-87c1-0f02b8ca35b3,958906.23,6010563.72,Comfortable,51.1
1785798360000,NOISE-E,7be9696e-9ace-4085-a81b-0b04c83955db,959045.15,6010445.49,Comfortable,52
1785798360000,NOISE-S,b543d03f-a7d0-4faa-8507-0b3e31081e0b,958885.54,6010297.7,Comfortable,50.6
1785798360000,NOISE-W,49a1ac8f-b89d-4356-8260-a3e73765a98a,958749.58,6010415.93,Comfortable,50.4
1785798360000,NOISE-NR1,5c7eb3a5-3ace-49d5-b023-33009a594311,959160.42,6010678.99,Comfortable,46.8
1785798360000,NOISE-NR2,a7b30385-932d-4325-b84b-ae6bdcc359e3,958613.61,6010191.3,Comfortable,45.7
1785798360000,NOISE-NR3,74469165-c65c-4435-a387-36920379578d,959234.31,6010383.42,Comfortable,47.8
1785798420000,NOISE-N,b291e7be-9f14-44ed-87c1-0f02b8ca35b3,958906.23,6010563.72,Comfortable,51.4
1785798420000,NOISE-E,7be9696e-9ace-4085-a81b-0b04c83955db,959045.15,6010445.49,Comfortable,51.2
1785798420000,NOISE-S,b543d03f-a7d0-4faa-8507-0b3e31081e0b,958885.54,6010297.7,Comfortable,50.4
1785798420000,NOISE-W,49a1ac8f-b89d-4356-8260-a3e73765a98a,958749.58,6010415.93,Comfortable,49.7
1785798420000,NOISE-NR1,5c7eb3a5-3ace-49d5-b023-33009a594311,959160.42,6010678.99,Comfortable,46.9
1785798420000,NOISE-NR2,a7b30385-932d-4325-b84b-ae6bdcc359e3,958613.61,6010191.3,Comfortable,46.2
1785798420000,NOISE-NR3,74469165-c65c-4435-a387-36920379578d,959234.31,6010383.42,Comfortable,47.7
1785798480000,NOISE-N,b291e7be-9f14-44ed-87c1-0f02b8ca35b3,958906.23,6010563.72,Comfortable,51.9
1785798480000,NOISE-E,7be9696e-9ace-4085-a81b-0b04c83955db,959045.15,6010445.49,Comfortable,51.2
1785798480000,NOISE-S,b543d03f-a7d0-4faa-8507-0b3e31081e0b,958885.54,6010297.7,Comfortable,51
1785798480000,NOISE-W,49a1ac8f-b89d-4356-8260-a3e73765a98a,958749.58,6010415.93,Comfortable,49.5
1785798480000,NOISE-NR1,5c7eb3a5-3ace-49d5-b023-33009a594311,959160.42,6010678.99,Comfortable,46.2
1785798480000,NOISE-NR2,a7b30385-932d-4325-b84b-ae6bdcc359e3,958613.61,6010191.3,Comfortable,46.7
1785798480000,NOISE-NR3,74469165-c65c-4435-a387-36920379578d,959234.31,6010383.42,Comfortable,47.7
1785798540000,NOISE-N,b291e7be-9f14-44ed-87c1-0f02b8ca35b3,958906.23,6010563.72,Comfortable,52.2
1785798540000,NOISE-E,7be9696e-9ace-4085-a81b-0b04c83955db,959045.15,6010445.49,Comfortable,51
1785798540000,NOISE-S,b543d03f-a7d0-4faa-8507-0b3e31081e0b,958885.54,6010297.7,Comfortable,50.7
1785798540000,NOISE-W,49a1ac8f-b89d-4356-8260-a3e73765a98a,958749.58,6010415.93,Comfortable,49.5
1785798540000,NOISE-NR1,5c7eb3a5-3ace-49d5-b023-33009a594311,959160.42,6010678.99,Comfortable,46.8
1785798540000,NOISE-NR2,a7b30385-932d-4325-b84b-ae6bdcc359e3,958613.61,6010191.3,Comfortable,47.1
1785798540000,NOISE-NR3,74469165-c65c-4435-a387-36920379578d,959234.31,6010383.42,Comfortable,48.5
1785798600000,NOISE-N,b291e7be-9f14-44ed-87c1-0f02b8ca35b3,958906.23,6010563.72,Comfortable,52.7
1785798600000,NOISE-E,7be9696e-9ace-4085-a81b-0b04c83955db,959045.15,6010445.49,Comfortable,50.6
1785798600000,NOISE-S,b543d03f-a7d0-4faa-8507-0b3e31081e0b,958885.54,6010297.7,Comfortable,50.6
1785798600000,NOISE-W,49a1ac8f-b89d-4356-8260-a3e73765a98a,958749.58,6010415.93,Comfortable,49.4
1785798600000,NOISE-NR1,5c7eb3a5-3ace-49d5-b023-33009a594311,959160.42,6010678.99,Comfortable,46
1785798600000,NOISE-NR2,a7b30385-932d-4325-b84b-ae6bdcc359e3,958613.61,6010191.3,Comfortable,46.8
1785798600000,NOISE-NR3,74469165-c65c-4435-a387-36920379578d,959234.31,6010383.42,Comfortable,47.9
1785798660000,NOISE-N,b291e7be-9f14-44ed-87c1-0f02b8ca35b3,958906.23,6010563.72,Comfortable,51.7
1785798660000,NOISE-E,7be9696e-9ace-4085-a81b-0b04c83955db,959045.15,6010445.49,Comfortable,51.5
1785798660000,NOISE-S,b543d03f-a7d0-4faa-8507-0b3e31081e0b,958885.54,6010297.7,Comfortable,50.8
1785798660000,NOISE-W,49a1ac8f-b89d-4356-8260-a3e73765a98a,958749.58,6010415.93,Comfortable,50.3
1785798660000,NOISE-NR1,5c7eb3a5-3ace-49d5-b023-33009a594311,959160.42,6010678.99,Comfortable,46.9
1785798660000,NOISE-NR2,a7b30385-932d-4325-b84b-ae6bdcc359e3,958613.61,6010191.3,Comfortable,45.8
1785798660000,NOISE-NR3,74469165-c65c-4435-a387-36920379578d,959234.31,6010383.42,Comfortable,47.2
1785798720000,NOISE-N,b291e7be-9f14-44ed-87c1-0f02b8ca35b3,958906.23,6010563.72,Comfortable,51
1785798720000,NOISE-E,7be9696e-9ace-4085-a81b-0b04c83955db,959045.15,6010445.49,Comfortable,51.8
1785798720000,NOISE-S,b543d03f-a7d0-4faa-8507-0b3e31081e0b,958885.54,6010297.7,Comfortable,50.1
1785798720000,NOISE-W,49a1ac8f-b89d-4356-8260-a3e73765a98a,958749.58,6010415.93,Comfortable,49.8
1785798720000,NOISE-NR1,5c7eb3a5-3ace-49d5-b023-33009a594311,959160.42,6010678.99,Comfortable,46.8
1785798720000,NOISE-NR2,a7b30385-932d-4325-b84b-ae6bdcc359e3,958613.61,6010191.3,Comfortable,45.9
1785798720000,NOISE-NR3,74469165-c65c-4435-a387-36920379578d,959234.31,6010383.42,Comfortable,46.8
1785798780000,NOISE-N,b291e7be-9f14-44ed-87c1-0f02b8ca35b3,958906.23,6010563.72,Comfortable,50.4
1785798780000,NOISE-E,7be9696e-9ace-4085-a81b-0b04c83955db,959045.15,6010445.49,Comfortable,52.5
1785798780000,NOISE-S,b543d03f-a7d0-4faa-8507-0b3e31081e0b,958885.54,6010297.7,Comfortable,49.8
1785798780000,NOISE-W,49a1ac8f-b89d-4356-8260-a3e73765a98a,958749.58,6010415.93,Comfortable,50.4
1785798780000,NOISE-NR1,5c7eb3a5-3ace-49d5-b023-33009a594311,959160.42,6010678.99,Comfortable,46
1785798780000,NOISE-NR2,a7b30385-932d-4325-b84b-ae6bdcc359e3,958613.61,6010191.3,Comfortable,45.9
1785798780000,NOISE-NR3,74469165-c65c-4435-a387-36920379578d,959234.31,6010383.42,Comfortable,46.5
1785798840000,NOISE-N,b291e7be-9f14-44ed-87c1-0f02b8ca35b3,958906.23,6010563.72,Comfortable,50.7
1785798840000,NOISE-E,7be9696e-9ace-4085-a81b-0b04c83955db,959045.15,6010445.49,Comfortable,52.3
1785798840000,NOISE-S,b543d03f-a7d0-4faa-8507-0b3e31081e0b,958885.54,6010297.7,Comfortable,49.2
1785798840000,NOISE-W,49a1ac8f-b89d-4356-8260-a3e73765a98a,958749.58,6010415.93,Comfortable,51
1785798840000,NOISE-NR1,5c7eb3a5-3ace-49d5-b023-33009a594311,959160.42,6010678.99,Comfortable,45.7
1785798840000,NOISE-NR2,a7b30385-932d-4325-b84b-ae6bdcc359e3,958613.61,6010191.3,Comfortable,46.3
1785798840000,NOISE-NR3,74469165-c65c-4435-a387-36920379578d,959234.31,6010383.42,Comfortable,46.9
1785798900000,NOISE-N,b291e7be-9f14-44ed-87c1-0f02b8ca35b3,958906.23,6010563.72,Comfortable,50.6
1785798900000,NOISE-E,7be9696e-9ace-4085-a81b-0b04c83955db,959045.15,6010445.49,Comfortable,52.2
1785798900000,NOISE-S,b543d03f-a7d0-4faa-8507-0b3e31081e0b,958885.54,6010297.7,Comfortable,48.7
1785798900000,NOISE-W,49a1ac8f-b89d-4356-8260-a3e73765a98a,958749.58,6010415.93,Comfortable,50.9
1785798900000,NOISE-NR1,5c7eb3a5-3ace-49d5-b023-33009a594311,959160.42,6010678.99,Comfortable,45.8
1785798900000,NOISE-NR2,a7b30385-932d-4325-b84b-ae6bdcc359e3,958613.61,6010191.3,Comfortable,45.4
1785798900000,NOISE-NR3,74469165-c65c-4435-a387-36920379578d,959234.31,6010383.42,Comfortable,47.6
1785798960000,NOISE-N,b291e7be-9f14-44ed-87c1-0f02b8ca35b3,958906.23,6010563.72,Comfortable,51
1785798960000,NOISE-E,7be9696e-9ace-4085-a81b-0b04c83955db,959045.15,6010445.49,Comfortable,51.3
1785798960000,NOISE-S,b543d03f-a7d0-4faa-8507-0b3e31081e0b,958885.54,6010297.7,Comfortable,48.5
1785798960000,NOISE-W,49a1ac8f-b89d-4356-8260-a3e73765a98a,958749.58,6010415.93,Comfortable,51.4
1785798960000,NOISE-NR1,5c7eb3a5-3ace-49d5-b023-33009a594311,959160.42,6010678.99,Comfortable,46.6
1785798960000,NOISE-NR2,a7b30385-932d-4325-b84b-ae6bdcc359e3,958613.61,6010191.3,Comfortable,46
1785798960000,NOISE-NR3,74469165-c65c-4435-a387-36920379578d,959234.31,6010383.42,Comfortable,47.2
1785799020000,NOISE-N,b291e7be-9f14-44ed-87c1-0f02b8ca35b3,958906.23,6010563.72,Comfortable,51.4
1785799020000,NOISE-E,7be9696e-9ace-4085-a81b-0b04c83955db,959045.15,6010445.49,Comfortable,51.5
1785799020000,NOISE-S,b543d03f-a7d0-4faa-8507-0b3e31081e0b,958885.54,6010297.7,Comfortable,48.5
1785799020000,NOISE-W,49a1ac8f-b89d-4356-8260-a3e73765a98a,958749.58,6010415.93,Comfortable,50.5
1785799020000,NOISE-NR1,5c7eb3a5-3ace-49d5-b023-33009a594311,959160.42,6010678.99,Comfortable,46.6
1785799020000,NOISE-NR2,a7b30385-932d-4325-b84b-ae6bdcc359e3,958613.61,6010191.3,Comfortable,45.3
1785799020000,NOISE-NR3,74469165-c65c-4435-a387-36920379578d,959234.31,6010383.42,Comfortable,47.1
1785799080000,NOISE-N,b291e7be-9f14-44ed-87c1-0f02b8ca35b3,958906.23,6010563.72,Comfortable,50.9
1785799080000,NOISE-E,7be9696e-9ace-4085-a81b-0b04c83955db,959045.15,6010445.49,Comfortable,52.3
1785799080000,NOISE-S,b543d03f-a7d0-4faa-8507-0b3e31081e0b,958885.54,6010297.7,Comfortable,48.4
1785799080000,NOISE-W,49a1ac8f-b89d-4356-8260-a3e73765a98a,958749.58,6010415.93,Comfortable,50.2
1785799080000,NOISE-NR1,5c7eb3a5-3ace-49d5-b023-33009a594311,959160.42,6010678.99,Comfortable,47.3
1785799080000,NOISE-NR2,a7b30385-932d-4325-b84b-ae6bdcc359e3,958613.61,6010191.3,Comfortable,44.9
1785799080000,NOISE-NR3,74469165-c65c-4435-a387-36920379578d,959234.31,6010383.42,Comfortable,46.5
1785799140000,NOISE-N,b291e7be-9f14-44ed-87c1-0f02b8ca35b3,958906.23,6010563.72,Comfortable,50.5
1785799140000,NOISE-E,7be9696e-9ace-4085-a81b-0b04c83955db,959045.15,6010445.49,Comfortable,51.8
1785799140000,NOISE-S,b543d03f-a7d0-4faa-8507-0b3e31081e0b,958885.54,6010297.7,Comfortable,49
1785799140000,NOISE-W,49a1ac8f-b89d-4356-8260-a3e73765a98a,958749.58,6010415.93,Comfortable,49.8
1785799140000,NOISE-NR1,5c7eb3a5-3ace-49d5-b023-33009a594311,959160.42,6010678.99,Comfortable,47.9
1785799140000,NOISE-NR2,a7b30385-932d-4325-b84b-ae6bdcc359e3,958613.61,6010191.3,Comfortable,44.8
1785799140000,NOISE-NR3,74469165-c65c-4435-a387-36920379578d,959234.31,6010383.42,Comfortable,47.1
1785799200000,NOISE-N,b291e7be-9f14-44ed-87c1-0f02b8ca35b3,958906.23,6010563.72,Comfortable,50.7
1785799200000,NOISE-E,7be9696e-9ace-4085-a81b-0b04c83955db,959045.15,6010445.49,Comfortable,51.9
1785799200000,NOISE-S,b543d03f-a7d0-4faa-8507-0b3e31081e0b,958885.54,6010297.7,Comfortable,49.8
1785799200000,NOISE-W,49a1ac8f-b89d-4356-8260-a3e73765a98a,958749.58,6010415.93,Comfortable,50.7
1785799200000,NOISE-NR1,5c7eb3a5-3ace-49d5-b023-33009a594311,959160.42,6010678.99,Comfortable,48
1785799200000,NOISE-NR2,a7b30385-932d-4325-b84b-ae6bdcc359e3,958613.61,6010191.3,Comfortable,45.6
1785799200000,NOISE-NR3,74469165-c65c-4435-a387-36920379578d,959234.31,6010383.42,Comfortable,47.7
1785799260000,NOISE-N,b291e7be-9f14-44ed-87c1-0f02b8ca35b3,958906.23,6010563.72,Comfortable,50.2
1785799260000,NOISE-E,7be9696e-9ace-4085-a81b-0b04c83955db,959045.15,6010445.49,Comfortable,51.6
1785799260000,NOISE-S,b543d03f-a7d0-4faa-8507-0b3e31081e0b,958885.54,6010297.7,Comfortable,49.7
1785799260000,NOISE-W,49a1ac8f-b89d-4356-8260-a3e73765a98a,958749.58,6010415.93,Comfortable,50.1
1785799260000,NOISE-NR1,5c7eb3a5-3ace-49d5-b023-33009a594311,959160.42,6010678.99,Comfortable,47
1785799260000,NOISE-NR2,a7b30385-932d-4325-b84b-ae6bdcc359e3,958613.61,6010191.3,Comfortable,45.8
1785799260000,NOISE-NR3,74469165-c65c-4435-a387-36920379578d,959234.31,6010383.42,Comfortable,46.9
1785799320000,NOISE-N,b291e7be-9f14-44ed-87c1-0f02b8ca35b3,958906.23,6010563.72,Comfortable,50.5
1785799320000,NOISE-E,7be9696e-9ace-4085-a81b-0b04c83955db,959045.15,6010445.49,Comfortable,52.3
1785799320000,NOISE-S,b543d03f-a7d0-4faa-8507-0b3e31081e0b,958885.54,6010297.7,Comfortable,49.4
1785799320000,NOISE-W,49a1ac8f-b89d-4356-8260-a3e73765a98a,958749.58,6010415.93,Comfortable,49.8
1785799320000,NOISE-NR1,5c7eb3a5-3ace-49d5-b023-33009a594311,959160.42,6010678.99,Comfortable,46.9
1785799320000,NOISE-NR2,a7b30385-932d-4325-b84b-ae6bdcc359e3,958613.61,6010191.3,Comfortable,45.6
1785799320000,NOISE-NR3,74469165-c65c-4435-a387-36920379578d,959234.31,6010383.42,Comfortable,46.7
1785799380000,NOISE-N,b291e7be-9f14-44ed-87c1-0f02b8ca35b3,958906.23,6010563.72,Comfortable,50.1
1785799380000,NOISE-E,7be9696e-9ace-4085-a81b-0b04c83955db,959045.15,6010445.49,Comfortable,51.7
1785799380000,NOISE-S,b543d03f-a7d0-4faa-8507-0b3e31081e0b,958885.54,6010297.7,Comfortable,50.1
1785799380000,NOISE-W,49a1ac8f-b89d-4356-8260-a3e73765a98a,958749.58,6010415.93,Comfortable,50.8
1785799380000,NOISE-NR1,5c7eb3a5-3ace-49d5-b023-33009a594311,959160.42,6010678.99,Comfortable,47.5
1785799380000,NOISE-NR2,a7b30385-932d-4325-b84b-ae6bdcc359e3,958613.61,6010191.3,Comfortable,45.1
1785799380000,NOISE-NR3,74469165-c65c-4435-a387-36920379578d,959234.31,6010383.42,Comfortable,46.7
1785799440000,NOISE-N,b291e7be-9f14-44ed-87c1-0f02b8ca35b3,958906.23,6010563.72,Comfortable,49.7
1785799440000,NOISE-E,7be9696e-9ace-4085-a81b-0b04c83955db,959045.15,6010445.49,Comfortable,52.4
1785799440000,NOISE-S,b543d03f-a7d0-4faa-8507-0b3e31081e0b,958885.54,6010297.7,Comfortable,50.7
1785799440000,NOISE-W,49a1ac8f-b89d-4356-8260-a3e73765a98a,958749.58,6010415.93,Comfortable,50.2
1785799440000,NOISE-NR1,5c7eb3a5-3ace-49d5-b023-33009a594311,959160.42,6010678.99,Comfortable,48
1785799440000,NOISE-NR2,a7b30385-932d-4325-b84b-ae6bdcc359e3,958613.61,6010191.3,Comfortable,45.2
1785799440000,NOISE-NR3,74469165-c65c-4435-a387-36920379578d,959234.31,6010383.42,Comfortable,46.8
1785799500000,NOISE-N,b291e7be-9f14-44ed-87c1-0f02b8ca35b3,958906.23,6010563.72,Comfortable,49.7
1785799500000,NOISE-E,7be9696e-9ace-4085-a81b-0b04c83955db,959045.15,6010445.49,Comfortable,51.8
1785799500000,NOISE-S,b543d03f-a7d0-4faa-8507-0b3e31081e0b,958885.54,6010297.7,Comfortable,51
1785799500000,NOISE-W,49a1ac8f-b89d-4356-8260-a3e73765a98a,958749.58,6010415.93,Comfortable,50.9
1785799500000,NOISE-NR1,5c7eb3a5-3ace-49d5-b023-33009a594311,959160.42,6010678.99,Comfortable,47.5
1785799500000,NOISE-NR2,a7b30385-932d-4325-b84b-ae6bdcc359e3,958613.61,6010191.3,Comfortable,45.8
1785799500000,NOISE-NR3,74469165-c65c-4435-a387-36920379578d,959234.31,6010383.42,Comfortable,46.8
1785799560000,NOISE-N,b291e7be-9f14-44ed-87c1-0f02b8ca35b3,958906.23,6010563.72,Comfortable,49.6
1785799560000,NOISE-E,7be9696e-9ace-4085-a81b-0b04c83955db,959045.15,6010445.49,Comfortable,51.9
1785799560000,NOISE-S,b543d03f-a7d0-4faa-8507-0b3e31081e0b,958885.54,6010297.7,Comfortable,50.6
1785799560000,NOISE-W,49a1ac8f-b89d-4356-8260-a3e73765a98a,958749.58,6010415.93,Comfortable,51.1
1785799560000,NOISE-NR1,5c7eb3a5-3ace-49d5-b023-33009a594311,959160.42,6010678.99,Comfortable,46.9
1785799560000,NOISE-NR2,a7b30385-932d-4325-b84b-ae6bdcc359e3,958613.61,6010191.3,Comfortable,46.1
1785799560000,NOISE-NR3,74469165-c65c-4435-a387-36920379578d,959234.31,6010383.42,Comfortable,47.1
1785799620000,NOISE-N,b291e7be-9f14-44ed-87c1-0f02b8ca35b3,958906.23,6010563.72,Comfortable,50.3
1785799620000,NOISE-E,7be9696e-9ace-4085-a81b-0b04c83955db,959045.15,6010445.49,Comfortable,52.5
1785799620000,NOISE-S,b543d03f-a7d0-4faa-8507-0b3e31081e0b,958885.54,6010297.7,Comfortable,50
1785799620000,NOISE-W,49a1ac8f-b89d-4356-8260-a3e73765a98a,958749.58,6010415.93,Comfortable,51.3
1785799620000,NOISE-NR1,5c7eb3a5-3ace-49d5-b023-33009a594311,959160.42,6010678.99,Comfortable,47
1785799620000,NOISE-NR2,a7b30385-932d-4325-b84b-ae6bdcc359e3,958613.61,6010191.3,Comfortable,46.4
1785799620000,NOISE-NR3,74469165-c65c-4435-a387-36920379578d,959234.31,6010383.42,Comfortable,46.5
1785799680000,NOISE-N,b291e7be-9f14-44ed-87c1-0f02b8ca35b3,958906.23,6010563.72,Comfortable,51.2
1785799680000,NOISE-E,7be9696e-9ace-4085-a81b-0b04c83955db,959045.15,6010445.49,Comfortable,52.4
1785799680000,NOISE-S,b543d03f-a7d0-4faa-8507-0b3e31081e0b,958885.54,6010297.7,Comfortable,49.3
1785799680000,NOISE-W,49a1ac8f-b89d-4356-8260-a3e73765a98a,958749.58,6010415.93,Comfortable,50.6
1785799680000,NOISE-NR1,5c7eb3a5-3ace-49d5-b023-33009a594311,959160.42,6010678.99,Comfortable,46.8
1785799680000,NOISE-NR2,a7b30385-932d-4325-b84b-ae6bdcc359e3,958613.61,6010191.3,Comfortable,46.9
1785799680000,NOISE-NR3,74469165-c65c-4435-a387-36920379578d,959234.31,6010383.42,Comfortable,46.1
1785799740000,NOISE-N,b291e7be-9f14-44ed-87c1-0f02b8ca35b3,958906.23,6010563.72,Comfortable,50.7
1785799740000,NOISE-E,7be9696e-9ace-4085-a81b-0b04c83955db,959045.15,6010445.49,Comfortable,52.5
1785799740000,NOISE-S,b543d03f-a7d0-4faa-8507-0b3e31081e0b,958885.54,6010297.7,Comfortable,49.6
1785799740000,NOISE-W,49a1ac8f-b89d-4356-8260-a3e73765a98a,958749.58,6010415.93,Comfortable,51
1785799740000,NOISE-NR1,5c7eb3a5-3ace-49d5-b023-33009a594311,959160.42,6010678.99,Comfortable,46.9
1785799740000,NOISE-NR2,a7b30385-932d-4325-b84b-ae6bdcc359e3,958613.61,6010191.3,Comfortable,47
1785799740000,NOISE-NR3,74469165-c65c-4435-a387-36920379578d,959234.31,6010383.42,Comfortable,46.3
1785799800000,NOISE-N,b291e7be-9f14-44ed-87c1-0f02b8ca35b3,958906.23,6010563.72,Comfortable,51.6
1785799800000,NOISE-E,7be9696e-9ace-4085-a81b-0b04c83955db,959045.15,6010445.49,Comfortable,51.8
1785799800000,NOISE-S,b543d03f-a7d0-4faa-8507-0b3e31081e0b,958885.54,6010297.7,Comfortable,48.9
1785799800000,NOISE-W,49a1ac8f-b89d-4356-8260-a3e73765a98a,958749.58,6010415.93,Comfortable,51.7
1785799800000,NOISE-NR1,5c7eb3a5-3ace-49d5-b023-33009a594311,959160.42,6010678.99,Comfortable,46.3
1785799800000,NOISE-NR2,a7b30385-932d-4325-b84b-ae6bdcc359e3,958613.61,6010191.3,Comfortable,47.1
1785799800000,NOISE-NR3,74469165-c65c-4435-a387-36920379578d,959234.31,6010383.42,Comfortable,47.4
1785799860000,NOISE-N,b291e7be-9f14-44ed-87c1-0f02b8ca35b3,958906.23,6010563.72,Comfortable,51.4
1785799860000,NOISE-E,7be9696e-9ace-4085-a81b-0b04c83955db,959045.15,6010445.49,Comfortable,51
1785799860000,NOISE-S,b543d03f-a7d0-4faa-8507-0b3e31081e0b,958885.54,6010297.7,Comfortable,49.8
1785799860000,NOISE-W,49a1ac8f-b89d-4356-8260-a3e73765a98a,958749.58,6010415.93,Comfortable,51.8
1785799860000,NOISE-NR1,5c7eb3a5-3ace-49d5-b023-33009a594311,959160.42,6010678.99,Comfortable,46.8
1785799860000,NOISE-NR2,a7b30385-932d-4325-b84b-ae6bdcc359e3,958613.61,6010191.3,Comfortable,46.9
1785799860000,NOISE-NR3,74469165-c65c-4435-a387-36920379578d,959234.31,6010383.42,Comfortable,47
1785799920000,NOISE-N,b291e7be-9f14-44ed-87c1-0f02b8ca35b3,958906.23,6010563.72,Comfortable,50.6
1785799920000,NOISE-E,7be9696e-9ace-4085-a81b-0b04c83955db,959045.15,6010445.49,Comfortable,51.3
1785799920000,NOISE-S,b543d03f-a7d0-4faa-8507-0b3e31081e0b,958885.54,6010297.7,Comfortable,50.6
1785799920000,NOISE-W,49a1ac8f-b89d-4356-8260-a3e73765a98a,958749.58,6010415.93,Comfortable,52.3
1785799920000,NOISE-NR1,5c7eb3a5-3ace-49d5-b023-33009a594311,959160.42,6010678.99,Comfortable,47.1
1785799920000,NOISE-NR2,a7b30385-932d-4325-b84b-ae6bdcc359e3,958613.61,6010191.3,Comfortable,47.2
1785799920000,NOISE-NR3,74469165-c65c-4435-a387-36920379578d,959234.31,6010383.42,Comfortable,46.5
1785799980000,NOISE-N,b291e7be-9f14-44ed-87c1-0f02b8ca35b3,958906.23,6010563.72,Comfortable,50.3
1785799980000,NOISE-E,7be9696e-9ace-4085-a81b-0b04c83955db,959045.15,6010445.49,Comfortable,50.7
1785799980000,NOISE-S,b543d03f-a7d0-4faa-8507-0b3e31081e0b,958885.54,6010297.7,Comfortable,50.5
1785799980000,NOISE-W,49a1ac8f-b89d-4356-8260-a3e73765a98a,958749.58,6010415.93,Comfortable,51.4
1785799980000,NOISE-NR1,5c7eb3a5-3ace-49d5-b023-33009a594311,959160.42,6010678.99,Comfortable,47.4
1785799980000,NOISE-NR2,a7b30385-932d-4325-b84b-ae6bdcc359e3,958613.61,6010191.3,Comfortable,46.2
1785799980000,NOISE-NR3,74469165-c65c-4435-a387-36920379578d,959234.31,6010383.42,Comfortable,47.5
1785800040000,NOISE-N,b291e7be-9f14-44ed-87c1-0f02b8ca35b3,958906.23,6010563.72,Comfortable,50.4
1785800040000,NOISE-E,7be9696e-9ace-4085-a81b-0b04c83955db,959045.15,6010445.49,Comfortable,50.6
1785800040000,NOISE-S,b543d03f-a7d0-4faa-8507-0b3e31081e0b,958885.54,6010297.7,Comfortable,50.3
1785800040000,NOISE-W,49a1ac8f-b89d-4356-8260-a3e73765a98a,958749.58,6010415.93,Comfortable,51.9
1785800040000,NOISE-NR1,5c7eb3a5-3ace-49d5-b023-33009a594311,959160.42,6010678.99,Comfortable,46.6
1785800040000,NOISE-NR2,a7b30385-932d-4325-b84b-ae6bdcc359e3,958613.61,6010191.3,Comfortable,46.4
1785800040000,NOISE-NR3,74469165-c65c-4435-a387-36920379578d,959234.31,6010383.42,Comfortable,47.9
1785800100000,NOISE-N,b291e7be-9f14-44ed-87c1-0f02b8ca35b3,958906.23,6010563.72,Comfortable,49.9
1785800100000,NOISE-E,7be9696e-9ace-4085-a81b-0b04c83955db,959045.15,6010445.49,Comfortable,51.1
1785800100000,NOISE-S,b543d03f-a7d0-4faa-8507-0b3e31081e0b,958885.54,6010297.7,Comfortable,49.7
1785800100000,NOISE-W,49a1ac8f-b89d-4356-8260-a3e73765a98a,958749.58,6010415.93,Comfortable,51.9
1785800100000,NOISE-NR1,5c7eb3a5-3ace-49d5-b023-33009a594311,959160.42,6010678.99,Comfortable,46.6
1785800100000,NOISE-NR2,a7b30385-932d-4325-b84b-ae6bdcc359e3,958613.61,6010191.3,Comfortable,46.7
1785800100000,NOISE-NR3,74469165-c65c-4435-a387-36920379578d,959234.31,6010383.42,Comfortable,47.5
1785800160000,NOISE-N,b291e7be-9f14-44ed-87c1-0f02b8ca35b3,958906.23,6010563.72,Comfortable,49.5
1785800160000,NOISE-E,7be9696e-9ace-4085-a81b-0b04c83955db,959045.15,6010445.49,Comfortable,52
1785800160000,NOISE-S,b543d03f-a7d0-4faa-8507-0b3e31081e0b,958885.54,6010297.7,Comfortable,49.9
1785800160000,NOISE-W,49a1ac8f-b89d-4356-8260-a3e73765a98a,958749.58,6010415.93,Comfortable,51.3
1785800160000,NOISE-NR1,5c7eb3a5-3ace-49d5-b023-33009a594311,959160.42,6010678.99,Comfortable,47.4
1785800160000,NOISE-NR2,a7b30385-932d-4325-b84b-ae6bdcc359e3,958613.61,6010191.3,Comfortable,45.8
1785800160000,NOISE-NR3,74469165-c65c-4435-a387-36920379578d,959234.31,6010383.42,Comfortable,47.7
1785800220000,NOISE-N,b291e7be-9f14-44ed-87c1-0f02b8ca35b3,958906.23,6010563.72,Comfortable,50.6
1785800220000,NOISE-E,7be9696e-9ace-4085-a81b-0b04c83955db,959045.15,6010445.49,Comfortable,51.6
1785800220000,NOISE-S,b543d03f-a7d0-4faa-8507-0b3e31081e0b,958885.54,6010297.7,Comfortable,49.2
1785800220000,NOISE-W,49a1ac8f-b89d-4356-8260-a3e73765a98a,958749.58,6010415.93,Comfortable,51.8
1785800220000,NOISE-NR1,5c7eb3a5-3ace-49d5-b023-33009a594311,959160.42,6010678.99,Comfortable,47.6
1785800220000,NOISE-NR2,a7b30385-932d-4325-b84b-ae6bdcc359e3,958613.61,6010191.3,Comfortable,46.4
1785800220000,NOISE-NR3,74469165-c65c-4435-a387-36920379578d,959234.31,6010383.42,Comfortable,47.8
1785800280000,NOISE-N,b291e7be-9f14-44ed-87c1-0f02b8ca35b3,958906.23,6010563.72,Comfortable,51.2
1785800280000,NOISE-E,7be9696e-9ace-4085-a81b-0b04c83955db,959045.15,6010445.49,Comfortable,52
1785800280000,NOISE-S,b543d03f-a7d0-4faa-8507-0b3e31081e0b,958885.54,6010297.7,Comfortable,49.6
1785800280000,NOISE-W,49a1ac8f-b89d-4356-8260-a3e73765a98a,958749.58,6010415.93,Comfortable,51.5
1785800280000,NOISE-NR1,5c7eb3a5-3ace-49d5-b023-33009a594311,959160.42,6010678.99,Comfortable,47.8
1785800280000,NOISE-NR2,a7b30385-932d-4325-b84b-ae6bdcc359e3,958613.61,6010191.3,Comfortable,45.9
1785800280000,NOISE-NR3,74469165-c65c-4435-a387-36920379578d,959234.31,6010383.42,Comfortable,47.8
1785800340000,NOISE-N,b291e7be-9f14-44ed-87c1-0f02b8ca35b3,958906.23,6010563.72,Comfortable,51.3
1785800340000,NOISE-E,7be9696e-9ace-4085-a81b-0b04c83955db,959045.15,6010445.49,Comfortable,52.5
1785800340000,NOISE-S,b543d03f-a7d0-4faa-8507-0b3e31081e0b,958885.54,6010297.7,Comfortable,50.1
1785800340000,NOISE-W,49a1ac8f-b89d-4356-8260-a3e73765a98a,958749.58,6010415.93,Comfortable,51.6
1785800340000,NOISE-NR1,5c7eb3a5-3ace-49d5-b023-33009a594311,959160.42,6010678.99,Comfortable,47.4
1785800340000,NOISE-NR2,a7b30385-932d-4325-b84b-ae6bdcc359e3,958613.61,6010191.3,Comfortable,45.2
1785800340000,NOISE-NR3,74469165-c65c-4435-a387-36920379578d,959234.31,6010383.42,Comfortable,47.7
1785800400000,NOISE-N,b291e7be-9f14-44ed-87c1-0f02b8ca35b3,958906.23,6010563.72,Comfortable,50.8
1785800400000,NOISE-E,7be9696e-9ace-4085-a81b-0b04c83955db,959045.15,6010445.49,Comfortable,51.7
1785800400000,NOISE-S,b543d03f-a7d0-4faa-8507-0b3e31081e0b,958885.54,6010297.7,Comfortable,50
1785800400000,NOISE-W,49a1ac8f-b89d-4356-8260-a3e73765a98a,958749.58,6010415.93,Comfortable,50.9
1785800400000,NOISE-NR1,5c7eb3a5-3ace-49d5-b023-33009a594311,959160.42,6010678.99,Comfortable,47.2
1785800400000,NOISE-NR2,a7b30385-932d-4325-b84b-ae6bdcc359e3,958613.61,6010191.3,Comfortable,45.9
1785800400000,NOISE-NR3,74469165-c65c-4435-a387-36920379578d,959234.31,6010383.42,Comfortable,48.1
1785800460000,NOISE-N,b291e7be-9f14-44ed-87c1-0f02b8ca35b3,958906.23,6010563.72,Comfortable,51.4
1785800460000,NOISE-E,7be9696e-9ace-4085-a81b-0b04c83955db,959045.15,6010445.49,Comfortable,51.3
1785800460000,NOISE-S,b543d03f-a7d0-4faa-8507-0b3e31081e0b,958885.54,6010297.7,Comfortable,50.6
1785800460000,NOISE-W,49a1ac8f-b89d-4356-8260-a3e73765a98a,958749.58,6010415.93,Comfortable,50.5
1785800460000,NOISE-NR1,5c7eb3a5-3ace-49d5-b023-33009a594311,959160.42,6010678.99,Comfortable,47.3
1785800460000,NOISE-NR2,a7b30385-932d-4325-b84b-ae6bdcc359e3,958613.61,6010191.3,Comfortable,46.2
1785800460000,NOISE-NR3,74469165-c65c-4435-a387-36920379578d,959234.31,6010383.42,Comfortable,48
1785800520000,NOISE-N,b291e7be-9f14-44ed-87c1-0f02b8ca35b3,958906.23,6010563.72,Comfortable,51.5
1785800520000,NOISE-E,7be9696e-9ace-4085-a81b-0b04c83955db,959045.15,6010445.49,Comfortable,51.7
1785800520000,NOISE-S,b543d03f-a7d0-4faa-8507-0b3e31081e0b,958885.54,6010297.7,Comfortable,50
1785800520000,NOISE-W,49a1ac8f-b89d-4356-8260-a3e73765a98a,958749.58,6010415.93,Comfortable,50.3
1785800520000,NOISE-NR1,5c7eb3a5-3ace-49d5-b023-33009a594311,959160.42,6010678.99,Comfortable,46.5
1785800520000,NOISE-NR2,a7b30385-932d-4325-b84b-ae6bdcc359e3,958613.61,6010191.3,Comfortable,46.7
1785800520000,NOISE-NR3,74469165-c65c-4435-a387-36920379578d,959234.31,6010383.42,Comfortable,47.5
1785800580000,NOISE-N,b291e7be-9f14-44ed-87c1-0f02b8ca35b3,958906.23,6010563.72,Comfortable,51.1
1785800580000,NOISE-E,7be9696e-9ace-4085-a81b-0b04c83955db,959045.15,6010445.49,Comfortable,51.7
1785800580000,NOISE-S,b543d03f-a7d0-4faa-8507-0b3e31081e0b,958885.54,6010297.7,Comfortable,50.2
1785800580000,NOISE-W,49a1ac8f-b89d-4356-8260-a3e73765a98a,958749.58,6010415.93,Comfortable,50.6
1785800580000,NOISE-NR1,5c7eb3a5-3ace-49d5-b023-33009a594311,959160.42,6010678.99,Comfortable,46.2
1785800580000,NOISE-NR2,a7b30385-932d-4325-b84b-ae6bdcc359e3,958613.61,6010191.3,Comfortable,47.2
1785800580000,NOISE-NR3,74469165-c65c-4435-a387-36920379578d,959234.31,6010383.42,Comfortable,46.8
1785800640000,NOISE-N,b291e7be-9f14-44ed-87c1-0f02b8ca35b3,958906.23,6010563.72,Comfortable,51
1785800640000,NOISE-E,7be9696e-9ace-4085-a81b-0b04c83955db,959045.15,6010445.49,Comfortable,51.6
1785800640000,NOISE-S,b543d03f-a7d0-4faa-8507-0b3e31081e0b,958885.54,6010297.7,Comfortable,50
1785800640000,NOISE-W,49a1ac8f-b89d-4356-8260-a3e73765a98a,958749.58,6010415.93,Comfortable,50.7
1785800640000,NOISE-NR1,5c7eb3a5-3ace-49d5-b023-33009a594311,959160.42,6010678.99,Comfortable,46.8
1785800640000,NOISE-NR2,a7b30385-932d-4325-b84b-ae6bdcc359e3,958613.61,6010191.3,Comfortable,47.3
1785800640000,NOISE-NR3,74469165-c65c-4435-a387-36920379578d,959234.31,6010383.42,Comfortable,47.5
1785800700000,NOISE-N,b291e7be-9f14-44ed-87c1-0f02b8ca35b3,958906.23,6010563.72,Comfortable,51.3
1785800700000,NOISE-E,7be9696e-9ace-4085-a81b-0b04c83955db,959045.15,6010445.49,Comfortable,52.3
1785800700000,NOISE-S,b543d03f-a7d0-4faa-8507-0b3e31081e0b,958885.54,6010297.7,Comfortable,50.2
1785800700000,NOISE-W,49a1ac8f-b89d-4356-8260-a3e73765a98a,958749.58,6010415.93,Comfortable,50.1
1785800700000,NOISE-NR1,5c7eb3a5-3ace-49d5-b023-33009a594311,959160.42,6010678.99,Comfortable,46.6
1785800700000,NOISE-NR2,a7b30385-932d-4325-b84b-ae6bdcc359e3,958613.61,6010191.3,Comfortable,47
1785800700000,NOISE-NR3,74469165-c65c-4435-a387-36920379578d,959234.31,6010383.42,Comfortable,47.6
1785800760000,NOISE-N,b291e7be-9f14-44ed-87c1-0f02b8ca35b3,958906.23,6010563.72,Comfortable,50.8
1785800760000,NOISE-E,7be9696e-9ace-4085-a81b-0b04c83955db,959045.15,6010445.49,Comfortable,51.7
1785800760000,NOISE-S,b543d03f-a7d0-4faa-8507-0b3e31081e0b,958885.54,6010297.7,Comfortable,50.5
1785800760000,NOISE-W,49a1ac8f-b89d-4356-8260-a3e73765a98a,958749.58,6010415.93,Comfortable,49.8
1785800760000,NOISE-NR1,5c7eb3a5-3ace-49d5-b023-33009a594311,959160.42,6010678.99,Comfortable,47.1
1785800760000,NOISE-NR2,a7b30385-932d-4325-b84b-ae6bdcc359e3,958613.61,6010191.3,Comfortable,46.6
1785800760000,NOISE-NR3,74469165-c65c-4435-a387-36920379578d,959234.31,6010383.42,Comfortable,48.3
1785800820000,NOISE-N,b291e7be-9f14-44ed-87c1-0f02b8ca35b3,958906.23,6010563.72,Comfortable,50.3
1785800820000,NOISE-E,7be9696e-9ace-4085-a81b-0b04c83955db,959045.15,6010445.49,Comfortable,52.2
1785800820000,NOISE-S,b543d03f-a7d0-4faa-8507-0b3e31081e0b,958885.54,6010297.7,Comfortable,50.6
1785800820000,NOISE-W,49a1ac8f-b89d-4356-8260-a3e73765a98a,958749.58,6010415.93,Comfortable,50.5
1785800820000,NOISE-NR1,5c7eb3a5-3ace-49d5-b023-33009a594311,959160.42,6010678.99,Comfortable,46.4
1785800820000,NOISE-NR2,a7b30385-932d-4325-b84b-ae6bdcc359e3,958613.61,6010191.3,Comfortable,46.5
1785800820000,NOISE-NR3,74469165-c65c-4435-a387-36920379578d,959234.31,6010383.42,Comfortable,48.5
1785800880000,NOISE-N,b291e7be-9f14-44ed-87c1-0f02b8ca35b3,958906.23,6010563.72,Comfortable,50.5
1785800880000,NOISE-E,7be9696e-9ace-4085-a81b-0b04c83955db,959045.15,6010445.49,Comfortable,51.6
1785800880000,NOISE-S,b543d03f-a7d0-4faa-8507-0b3e31081e0b,958885.54,6010297.7,Comfortable,50.4
1785800880000,NOISE-W,49a1ac8f-b89d-4356-8260-a3e73765a98a,958749.58,6010415.93,Comfortable,50.5
1785800880000,NOISE-NR1,5c7eb3a5-3ace-49d5-b023-33009a594311,959160.42,6010678.99,Comfortable,45.9
1785800880000,NOISE-NR2,a7b30385-932d-4325-b84b-ae6bdcc359e3,958613.61,6010191.3,Comfortable,45.6
1785800880000,NOISE-NR3,74469165-c65c-4435-a387-36920379578d,959234.31,6010383.42,Comfortable,48.9
1785800940000,NOISE-N,b291e7be-9f14-44ed-87c1-0f02b8ca35b3,958906.23,6010563.72,Comfortable,50
1785800940000,NOISE-E,7be9696e-9ace-4085-a81b-0b04c83955db,959045.15,6010445.49,Comfortable,51.6
1785800940000,NOISE-S,b543d03f-a7d0-4faa-8507-0b3e31081e0b,958885.54,6010297.7,Comfortable,50.1
1785800940000,NOISE-W,49a1ac8f-b89d-4356-8260-a3e73765a98a,958749.58,6010415.93,Comfortable,51.1
1785800940000,NOISE-NR1,5c7eb3a5-3ace-49d5-b023-33009a594311,959160.42,6010678.99,Comfortable,45.3
1785800940000,NOISE-NR2,a7b30385-932d-4325-b84b-ae6bdcc359e3,958613.61,6010191.3,Comfortable,45.4
1785800940000,NOISE-NR3,74469165-c65c-4435-a387-36920379578d,959234.31,6010383.42,Comfortable,48.7
1785801000000,NOISE-N,b291e7be-9f14-44ed-87c1-0f02b8ca35b3,958906.23,6010563.72,Comfortable,50
1785801000000,NOISE-E,7be9696e-9ace-4085-a81b-0b04c83955db,959045.15,6010445.49,Comfortable,51.9
1785801000000,NOISE-S,b543d03f-a7d0-4faa-8507-0b3e31081e0b,958885.54,6010297.7,Comfortable,49.7
1785801000000,NOISE-W,49a1ac8f-b89d-4356-8260-a3e73765a98a,958749.58,6010415.93,Comfortable,50.7
1785801000000,NOISE-NR1,5c7eb3a5-3ace-49d5-b023-33009a594311,959160.42,6010678.99,Comfortable,45.1
1785801000000,NOISE-NR2,a7b30385-932d-4325-b84b-ae6bdcc359e3,958613.61,6010191.3,Comfortable,45
1785801000000,NOISE-NR3,74469165-c65c-4435-a387-36920379578d,959234.31,6010383.42,Comfortable,48.7
1785801060000,NOISE-N,b291e7be-9f14-44ed-87c1-0f02b8ca35b3,958906.23,6010563.72,Comfortable,50.2
1785801060000,NOISE-E,7be9696e-9ace-4085-a81b-0b04c83955db,959045.15,6010445.49,Comfortable,51.6
1785801060000,NOISE-S,b543d03f-a7d0-4faa-8507-0b3e31081e0b,958885.54,6010297.7,Comfortable,49.4
1785801060000,NOISE-W,49a1ac8f-b89d-4356-8260-a3e73765a98a,958749.58,6010415.93,Comfortable,51.4
1785801060000,NOISE-NR1,5c7eb3a5-3ace-49d5-b023-33009a594311,959160.42,6010678.99,Comfortable,45.9
1785801060000,NOISE-NR2,a7b30385-932d-4325-b84b-ae6bdcc359e3,958613.61,6010191.3,Comfortable,44.9
1785801060000,NOISE-NR3,74469165-c65c-4435-a387-36920379578d,959234.31,6010383.42,Comfortable,48.8
1785801120000,NOISE-N,b291e7be-9f14-44ed-87c1-0f02b8ca35b3,958906.23,6010563.72,Comfortable,49.7
1785801120000,NOISE-E,7be9696e-9ace-4085-a81b-0b04c83955db,959045.15,6010445.49,Comfortable,52.1
1785801120000,NOISE-S,b543d03f-a7d0-4faa-8507-0b3e31081e0b,958885.54,6010297.7,Comfortable,49.6
1785801120000,NOISE-W,49a1ac8f-b89d-4356-8260-a3e73765a98a,958749.58,6010415.93,Comfortable,51.8
1785801120000,NOISE-NR1,5c7eb3a5-3ace-49d5-b023-33009a594311,959160.42,6010678.99,Comfortable,46.5
1785801120000,NOISE-NR2,a7b30385-932d-4325-b84b-ae6bdcc359e3,958613.61,6010191.3,Comfortable,45.1
1785801120000,NOISE-NR3,74469165-c65c-4435-a387-36920379578d,959234.31,6010383.42,Comfortable,48.6
1785801180000,NOISE-N,b291e7be-9f14-44ed-87c1-0f02b8ca35b3,958906.23,6010563.72,Comfortable,50
1785801180000,NOISE-E,7be9696e-9ace-4085-a81b-0b04c83955db,959045.15,6010445.49,Comfortable,52.4
1785801180000,NOISE-S,b543d03f-a7d0-4faa-8507-0b3e31081e0b,958885.54,6010297.7,Comfortable,49.1
1785801180000,NOISE-W,49a1ac8f-b89d-4356-8260-a3e73765a98a,958749.58,6010415.93,Comfortable,51.1
1785801180000,NOISE-NR1,5c7eb3a5-3ace-49d5-b023-33009a594311,959160.42,6010678.99,Comfortable,47
1785801180000,NOISE-NR2,a7b30385-932d-4325-b84b-ae6bdcc359e3,958613.61,6010191.3,Comfortable,45
1785801180000,NOISE-NR3,74469165-c65c-4435-a387-36920379578d,959234.31,6010383.42,Comfortable,48.8
1785801240000,NOISE-N,b291e7be-9f14-44ed-87c1-0f02b8ca35b3,958906.23,6010563.72,Comfortable,51
1785801240000,NOISE-E,7be9696e-9ace-4085-a81b-0b04c83955db,959045.15,6010445.49,Comfortable,52.1
1785801240000,NOISE-S,b543d03f-a7d0-4faa-8507-0b3e31081e0b,958885.54,6010297.7,Comfortable,49.7
1785801240000,NOISE-W,49a1ac8f-b89d-4356-8260-a3e73765a98a,958749.58,6010415.93,Comfortable,50.8
1785801240000,NOISE-NR1,5c7eb3a5-3ace-49d5-b023-33009a594311,959160.42,6010678.99,Comfortable,46.4
1785801240000,NOISE-NR2,a7b30385-932d-4325-b84b-ae6bdcc359e3,958613.61,6010191.3,Comfortable,45.1
1785801240000,NOISE-NR3,74469165-c65c-4435-a387-36920379578d,959234.31,6010383.42,Comfortable,48
1785801300000,NOISE-N,b291e7be-9f14-44ed-87c1-0f02b8ca35b3,958906.23,6010563.72,Comfortable,51
1785801300000,NOISE-E,7be9696e-9ace-4085-a81b-0b04c83955db,959045.15,6010445.49,Comfortable,52.8
1785801300000,NOISE-S,b543d03f-a7d0-4faa-8507-0b3e31081e0b,958885.54,6010297.7,Comfortable,50.3
1785801300000,NOISE-W,49a1ac8f-b89d-4356-8260-a3e73765a98a,958749.58,6010415.93,Comfortable,50.7
1785801300000,NOISE-NR1,5c7eb3a5-3ace-49d5-b023-33009a594311,959160.42,6010678.99,Comfortable,46.6
1785801300000,NOISE-NR2,a7b30385-932d-4325-b84b-ae6bdcc359e3,958613.61,6010191.3,Comfortable,45.1
1785801300000,NOISE-NR3,74469165-c65c-4435-a387-36920379578d,959234.31,6010383.42,Comfortable,47.9
1785801360000,NOISE-N,b291e7be-9f14-44ed-87c1-0f02b8ca35b3,958906.23,6010563.72,Comfortable,51.2
1785801360000,NOISE-E,7be9696e-9ace-4085-a81b-0b04c83955db,959045.15,6010445.49,Comfortable,52.9
1785801360000,NOISE-S,b543d03f-a7d0-4faa-8507-0b3e31081e0b,958885.54,6010297.7,Comfortable,50
1785801360000,NOISE-W,49a1ac8f-b89d-4356-8260-a3e73765a98a,958749.58,6010415.93,Comfortable,50.4
1785801360000,NOISE-NR1,5c7eb3a5-3ace-49d5-b023-33009a594311,959160.42,6010678.99,Comfortable,46.2
1785801360000,NOISE-NR2,a7b30385-932d-4325-b84b-ae6bdcc359e3,958613.61,6010191.3,Comfortable,44.9
1785801360000,NOISE-NR3,74469165-c65c-4435-a387-36920379578d,959234.31,6010383.42,Comfortable,47.2
1785801420000,NOISE-N,b291e7be-9f14-44ed-87c1-0f02b8ca35b3,958906.23,6010563.72,Comfortable,50.8
1785801420000,NOISE-E,7be9696e-9ace-4085-a81b-0b04c83955db,959045.15,6010445.49,Comfortable,51.9
1785801420000,NOISE-S,b543d03f-a7d0-4faa-8507-0b3e31081e0b,958885.54,6010297.7,Comfortable,50.3
1785801420000,NOISE-W,49a1ac8f-b89d-4356-8260-a3e73765a98a,958749.58,6010415.93,Comfortable,50.3
1785801420000,NOISE-NR1,5c7eb3a5-3ace-49d5-b023-33009a594311,959160.42,6010678.99,Comfortable,46.5
1785801420000,NOISE-NR2,a7b30385-932d-4325-b84b-ae6bdcc359e3,958613.61,6010191.3,Comfortable,44.9
1785801420000,NOISE-NR3,74469165-c65c-4435-a387-36920379578d,959234.31,6010383.42,Comfortable,46.6
1785801480000,NOISE-N,b291e7be-9f14-44ed-87c1-0f02b8ca35b3,958906.23,6010563.72,Comfortable,51
1785801480000,NOISE-E,7be9696e-9ace-4085-a81b-0b04c83955db,959045.15,6010445.49,Comfortable,52.5
1785801480000,NOISE-S,b543d03f-a7d0-4faa-8507-0b3e31081e0b,958885.54,6010297.7,Comfortable,51
1785801480000,NOISE-W,49a1ac8f-b89d-4356-8260-a3e73765a98a,958749.58,6010415.93,Comfortable,51.1
1785801480000,NOISE-NR1,5c7eb3a5-3ace-49d5-b023-33009a594311,959160.42,6010678.99,Comfortable,47.3
1785801480000,NOISE-NR2,a7b30385-932d-4325-b84b-ae6bdcc359e3,958613.61,6010191.3,Comfortable,45.4
1785801480000,NOISE-NR3,74469165-c65c-4435-a387-36920379578d,959234.31,6010383.42,Comfortable,47
1785801540000,NOISE-N,b291e7be-9f14-44ed-87c1-0f02b8ca35b3,958906.23,6010563.72,Comfortable,50.4
1785801540000,NOISE-E,7be9696e-9ace-4085-a81b-0b04c83955db,959045.15,6010445.49,Comfortable,51.8
1785801540000,NOISE-S,b543d03f-a7d0-4faa-8507-0b3e31081e0b,958885.54,6010297.7,Comfortable,51.1
1785801540000,NOISE-W,49a1ac8f-b89d-4356-8260-a3e73765a98a,958749.58,6010415.93,Comfortable,51.1
1785801540000,NOISE-NR1,5c7eb3a5-3ace-49d5-b023-33009a594311,959160.42,6010678.99,Comfortable,46.9
1785801540000,NOISE-NR2,a7b30385-932d-4325-b84b-ae6bdcc359e3,958613.61,6010191.3,Comfortable,46.1
1785801540000,NOISE-NR3,74469165-c65c-4435-a387-36920379578d,959234.31,6010383.42,Comfortable,47.5
1785801600000,NOISE-N,b291e7be-9f14-44ed-87c1-0f02b8ca35b3,958906.23,6010563.72,Comfortable,50.2
1785801600000,NOISE-E,7be9696e-9ace-4085-a81b-0b04c83955db,959045.15,6010445.49,Comfortable,52
1785801600000,NOISE-S,b543d03f-a7d0-4faa-8507-0b3e31081e0b,958885.54,6010297.7,Comfortable,51.3
1785801600000,NOISE-W,49a1ac8f-b89d-4356-8260-a3e73765a98a,958749.58,6010415.93,Comfortable,50.3
1785801600000,NOISE-NR1,5c7eb3a5-3ace-49d5-b023-33009a594311,959160.42,6010678.99,Comfortable,46.2
1785801600000,NOISE-NR2,a7b30385-932d-4325-b84b-ae6bdcc359e3,958613.61,6010191.3,Comfortable,45.2
1785801600000,NOISE-NR3,74469165-c65c-4435-a387-36920379578d,959234.31,6010383.42,Comfortable,46.8
1785801660000,NOISE-N,b291e7be-9f14-44ed-87c1-0f02b8ca35b3,958906.23,6010563.72,Comfortable,51.2
1785801660000,NOISE-E,7be9696e-9ace-4085-a81b-0b04c83955db,959045.15,6010445.49,Comfortable,51.2
1785801660000,NOISE-S,b543d03f-a7d0-4faa-8507-0b3e31081e0b,958885.54,6010297.7,Comfortable,51
1785801660000,NOISE-W,49a1ac8f-b89d-4356-8260-a3e73765a98a,958749.58,6010415.93,Comfortable,50.2
1785801660000,NOISE-NR1,5c7eb3a5-3ace-49d5-b023-33009a594311,959160.42,6010678.99,Comfortable,46.1
1785801660000,NOISE-NR2,a7b30385-932d-4325-b84b-ae6bdcc359e3,958613.61,6010191.3,Comfortable,45.9
1785801660000,NOISE-NR3,74469165-c65c-4435-a387-36920379578d,959234.31,6010383.42,Comfortable,47.8
1785801720000,NOISE-N,b291e7be-9f14-44ed-87c1-0f02b8ca35b3,958906.23,6010563.72,Comfortable,51.1
1785801720000,NOISE-E,7be9696e-9ace-4085-a81b-0b04c83955db,959045.15,6010445.49,Comfortable,51.3
1785801720000,NOISE-S,b543d03f-a7d0-4faa-8507-0b3e31081e0b,958885.54,6010297.7,Comfortable,51.2
1785801720000,NOISE-W,49a1ac8f-b89d-4356-8260-a3e73765a98a,958749.58,6010415.93,Comfortable,50.5
1785801720000,NOISE-NR1,5c7eb3a5-3ace-49d5-b023-33009a594311,959160.42,6010678.99,Comfortable,46.3
1785801720000,NOISE-NR2,a7b30385-932d-4325-b84b-ae6bdcc359e3,958613.61,6010191.3,Comfortable,46.4
1785801720000,NOISE-NR3,74469165-c65c-4435-a387-36920379578d,959234.31,6010383.42,Comfortable,47.9
1785801780000,NOISE-N,b291e7be-9f14-44ed-87c1-0f02b8ca35b3,958906.23,6010563.72,Comfortable,50.8
1785801780000,NOISE-E,7be9696e-9ace-4085-a81b-0b04c83955db,959045.15,6010445.49,Comfortable,51.9
1785801780000,NOISE-S,b543d03f-a7d0-4faa-8507-0b3e31081e0b,958885.54,6010297.7,Comfortable,50.5
1785801780000,NOISE-W,49a1ac8f-b89d-4356-8260-a3e73765a98a,958749.58,6010415.93,Comfortable,49.9
1785801780000,NOISE-NR1,5c7eb3a5-3ace-49d5-b023-33009a594311,959160.42,6010678.99,Comfortable,46.9
1785801780000,NOISE-NR2,a7b30385-932d-4325-b84b-ae6bdcc359e3,958613.61,6010191.3,Comfortable,46
1785801780000,NOISE-NR3,74469165-c65c-4435-a387-36920379578d,959234.31,6010383.42,Comfortable,47
1785801840000,NOISE-N,b291e7be-9f14-44ed-87c1-0f02b8ca35b3,958906.23,6010563.72,Comfortable,50
1785801840000,NOISE-E,7be9696e-9ace-4085-a81b-0b04c83955db,959045.15,6010445.49,Comfortable,52.2
1785801840000,NOISE-S,b543d03f-a7d0-4faa-8507-0b3e31081e0b,958885.54,6010297.7,Comfortable,50.4
1785801840000,NOISE-W,49a1ac8f-b89d-4356-8260-a3e73765a98a,958749.58,6010415.93,Comfortable,49.4
1785801840000,NOISE-NR1,5c7eb3a5-3ace-49d5-b023-33009a594311,959160.42,6010678.99,Comfortable,46.8
1785801840000,NOISE-NR2,a7b30385-932d-4325-b84b-ae6bdcc359e3,958613.61,6010191.3,Comfortable,45.6
1785801840000,NOISE-NR3,74469165-c65c-4435-a387-36920379578d,959234.31,6010383.42,Comfortable,46.4
1785801900000,NOISE-N,b291e7be-9f14-44ed-87c1-0f02b8ca35b3,958906.23,6010563.72,Comfortable,49.7
1785801900000,NOISE-E,7be9696e-9ace-4085-a81b-0b04c83955db,959045.15,6010445.49,Comfortable,51.9
1785801900000,NOISE-S,b543d03f-a7d0-4faa-8507-0b3e31081e0b,958885.54,6010297.7,Comfortable,50.8
1785801900000,NOISE-W,49a1ac8f-b89d-4356-8260-a3e73765a98a,958749.58,6010415.93,Comfortable,50.5
1785801900000,NOISE-NR1,5c7eb3a5-3ace-49d5-b023-33009a594311,959160.42,6010678.99,Comfortable,46.7
1785801900000,NOISE-NR2,a7b30385-932d-4325-b84b-ae6bdcc359e3,958613.61,6010191.3,Comfortable,45.1
1785801900000,NOISE-NR3,74469165-c65c-4435-a387-36920379578d,959234.31,6010383.42,Comfortable,46.3
1785801960000,NOISE-N,b291e7be-9f14-44ed-87c1-0f02b8ca35b3,958906.23,6010563.72,Comfortable,49.6
1785801960000,NOISE-E,7be9696e-9ace-4085-a81b-0b04c83955db,959045.15,6010445.49,Comfortable,52.5
1785801960000,NOISE-S,b543d03f-a7d0-4faa-8507-0b3e31081e0b,958885.54,6010297.7,Comfortable,51.3
1785801960000,NOISE-W,49a1ac8f-b89d-4356-8260-a3e73765a98a,958749.58,6010415.93,Comfortable,50.5
1785801960000,NOISE-NR1,5c7eb3a5-3ace-49d5-b023-33009a594311,959160.42,6010678.99,Comfortable,47
1785801960000,NOISE-NR2,a7b30385-932d-4325-b84b-ae6bdcc359e3,958613.61,6010191.3,Comfortable,45.1
1785801960000,NOISE-NR3,74469165-c65c-4435-a387-36920379578d,959234.31,6010383.42,Comfortable,46.6
1785802020000,NOISE-N,b291e7be-9f14-44ed-87c1-0f02b8ca35b3,958906.23,6010563.72,Comfortable,50.2
1785802020000,NOISE-E,7be9696e-9ace-4085-a81b-0b04c83955db,959045.15,6010445.49,Comfortable,52.4
1785802020000,NOISE-S,b543d03f-a7d0-4faa-8507-0b3e31081e0b,958885.54,6010297.7,Comfortable,51.3
1785802020000,NOISE-W,49a1ac8f-b89d-4356-8260-a3e73765a98a,958749.58,6010415.93,Comfortable,50.9
1785802020000,NOISE-NR1,5c7eb3a5-3ace-49d5-b023-33009a594311,959160.42,6010678.99,Comfortable,46.2
1785802020000,NOISE-NR2,a7b30385-932d-4325-b84b-ae6bdcc359e3,958613.61,6010191.3,Comfortable,45.3
1785802020000,NOISE-NR3,74469165-c65c-4435-a387-36920379578d,959234.31,6010383.42,Comfortable,47.4
1785802080000,NOISE-N,b291e7be-9f14-44ed-87c1-0f02b8ca35b3,958906.23,6010563.72,Comfortable,51.2
1785802080000,NOISE-E,7be9696e-9ace-4085-a81b-0b04c83955db,959045.15,6010445.49,Comfortable,52.7
1785802080000,NOISE-S,b543d03f-a7d0-4faa-8507-0b3e31081e0b,958885.54,6010297.7,Comfortable,50.7
1785802080000,NOISE-W,49a1ac8f-b89d-4356-8260-a3e73765a98a,958749.58,6010415.93,Comfortable,51.7
1785802080000,NOISE-NR1,5c7eb3a5-3ace-49d5-b023-33009a594311,959160.42,6010678.99,Comfortable,46.3
1785802080000,NOISE-NR2,a7b30385-932d-4325-b84b-ae6bdcc359e3,958613.61,6010191.3,Comfortable,45.9
1785802080000,NOISE-NR3,74469165-c65c-4435-a387-36920379578d,959234.31,6010383.42,Comfortable,47.3
1785802140000,NOISE-N,b291e7be-9f14-44ed-87c1-0f02b8ca35b3,958906.23,6010563.72,Comfortable,51.7
1785802140000,NOISE-E,7be9696e-9ace-4085-a81b-0b04c83955db,959045.15,6010445.49,Comfortable,52.2
1785802140000,NOISE-S,b543d03f-a7d0-4faa-8507-0b3e31081e0b,958885.54,6010297.7,Comfortable,50.5
1785802140000,NOISE-W,49a1ac8f-b89d-4356-8260-a3e73765a98a,958749.58,6010415.93,Comfortable,51.4
1785802140000,NOISE-NR1,5c7eb3a5-3ace-49d5-b023-33009a594311,959160.42,6010678.99,Comfortable,46.7
1785802140000,NOISE-NR2,a7b30385-932d-4325-b84b-ae6bdcc359e3,958613.61,6010191.3,Comfortable,45.2
1785802140000,NOISE-NR3,74469165-c65c-4435-a387-36920379578d,959234.31,6010383.42,Comfortable,48.1
1785802200000,NOISE-N,b291e7be-9f14-44ed-87c1-0f02b8ca35b3,958906.23,6010563.72,Comfortable,51.3
1785802200000,NOISE-E,7be9696e-9ace-4085-a81b-0b04c83955db,959045.15,6010445.49,Comfortable,52.1
1785802200000,NOISE-S,b543d03f-a7d0-4faa-8507-0b3e31081e0b,958885.54,6010297.7,Comfortable,50
1785802200000,NOISE-W,49a1ac8f-b89d-4356-8260-a3e73765a98a,958749.58,6010415.93,Comfortable,52.1
1785802200000,NOISE-NR1,5c7eb3a5-3ace-49d5-b023-33009a594311,959160.42,6010678.99,Comfortable,46.6
1785802200000,NOISE-NR2,a7b30385-932d-4325-b84b-ae6bdcc359e3,958613.61,6010191.3,Comfortable,44.5
1785802200000,NOISE-NR3,74469165-c65c-4435-a387-36920379578d,959234.31,6010383.42,Comfortable,48.8
1785802260000,NOISE-N,b291e7be-9f14-44ed-87c1-0f02b8ca35b3,958906.23,6010563.72,Comfortable,51.3
1785802260000,NOISE-E,7be9696e-9ace-4085-a81b-0b04c83955db,959045.15,6010445.49,Comfortable,52.7
1785802260000,NOISE-S,b543d03f-a7d0-4faa-8507-0b3e31081e0b,958885.54,6010297.7,Comfortable,49.8
1785802260000,NOISE-W,49a1ac8f-b89d-4356-8260-a3e73765a98a,958749.58,6010415.93,Comfortable,52.1
1785802260000,NOISE-NR1,5c7eb3a5-3ace-49d5-b023-33009a594311,959160.42,6010678.99,Comfortable,46.1
1785802260000,NOISE-NR2,a7b30385-932d-4325-b84b-ae6bdcc359e3,958613.61,6010191.3,Comfortable,44.6
1785802260000,NOISE-NR3,74469165-c65c-4435-a387-36920379578d,959234.31,6010383.42,Comfortable,48.7
1785802320000,NOISE-N,b291e7be-9f14-44ed-87c1-0f02b8ca35b3,958906.23,6010563.72,Comfortable,51.5
1785802320000,NOISE-E,7be9696e-9ace-4085-a81b-0b04c83955db,959045.15,6010445.49,Comfortable,52.6
1785802320000,NOISE-S,b543d03f-a7d0-4faa-8507-0b3e31081e0b,958885.54,6010297.7,Comfortable,49.1
1785802320000,NOISE-W,49a1ac8f-b89d-4356-8260-a3e73765a98a,958749.58,6010415.93,Comfortable,51.9
1785802320000,NOISE-NR1,5c7eb3a5-3ace-49d5-b023-33009a594311,959160.42,6010678.99,Comfortable,46.5
1785802320000,NOISE-NR2,a7b30385-932d-4325-b84b-ae6bdcc359e3,958613.61,6010191.3,Comfortable,45.3
1785802320000,NOISE-NR3,74469165-c65c-4435-a387-36920379578d,959234.31,6010383.42,Comfortable,48.6
1785802380000,NOISE-N,b291e7be-9f14-44ed-87c1-0f02b8ca35b3,958906.23,6010563.72,Comfortable,51.9
1785802380000,NOISE-E,7be9696e-9ace-4085-a81b-0b04c83955db,959045.15,6010445.49,Comfortable,53
1785802380000,NOISE-S,b543d03f-a7d0-4faa-8507-0b3e31081e0b,958885.54,6010297.7,Comfortable,50.1
1785802380000,NOISE-W,49a1ac8f-b89d-4356-8260-a3e73765a98a,958749.58,6010415.93,Comfortable,51.3
1785802380000,NOISE-NR1,5c7eb3a5-3ace-49d5-b023-33009a594311,959160.42,6010678.99,Comfortable,47.1
1785802380000,NOISE-NR2,a7b30385-932d-4325-b84b-ae6bdcc359e3,958613.61,6010191.3,Comfortable,45
1785802380000,NOISE-NR3,74469165-c65c-4435-a387-36920379578d,959234.31,6010383.42,Comfortable,47.6
1785802440000,NOISE-N,b291e7be-9f14-44ed-87c1-0f02b8ca35b3,958906.23,6010563.72,Comfortable,51
1785802440000,NOISE-E,7be9696e-9ace-4085-a81b-0b04c83955db,959045.15,6010445.49,Comfortable,53.1
1785802440000,NOISE-S,b543d03f-a7d0-4faa-8507-0b3e31081e0b,958885.54,6010297.7,Comfortable,50.1
1785802440000,NOISE-W,49a1ac8f-b89d-4356-8260-a3e73765a98a,958749.58,6010415.93,Comfortable,51.5
1785802440000,NOISE-NR1,5c7eb3a5-3ace-49d5-b023-33009a594311,959160.42,6010678.99,Comfortable,46.7
1785802440000,NOISE-NR2,a7b30385-932d-4325-b84b-ae6bdcc359e3,958613.61,6010191.3,Comfortable,44.4
1785802440000,NOISE-NR3,74469165-c65c-4435-a387-36920379578d,959234.31,6010383.42,Comfortable,48.3
1785802500000,NOISE-N,b291e7be-9f14-44ed-87c1-0f02b8ca35b3,958906.23,6010563.72,Comfortable,51.7
1785802500000,NOISE-E,7be9696e-9ace-4085-a81b-0b04c83955db,959045.15,6010445.49,Comfortable,52.5
1785802500000,NOISE-S,b543d03f-a7d0-4faa-8507-0b3e31081e0b,958885.54,6010297.7,Comfortable,50.1
1785802500000,NOISE-W,49a1ac8f-b89d-4356-8260-a3e73765a98a,958749.58,6010415.93,Comfortable,52.1
1785802500000,NOISE-NR1,5c7eb3a5-3ace-49d5-b023-33009a594311,959160.42,6010678.99,Comfortable,46.5
1785802500000,NOISE-NR2,a7b30385-932d-4325-b84b-ae6bdcc359e3,958613.61,6010191.3,Comfortable,45
1785802500000,NOISE-NR3,74469165-c65c-4435-a387-36920379578d,959234.31,6010383.42,Comfortable,48.2
1785802560000,NOISE-N,b291e7be-9f14-44ed-87c1-0f02b8ca35b3,958906.23,6010563.72,Comfortable,51.4
1785802560000,NOISE-E,7be9696e-9ace-4085-a81b-0b04c83955db,959045.15,6010445.49,Comfortable,51.7
1785802560000,NOISE-S,b543d03f-a7d0-4faa-8507-0b3e31081e0b,958885.54,6010297.7,Comfortable,50
1785802560000,NOISE-W,49a1ac8f-b89d-4356-8260-a3e73765a98a,958749.58,6010415.93,Comfortable,51.1
1785802560000,NOISE-NR1,5c7eb3a5-3ace-49d5-b023-33009a594311,959160.42,6010678.99,Comfortable,47.2
1785802560000,NOISE-NR2,a7b30385-932d-4325-b84b-ae6bdcc359e3,958613.61,6010191.3,Comfortable,44.7
1785802560000,NOISE-NR3,74469165-c65c-4435-a387-36920379578d,959234.31,6010383.42,Comfortable,47.3
1785802620000,NOISE-N,b291e7be-9f14-44ed-87c1-0f02b8ca35b3,958906.23,6010563.72,Comfortable,51.7
1785802620000,NOISE-E,7be9696e-9ace-4085-a81b-0b04c83955db,959045.15,6010445.49,Comfortable,52.1
1785802620000,NOISE-S,b543d03f-a7d0-4faa-8507-0b3e31081e0b,958885.54,6010297.7,Comfortable,49.4
1785802620000,NOISE-W,49a1ac8f-b89d-4356-8260-a3e73765a98a,958749.58,6010415.93,Comfortable,50.7
1785802620000,NOISE-NR1,5c7eb3a5-3ace-49d5-b023-33009a594311,959160.42,6010678.99,Comfortable,46.9
1785802620000,NOISE-NR2,a7b30385-932d-4325-b84b-ae6bdcc359e3,958613.61,6010191.3,Comfortable,44.5
1785802620000,NOISE-NR3,74469165-c65c-4435-a387-36920379578d,959234.31,6010383.42,Comfortable,46.9
1785802680000,NOISE-N,b291e7be-9f14-44ed-87c1-0f02b8ca35b3,958906.23,6010563.72,Comfortable,52.2
1785802680000,NOISE-E,7be9696e-9ace-4085-a81b-0b04c83955db,959045.15,6010445.49,Comfortable,52.6
1785802680000,NOISE-S,b543d03f-a7d0-4faa-8507-0b3e31081e0b,958885.54,6010297.7,Comfortable,50.3
1785802680000,NOISE-W,49a1ac8f-b89d-4356-8260-a3e73765a98a,958749.58,6010415.93,Comfortable,51.4
1785802680000,NOISE-NR1,5c7eb3a5-3ace-49d5-b023-33009a594311,959160.42,6010678.99,Comfortable,47.2
1785802680000,NOISE-NR2,a7b30385-932d-4325-b84b-ae6bdcc359e3,958613.61,6010191.3,Comfortable,44.8
1785802680000,NOISE-NR3,74469165-c65c-4435-a387-36920379578d,959234.31,6010383.42,Comfortable,47
1785802740000,NOISE-N,b291e7be-9f14-44ed-87c1-0f02b8ca35b3,958906.23,6010563.72,Comfortable,52.4
1785802740000,NOISE-E,7be9696e-9ace-4085-a81b-0b04c83955db,959045.15,6010445.49,Comfortable,52.3
1785802740000,NOISE-S,b543d03f-a7d0-4faa-8507-0b3e31081e0b,958885.54,6010297.7,Comfortable,49.9
1785802740000,NOISE-W,49a1ac8f-b89d-4356-8260-a3e73765a98a,958749.58,6010415.93,Comfortable,51.3
1785802740000,NOISE-NR1,5c7eb3a5-3ace-49d5-b023-33009a594311,959160.42,6010678.99,Comfortable,46.7
1785802740000,NOISE-NR2,a7b30385-932d-4325-b84b-ae6bdcc359e3,958613.61,6010191.3,Comfortable,45.2
1785802740000,NOISE-NR3,74469165-c65c-4435-a387-36920379578d,959234.31,6010383.42,Comfortable,47.5
1785802800000,NOISE-N,b291e7be-9f14-44ed-87c1-0f02b8ca35b3,958906.23,6010563.72,Comfortable,51.5
1785802800000,NOISE-E,7be9696e-9ace-4085-a81b-0b04c83955db,959045.15,6010445.49,Comfortable,53
1785802800000,NOISE-S,b543d03f-a7d0-4faa-8507-0b3e31081e0b,958885.54,6010297.7,Comfortable,49.6
1785802800000,NOISE-W,49a1ac8f-b89d-4356-8260-a3e73765a98a,958749.58,6010415.93,Comfortable,51.1
1785802800000,NOISE-NR1,5c7eb3a5-3ace-49d5-b023-33009a594311,959160.42,6010678.99,Comfortable,46.5
1785802800000,NOISE-NR2,a7b30385-932d-4325-b84b-ae6bdcc359e3,958613.61,6010191.3,Comfortable,44.5
1785802800000,NOISE-NR3,74469165-c65c-4435-a387-36920379578d,959234.31,6010383.42,Comfortable,46.8
1785802860000,NOISE-N,b291e7be-9f14-44ed-87c1-0f02b8ca35b3,958906.23,6010563.72,Comfortable,51.3
1785802860000,NOISE-E,7be9696e-9ace-4085-a81b-0b04c83955db,959045.15,6010445.49,Comfortable,53
1785802860000,NOISE-S,b543d03f-a7d0-4faa-8507-0b3e31081e0b,958885.54,6010297.7,Comfortable,49.9
1785802860000,NOISE-W,49a1ac8f-b89d-4356-8260-a3e73765a98a,958749.58,6010415.93,Comfortable,51.7
1785802860000,NOISE-NR1,5c7eb3a5-3ace-49d5-b023-33009a594311,959160.42,6010678.99,Comfortable,46.4
1785802860000,NOISE-NR2,a7b30385-932d-4325-b84b-ae6bdcc359e3,958613.61,6010191.3,Comfortable,44.2
1785802860000,NOISE-NR3,74469165-c65c-4435-a387-36920379578d,959234.31,6010383.42,Comfortable,46.4
1785802920000,NOISE-N,b291e7be-9f14-44ed-87c1-0f02b8ca35b3,958906.23,6010563.72,Comfortable,51.9
1785802920000,NOISE-E,7be9696e-9ace-4085-a81b-0b04c83955db,959045.15,6010445.49,Comfortable,52.3
1785802920000,NOISE-S,b543d03f-a7d0-4faa-8507-0b3e31081e0b,958885.54,6010297.7,Comfortable,50.1
1785802920000,NOISE-W,49a1ac8f-b89d-4356-8260-a3e73765a98a,958749.58,6010415.93,Comfortable,52.1
1785802920000,NOISE-NR1,5c7eb3a5-3ace-49d5-b023-33009a594311,959160.42,6010678.99,Comfortable,46.1
1785802920000,NOISE-NR2,a7b30385-932d-4325-b84b-ae6bdcc359e3,958613.61,6010191.3,Comfortable,43.7
1785802920000,NOISE-NR3,74469165-c65c-4435-a387-36920379578d,959234.31,6010383.42,Comfortable,46.3
1785802980000,NOISE-N,b291e7be-9f14-44ed-87c1-0f02b8ca35b3,958906.23,6010563.72,Comfortable,51.5
1785802980000,NOISE-E,7be9696e-9ace-4085-a81b-0b04c83955db,959045.15,6010445.49,Comfortable,52.4
1785802980000,NOISE-S,b543d03f-a7d0-4faa-8507-0b3e31081e0b,958885.54,6010297.7,Comfortable,49.4
1785802980000,NOISE-W,49a1ac8f-b89d-4356-8260-a3e73765a98a,958749.58,6010415.93,Comfortable,52.4
1785802980000,NOISE-NR1,5c7eb3a5-3ace-49d5-b023-33009a594311,959160.42,6010678.99,Comfortable,46.9
1785802980000,NOISE-NR2,a7b30385-932d-4325-b84b-ae6bdcc359e3,958613.61,6010191.3,Comfortable,44
1785802980000,NOISE-NR3,74469165-c65c-4435-a387-36920379578d,959234.31,6010383.42,Comfortable,46.9
1785803040000,NOISE-N,b291e7be-9f14-44ed-87c1-0f02b8ca35b3,958906.23,6010563.72,Comfortable,51.8
1785803040000,NOISE-E,7be9696e-9ace-4085-a81b-0b04c83955db,959045.15,6010445.49,Comfortable,51.6
1785803040000,NOISE-S,b543d03f-a7d0-4faa-8507-0b3e31081e0b,958885.54,6010297.7,Comfortable,50.1
1785803040000,NOISE-W,49a1ac8f-b89d-4356-8260-a3e73765a98a,958749.58,6010415.93,Comfortable,52.6
1785803040000,NOISE-NR1,5c7eb3a5-3ace-49d5-b023-33009a594311,959160.42,6010678.99,Comfortable,46.9
1785803040000,NOISE-NR2,a7b30385-932d-4325-b84b-ae6bdcc359e3,958613.61,6010191.3,Comfortable,43.8
1785803040000,NOISE-NR3,74469165-c65c-4435-a387-36920379578d,959234.31,6010383.42,Comfortable,47
1785803100000,NOISE-N,b291e7be-9f14-44ed-87c1-0f02b8ca35b3,958906.23,6010563.72,Comfortable,52.2
1785803100000,NOISE-E,7be9696e-9ace-4085-a81b-0b04c83955db,959045.15,6010445.49,Comfortable,52
1785803100000,NOISE-S,b543d03f-a7d0-4faa-8507-0b3e31081e0b,958885.54,6010297.7,Comfortable,50.1
1785803100000,NOISE-W,49a1ac8f-b89d-4356-8260-a3e73765a98a,958749.58,6010415.93,Comfortable,51.5
1785803100000,NOISE-NR1,5c7eb3a5-3ace-49d5-b023-33009a594311,959160.42,6010678.99,Comfortable,46.5
1785803100000,NOISE-NR2,a7b30385-932d-4325-b84b-ae6bdcc359e3,958613.61,6010191.3,Comfortable,43.8
1785803100000,NOISE-NR3,74469165-c65c-4435-a387-36920379578d,959234.31,6010383.42,Comfortable,47.2
1785803160000,NOISE-N,b291e7be-9f14-44ed-87c1-0f02b8ca35b3,958906.23,6010563.72,Comfortable,51.1
1785803160000,NOISE-E,7be9696e-9ace-4085-a81b-0b04c83955db,959045.15,6010445.49,Comfortable,52.5
1785803160000,NOISE-S,b543d03f-a7d0-4faa-8507-0b3e31081e0b,958885.54,6010297.7,Comfortable,49.3
1785803160000,NOISE-W,49a1ac8f-b89d-4356-8260-a3e73765a98a,958749.58,6010415.93,Comfortable,51.2
1785803160000,NOISE-NR1,5c7eb3a5-3ace-49d5-b023-33009a594311,959160.42,6010678.99,Comfortable,46.2
1785803160000,NOISE-NR2,a7b30385-932d-4325-b84b-ae6bdcc359e3,958613.61,6010191.3,Comfortable,43.7
1785803160000,NOISE-NR3,74469165-c65c-4435-a387-36920379578d,959234.31,6010383.42,Comfortable,47.4
1785803220000,NOISE-N,b291e7be-9f14-44ed-87c1-0f02b8ca35b3,958906.23,6010563.72,Comfortable,50.4
1785803220000,NOISE-E,7be9696e-9ace-4085-a81b-0b04c83955db,959045.15,6010445.49,Comfortable,52.5
1785803220000,NOISE-S,b543d03f-a7d0-4faa-8507-0b3e31081e0b,958885.54,6010297.7,Comfortable,50
1785803220000,NOISE-W,49a1ac8f-b89d-4356-8260-a3e73765a98a,958749.58,6010415.93,Comfortable,50.5
1785803220000,NOISE-NR1,5c7eb3a5-3ace-49d5-b023-33009a594311,959160.42,6010678.99,Comfortable,45.7
1785803220000,NOISE-NR2,a7b30385-932d-4325-b84b-ae6bdcc359e3,958613.61,6010191.3,Comfortable,44.7
1785803220000,NOISE-NR3,74469165-c65c-4435-a387-36920379578d,959234.31,6010383.42,Comfortable,46.6
1785803280000,NOISE-N,b291e7be-9f14-44ed-87c1-0f02b8ca35b3,958906.23,6010563.72,Comfortable,51.1
1785803280000,NOISE-E,7be9696e-9ace-4085-a81b-0b04c83955db,959045.15,6010445.49,Comfortable,51.6
1785803280000,NOISE-S,b543d03f-a7d0-4faa-8507-0b3e31081e0b,958885.54,6010297.7,Comfortable,50.6
1785803280000,NOISE-W,49a1ac8f-b89d-4356-8260-a3e73765a98a,958749.58,6010415.93,Comfortable,50.7
1785803280000,NOISE-NR1,5c7eb3a5-3ace-49d5-b023-33009a594311,959160.42,6010678.99,Comfortable,46.2
1785803280000,NOISE-NR2,a7b30385-932d-4325-b84b-ae6bdcc359e3,958613.61,6010191.3,Comfortable,45.6
1785803280000,NOISE-NR3,74469165-c65c-4435-a387-36920379578d,959234.31,6010383.42,Comfortable,46.5
1785803340000,NOISE-N,b291e7be-9f14-44ed-87c1-0f02b8ca35b3,958906.23,6010563.72,Comfortable,50.7
1785803340000,NOISE-E,7be9696e-9ace-4085-a81b-0b04c83955db,959045.15,6010445.49,Comfortable,52
1785803340000,NOISE-S,b543d03f-a7d0-4faa-8507-0b3e31081e0b,958885.54,6010297.7,Comfortable,49.8
1785803340000,NOISE-W,49a1ac8f-b89d-4356-8260-a3e73765a98a,958749.58,6010415.93,Comfortable,50.7
1785803340000,NOISE-NR1,5c7eb3a5-3ace-49d5-b023-33009a594311,959160.42,6010678.99,Comfortable,46.5
1785803340000,NOISE-NR2,a7b30385-932d-4325-b84b-ae6bdcc359e3,958613.61,6010191.3,Comfortable,46.2
1785803340000,NOISE-NR3,74469165-c65c-4435-a387-36920379578d,959234.31,6010383.42,Comfortable,47.1
1785803400000,NOISE-N,b291e7be-9f14-44ed-87c1-0f02b8ca35b3,958906.23,6010563.72,Comfortable,51.4
1785803400000,NOISE-E,7be9696e-9ace-4085-a81b-0b04c83955db,959045.15,6010445.49,Comfortable,52.1
1785803400000,NOISE-S,b543d03f-a7d0-4faa-8507-0b3e31081e0b,958885.54,6010297.7,Comfortable,49.9
1785803400000,NOISE-W,49a1ac8f-b89d-4356-8260-a3e73765a98a,958749.58,6010415.93,Comfortable,50.8
1785803400000,NOISE-NR1,5c7eb3a5-3ace-49d5-b023-33009a594311,959160.42,6010678.99,Comfortable,46.8
1785803400000,NOISE-NR2,a7b30385-932d-4325-b84b-ae6bdcc359e3,958613.61,6010191.3,Comfortable,46.2
1785803400000,NOISE-NR3,74469165-c65c-4435-a387-36920379578d,959234.31,6010383.42,Comfortable,47.2
1785803460000,NOISE-N,b291e7be-9f14-44ed-87c1-0f02b8ca35b3,958906.23,6010563.72,Comfortable,51
1785803460000,NOISE-E,7be9696e-9ace-4085-a81b-0b04c83955db,959045.15,6010445.49,Comfortable,51.4
1785803460000,NOISE-S,b543d03f-a7d0-4faa-8507-0b3e31081e0b,958885.54,6010297.7,Comfortable,49.5
1785803460000,NOISE-W,49a1ac8f-b89d-4356-8260-a3e73765a98a,958749.58,6010415.93,Comfortable,51.3
1785803460000,NOISE-NR1,5c7eb3a5-3ace-49d5-b023-33009a594311,959160.42,6010678.99,Comfortable,46.8
1785803460000,NOISE-NR2,a7b30385-932d-4325-b84b-ae6bdcc359e3,958613.61,6010191.3,Comfortable,45.3
1785803460000,NOISE-NR3,74469165-c65c-4435-a387-36920379578d,959234.31,6010383.42,Comfortable,47.7
1785803520000,NOISE-N,b291e7be-9f14-44ed-87c1-0f02b8ca35b3,958906.23,6010563.72,Comfortable,50.5
1785803520000,NOISE-E,7be9696e-9ace-4085-a81b-0b04c83955db,959045.15,6010445.49,Comfortable,51
1785803520000,NOISE-S,b543d03f-a7d0-4faa-8507-0b3e31081e0b,958885.54,6010297.7,Comfortable,50
1785803520000,NOISE-W,49a1ac8f-b89d-4356-8260-a3e73765a98a,958749.58,6010415.93,Comfortable,51.8
1785803520000,NOISE-NR1,5c7eb3a5-3ace-49d5-b023-33009a594311,959160.42,6010678.99,Comfortable,46.4
1785803520000,NOISE-NR2,a7b30385-932d-4325-b84b-ae6bdcc359e3,958613.61,6010191.3,Comfortable,44.8
1785803520000,NOISE-NR3,74469165-c65c-4435-a387-36920379578d,959234.31,6010383.42,Comfortable,47.2
1785803580000,NOISE-N,b291e7be-9f14-44ed-87c1-0f02b8ca35b3,958906.23,6010563.72,Comfortable,50.5
1785803580000,NOISE-E,7be9696e-9ace-4085-a81b-0b04c83955db,959045.15,6010445.49,Comfortable,50.7
1785803580000,NOISE-S,b543d03f-a7d0-4faa-8507-0b3e31081e0b,958885.54,6010297.7,Comfortable,50.5
1785803580000,NOISE-W,49a1ac8f-b89d-4356-8260-a3e73765a98a,958749.58,6010415.93,Comfortable,52.3
1785803580000,NOISE-NR1,5c7eb3a5-3ace-49d5-b023-33009a594311,959160.42,6010678.99,Comfortable,47.2
1785803580000,NOISE-NR2,a7b30385-932d-4325-b84b-ae6bdcc359e3,958613.61,6010191.3,Comfortable,44.8
1785803580000,NOISE-NR3,74469165-c65c-4435-a387-36920379578d,959234.31,6010383.42,Comfortable,47.4
1785803640000,NOISE-N,b291e7be-9f14-44ed-87c1-0f02b8ca35b3,958906.23,6010563.72,Comfortable,50.6
1785803640000,NOISE-E,7be9696e-9ace-4085-a81b-0b04c83955db,959045.15,6010445.49,Comfortable,50.3
1785803640000,NOISE-S,b543d03f-a7d0-4faa-8507-0b3e31081e0b,958885.54,6010297.7,Comfortable,50.7
1785803640000,NOISE-W,49a1ac8f-b89d-4356-8260-a3e73765a98a,958749.58,6010415.93,Comfortable,51.6
1785803640000,NOISE-NR1,5c7eb3a5-3ace-49d5-b023-33009a594311,959160.42,6010678.99,Comfortable,47.5
1785803640000,NOISE-NR2,a7b30385-932d-4325-b84b-ae6bdcc359e3,958613.61,6010191.3,Comfortable,45.3
1785803640000,NOISE-NR3,74469165-c65c-4435-a387-36920379578d,959234.31,6010383.42,Comfortable,47.9
1785803700000,NOISE-N,b291e7be-9f14-44ed-87c1-0f02b8ca35b3,958906.23,6010563.72,Comfortable,51
1785803700000,NOISE-E,7be9696e-9ace-4085-a81b-0b04c83955db,959045.15,6010445.49,Comfortable,50.3
1785803700000,NOISE-S,b543d03f-a7d0-4faa-8507-0b3e31081e0b,958885.54,6010297.7,Comfortable,51
1785803700000,NOISE-W,49a1ac8f-b89d-4356-8260-a3e73765a98a,958749.58,6010415.93,Comfortable,51.3
1785803700000,NOISE-NR1,5c7eb3a5-3ace-49d5-b023-33009a594311,959160.42,6010678.99,Comfortable,46.6
1785803700000,NOISE-NR2,a7b30385-932d-4325-b84b-ae6bdcc359e3,958613.61,6010191.3,Comfortable,45.5
1785803700000,NOISE-NR3,74469165-c65c-4435-a387-36920379578d,959234.31,6010383.42,Comfortable,48
1785803760000,NOISE-N,b291e7be-9f14-44ed-87c1-0f02b8ca35b3,958906.23,6010563.72,Comfortable,51.3
1785803760000,NOISE-E,7be9696e-9ace-4085-a81b-0b04c83955db,959045.15,6010445.49,Comfortable,51.1
1785803760000,NOISE-S,b543d03f-a7d0-4faa-8507-0b3e31081e0b,958885.54,6010297.7,Comfortable,50.1
1785803760000,NOISE-W,49a1ac8f-b89d-4356-8260-a3e73765a98a,958749.58,6010415.93,Comfortable,51.2
1785803760000,NOISE-NR1,5c7eb3a5-3ace-49d5-b023-33009a594311,959160.42,6010678.99,Comfortable,46.6
1785803760000,NOISE-NR2,a7b30385-932d-4325-b84b-ae6bdcc359e3,958613.61,6010191.3,Comfortable,45.5
1785803760000,NOISE-NR3,74469165-c65c-4435-a387-36920379578d,959234.31,6010383.42,Comfortable,48.4
1785803820000,NOISE-N,b291e7be-9f14-44ed-87c1-0f02b8ca35b3,958906.23,6010563.72,Comfortable,50.9
1785803820000,NOISE-E,7be9696e-9ace-4085-a81b-0b04c83955db,959045.15,6010445.49,Comfortable,51
1785803820000,NOISE-S,b543d03f-a7d0-4faa-8507-0b3e31081e0b,958885.54,6010297.7,Comfortable,49.8
1785803820000,NOISE-W,49a1ac8f-b89d-4356-8260-a3e73765a98a,958749.58,6010415.93,Comfortable,51.3
1785803820000,NOISE-NR1,5c7eb3a5-3ace-49d5-b023-33009a594311,959160.42,6010678.99,Comfortable,46.2
1785803820000,NOISE-NR2,a7b30385-932d-4325-b84b-ae6bdcc359e3,958613.61,6010191.3,Comfortable,46
1785803820000,NOISE-NR3,74469165-c65c-4435-a387-36920379578d,959234.31,6010383.42,Comfortable,48.9
1785803880000,NOISE-N,b291e7be-9f14-44ed-87c1-0f02b8ca35b3,958906.23,6010563.72,Comfortable,51.1
1785803880000,NOISE-E,7be9696e-9ace-4085-a81b-0b04c83955db,959045.15,6010445.49,Comfortable,51.5
1785803880000,NOISE-S,b543d03f-a7d0-4faa-8507-0b3e31081e0b,958885.54,6010297.7,Comfortable,50
1785803880000,NOISE-W,49a1ac8f-b89d-4356-8260-a3e73765a98a,958749.58,6010415.93,Comfortable,51.6
1785803880000,NOISE-NR1,5c7eb3a5-3ace-49d5-b023-33009a594311,959160.42,6010678.99,Comfortable,46
1785803880000,NOISE-NR2,a7b30385-932d-4325-b84b-ae6bdcc359e3,958613.61,6010191.3,Comfortable,45.9
1785803880000,NOISE-NR3,74469165-c65c-4435-a387-36920379578d,959234.31,6010383.42,Comfortable,48.2
1785803940000,NOISE-N,b291e7be-9f14-44ed-87c1-0f02b8ca35b3,958906.23,6010563.72,Comfortable,51.1
1785803940000,NOISE-E,7be9696e-9ace-4085-a81b-0b04c83955db,959045.15,6010445.49,Comfortable,52.2
1785803940000,NOISE-S,b543d03f-a7d0-4faa-8507-0b3e31081e0b,958885.54,6010297.7,Comfortable,49.5
1785803940000,NOISE-W,49a1ac8f-b89d-4356-8260-a3e73765a98a,958749.58,6010415.93,Comfortable,51.1
1785803940000,NOISE-NR1,5c7eb3a5-3ace-49d5-b023-33009a594311,959160.42,6010678.99,Comfortable,46.4
1785803940000,NOISE-NR2,a7b30385-932d-4325-b84b-ae6bdcc359e3,958613.61,6010191.3,Comfortable,46.3
1785803940000,NOISE-NR3,74469165-c65c-4435-a387-36920379578d,959234.31,6010383.42,Comfortable,48.7
1785804000000,NOISE-N,b291e7be-9f14-44ed-87c1-0f02b8ca35b3,958906.23,6010563.72,Comfortable,51
1785804000000,NOISE-E,7be9696e-9ace-4085-a81b-0b04c83955db,959045.15,6010445.49,Comfortable,51.5
1785804000000,NOISE-S,b543d03f-a7d0-4faa-8507-0b3e31081e0b,958885.54,6010297.7,Comfortable,49
1785804000000,NOISE-W,49a1ac8f-b89d-4356-8260-a3e73765a98a,958749.58,6010415.93,Comfortable,51.2
1785804000000,NOISE-NR1,5c7eb3a5-3ace-49d5-b023-33009a594311,959160.42,6010678.99,Comfortable,46.8
1785804000000,NOISE-NR2,a7b30385-932d-4325-b84b-ae6bdcc359e3,958613.61,6010191.3,Comfortable,45.6
1785804000000,NOISE-NR3,74469165-c65c-4435-a387-36920379578d,959234.31,6010383.42,Comfortable,48.6
1785804060000,NOISE-N,b291e7be-9f14-44ed-87c1-0f02b8ca35b3,958906.23,6010563.72,Comfortable,51.2
1785804060000,NOISE-E,7be9696e-9ace-4085-a81b-0b04c83955db,959045.15,6010445.49,Comfortable,51
1785804060000,NOISE-S,b543d03f-a7d0-4faa-8507-0b3e31081e0b,958885.54,6010297.7,Comfortable,49.8
1785804060000,NOISE-W,49a1ac8f-b89d-4356-8260-a3e73765a98a,958749.58,6010415.93,Comfortable,51.5
1785804060000,NOISE-NR1,5c7eb3a5-3ace-49d5-b023-33009a594311,959160.42,6010678.99,Comfortable,46.2
1785804060000,NOISE-NR2,a7b30385-932d-4325-b84b-ae6bdcc359e3,958613.61,6010191.3,Comfortable,45.6
1785804060000,NOISE-NR3,74469165-c65c-4435-a387-36920379578d,959234.31,6010383.42,Comfortable,48
1785804120000,NOISE-N,b291e7be-9f14-44ed-87c1-0f02b8ca35b3,958906.23,6010563.72,Comfortable,51.1
1785804120000,NOISE-E,7be9696e-9ace-4085-a81b-0b04c83955db,959045.15,6010445.49,Comfortable,50.6
1785804120000,NOISE-S,b543d03f-a7d0-4faa-8507-0b3e31081e0b,958885.54,6010297.7,Comfortable,50.5
1785804120000,NOISE-W,49a1ac8f-b89d-4356-8260-a3e73765a98a,958749.58,6010415.93,Comfortable,50.7
1785804120000,NOISE-NR1,5c7eb3a5-3ace-49d5-b023-33009a594311,959160.42,6010678.99,Comfortable,46.4
1785804120000,NOISE-NR2,a7b30385-932d-4325-b84b-ae6bdcc359e3,958613.61,6010191.3,Comfortable,46.2
1785804120000,NOISE-NR3,74469165-c65c-4435-a387-36920379578d,959234.31,6010383.42,Comfortable,47.3
1785804180000,NOISE-N,b291e7be-9f14-44ed-87c1-0f02b8ca35b3,958906.23,6010563.72,Comfortable,51.5
1785804180000,NOISE-E,7be9696e-9ace-4085-a81b-0b04c83955db,959045.15,6010445.49,Comfortable,51.4
1785804180000,NOISE-S,b543d03f-a7d0-4faa-8507-0b3e31081e0b,958885.54,6010297.7,Comfortable,50
1785804180000,NOISE-W,49a1ac8f-b89d-4356-8260-a3e73765a98a,958749.58,6010415.93,Comfortable,51.1
1785804180000,NOISE-NR1,5c7eb3a5-3ace-49d5-b023-33009a594311,959160.42,6010678.99,Comfortable,46.9
1785804180000,NOISE-NR2,a7b30385-932d-4325-b84b-ae6bdcc359e3,958613.61,6010191.3,Comfortable,45.6
1785804180000,NOISE-NR3,74469165-c65c-4435-a387-36920379578d,959234.31,6010383.42,Comfortable,47.9
1785804240000,NOISE-N,b291e7be-9f14-44ed-87c1-0f02b8ca35b3,958906.23,6010563.72,Comfortable,52.1
1785804240000,NOISE-E,7be9696e-9ace-4085-a81b-0b04c83955db,959045.15,6010445.49,Comfortable,51.1
1785804240000,NOISE-S,b543d03f-a7d0-4faa-8507-0b3e31081e0b,958885.54,6010297.7,Comfortable,49.4
1785804240000,NOISE-W,49a1ac8f-b89d-4356-8260-a3e73765a98a,958749.58,6010415.93,Comfortable,51.6
1785804240000,NOISE-NR1,5c7eb3a5-3ace-49d5-b023-33009a594311,959160.42,6010678.99,Comfortable,46.9
1785804240000,NOISE-NR2,a7b30385-932d-4325-b84b-ae6bdcc359e3,958613.61,6010191.3,Comfortable,46.1
1785804240000,NOISE-NR3,74469165-c65c-4435-a387-36920379578d,959234.31,6010383.42,Comfortable,48.4
1785804300000,NOISE-N,b291e7be-9f14-44ed-87c1-0f02b8ca35b3,958906.23,6010563.72,Comfortable,52.2
1785804300000,NOISE-E,7be9696e-9ace-4085-a81b-0b04c83955db,959045.15,6010445.49,Comfortable,51.1
1785804300000,NOISE-S,b543d03f-a7d0-4faa-8507-0b3e31081e0b,958885.54,6010297.7,Comfortable,48.7
1785804300000,NOISE-W,49a1ac8f-b89d-4356-8260-a3e73765a98a,958749.58,6010415.93,Comfortable,50.7
1785804300000,NOISE-NR1,5c7eb3a5-3ace-49d5-b023-33009a594311,959160.42,6010678.99,Comfortable,46.5
1785804300000,NOISE-NR2,a7b30385-932d-4325-b84b-ae6bdcc359e3,958613.61,6010191.3,Comfortable,46.2
1785804300000,NOISE-NR3,74469165-c65c-4435-a387-36920379578d,959234.31,6010383.42,Comfortable,49
1785804360000,NOISE-N,b291e7be-9f14-44ed-87c1-0f02b8ca35b3,958906.23,6010563.72,Comfortable,52.2
1785804360000,NOISE-E,7be9696e-9ace-4085-a81b-0b04c83955db,959045.15,6010445.49,Comfortable,51.1
1785804360000,NOISE-S,b543d03f-a7d0-4faa-8507-0b3e31081e0b,958885.54,6010297.7,Comfortable,49
1785804360000,NOISE-W,49a1ac8f-b89d-4356-8260-a3e73765a98a,958749.58,6010415.93,Comfortable,51.2
1785804360000,NOISE-NR1,5c7eb3a5-3ace-49d5-b023-33009a594311,959160.42,6010678.99,Comfortable,47
1785804360000,NOISE-NR2,a7b30385-932d-4325-b84b-ae6bdcc359e3,958613.61,6010191.3,Comfortable,46.8
1785804360000,NOISE-NR3,74469165-c65c-4435-a387-36920379578d,959234.31,6010383.42,Comfortable,47.9
1785804420000,NOISE-N,b291e7be-9f14-44ed-87c1-0f02b8ca35b3,958906.23,6010563.72,Comfortable,52
1785804420000,NOISE-E,7be9696e-9ace-4085-a81b-0b04c83955db,959045.15,6010445.49,Comfortable,50.9
1785804420000,NOISE-S,b543d03f-a7d0-4faa-8507-0b3e31081e0b,958885.54,6010297.7,Comfortable,50
1785804420000,NOISE-W,49a1ac8f-b89d-4356-8260-a3e73765a98a,958749.58,6010415.93,Comfortable,51.2
1785804420000,NOISE-NR1,5c7eb3a5-3ace-49d5-b023-33009a594311,959160.42,6010678.99,Comfortable,46.6
1785804420000,NOISE-NR2,a7b30385-932d-4325-b84b-ae6bdcc359e3,958613.61,6010191.3,Comfortable,46.3
1785804420000,NOISE-NR3,74469165-c65c-4435-a387-36920379578d,959234.31,6010383.42,Comfortable,47.7
1785804480000,NOISE-N,b291e7be-9f14-44ed-87c1-0f02b8ca35b3,958906.23,6010563.72,Comfortable,51.8
1785804480000,NOISE-E,7be9696e-9ace-4085-a81b-0b04c83955db,959045.15,6010445.49,Comfortable,51.8
1785804480000,NOISE-S,b543d03f-a7d0-4faa-8507-0b3e31081e0b,958885.54,6010297.7,Comfortable,50.8
1785804480000,NOISE-W,49a1ac8f-b89d-4356-8260-a3e73765a98a,958749.58,6010415.93,Comfortable,50.6
1785804480000,NOISE-NR1,5c7eb3a5-3ace-49d5-b023-33009a594311,959160.42,6010678.99,Comfortable,45.9
1785804480000,NOISE-NR2,a7b30385-932d-4325-b84b-ae6bdcc359e3,958613.61,6010191.3,Comfortable,45.3
1785804480000,NOISE-NR3,74469165-c65c-4435-a387-36920379578d,959234.31,6010383.42,Comfortable,47.1
1785804540000,NOISE-N,b291e7be-9f14-44ed-87c1-0f02b8ca35b3,958906.23,6010563.72,Comfortable,50.8
1785804540000,NOISE-E,7be9696e-9ace-4085-a81b-0b04c83955db,959045.15,6010445.49,Comfortable,51.9
1785804540000,NOISE-S,b543d03f-a7d0-4faa-8507-0b3e31081e0b,958885.54,6010297.7,Comfortable,51.2
1785804540000,NOISE-W,49a1ac8f-b89d-4356-8260-a3e73765a98a,958749.58,6010415.93,Comfortable,50.2
1785804540000,NOISE-NR1,5c7eb3a5-3ace-49d5-b023-33009a594311,959160.42,6010678.99,Comfortable,45.5
1785804540000,NOISE-NR2,a7b30385-932d-4325-b84b-ae6bdcc359e3,958613.61,6010191.3,Comfortable,44.9
1785804540000,NOISE-NR3,74469165-c65c-4435-a387-36920379578d,959234.31,6010383.42,Comfortable,46.6
1785804600000,NOISE-N,b291e7be-9f14-44ed-87c1-0f02b8ca35b3,958906.23,6010563.72,Comfortable,50.6
1785804600000,NOISE-E,7be9696e-9ace-4085-a81b-0b04c83955db,959045.15,6010445.49,Comfortable,52.3
1785804600000,NOISE-S,b543d03f-a7d0-4faa-8507-0b3e31081e0b,958885.54,6010297.7,Comfortable,51.6
1785804600000,NOISE-W,49a1ac8f-b89d-4356-8260-a3e73765a98a,958749.58,6010415.93,Comfortable,50.7
1785804600000,NOISE-NR1,5c7eb3a5-3ace-49d5-b023-33009a594311,959160.42,6010678.99,Comfortable,45.7
1785804600000,NOISE-NR2,a7b30385-932d-4325-b84b-ae6bdcc359e3,958613.61,6010191.3,Comfortable,45.7
1785804600000,NOISE-NR3,74469165-c65c-4435-a387-36920379578d,959234.31,6010383.42,Comfortable,47.5
1785804660000,NOISE-N,b291e7be-9f14-44ed-87c1-0f02b8ca35b3,958906.23,6010563.72,Comfortable,50.7
1785804660000,NOISE-E,7be9696e-9ace-4085-a81b-0b04c83955db,959045.15,6010445.49,Comfortable,51.7
1785804660000,NOISE-S,b543d03f-a7d0-4faa-8507-0b3e31081e0b,958885.54,6010297.7,Comfortable,51.6
1785804660000,NOISE-W,49a1ac8f-b89d-4356-8260-a3e73765a98a,958749.58,6010415.93,Comfortable,50.7
1785804660000,NOISE-NR1,5c7eb3a5-3ace-49d5-b023-33009a594311,959160.42,6010678.99,Comfortable,45.2
1785804660000,NOISE-NR2,a7b30385-932d-4325-b84b-ae6bdcc359e3,958613.61,6010191.3,Comfortable,45.3
1785804660000,NOISE-NR3,74469165-c65c-4435-a387-36920379578d,959234.31,6010383.42,Comfortable,48.1
1785804720000,NOISE-N,b291e7be-9f14-44ed-87c1-0f02b8ca35b3,958906.23,6010563.72,Comfortable,51.5
1785804720000,NOISE-E,7be9696e-9ace-4085-a81b-0b04c83955db,959045.15,6010445.49,Comfortable,51.1
1785804720000,NOISE-S,b543d03f-a7d0-4faa-8507-0b3e31081e0b,958885.54,6010297.7,Comfortable,51.9
1785804720000,NOISE-W,49a1ac8f-b89d-4356-8260-a3e73765a98a,958749.58,6010415.93,Comfortable,51
1785804720000,NOISE-NR1,5c7eb3a5-3ace-49d5-b023-33009a594311,959160.42,6010678.99,Comfortable,45.3
1785804720000,NOISE-NR2,a7b30385-932d-4325-b84b-ae6bdcc359e3,958613.61,6010191.3,Comfortable,45.7
1785804720000,NOISE-NR3,74469165-c65c-4435-a387-36920379578d,959234.31,6010383.42,Comfortable,48.1
1785804780000,NOISE-N,b291e7be-9f14-44ed-87c1-0f02b8ca35b3,958906.23,6010563.72,Comfortable,52.1
1785804780000,NOISE-E,7be9696e-9ace-4085-a81b-0b04c83955db,959045.15,6010445.49,Comfortable,52.1
1785804780000,NOISE-S,b543d03f-a7d0-4faa-8507-0b3e31081e0b,958885.54,6010297.7,Comfortable,50.7
1785804780000,NOISE-W,49a1ac8f-b89d-4356-8260-a3e73765a98a,958749.58,6010415.93,Comfortable,50.6
1785804780000,NOISE-NR1,5c7eb3a5-3ace-49d5-b023-33009a594311,959160.42,6010678.99,Comfortable,45.8
1785804780000,NOISE-NR2,a7b30385-932d-4325-b84b-ae6bdcc359e3,958613.61,6010191.3,Comfortable,46.2
1785804780000,NOISE-NR3,74469165-c65c-4435-a387-36920379578d,959234.31,6010383.42,Comfortable,48.2
1785804840000,NOISE-N,b291e7be-9f14-44ed-87c1-0f02b8ca35b3,958906.23,6010563.72,Comfortable,52.1
1785804840000,NOISE-E,7be9696e-9ace-4085-a81b-0b04c83955db,959045.15,6010445.49,Comfortable,52.4
1785804840000,NOISE-S,b543d03f-a7d0-4faa-8507-0b3e31081e0b,958885.54,6010297.7,Comfortable,49.8
1785804840000,NOISE-W,49a1ac8f-b89d-4356-8260-a3e73765a98a,958749.58,6010415.93,Comfortable,50.8
1785804840000,NOISE-NR1,5c7eb3a5-3ace-49d5-b023-33009a594311,959160.42,6010678.99,Comfortable,46.7
1785804840000,NOISE-NR2,a7b30385-932d-4325-b84b-ae6bdcc359e3,958613.61,6010191.3,Comfortable,45.6
1785804840000,NOISE-NR3,74469165-c65c-4435-a387-36920379578d,959234.31,6010383.42,Comfortable,47.5
1785804900000,NOISE-N,b291e7be-9f14-44ed-87c1-0f02b8ca35b3,958906.23,6010563.72,Comfortable,51.1
1785804900000,NOISE-E,7be9696e-9ace-4085-a81b-0b04c83955db,959045.15,6010445.49,Comfortable,51.7
1785804900000,NOISE-S,b543d03f-a7d0-4faa-8507-0b3e31081e0b,958885.54,6010297.7,Comfortable,49.8
1785804900000,NOISE-W,49a1ac8f-b89d-4356-8260-a3e73765a98a,958749.58,6010415.93,Comfortable,51.6
1785804900000,NOISE-NR1,5c7eb3a5-3ace-49d5-b023-33009a594311,959160.42,6010678.99,Comfortable,46.2
1785804900000,NOISE-NR2,a7b30385-932d-4325-b84b-ae6bdcc359e3,958613.61,6010191.3,Comfortable,45.6
1785804900000,NOISE-NR3,74469165-c65c-4435-a387-36920379578d,959234.31,6010383.42,Comfortable,47.1
1785804960000,NOISE-N,b291e7be-9f14-44ed-87c1-0f02b8ca35b3,958906.23,6010563.72,Comfortable,50.7
1785804960000,NOISE-E,7be9696e-9ace-4085-a81b-0b04c83955db,959045.15,6010445.49,Comfortable,52.2
1785804960000,NOISE-S,b543d03f-a7d0-4faa-8507-0b3e31081e0b,958885.54,6010297.7,Comfortable,50.4
1785804960000,NOISE-W,49a1ac8f-b89d-4356-8260-a3e73765a98a,958749.58,6010415.93,Comfortable,51
1785804960000,NOISE-NR1,5c7eb3a5-3ace-49d5-b023-33009a594311,959160.42,6010678.99,Comfortable,46.6
1785804960000,NOISE-NR2,a7b30385-932d-4325-b84b-ae6bdcc359e3,958613.61,6010191.3,Comfortable,45.9
1785804960000,NOISE-NR3,74469165-c65c-4435-a387-36920379578d,959234.31,6010383.42,Comfortable,47.6
1785805020000,NOISE-N,b291e7be-9f14-44ed-87c1-0f02b8ca35b3,958906.23,6010563.72,Comfortable,51
1785805020000,NOISE-E,7be9696e-9ace-4085-a81b-0b04c83955db,959045.15,6010445.49,Comfortable,51.6
1785805020000,NOISE-S,b543d03f-a7d0-4faa-8507-0b3e31081e0b,958885.54,6010297.7,Comfortable,49.7
1785805020000,NOISE-W,49a1ac8f-b89d-4356-8260-a3e73765a98a,958749.58,6010415.93,Comfortable,51.3
1785805020000,NOISE-NR1,5c7eb3a5-3ace-49d5-b023-33009a594311,959160.42,6010678.99,Comfortable,46
1785805020000,NOISE-NR2,a7b30385-932d-4325-b84b-ae6bdcc359e3,958613.61,6010191.3,Comfortable,45.5
1785805020000,NOISE-NR3,74469165-c65c-4435-a387-36920379578d,959234.31,6010383.42,Comfortable,48.2
1785805080000,NOISE-N,b291e7be-9f14-44ed-87c1-0f02b8ca35b3,958906.23,6010563.72,Comfortable,51.3
1785805080000,NOISE-E,7be9696e-9ace-4085-a81b-0b04c83955db,959045.15,6010445.49,Comfortable,51.8
1785805080000,NOISE-S,b543d03f-a7d0-4faa-8507-0b3e31081e0b,958885.54,6010297.7,Comfortable,50.5
1785805080000,NOISE-W,49a1ac8f-b89d-4356-8260-a3e73765a98a,958749.58,6010415.93,Comfortable,50.6
1785805080000,NOISE-NR1,5c7eb3a5-3ace-49d5-b023-33009a594311,959160.42,6010678.99,Comfortable,45.6
1785805080000,NOISE-NR2,a7b30385-932d-4325-b84b-ae6bdcc359e3,958613.61,6010191.3,Comfortable,45.8
1785805080000,NOISE-NR3,74469165-c65c-4435-a387-36920379578d,959234.31,6010383.42,Comfortable,48.2
1785805140000,NOISE-N,b291e7be-9f14-44ed-87c1-0f02b8ca35b3,958906.23,6010563.72,Comfortable,51
1785805140000,NOISE-E,7be9696e-9ace-4085-a81b-0b04c83955db,959045.15,6010445.49,Comfortable,52.6
1785805140000,NOISE-S,b543d03f-a7d0-4faa-8507-0b3e31081e0b,958885.54,6010297.7,Comfortable,49.8
1785805140000,NOISE-W,49a1ac8f-b89d-4356-8260-a3e73765a98a,958749.58,6010415.93,Comfortable,50.9
1785805140000,NOISE-NR1,5c7eb3a5-3ace-49d5-b023-33009a594311,959160.42,6010678.99,Comfortable,45.9
1785805140000,NOISE-NR2,a7b30385-932d-4325-b84b-ae6bdcc359e3,958613.61,6010191.3,Comfortable,45.5
1785805140000,NOISE-NR3,74469165-c65c-4435-a387-36920379578d,959234.31,6010383.42,Comfortable,48
1785805200000,NOISE-N,b291e7be-9f14-44ed-87c1-0f02b8ca35b3,958906.23,6010563.72,Comfortable,51
1785805200000,NOISE-E,7be9696e-9ace-4085-a81b-0b04c83955db,959045.15,6010445.49,Comfortable,53.1
1785805200000,NOISE-S,b543d03f-a7d0-4faa-8507-0b3e31081e0b,958885.54,6010297.7,Comfortable,49.7
1785805200000,NOISE-W,49a1ac8f-b89d-4356-8260-a3e73765a98a,958749.58,6010415.93,Comfortable,50.9
1785805200000,NOISE-NR1,5c7eb3a5-3ace-49d5-b023-33009a594311,959160.42,6010678.99,Comfortable,45.3
1785805200000,NOISE-NR2,a7b30385-932d-4325-b84b-ae6bdcc359e3,958613.61,6010191.3,Comfortable,45
1785805200000,NOISE-NR3,74469165-c65c-4435-a387-36920379578d,959234.31,6010383.42,Comfortable,47.4
1785805260000,NOISE-N,b291e7be-9f14-44ed-87c1-0f02b8ca35b3,958906.23,6010563.72,Comfortable,50.2
1785805260000,NOISE-E,7be9696e-9ace-4085-a81b-0b04c83955db,959045.15,6010445.49,Comfortable,52.1
1785805260000,NOISE-S,b543d03f-a7d0-4faa-8507-0b3e31081e0b,958885.54,6010297.7,Comfortable,49.5
1785805260000,NOISE-W,49a1ac8f-b89d-4356-8260-a3e73765a98a,958749.58,6010415.93,Comfortable,50.2
1785805260000,NOISE-NR1,5c7eb3a5-3ace-49d5-b023-33009a594311,959160.42,6010678.99,Comfortable,45.6
1785805260000,NOISE-NR2,a7b30385-932d-4325-b84b-ae6bdcc359e3,958613.61,6010191.3,Comfortable,45.4
1785805260000,NOISE-NR3,74469165-c65c-4435-a387-36920379578d,959234.31,6010383.42,Comfortable,46.7
1785805320000,NOISE-N,b291e7be-9f14-44ed-87c1-0f02b8ca35b3,958906.23,6010563.72,Comfortable,50.4
1785805320000,NOISE-E,7be9696e-9ace-4085-a81b-0b04c83955db,959045.15,6010445.49,Comfortable,51.4
1785805320000,NOISE-S,b543d03f-a7d0-4faa-8507-0b3e31081e0b,958885.54,6010297.7,Comfortable,49
1785805320000,NOISE-W,49a1ac8f-b89d-4356-8260-a3e73765a98a,958749.58,6010415.93,Comfortable,50.3
1785805320000,NOISE-NR1,5c7eb3a5-3ace-49d5-b023-33009a594311,959160.42,6010678.99,Comfortable,46
1785805320000,NOISE-NR2,a7b30385-932d-4325-b84b-ae6bdcc359e3,958613.61,6010191.3,Comfortable,45.4
1785805320000,NOISE-NR3,74469165-c65c-4435-a387-36920379578d,959234.31,6010383.42,Comfortable,46.4
1785805380000,NOISE-N,b291e7be-9f14-44ed-87c1-0f02b8ca35b3,958906.23,6010563.72,Comfortable,50.2
1785805380000,NOISE-E,7be9696e-9ace-4085-a81b-0b04c83955db,959045.15,6010445.49,Comfortable,51.2
1785805380000,NOISE-S,b543d03f-a7d0-4faa-8507-0b3e31081e0b,958885.54,6010297.7,Comfortable,48.8
1785805380000,NOISE-W,49a1ac8f-b89d-4356-8260-a3e73765a98a,958749.58,6010415.93,Comfortable,51.1
1785805380000,NOISE-NR1,5c7eb3a5-3ace-49d5-b023-33009a594311,959160.42,6010678.99,Comfortable,46.8
1785805380000,NOISE-NR2,a7b30385-932d-4325-b84b-ae6bdcc359e3,958613.61,6010191.3,Comfortable,45.9
1785805380000,NOISE-NR3,74469165-c65c-4435-a387-36920379578d,959234.31,6010383.42,Comfortable,47.3
1785805440000,NOISE-N,b291e7be-9f14-44ed-87c1-0f02b8ca35b3,958906.23,6010563.72,Comfortable,50
1785805440000,NOISE-E,7be9696e-9ace-4085-a81b-0b04c83955db,959045.15,6010445.49,Comfortable,50.8
1785805440000,NOISE-S,b543d03f-a7d0-4faa-8507-0b3e31081e0b,958885.54,6010297.7,Comfortable,48.6
1785805440000,NOISE-W,49a1ac8f-b89d-4356-8260-a3e73765a98a,958749.58,6010415.93,Comfortable,50.4
1785805440000,NOISE-NR1,5c7eb3a5-3ace-49d5-b023-33009a594311,959160.42,6010678.99,Comfortable,46.9
1785805440000,NOISE-NR2,a7b30385-932d-4325-b84b-ae6bdcc359e3,958613.61,6010191.3,Comfortable,46.2
1785805440000,NOISE-NR3,74469165-c65c-4435-a387-36920379578d,959234.31,6010383.42,Comfortable,47.2
1785805500000,NOISE-N,b291e7be-9f14-44ed-87c1-0f02b8ca35b3,958906.23,6010563.72,Comfortable,50.2
1785805500000,NOISE-E,7be9696e-9ace-4085-a81b-0b04c83955db,959045.15,6010445.49,Comfortable,51.7
1785805500000,NOISE-S,b543d03f-a7d0-4faa-8507-0b3e31081e0b,958885.54,6010297.7,Comfortable,48.3
1785805500000,NOISE-W,49a1ac8f-b89d-4356-8260-a3e73765a98a,958749.58,6010415.93,Comfortable,51.3
1785805500000,NOISE-NR1,5c7eb3a5-3ace-49d5-b023-33009a594311,959160.42,6010678.99,Comfortable,47.3
1785805500000,NOISE-NR2,a7b30385-932d-4325-b84b-ae6bdcc359e3,958613.61,6010191.3,Comfortable,46.5
1785805500000,NOISE-NR3,74469165-c65c-4435-a387-36920379578d,959234.31,6010383.42,Comfortable,47.8
1785805560000,NOISE-N,b291e7be-9f14-44ed-87c1-0f02b8ca35b3,958906.23,6010563.72,Comfortable,50.7
1785805560000,NOISE-E,7be9696e-9ace-4085-a81b-0b04c83955db,959045.15,6010445.49,Comfortable,52.6
1785805560000,NOISE-S,b543d03f-a7d0-4faa-8507-0b3e31081e0b,958885.54,6010297.7,Comfortable,48.8
1785805560000,NOISE-W,49a1ac8f-b89d-4356-8260-a3e73765a98a,958749.58,6010415.93,Comfortable,51.1
1785805560000,NOISE-NR1,5c7eb3a5-3ace-49d5-b023-33009a594311,959160.42,6010678.99,Comfortable,47.1
1785805560000,NOISE-NR2,a7b30385-932d-4325-b84b-ae6bdcc359e3,958613.61,6010191.3,Comfortable,45.7
1785805560000,NOISE-NR3,74469165-c65c-4435-a387-36920379578d,959234.31,6010383.42,Comfortable,48
1785805620000,NOISE-N,b291e7be-9f14-44ed-87c1-0f02b8ca35b3,958906.23,6010563.72,Comfortable,50.7
1785805620000,NOISE-E,7be9696e-9ace-4085-a81b-0b04c83955db,959045.15,6010445.49,Comfortable,52
1785805620000,NOISE-S,b543d03f-a7d0-4faa-8507-0b3e31081e0b,958885.54,6010297.7,Comfortable,49.2
1785805620000,NOISE-W,49a1ac8f-b89d-4356-8260-a3e73765a98a,958749.58,6010415.93,Comfortable,51
1785805620000,NOISE-NR1,5c7eb3a5-3ace-49d5-b023-33009a594311,959160.42,6010678.99,Comfortable,47
1785805620000,NOISE-NR2,a7b30385-932d-4325-b84b-ae6bdcc359e3,958613.61,6010191.3,Comfortable,45.7
1785805620000,NOISE-NR3,74469165-c65c-4435-a387-36920379578d,959234.31,6010383.42,Comfortable,48.3
1785805680000,NOISE-N,b291e7be-9f14-44ed-87c1-0f02b8ca35b3,958906.23,6010563.72,Comfortable,50.5
1785805680000,NOISE-E,7be9696e-9ace-4085-a81b-0b04c83955db,959045.15,6010445.49,Comfortable,52.6
1785805680000,NOISE-S,b543d03f-a7d0-4faa-8507-0b3e31081e0b,958885.54,6010297.7,Comfortable,48.7
1785805680000,NOISE-W,49a1ac8f-b89d-4356-8260-a3e73765a98a,958749.58,6010415.93,Comfortable,50.3
1785805680000,NOISE-NR1,5c7eb3a5-3ace-49d5-b023-33009a594311,959160.42,6010678.99,Comfortable,46.4
1785805680000,NOISE-NR2,a7b30385-932d-4325-b84b-ae6bdcc359e3,958613.61,6010191.3,Comfortable,45.1
1785805680000,NOISE-NR3,74469165-c65c-4435-a387-36920379578d,959234.31,6010383.42,Comfortable,48.7
1785805740000,NOISE-N,b291e7be-9f14-44ed-87c1-0f02b8ca35b3,958906.23,6010563.72,Comfortable,50
1785805740000,NOISE-E,7be9696e-9ace-4085-a81b-0b04c83955db,959045.15,6010445.49,Comfortable,51.8
1785805740000,NOISE-S,b543d03f-a7d0-4faa-8507-0b3e31081e0b,958885.54,6010297.7,Comfortable,49.4
1785805740000,NOISE-W,49a1ac8f-b89d-4356-8260-a3e73765a98a,958749.58,6010415.93,Comfortable,50.4
1785805740000,NOISE-NR1,5c7eb3a5-3ace-49d5-b023-33009a594311,959160.42,6010678.99,Comfortable,46.3
1785805740000,NOISE-NR2,a7b30385-932d-4325-b84b-ae6bdcc359e3,958613.61,6010191.3,Comfortable,45.8
1785805740000,NOISE-NR3,74469165-c65c-4435-a387-36920379578d,959234.31,6010383.42,Comfortable,48
1785805800000,NOISE-N,b291e7be-9f14-44ed-87c1-0f02b8ca35b3,958906.23,6010563.72,Comfortable,50.7
1785805800000,NOISE-E,7be9696e-9ace-4085-a81b-0b04c83955db,959045.15,6010445.49,Comfortable,51.3
1785805800000,NOISE-S,b543d03f-a7d0-4faa-8507-0b3e31081e0b,958885.54,6010297.7,Comfortable,49.6
1785805800000,NOISE-W,49a1ac8f-b89d-4356-8260-a3e73765a98a,958749.58,6010415.93,Comfortable,50.8
1785805800000,NOISE-NR1,5c7eb3a5-3ace-49d5-b023-33009a594311,959160.42,6010678.99,Comfortable,46.4
1785805800000,NOISE-NR2,a7b30385-932d-4325-b84b-ae6bdcc359e3,958613.61,6010191.3,Comfortable,45.4
1785805800000,NOISE-NR3,74469165-c65c-4435-a387-36920379578d,959234.31,6010383.42,Comfortable,48
1785805860000,NOISE-N,b291e7be-9f14-44ed-87c1-0f02b8ca35b3,958906.23,6010563.72,Comfortable,50.4
1785805860000,NOISE-E,7be9696e-9ace-4085-a81b-0b04c83955db,959045.15,6010445.49,Comfortable,51.8
1785805860000,NOISE-S,b543d03f-a7d0-4faa-8507-0b3e31081e0b,958885.54,6010297.7,Comfortable,49.6
1785805860000,NOISE-W,49a1ac8f-b89d-4356-8260-a3e73765a98a,958749.58,6010415.93,Comfortable,51
1785805860000,NOISE-NR1,5c7eb3a5-3ace-49d5-b023-33009a594311,959160.42,6010678.99,Comfortable,47
1785805860000,NOISE-NR2,a7b30385-932d-4325-b84b-ae6bdcc359e3,958613.61,6010191.3,Comfortable,45.5
1785805860000,NOISE-NR3,74469165-c65c-4435-a387-36920379578d,959234.31,6010383.42,Comfortable,47.1
1785805920000,NOISE-N,b291e7be-9f14-44ed-87c1-0f02b8ca35b3,958906.23,6010563.72,Comfortable,50.3
1785805920000,NOISE-E,7be9696e-9ace-4085-a81b-0b04c83955db,959045.15,6010445.49,Comfortable,51
1785805920000,NOISE-S,b543d03f-a7d0-4faa-8507-0b3e31081e0b,958885.54,6010297.7,Comfortable,50.5
1785805920000,NOISE-W,49a1ac8f-b89d-4356-8260-a3e73765a98a,958749.58,6010415.93,Comfortable,51.7
1785805920000,NOISE-NR1,5c7eb3a5-3ace-49d5-b023-33009a594311,959160.42,6010678.99,Comfortable,46.8
1785805920000,NOISE-NR2,a7b30385-932d-4325-b84b-ae6bdcc359e3,958613.61,6010191.3,Comfortable,45.7
1785805920000,NOISE-NR3,74469165-c65c-4435-a387-36920379578d,959234.31,6010383.42,Comfortable,46.9
1785805980000,NOISE-N,b291e7be-9f14-44ed-87c1-0f02b8ca35b3,958906.23,6010563.72,Comfortable,49.7
1785805980000,NOISE-E,7be9696e-9ace-4085-a81b-0b04c83955db,959045.15,6010445.49,Comfortable,51.7
1785805980000,NOISE-S,b543d03f-a7d0-4faa-8507-0b3e31081e0b,958885.54,6010297.7,Comfortable,50.2
1785805980000,NOISE-W,49a1ac8f-b89d-4356-8260-a3e73765a98a,958749.58,6010415.93,Comfortable,51.4
1785805980000,NOISE-NR1,5c7eb3a5-3ace-49d5-b023-33009a594311,959160.42,6010678.99,Comfortable,46.6
1785805980000,NOISE-NR2,a7b30385-932d-4325-b84b-ae6bdcc359e3,958613.61,6010191.3,Comfortable,46.1
1785805980000,NOISE-NR3,74469165-c65c-4435-a387-36920379578d,959234.31,6010383.42,Comfortable,46.4
1785806040000,NOISE-N,b291e7be-9f14-44ed-87c1-0f02b8ca35b3,958906.23,6010563.72,Comfortable,50.4
1785806040000,NOISE-E,7be9696e-9ace-4085-a81b-0b04c83955db,959045.15,6010445.49,Comfortable,52.2
1785806040000,NOISE-S,b543d03f-a7d0-4faa-8507-0b3e31081e0b,958885.54,6010297.7,Comfortable,50.7
1785806040000,NOISE-W,49a1ac8f-b89d-4356-8260-a3e73765a98a,958749.58,6010415.93,Comfortable,51.6
1785806040000,NOISE-NR1,5c7eb3a5-3ace-49d5-b023-33009a594311,959160.42,6010678.99,Comfortable,46.6
1785806040000,NOISE-NR2,a7b30385-932d-4325-b84b-ae6bdcc359e3,958613.61,6010191.3,Comfortable,46.7
1785806040000,NOISE-NR3,74469165-c65c-4435-a387-36920379578d,959234.31,6010383.42,Comfortable,46.7
1785806100000,NOISE-N,b291e7be-9f14-44ed-87c1-0f02b8ca35b3,958906.23,6010563.72,Comfortable,50.3
1785806100000,NOISE-E,7be9696e-9ace-4085-a81b-0b04c83955db,959045.15,6010445.49,Comfortable,52.2
1785806100000,NOISE-S,b543d03f-a7d0-4faa-8507-0b3e31081e0b,958885.54,6010297.7,Comfortable,49.9
1785806100000,NOISE-W,49a1ac8f-b89d-4356-8260-a3e73765a98a,958749.58,6010415.93,Comfortable,50.7
1785806100000,NOISE-NR1,5c7eb3a5-3ace-49d5-b023-33009a594311,959160.42,6010678.99,Comfortable,46.1
1785806100000,NOISE-NR2,a7b30385-932d-4325-b84b-ae6bdcc359e3,958613.61,6010191.3,Comfortable,46.1
1785806100000,NOISE-NR3,74469165-c65c-4435-a387-36920379578d,959234.31,6010383.42,Comfortable,47.3
1785806160000,NOISE-N,b291e7be-9f14-44ed-87c1-0f02b8ca35b3,958906.23,6010563.72,Comfortable,51
1785806160000,NOISE-E,7be9696e-9ace-4085-a81b-0b04c83955db,959045.15,6010445.49,Comfortable,51.5
1785806160000,NOISE-S,b543d03f-a7d0-4faa-8507-0b3e31081e0b,958885.54,6010297.7,Comfortable,50.6
1785806160000,NOISE-W,49a1ac8f-b89d-4356-8260-a3e73765a98a,958749.58,6010415.93,Comfortable,51.4
1785806160000,NOISE-NR1,5c7eb3a5-3ace-49d5-b023-33009a594311,959160.42,6010678.99,Comfortable,46.8
1785806160000,NOISE-NR2,a7b30385-932d-4325-b84b-ae6bdcc359e3,958613.61,6010191.3,Comfortable,45.4
1785806160000,NOISE-NR3,74469165-c65c-4435-a387-36920379578d,959234.31,6010383.42,Comfortable,47.8
1785806220000,NOISE-N,b291e7be-9f14-44ed-87c1-0f02b8ca35b3,958906.23,6010563.72,Comfortable,50.7
1785806220000,NOISE-E,7be9696e-9ace-4085-a81b-0b04c83955db,959045.15,6010445.49,Comfortable,51.8
1785806220000,NOISE-S,b543d03f-a7d0-4faa-8507-0b3e31081e0b,958885.54,6010297.7,Comfortable,51
1785806220000,NOISE-W,49a1ac8f-b89d-4356-8260-a3e73765a98a,958749.58,6010415.93,Comfortable,50.5
1785806220000,NOISE-NR1,5c7eb3a5-3ace-49d5-b023-33009a594311,959160.42,6010678.99,Comfortable,47.4
1785806220000,NOISE-NR2,a7b30385-932d-4325-b84b-ae6bdcc359e3,958613.61,6010191.3,Comfortable,44.9
1785806220000,NOISE-NR3,74469165-c65c-4435-a387-36920379578d,959234.31,6010383.42,Comfortable,48.2
1785806280000,NOISE-N,b291e7be-9f14-44ed-87c1-0f02b8ca35b3,958906.23,6010563.72,Comfortable,50.9
1785806280000,NOISE-E,7be9696e-9ace-4085-a81b-0b04c83955db,959045.15,6010445.49,Comfortable,51.4
1785806280000,NOISE-S,b543d03f-a7d0-4faa-8507-0b3e31081e0b,958885.54,6010297.7,Comfortable,51.1
1785806280000,NOISE-W,49a1ac8f-b89d-4356-8260-a3e73765a98a,958749.58,6010415.93,Comfortable,51.2
1785806280000,NOISE-NR1,5c7eb3a5-3ace-49d5-b023-33009a594311,959160.42,6010678.99,Comfortable,46.8
1785806280000,NOISE-NR2,a7b30385-932d-4325-b84b-ae6bdcc359e3,958613.61,6010191.3,Comfortable,45.7
1785806280000,NOISE-NR3,74469165-c65c-4435-a387-36920379578d,959234.31,6010383.42,Comfortable,48.7
1785806340000,NOISE-N,b291e7be-9f14-44ed-87c1-0f02b8ca35b3,958906.23,6010563.72,Comfortable,50.8
1785806340000,NOISE-E,7be9696e-9ace-4085-a81b-0b04c83955db,959045.15,6010445.49,Comfortable,51.7
1785806340000,NOISE-S,b543d03f-a7d0-4faa-8507-0b3e31081e0b,958885.54,6010297.7,Comfortable,50.3
1785806340000,NOISE-W,49a1ac8f-b89d-4356-8260-a3e73765a98a,958749.58,6010415.93,Comfortable,51.9
1785806340000,NOISE-NR1,5c7eb3a5-3ace-49d5-b023-33009a594311,959160.42,6010678.99,Comfortable,47.3
1785806340000,NOISE-NR2,a7b30385-932d-4325-b84b-ae6bdcc359e3,958613.61,6010191.3,Comfortable,46.3
1785806340000,NOISE-NR3,74469165-c65c-4435-a387-36920379578d,959234.31,6010383.42,Comfortable,48.2
1785806400000,NOISE-N,b291e7be-9f14-44ed-87c1-0f02b8ca35b3,958906.23,6010563.72,Comfortable,51.6
1785806400000,NOISE-E,7be9696e-9ace-4085-a81b-0b04c83955db,959045.15,6010445.49,Comfortable,51.7
1785806400000,NOISE-S,b543d03f-a7d0-4faa-8507-0b3e31081e0b,958885.54,6010297.7,Comfortable,50.5
1785806400000,NOISE-W,49a1ac8f-b89d-4356-8260-a3e73765a98a,958749.58,6010415.93,Comfortable,52.3
1785806400000,NOISE-NR1,5c7eb3a5-3ace-49d5-b023-33009a594311,959160.42,6010678.99,Comfortable,46.5
1785806400000,NOISE-NR2,a7b30385-932d-4325-b84b-ae6bdcc359e3,958613.61,6010191.3,Comfortable,46
1785806400000,NOISE-NR3,74469165-c65c-4435-a387-36920379578d,959234.31,6010383.42,Comfortable,47.3
1785806460000,NOISE-N,b291e7be-9f14-44ed-87c1-0f02b8ca35b3,958906.23,6010563.72,Comfortable,52
1785806460000,NOISE-E,7be9696e-9ace-4085-a81b-0b04c83955db,959045.15,6010445.49,Comfortable,51.5
1785806460000,NOISE-S,b543d03f-a7d0-4faa-8507-0b3e31081e0b,958885.54,6010297.7,Comfortable,51
1785806460000,NOISE-W,49a1ac8f-b89d-4356-8260-a3e73765a98a,958749.58,6010415.93,Comfortable,52.6
1785806460000,NOISE-NR1,5c7eb3a5-3ace-49d5-b023-33009a594311,959160.42,6010678.99,Comfortable,46.5
1785806460000,NOISE-NR2,a7b30385-932d-4325-b84b-ae6bdcc359e3,958613.61,6010191.3,Comfortable,46.5
1785806460000,NOISE-NR3,74469165-c65c-4435-a387-36920379578d,959234.31,6010383.42,Comfortable,48
1785806520000,NOISE-N,b291e7be-9f14-44ed-87c1-0f02b8ca35b3,958906.23,6010563.72,Comfortable,51.8
1785806520000,NOISE-E,7be9696e-9ace-4085-a81b-0b04c83955db,959045.15,6010445.49,Comfortable,50.8
1785806520000,NOISE-S,b543d03f-a7d0-4faa-8507-0b3e31081e0b,958885.54,6010297.7,Comfortable,51
1785806520000,NOISE-W,49a1ac8f-b89d-4356-8260-a3e73765a98a,958749.58,6010415.93,Comfortable,52.8
1785806520000,NOISE-NR1,5c7eb3a5-3ace-49d5-b023-33009a594311,959160.42,6010678.99,Comfortable,46.7
1785806520000,NOISE-NR2,a7b30385-932d-4325-b84b-ae6bdcc359e3,958613.61,6010191.3,Comfortable,45.7
1785806520000,NOISE-NR3,74469165-c65c-4435-a387-36920379578d,959234.31,6010383.42,Comfortable,47.5
1785806580000,NOISE-N,b291e7be-9f14-44ed-87c1-0f02b8ca35b3,958906.23,6010563.72,Comfortable,50.9
1785806580000,NOISE-E,7be9696e-9ace-4085-a81b-0b04c83955db,959045.15,6010445.49,Comfortable,51.4
1785806580000,NOISE-S,b543d03f-a7d0-4faa-8507-0b3e31081e0b,958885.54,6010297.7,Comfortable,50
1785806580000,NOISE-W,49a1ac8f-b89d-4356-8260-a3e73765a98a,958749.58,6010415.93,Comfortable,52.7
1785806580000,NOISE-NR1,5c7eb3a5-3ace-49d5-b023-33009a594311,959160.42,6010678.99,Comfortable,45.9
1785806580000,NOISE-NR2,a7b30385-932d-4325-b84b-ae6bdcc359e3,958613.61,6010191.3,Comfortable,45
1785806580000,NOISE-NR3,74469165-c65c-4435-a387-36920379578d,959234.31,6010383.42,Comfortable,47.2
1785806640000,NOISE-N,b291e7be-9f14-44ed-87c1-0f02b8ca35b3,958906.23,6010563.72,Comfortable,50.8
1785806640000,NOISE-E,7be9696e-9ace-4085-a81b-0b04c83955db,959045.15,6010445.49,Comfortable,51.5
1785806640000,NOISE-S,b543d03f-a7d0-4faa-8507-0b3e31081e0b,958885.54,6010297.7,Comfortable,50.8
1785806640000,NOISE-W,49a1ac8f-b89d-4356-8260-a3e73765a98a,958749.58,6010415.93,Comfortable,51.8
1785806640000,NOISE-NR1,5c7eb3a5-3ace-49d5-b023-33009a594311,959160.42,6010678.99,Comfortable,45.4
1785806640000,NOISE-NR2,a7b30385-932d-4325-b84b-ae6bdcc359e3,958613.61,6010191.3,Comfortable,44.5
1785806640000,NOISE-NR3,74469165-c65c-4435-a387-36920379578d,959234.31,6010383.42,Comfortable,47
1785806700000,NOISE-N,b291e7be-9f14-44ed-87c1-0f02b8ca35b3,958906.23,6010563.72,Comfortable,50.7
1785806700000,NOISE-E,7be9696e-9ace-4085-a81b-0b04c83955db,959045.15,6010445.49,Comfortable,51.7
1785806700000,NOISE-S,b543d03f-a7d0-4faa-8507-0b3e31081e0b,958885.54,6010297.7,Comfortable,50
1785806700000,NOISE-W,49a1ac8f-b89d-4356-8260-a3e73765a98a,958749.58,6010415.93,Comfortable,51.8
1785806700000,NOISE-NR1,5c7eb3a5-3ace-49d5-b023-33009a594311,959160.42,6010678.99,Comfortable,45.1
1785806700000,NOISE-NR2,a7b30385-932d-4325-b84b-ae6bdcc359e3,958613.61,6010191.3,Comfortable,44.5
1785806700000,NOISE-NR3,74469165-c65c-4435-a387-36920379578d,959234.31,6010383.42,Comfortable,47.3
1785806760000,NOISE-N,b291e7be-9f14-44ed-87c1-0f02b8ca35b3,958906.23,6010563.72,Comfortable,50.1
1785806760000,NOISE-E,7be9696e-9ace-4085-a81b-0b04c83955db,959045.15,6010445.49,Comfortable,52.3
1785806760000,NOISE-S,b543d03f-a7d0-4faa-8507-0b3e31081e0b,958885.54,6010297.7,Comfortable,50.6
1785806760000,NOISE-W,49a1ac8f-b89d-4356-8260-a3e73765a98a,958749.58,6010415.93,Comfortable,51.5
1785806760000,NOISE-NR1,5c7eb3a5-3ace-49d5-b023-33009a594311,959160.42,6010678.99,Comfortable,45.7
1785806760000,NOISE-NR2,a7b30385-932d-4325-b84b-ae6bdcc359e3,958613.61,6010191.3,Comfortable,44.6
1785806760000,NOISE-NR3,74469165-c65c-4435-a387-36920379578d,959234.31,6010383.42,Comfortable,46.9
1785806820000,NOISE-N,b291e7be-9f14-44ed-87c1-0f02b8ca35b3,958906.23,6010563.72,Comfortable,49.6
1785806820000,NOISE-E,7be9696e-9ace-4085-a81b-0b04c83955db,959045.15,6010445.49,Comfortable,52.2
1785806820000,NOISE-S,b543d03f-a7d0-4faa-8507-0b3e31081e0b,958885.54,6010297.7,Comfortable,51.2
1785806820000,NOISE-W,49a1ac8f-b89d-4356-8260-a3e73765a98a,958749.58,6010415.93,Comfortable,52
1785806820000,NOISE-NR1,5c7eb3a5-3ace-49d5-b023-33009a594311,959160.42,6010678.99,Comfortable,46
1785806820000,NOISE-NR2,a7b30385-932d-4325-b84b-ae6bdcc359e3,958613.61,6010191.3,Comfortable,44.2
1785806820000,NOISE-NR3,74469165-c65c-4435-a387-36920379578d,959234.31,6010383.42,Comfortable,47.6
1785806880000,NOISE-N,b291e7be-9f14-44ed-87c1-0f02b8ca35b3,958906.23,6010563.72,Comfortable,50.4
1785806880000,NOISE-E,7be9696e-9ace-4085-a81b-0b04c83955db,959045.15,6010445.49,Comfortable,52.4
1785806880000,NOISE-S,b543d03f-a7d0-4faa-8507-0b3e31081e0b,958885.54,6010297.7,Comfortable,50.6
1785806880000,NOISE-W,49a1ac8f-b89d-4356-8260-a3e73765a98a,958749.58,6010415.93,Comfortable,52.5
1785806880000,NOISE-NR1,5c7eb3a5-3ace-49d5-b023-33009a594311,959160.42,6010678.99,Comfortable,46.7
1785806880000,NOISE-NR2,a7b30385-932d-4325-b84b-ae6bdcc359e3,958613.61,6010191.3,Comfortable,44.1
1785806880000,NOISE-NR3,74469165-c65c-4435-a387-36920379578d,959234.31,6010383.42,Comfortable,47.5
1785806940000,NOISE-N,b291e7be-9f14-44ed-87c1-0f02b8ca35b3,958906.23,6010563.72,Comfortable,51.3
1785806940000,NOISE-E,7be9696e-9ace-4085-a81b-0b04c83955db,959045.15,6010445.49,Comfortable,52.3
1785806940000,NOISE-S,b543d03f-a7d0-4faa-8507-0b3e31081e0b,958885.54,6010297.7,Comfortable,50.8
1785806940000,NOISE-W,49a1ac8f-b89d-4356-8260-a3e73765a98a,958749.58,6010415.93,Comfortable,52.3
1785806940000,NOISE-NR1,5c7eb3a5-3ace-49d5-b023-33009a594311,959160.42,6010678.99,Comfortable,46.1
1785806940000,NOISE-NR2,a7b30385-932d-4325-b84b-ae6bdcc359e3,958613.61,6010191.3,Comfortable,44.2
1785806940000,NOISE-NR3,74469165-c65c-4435-a387-36920379578d,959234.31,6010383.42,Comfortable,47.1
1785807000000,NOISE-N,b291e7be-9f14-44ed-87c1-0f02b8ca35b3,958906.23,6010563.72,Comfortable,51
1785807000000,NOISE-E,7be9696e-9ace-4085-a81b-0b04c83955db,959045.15,6010445.49,Comfortable,52.1
1785807000000,NOISE-S,b543d03f-a7d0-4faa-8507-0b3e31081e0b,958885.54,6010297.7,Comfortable,50.6
1785807000000,NOISE-W,49a1ac8f-b89d-4356-8260-a3e73765a98a,958749.58,6010415.93,Comfortable,51.6
1785807000000,NOISE-NR1,5c7eb3a5-3ace-49d5-b023-33009a594311,959160.42,6010678.99,Comfortable,45.4
1785807000000,NOISE-NR2,a7b30385-932d-4325-b84b-ae6bdcc359e3,958613.61,6010191.3,Comfortable,44.4
1785807000000,NOISE-NR3,74469165-c65c-4435-a387-36920379578d,959234.31,6010383.42,Comfortable,47.5
1785807060000,NOISE-N,b291e7be-9f14-44ed-87c1-0f02b8ca35b3,958906.23,6010563.72,Comfortable,51.2
1785807060000,NOISE-E,7be9696e-9ace-4085-a81b-0b04c83955db,959045.15,6010445.49,Comfortable,52.6
1785807060000,NOISE-S,b543d03f-a7d0-4faa-8507-0b3e31081e0b,958885.54,6010297.7,Comfortable,50.8
1785807060000,NOISE-W,49a1ac8f-b89d-4356-8260-a3e73765a98a,958749.58,6010415.93,Comfortable,50.9
1785807060000,NOISE-NR1,5c7eb3a5-3ace-49d5-b023-33009a594311,959160.42,6010678.99,Comfortable,45.4
1785807060000,NOISE-NR2,a7b30385-932d-4325-b84b-ae6bdcc359e3,958613.61,6010191.3,Comfortable,43.9
1785807060000,NOISE-NR3,74469165-c65c-4435-a387-36920379578d,959234.31,6010383.42,Comfortable,48
1785807120000,NOISE-N,b291e7be-9f14-44ed-87c1-0f02b8ca35b3,958906.23,6010563.72,Comfortable,51.1
1785807120000,NOISE-E,7be9696e-9ace-4085-a81b-0b04c83955db,959045.15,6010445.49,Comfortable,52.1
1785807120000,NOISE-S,b543d03f-a7d0-4faa-8507-0b3e31081e0b,958885.54,6010297.7,Comfortable,50.8
1785807120000,NOISE-W,49a1ac8f-b89d-4356-8260-a3e73765a98a,958749.58,6010415.93,Comfortable,50.3
1785807120000,NOISE-NR1,5c7eb3a5-3ace-49d5-b023-33009a594311,959160.42,6010678.99,Comfortable,45.9
1785807120000,NOISE-NR2,a7b30385-932d-4325-b84b-ae6bdcc359e3,958613.61,6010191.3,Comfortable,44.2
1785807120000,NOISE-NR3,74469165-c65c-4435-a387-36920379578d,959234.31,6010383.42,Comfortable,47.7
1785807180000,NOISE-N,b291e7be-9f14-44ed-87c1-0f02b8ca35b3,958906.23,6010563.72,Comfortable,51.8
1785807180000,NOISE-E,7be9696e-9ace-4085-a81b-0b04c83955db,959045.15,6010445.49,Comfortable,52.5
1785807180000,NOISE-S,b543d03f-a7d0-4faa-8507-0b3e31081e0b,958885.54,6010297.7,Comfortable,50.3
1785807180000,NOISE-W,49a1ac8f-b89d-4356-8260-a3e73765a98a,958749.58,6010415.93,Comfortable,49.7
1785807180000,NOISE-NR1,5c7eb3a5-3ace-49d5-b023-33009a594311,959160.42,6010678.99,Comfortable,46.6
1785807180000,NOISE-NR2,a7b30385-932d-4325-b84b-ae6bdcc359e3,958613.61,6010191.3,Comfortable,44
1785807180000,NOISE-NR3,74469165-c65c-4435-a387-36920379578d,959234.31,6010383.42,Comfortable,48.1
1785807240000,NOISE-N,b291e7be-9f14-44ed-87c1-0f02b8ca35b3,958906.23,6010563.72,Comfortable,51.9
1785807240000,NOISE-E,7be9696e-9ace-4085-a81b-0b04c83955db,959045.15,6010445.49,Comfortable,53.1
1785807240000,NOISE-S,b543d03f-a7d0-4faa-8507-0b3e31081e0b,958885.54,6010297.7,Comfortable,49.8
1785807240000,NOISE-W,49a1ac8f-b89d-4356-8260-a3e73765a98a,958749.58,6010415.93,Comfortable,50.7
1785807240000,NOISE-NR1,5c7eb3a5-3ace-49d5-b023-33009a594311,959160.42,6010678.99,Comfortable,46.2
1785807240000,NOISE-NR2,a7b30385-932d-4325-b84b-ae6bdcc359e3,958613.61,6010191.3,Comfortable,43.9
1785807240000,NOISE-NR3,74469165-c65c-4435-a387-36920379578d,959234.31,6010383.42,Comfortable,48
1785807300000,NOISE-N,b291e7be-9f14-44ed-87c1-0f02b8ca35b3,958906.23,6010563.72,Comfortable,51.1
1785807300000,NOISE-E,7be9696e-9ace-4085-a81b-0b04c83955db,959045.15,6010445.49,Comfortable,52.8
1785807300000,NOISE-S,b543d03f-a7d0-4faa-8507-0b3e31081e0b,958885.54,6010297.7,Comfortable,49.8
1785807300000,NOISE-W,49a1ac8f-b89d-4356-8260-a3e73765a98a,958749.58,6010415.93,Comfortable,51.2
1785807300000,NOISE-NR1,5c7eb3a5-3ace-49d5-b023-33009a594311,959160.42,6010678.99,Comfortable,46.1
1785807300000,NOISE-NR2,a7b30385-932d-4325-b84b-ae6bdcc359e3,958613.61,6010191.3,Comfortable,43.9
1785807300000,NOISE-NR3,74469165-c65c-4435-a387-36920379578d,959234.31,6010383.42,Comfortable,47.5
1785807360000,NOISE-N,b291e7be-9f14-44ed-87c1-0f02b8ca35b3,958906.23,6010563.72,Comfortable,50.5
1785807360000,NOISE-E,7be9696e-9ace-4085-a81b-0b04c83955db,959045.15,6010445.49,Comfortable,52.5
1785807360000,NOISE-S,b543d03f-a7d0-4faa-8507-0b3e31081e0b,958885.54,6010297.7,Comfortable,50.1
1785807360000,NOISE-W,49a1ac8f-b89d-4356-8260-a3e73765a98a,958749.58,6010415.93,Comfortable,51.5
1785807360000,NOISE-NR1,5c7eb3a5-3ace-49d5-b023-33009a594311,959160.42,6010678.99,Comfortable,45.5
1785807360000,NOISE-NR2,a7b30385-932d-4325-b84b-ae6bdcc359e3,958613.61,6010191.3,Comfortable,44.7
1785807360000,NOISE-NR3,74469165-c65c-4435-a387-36920379578d,959234.31,6010383.42,Comfortable,48
1785807420000,NOISE-N,b291e7be-9f14-44ed-87c1-0f02b8ca35b3,958906.23,6010563.72,Comfortable,50.1
1785807420000,NOISE-E,7be9696e-9ace-4085-a81b-0b04c83955db,959045.15,6010445.49,Comfortable,51.7
1785807420000,NOISE-S,b543d03f-a7d0-4faa-8507-0b3e31081e0b,958885.54,6010297.7,Comfortable,50.3
1785807420000,NOISE-W,49a1ac8f-b89d-4356-8260-a3e73765a98a,958749.58,6010415.93,Comfortable,51.9
1785807420000,NOISE-NR1,5c7eb3a5-3ace-49d5-b023-33009a594311,959160.42,6010678.99,Comfortable,46.1
1785807420000,NOISE-NR2,a7b30385-932d-4325-b84b-ae6bdcc359e3,958613.61,6010191.3,Comfortable,45.4
1785807420000,NOISE-NR3,74469165-c65c-4435-a387-36920379578d,959234.31,6010383.42,Comfortable,47.8
1785807480000,NOISE-N,b291e7be-9f14-44ed-87c1-0f02b8ca35b3,958906.23,6010563.72,Comfortable,50.1
1785807480000,NOISE-E,7be9696e-9ace-4085-a81b-0b04c83955db,959045.15,6010445.49,Comfortable,51.5
1785807480000,NOISE-S,b543d03f-a7d0-4faa-8507-0b3e31081e0b,958885.54,6010297.7,Comfortable,50.8
1785807480000,NOISE-W,49a1ac8f-b89d-4356-8260-a3e73765a98a,958749.58,6010415.93,Comfortable,51.3
1785807480000,NOISE-NR1,5c7eb3a5-3ace-49d5-b023-33009a594311,959160.42,6010678.99,Comfortable,46.9
1785807480000,NOISE-NR2,a7b30385-932d-4325-b84b-ae6bdcc359e3,958613.61,6010191.3,Comfortable,45.2
1785807480000,NOISE-NR3,74469165-c65c-4435-a387-36920379578d,959234.31,6010383.42,Comfortable,47.1
1785807540000,NOISE-N,b291e7be-9f14-44ed-87c1-0f02b8ca35b3,958906.23,6010563.72,Comfortable,50.5
1785807540000,NOISE-E,7be9696e-9ace-4085-a81b-0b04c83955db,959045.15,6010445.49,Comfortable,51.8
1785807540000,NOISE-S,b543d03f-a7d0-4faa-8507-0b3e31081e0b,958885.54,6010297.7,Comfortable,51.1
1785807540000,NOISE-W,49a1ac8f-b89d-4356-8260-a3e73765a98a,958749.58,6010415.93,Comfortable,50.7
1785807540000,NOISE-NR1,5c7eb3a5-3ace-49d5-b023-33009a594311,959160.42,6010678.99,Comfortable,46.4
1785807540000,NOISE-NR2,a7b30385-932d-4325-b84b-ae6bdcc359e3,958613.61,6010191.3,Comfortable,45.8
1785807540000,NOISE-NR3,74469165-c65c-4435-a387-36920379578d,959234.31,6010383.42,Comfortable,47.6
1785807600000,NOISE-N,b291e7be-9f14-44ed-87c1-0f02b8ca35b3,958906.23,6010563.72,Comfortable,49.9
1785807600000,NOISE-E,7be9696e-9ace-4085-a81b-0b04c83955db,959045.15,6010445.49,Comfortable,52.3
1785807600000,NOISE-S,b543d03f-a7d0-4faa-8507-0b3e31081e0b,958885.54,6010297.7,Comfortable,50.2
1785807600000,NOISE-W,49a1ac8f-b89d-4356-8260-a3e73765a98a,958749.58,6010415.93,Comfortable,50.8
1785807600000,NOISE-NR1,5c7eb3a5-3ace-49d5-b023-33009a594311,959160.42,6010678.99,Comfortable,46.6
1785807600000,NOISE-NR2,a7b30385-932d-4325-b84b-ae6bdcc359e3,958613.61,6010191.3,Comfortable,46.4
1785807600000,NOISE-NR3,74469165-c65c-4435-a387-36920379578d,959234.31,6010383.42,Comfortable,48
1785807660000,NOISE-N,b291e7be-9f14-44ed-87c1-0f02b8ca35b3,958906.23,6010563.72,Comfortable,50.5
1785807660000,NOISE-E,7be9696e-9ace-4085-a81b-0b04c83955db,959045.15,6010445.49,Comfortable,52.3
1785807660000,NOISE-S,b543d03f-a7d0-4faa-8507-0b3e31081e0b,958885.54,6010297.7,Comfortable,49.4
1785807660000,NOISE-W,49a1ac8f-b89d-4356-8260-a3e73765a98a,958749.58,6010415.93,Comfortable,50.6
1785807660000,NOISE-NR1,5c7eb3a5-3ace-49d5-b023-33009a594311,959160.42,6010678.99,Comfortable,46.6
1785807660000,NOISE-NR2,a7b30385-932d-4325-b84b-ae6bdcc359e3,958613.61,6010191.3,Comfortable,46.5
1785807660000,NOISE-NR3,74469165-c65c-4435-a387-36920379578d,959234.31,6010383.42,Comfortable,47.7
1785807720000,NOISE-N,b291e7be-9f14-44ed-87c1-0f02b8ca35b3,958906.23,6010563.72,Comfortable,51.2
1785807720000,NOISE-E,7be9696e-9ace-4085-a81b-0b04c83955db,959045.15,6010445.49,Comfortable,51.6
1785807720000,NOISE-S,b543d03f-a7d0-4faa-8507-0b3e31081e0b,958885.54,6010297.7,Comfortable,50.2
1785807720000,NOISE-W,49a1ac8f-b89d-4356-8260-a3e73765a98a,958749.58,6010415.93,Comfortable,50
1785807720000,NOISE-NR1,5c7eb3a5-3ace-49d5-b023-33009a594311,959160.42,6010678.99,Comfortable,46.5
1785807720000,NOISE-NR2,a7b30385-932d-4325-b84b-ae6bdcc359e3,958613.61,6010191.3,Comfortable,46.1
1785807720000,NOISE-NR3,74469165-c65c-4435-a387-36920379578d,959234.31,6010383.42,Comfortable,48
1785807780000,NOISE-N,b291e7be-9f14-44ed-87c1-0f02b8ca35b3,958906.23,6010563.72,Comfortable,51.2
1785807780000,NOISE-E,7be9696e-9ace-4085-a81b-0b04c83955db,959045.15,6010445.49,Comfortable,51.2
1785807780000,NOISE-S,b543d03f-a7d0-4faa-8507-0b3e31081e0b,958885.54,6010297.7,Comfortable,49.4
1785807780000,NOISE-W,49a1ac8f-b89d-4356-8260-a3e73765a98a,958749.58,6010415.93,Comfortable,50
1785807780000,NOISE-NR1,5c7eb3a5-3ace-49d5-b023-33009a594311,959160.42,6010678.99,Comfortable,47.2
1785807780000,NOISE-NR2,a7b30385-932d-4325-b84b-ae6bdcc359e3,958613.61,6010191.3,Comfortable,46.1
1785807780000,NOISE-NR3,74469165-c65c-4435-a387-36920379578d,959234.31,6010383.42,Comfortable,48.4
1785807840000,NOISE-N,b291e7be-9f14-44ed-87c1-0f02b8ca35b3,958906.23,6010563.72,Comfortable,51.9
1785807840000,NOISE-E,7be9696e-9ace-4085-a81b-0b04c83955db,959045.15,6010445.49,Comfortable,52.1
1785807840000,NOISE-S,b543d03f-a7d0-4faa-8507-0b3e31081e0b,958885.54,6010297.7,Comfortable,49.1
1785807840000,NOISE-W,49a1ac8f-b89d-4356-8260-a3e73765a98a,958749.58,6010415.93,Comfortable,50.5
1785807840000,NOISE-NR1,5c7eb3a5-3ace-49d5-b023-33009a594311,959160.42,6010678.99,Comfortable,47.6
1785807840000,NOISE-NR2,a7b30385-932d-4325-b84b-ae6bdcc359e3,958613.61,6010191.3,Comfortable,45.6
1785807840000,NOISE-NR3,74469165-c65c-4435-a387-36920379578d,959234.31,6010383.42,Comfortable,48.2
1785807900000,NOISE-N,b291e7be-9f14-44ed-87c1-0f02b8ca35b3,958906.23,6010563.72,Comfortable,51
1785807900000,NOISE-E,7be9696e-9ace-4085-a81b-0b04c83955db,959045.15,6010445.49,Comfortable,51.7
1785807900000,NOISE-S,b543d03f-a7d0-4faa-8507-0b3e31081e0b,958885.54,6010297.7,Comfortable,49.8
1785807900000,NOISE-W,49a1ac8f-b89d-4356-8260-a3e73765a98a,958749.58,6010415.93,Comfortable,50.5
1785807900000,NOISE-NR1,5c7eb3a5-3ace-49d5-b023-33009a594311,959160.42,6010678.99,Comfortable,47.3
1785807900000,NOISE-NR2,a7b30385-932d-4325-b84b-ae6bdcc359e3,958613.61,6010191.3,Comfortable,46.2
1785807900000,NOISE-NR3,74469165-c65c-4435-a387-36920379578d,959234.31,6010383.42,Comfortable,48.6
1785807960000,NOISE-N,b291e7be-9f14-44ed-87c1-0f02b8ca35b3,958906.23,6010563.72,Comfortable,50.2
1785807960000,NOISE-E,7be9696e-9ace-4085-a81b-0b04c83955db,959045.15,6010445.49,Comfortable,51.6
1785807960000,NOISE-S,b543d03f-a7d0-4faa-8507-0b3e31081e0b,958885.54,6010297.7,Comfortable,49.7
1785807960000,NOISE-W,49a1ac8f-b89d-4356-8260-a3e73765a98a,958749.58,6010415.93,Comfortable,50.4
1785807960000,NOISE-NR1,5c7eb3a5-3ace-49d5-b023-33009a594311,959160.42,6010678.99,Comfortable,47.9
1785807960000,NOISE-NR2,a7b30385-932d-4325-b84b-ae6bdcc359e3,958613.61,6010191.3,Comfortable,45.5
1785807960000,NOISE-NR3,74469165-c65c-4435-a387-36920379578d,959234.31,6010383.42,Comfortable,47.6
1785808020000,NOISE-N,b291e7be-9f14-44ed-87c1-0f02b8ca35b3,958906.23,6010563.72,Comfortable,50.7
1785808020000,NOISE-E,7be9696e-9ace-4085-a81b-0b04c83955db,959045.15,6010445.49,Comfortable,51.1
1785808020000,NOISE-S,b543d03f-a7d0-4faa-8507-0b3e31081e0b,958885.54,6010297.7,Comfortable,49.9
1785808020000,NOISE-W,49a1ac8f-b89d-4356-8260-a3e73765a98a,958749.58,6010415.93,Comfortable,49.7
1785808020000,NOISE-NR1,5c7eb3a5-3ace-49d5-b023-33009a594311,959160.42,6010678.99,Comfortable,46.9
1785808020000,NOISE-NR2,a7b30385-932d-4325-b84b-ae6bdcc359e3,958613.61,6010191.3,Comfortable,45.1
1785808020000,NOISE-NR3,74469165-c65c-4435-a387-36920379578d,959234.31,6010383.42,Comfortable,48
1785808080000,NOISE-N,b291e7be-9f14-44ed-87c1-0f02b8ca35b3,958906.23,6010563.72,Comfortable,50.4
1785808080000,NOISE-E,7be9696e-9ace-4085-a81b-0b04c83955db,959045.15,6010445.49,Comfortable,52
1785808080000,NOISE-S,b543d03f-a7d0-4faa-8507-0b3e31081e0b,958885.54,6010297.7,Comfortable,49.5
1785808080000,NOISE-W,49a1ac8f-b89d-4356-8260-a3e73765a98a,958749.58,6010415.93,Comfortable,49.8
1785808080000,NOISE-NR1,5c7eb3a5-3ace-49d5-b023-33009a594311,959160.42,6010678.99,Comfortable,46.6
1785808080000,NOISE-NR2,a7b30385-932d-4325-b84b-ae6bdcc359e3,958613.61,6010191.3,Comfortable,44.8
1785808080000,NOISE-NR3,74469165-c65c-4435-a387-36920379578d,959234.31,6010383.42,Comfortable,47.4
1785808140000,NOISE-N,b291e7be-9f14-44ed-87c1-0f02b8ca35b3,958906.23,6010563.72,Comfortable,50.1
1785808140000,NOISE-E,7be9696e-9ace-4085-a81b-0b04c83955db,959045.15,6010445.49,Comfortable,52
1785808140000,NOISE-S,b543d03f-a7d0-4faa-8507-0b3e31081e0b,958885.54,6010297.7,Comfortable,49.5
1785808140000,NOISE-W,49a1ac8f-b89d-4356-8260-a3e73765a98a,958749.58,6010415.93,Comfortable,49.9
1785808140000,NOISE-NR1,5c7eb3a5-3ace-49d5-b023-33009a594311,959160.42,6010678.99,Comfortable,46.2
1785808140000,NOISE-NR2,a7b30385-932d-4325-b84b-ae6bdcc359e3,958613.61,6010191.3,Comfortable,44.9
1785808140000,NOISE-NR3,74469165-c65c-4435-a387-36920379578d,959234.31,6010383.42,Comfortable,47.2
1785808200000,NOISE-N,b291e7be-9f14-44ed-87c1-0f02b8ca35b3,958906.23,6010563.72,Comfortable,50.2
1785808200000,NOISE-E,7be9696e-9ace-4085-a81b-0b04c83955db,959045.15,6010445.49,Comfortable,52.3
1785808200000,NOISE-S,b543d03f-a7d0-4faa-8507-0b3e31081e0b,958885.54,6010297.7,Comfortable,49.1
1785808200000,NOISE-W,49a1ac8f-b89d-4356-8260-a3e73765a98a,958749.58,6010415.93,Comfortable,49.8
1785808200000,NOISE-NR1,5c7eb3a5-3ace-49d5-b023-33009a594311,959160.42,6010678.99,Comfortable,46.2
1785808200000,NOISE-NR2,a7b30385-932d-4325-b84b-ae6bdcc359e3,958613.61,6010191.3,Comfortable,44.8
1785808200000,NOISE-NR3,74469165-c65c-4435-a387-36920379578d,959234.31,6010383.42,Comfortable,47.7
1785808260000,NOISE-N,b291e7be-9f14-44ed-87c1-0f02b8ca35b3,958906.23,6010563.72,Comfortable,49.8
1785808260000,NOISE-E,7be9696e-9ace-4085-a81b-0b04c83955db,959045.15,6010445.49,Comfortable,52.9
1785808260000,NOISE-S,b543d03f-a7d0-4faa-8507-0b3e31081e0b,958885.54,6010297.7,Comfortable,49
1785808260000,NOISE-W,49a1ac8f-b89d-4356-8260-a3e73765a98a,958749.58,6010415.93,Comfortable,49.8
1785808260000,NOISE-NR1,5c7eb3a5-3ace-49d5-b023-33009a594311,959160.42,6010678.99,Comfortable,45.6
1785808260000,NOISE-NR2,a7b30385-932d-4325-b84b-ae6bdcc359e3,958613.61,6010191.3,Comfortable,44.5
1785808260000,NOISE-NR3,74469165-c65c-4435-a387-36920379578d,959234.31,6010383.42,Comfortable,48.2
1785808320000,NOISE-N,b291e7be-9f14-44ed-87c1-0f02b8ca35b3,958906.23,6010563.72,Comfortable,49.9
1785808320000,NOISE-E,7be9696e-9ace-4085-a81b-0b04c83955db,959045.15,6010445.49,Comfortable,52.7
1785808320000,NOISE-S,b543d03f-a7d0-4faa-8507-0b3e31081e0b,958885.54,6010297.7,Comfortable,48.8
1785808320000,NOISE-W,49a1ac8f-b89d-4356-8260-a3e73765a98a,958749.58,6010415.93,Comfortable,49.7
1785808320000,NOISE-NR1,5c7eb3a5-3ace-49d5-b023-33009a594311,959160.42,6010678.99,Comfortable,45.4
1785808320000,NOISE-NR2,a7b30385-932d-4325-b84b-ae6bdcc359e3,958613.61,6010191.3,Comfortable,44.5
1785808320000,NOISE-NR3,74469165-c65c-4435-a387-36920379578d,959234.31,6010383.42,Comfortable,48
1785808380000,NOISE-N,b291e7be-9f14-44ed-87c1-0f02b8ca35b3,958906.23,6010563.72,Comfortable,49.8
1785808380000,NOISE-E,7be9696e-9ace-4085-a81b-0b04c83955db,959045.15,6010445.49,Comfortable,53
1785808380000,NOISE-S,b543d03f-a7d0-4faa-8507-0b3e31081e0b,958885.54,6010297.7,Comfortable,49
1785808380000,NOISE-W,49a1ac8f-b89d-4356-8260-a3e73765a98a,958749.58,6010415.93,Comfortable,49.9
1785808380000,NOISE-NR1,5c7eb3a5-3ace-49d5-b023-33009a594311,959160.42,6010678.99,Comfortable,45.9
1785808380000,NOISE-NR2,a7b30385-932d-4325-b84b-ae6bdcc359e3,958613.61,6010191.3,Comfortable,44.9
1785808380000,NOISE-NR3,74469165-c65c-4435-a387-36920379578d,959234.31,6010383.42,Comfortable,47.8
1785808440000,NOISE-N,b291e7be-9f14-44ed-87c1-0f02b8ca35b3,958906.23,6010563.72,Comfortable,49.9
1785808440000,NOISE-E,7be9696e-9ace-4085-a81b-0b04c83955db,959045.15,6010445.49,Comfortable,51.9
1785808440000,NOISE-S,b543d03f-a7d0-4faa-8507-0b3e31081e0b,958885.54,6010297.7,Comfortable,49.8
1785808440000,NOISE-W,49a1ac8f-b89d-4356-8260-a3e73765a98a,958749.58,6010415.93,Comfortable,50.3
1785808440000,NOISE-NR1,5c7eb3a5-3ace-49d5-b023-33009a594311,959160.42,6010678.99,Comfortable,46.8
1785808440000,NOISE-NR2,a7b30385-932d-4325-b84b-ae6bdcc359e3,958613.61,6010191.3,Comfortable,45.1
1785808440000,NOISE-NR3,74469165-c65c-4435-a387-36920379578d,959234.31,6010383.42,Comfortable,47.3
1785808500000,NOISE-N,b291e7be-9f14-44ed-87c1-0f02b8ca35b3,958906.23,6010563.72,Comfortable,50
1785808500000,NOISE-E,7be9696e-9ace-4085-a81b-0b04c83955db,959045.15,6010445.49,Comfortable,51.3
1785808500000,NOISE-S,b543d03f-a7d0-4faa-8507-0b3e31081e0b,958885.54,6010297.7,Comfortable,50.4
1785808500000,NOISE-W,49a1ac8f-b89d-4356-8260-a3e73765a98a,958749.58,6010415.93,Comfortable,51.2
1785808500000,NOISE-NR1,5c7eb3a5-3ace-49d5-b023-33009a594311,959160.42,6010678.99,Comfortable,46.1
1785808500000,NOISE-NR2,a7b30385-932d-4325-b84b-ae6bdcc359e3,958613.61,6010191.3,Comfortable,45
1785808500000,NOISE-NR3,74469165-c65c-4435-a387-36920379578d,959234.31,6010383.42,Comfortable,47.7
1785808560000,NOISE-N,b291e7be-9f14-44ed-87c1-0f02b8ca35b3,958906.23,6010563.72,Comfortable,50.4
1785808560000,NOISE-E,7be9696e-9ace-4085-a81b-0b04c83955db,959045.15,6010445.49,Comfortable,51.7
1785808560000,NOISE-S,b543d03f-a7d0-4faa-8507-0b3e31081e0b,958885.54,6010297.7,Comfortable,49.9
1785808560000,NOISE-W,49a1ac8f-b89d-4356-8260-a3e73765a98a,958749.58,6010415.93,Comfortable,51.3
1785808560000,NOISE-NR1,5c7eb3a5-3ace-49d5-b023-33009a594311,959160.42,6010678.99,Comfortable,45.9
1785808560000,NOISE-NR2,a7b30385-932d-4325-b84b-ae6bdcc359e3,958613.61,6010191.3,Comfortable,44.7
1785808560000,NOISE-NR3,74469165-c65c-4435-a387-36920379578d,959234.31,6010383.42,Comfortable,48.1
1785808620000,NOISE-N,b291e7be-9f14-44ed-87c1-0f02b8ca35b3,958906.23,6010563.72,Comfortable,50.1
1785808620000,NOISE-E,7be9696e-9ace-4085-a81b-0b04c83955db,959045.15,6010445.49,Comfortable,51
1785808620000,NOISE-S,b543d03f-a7d0-4faa-8507-0b3e31081e0b,958885.54,6010297.7,Comfortable,50.3
1785808620000,NOISE-W,49a1ac8f-b89d-4356-8260-a3e73765a98a,958749.58,6010415.93,Comfortable,50.6
1785808620000,NOISE-NR1,5c7eb3a5-3ace-49d5-b023-33009a594311,959160.42,6010678.99,Comfortable,46.4
1785808620000,NOISE-NR2,a7b30385-932d-4325-b84b-ae6bdcc359e3,958613.61,6010191.3,Comfortable,44.5
1785808620000,NOISE-NR3,74469165-c65c-4435-a387-36920379578d,959234.31,6010383.42,Comfortable,48.2
1785808680000,NOISE-N,b291e7be-9f14-44ed-87c1-0f02b8ca35b3,958906.23,6010563.72,Comfortable,49.5
1785808680000,NOISE-E,7be9696e-9ace-4085-a81b-0b04c83955db,959045.15,6010445.49,Comfortable,51
1785808680000,NOISE-S,b543d03f-a7d0-4faa-8507-0b3e31081e0b,958885.54,6010297.7,Comfortable,50.9
1785808680000,NOISE-W,49a1ac8f-b89d-4356-8260-a3e73765a98a,958749.58,6010415.93,Comfortable,50.4
1785808680000,NOISE-NR1,5c7eb3a5-3ace-49d5-b023-33009a594311,959160.42,6010678.99,Comfortable,45.7
1785808680000,NOISE-NR2,a7b30385-932d-4325-b84b-ae6bdcc359e3,958613.61,6010191.3,Comfortable,44.7
1785808680000,NOISE-NR3,74469165-c65c-4435-a387-36920379578d,959234.31,6010383.42,Comfortable,48.6
1785808740000,NOISE-N,b291e7be-9f14-44ed-87c1-0f02b8ca35b3,958906.23,6010563.72,Comfortable,50.4
1785808740000,NOISE-E,7be9696e-9ace-4085-a81b-0b04c83955db,959045.15,6010445.49,Comfortable,51
1785808740000,NOISE-S,b543d03f-a7d0-4faa-8507-0b3e31081e0b,958885.54,6010297.7,Comfortable,50.8
1785808740000,NOISE-W,49a1ac8f-b89d-4356-8260-a3e73765a98a,958749.58,6010415.93,Comfortable,50.6
1785808740000,NOISE-NR1,5c7eb3a5-3ace-49d5-b023-33009a594311,959160.42,6010678.99,Comfortable,45.4
1785808740000,NOISE-NR2,a7b30385-932d-4325-b84b-ae6bdcc359e3,958613.61,6010191.3,Comfortable,44.7
1785808740000,NOISE-NR3,74469165-c65c-4435-a387-36920379578d,959234.31,6010383.42,Comfortable,48.6
1785808800000,NOISE-N,b291e7be-9f14-44ed-87c1-0f02b8ca35b3,958906.23,6010563.72,Comfortable,51.1
1785808800000,NOISE-E,7be9696e-9ace-4085-a81b-0b04c83955db,959045.15,6010445.49,Comfortable,50.8
1785808800000,NOISE-S,b543d03f-a7d0-4faa-8507-0b3e31081e0b,958885.54,6010297.7,Comfortable,50.5
1785808800000,NOISE-W,49a1ac8f-b89d-4356-8260-a3e73765a98a,958749.58,6010415.93,Comfortable,50.8
1785808800000,NOISE-NR1,5c7eb3a5-3ace-49d5-b023-33009a594311,959160.42,6010678.99,Comfortable,45.9
1785808800000,NOISE-NR2,a7b30385-932d-4325-b84b-ae6bdcc359e3,958613.61,6010191.3,Comfortable,45.5
1785808800000,NOISE-NR3,74469165-c65c-4435-a387-36920379578d,959234.31,6010383.42,Comfortable,48
1785808860000,NOISE-N,b291e7be-9f14-44ed-87c1-0f02b8ca35b3,958906.23,6010563.72,Comfortable,51
1785808860000,NOISE-E,7be9696e-9ace-4085-a81b-0b04c83955db,959045.15,6010445.49,Comfortable,50.5
1785808860000,NOISE-S,b543d03f-a7d0-4faa-8507-0b3e31081e0b,958885.54,6010297.7,Comfortable,50.3
1785808860000,NOISE-W,49a1ac8f-b89d-4356-8260-a3e73765a98a,958749.58,6010415.93,Comfortable,50.9
1785808860000,NOISE-NR1,5c7eb3a5-3ace-49d5-b023-33009a594311,959160.42,6010678.99,Comfortable,46.8
1785808860000,NOISE-NR2,a7b30385-932d-4325-b84b-ae6bdcc359e3,958613.61,6010191.3,Comfortable,45.9
1785808860000,NOISE-NR3,74469165-c65c-4435-a387-36920379578d,959234.31,6010383.42,Comfortable,47.6
1785808920000,NOISE-N,b291e7be-9f14-44ed-87c1-0f02b8ca35b3,958906.23,6010563.72,Comfortable,50.8
1785808920000,NOISE-E,7be9696e-9ace-4085-a81b-0b04c83955db,959045.15,6010445.49,Comfortable,51.4
1785808920000,NOISE-S,b543d03f-a7d0-4faa-8507-0b3e31081e0b,958885.54,6010297.7,Comfortable,50.7
1785808920000,NOISE-W,49a1ac8f-b89d-4356-8260-a3e73765a98a,958749.58,6010415.93,Comfortable,51.3
1785808920000,NOISE-NR1,5c7eb3a5-3ace-49d5-b023-33009a594311,959160.42,6010678.99,Comfortable,46.4
1785808920000,NOISE-NR2,a7b30385-932d-4325-b84b-ae6bdcc359e3,958613.61,6010191.3,Comfortable,45.1
1785808920000,NOISE-NR3,74469165-c65c-4435-a387-36920379578d,959234.31,6010383.42,Comfortable,47
1785808980000,NOISE-N,b291e7be-9f14-44ed-87c1-0f02b8ca35b3,958906.23,6010563.72,Comfortable,50.7
1785808980000,NOISE-E,7be9696e-9ace-4085-a81b-0b04c83955db,959045.15,6010445.49,Comfortable,51.6
1785808980000,NOISE-S,b543d03f-a7d0-4faa-8507-0b3e31081e0b,958885.54,6010297.7,Comfortable,50.9
1785808980000,NOISE-W,49a1ac8f-b89d-4356-8260-a3e73765a98a,958749.58,6010415.93,Comfortable,51.9
1785808980000,NOISE-NR1,5c7eb3a5-3ace-49d5-b023-33009a594311,959160.42,6010678.99,Comfortable,47
1785808980000,NOISE-NR2,a7b30385-932d-4325-b84b-ae6bdcc359e3,958613.61,6010191.3,Comfortable,45.5
1785808980000,NOISE-NR3,74469165-c65c-4435-a387-36920379578d,959234.31,6010383.42,Comfortable,47.6
1785809040000,NOISE-N,b291e7be-9f14-44ed-87c1-0f02b8ca35b3,958906.23,6010563.72,Comfortable,51.4
1785809040000,NOISE-E,7be9696e-9ace-4085-a81b-0b04c83955db,959045.15,6010445.49,Comfortable,51.2
1785809040000,NOISE-S,b543d03f-a7d0-4faa-8507-0b3e31081e0b,958885.54,6010297.7,Comfortable,51.1
1785809040000,NOISE-W,49a1ac8f-b89d-4356-8260-a3e73765a98a,958749.58,6010415.93,Comfortable,51.6
1785809040000,NOISE-NR1,5c7eb3a5-3ace-49d5-b023-33009a594311,959160.42,6010678.99,Comfortable,47.4
1785809040000,NOISE-NR2,a7b30385-932d-4325-b84b-ae6bdcc359e3,958613.61,6010191.3,Comfortable,45.3
1785809040000,NOISE-NR3,74469165-c65c-4435-a387-36920379578d,959234.31,6010383.42,Comfortable,47
1785809100000,NOISE-N,b291e7be-9f14-44ed-87c1-0f02b8ca35b3,958906.23,6010563.72,Comfortable,51.9
1785809100000,NOISE-E,7be9696e-9ace-4085-a81b-0b04c83955db,959045.15,6010445.49,Comfortable,50.9
1785809100000,NOISE-S,b543d03f-a7d0-4faa-8507-0b3e31081e0b,958885.54,6010297.7,Comfortable,51.3
1785809100000,NOISE-W,49a1ac8f-b89d-4356-8260-a3e73765a98a,958749.58,6010415.93,Comfortable,51.8
1785809100000,NOISE-NR1,5c7eb3a5-3ace-49d5-b023-33009a594311,959160.42,6010678.99,Comfortable,46.9
1785809100000,NOISE-NR2,a7b30385-932d-4325-b84b-ae6bdcc359e3,958613.61,6010191.3,Comfortable,45.8
1785809100000,NOISE-NR3,74469165-c65c-4435-a387-36920379578d,959234.31,6010383.42,Comfortable,47.7
1785809160000,NOISE-N,b291e7be-9f14-44ed-87c1-0f02b8ca35b3,958906.23,6010563.72,Comfortable,51.8
1785809160000,NOISE-E,7be9696e-9ace-4085-a81b-0b04c83955db,959045.15,6010445.49,Comfortable,51.7
1785809160000,NOISE-S,b543d03f-a7d0-4faa-8507-0b3e31081e0b,958885.54,6010297.7,Comfortable,51.4
1785809160000,NOISE-W,49a1ac8f-b89d-4356-8260-a3e73765a98a,958749.58,6010415.93,Comfortable,52.3
1785809160000,NOISE-NR1,5c7eb3a5-3ace-49d5-b023-33009a594311,959160.42,6010678.99,Comfortable,46.5
1785809160000,NOISE-NR2,a7b30385-932d-4325-b84b-ae6bdcc359e3,958613.61,6010191.3,Comfortable,45.7
1785809160000,NOISE-NR3,74469165-c65c-4435-a387-36920379578d,959234.31,6010383.42,Comfortable,48.3
1785809220000,NOISE-N,b291e7be-9f14-44ed-87c1-0f02b8ca35b3,958906.23,6010563.72,Comfortable,51.1
1785809220000,NOISE-E,7be9696e-9ace-4085-a81b-0b04c83955db,959045.15,6010445.49,Comfortable,51.4
1785809220000,NOISE-S,b543d03f-a7d0-4faa-8507-0b3e31081e0b,958885.54,6010297.7,Comfortable,50.4
1785809220000,NOISE-W,49a1ac8f-b89d-4356-8260-a3e73765a98a,958749.58,6010415.93,Comfortable,51.8
1785809220000,NOISE-NR1,5c7eb3a5-3ace-49d5-b023-33009a594311,959160.42,6010678.99,Comfortable,46.9
1785809220000,NOISE-NR2,a7b30385-932d-4325-b84b-ae6bdcc359e3,958613.61,6010191.3,Comfortable,46.3
1785809220000,NOISE-NR3,74469165-c65c-4435-a387-36920379578d,959234.31,6010383.42,Comfortable,47.9
1785809280000,NOISE-N,b291e7be-9f14-44ed-87c1-0f02b8ca35b3,958906.23,6010563.72,Comfortable,50.3
1785809280000,NOISE-E,7be9696e-9ace-4085-a81b-0b04c83955db,959045.15,6010445.49,Comfortable,51
1785809280000,NOISE-S,b543d03f-a7d0-4faa-8507-0b3e31081e0b,958885.54,6010297.7,Comfortable,50.7
1785809280000,NOISE-W,49a1ac8f-b89d-4356-8260-a3e73765a98a,958749.58,6010415.93,Comfortable,51.3
1785809280000,NOISE-NR1,5c7eb3a5-3ace-49d5-b023-33009a594311,959160.42,6010678.99,Comfortable,47.1
1785809280000,NOISE-NR2,a7b30385-932d-4325-b84b-ae6bdcc359e3,958613.61,6010191.3,Comfortable,46.1
1785809280000,NOISE-NR3,74469165-c65c-4435-a387-36920379578d,959234.31,6010383.42,Comfortable,47.1
1785809340000,NOISE-N,b291e7be-9f14-44ed-87c1-0f02b8ca35b3,958906.23,6010563.72,Comfortable,50.5
1785809340000,NOISE-E,7be9696e-9ace-4085-a81b-0b04c83955db,959045.15,6010445.49,Comfortable,51.4
1785809340000,NOISE-S,b543d03f-a7d0-4faa-8507-0b3e31081e0b,958885.54,6010297.7,Comfortable,50.3
1785809340000,NOISE-W,49a1ac8f-b89d-4356-8260-a3e73765a98a,958749.58,6010415.93,Comfortable,51.6
1785809340000,NOISE-NR1,5c7eb3a5-3ace-49d5-b023-33009a594311,959160.42,6010678.99,Comfortable,46.7
1785809340000,NOISE-NR2,a7b30385-932d-4325-b84b-ae6bdcc359e3,958613.61,6010191.3,Comfortable,46.7
1785809340000,NOISE-NR3,74469165-c65c-4435-a387-36920379578d,959234.31,6010383.42,Comfortable,48
1785809400000,NOISE-N,b291e7be-9f14-44ed-87c1-0f02b8ca35b3,958906.23,6010563.72,Comfortable,50.1
1785809400000,NOISE-E,7be9696e-9ace-4085-a81b-0b04c83955db,959045.15,6010445.49,Comfortable,52.1
1785809400000,NOISE-S,b543d03f-a7d0-4faa-8507-0b3e31081e0b,958885.54,6010297.7,Comfortable,50.7
1785809400000,NOISE-W,49a1ac8f-b89d-4356-8260-a3e73765a98a,958749.58,6010415.93,Comfortable,52
1785809400000,NOISE-NR1,5c7eb3a5-3ace-49d5-b023-33009a594311,959160.42,6010678.99,Comfortable,47.3
1785809400000,NOISE-NR2,a7b30385-932d-4325-b84b-ae6bdcc359e3,958613.61,6010191.3,Comfortable,47.1
1785809400000,NOISE-NR3,74469165-c65c-4435-a387-36920379578d,959234.31,6010383.42,Comfortable,47.4
1785809460000,NOISE-N,b291e7be-9f14-44ed-87c1-0f02b8ca35b3,958906.23,6010563.72,Comfortable,50.1
1785809460000,NOISE-E,7be9696e-9ace-4085-a81b-0b04c83955db,959045.15,6010445.49,Comfortable,51.4
1785809460000,NOISE-S,b543d03f-a7d0-4faa-8507-0b3e31081e0b,958885.54,6010297.7,Comfortable,50.4
1785809460000,NOISE-W,49a1ac8f-b89d-4356-8260-a3e73765a98a,958749.58,6010415.93,Comfortable,52
1785809460000,NOISE-NR1,5c7eb3a5-3ace-49d5-b023-33009a594311,959160.42,6010678.99,Comfortable,47.2
1785809460000,NOISE-NR2,a7b30385-932d-4325-b84b-ae6bdcc359e3,958613.61,6010191.3,Comfortable,47.4
1785809460000,NOISE-NR3,74469165-c65c-4435-a387-36920379578d,959234.31,6010383.42,Comfortable,48.1
1785809520000,NOISE-N,b291e7be-9f14-44ed-87c1-0f02b8ca35b3,958906.23,6010563.72,Comfortable,49.8
1785809520000,NOISE-E,7be9696e-9ace-4085-a81b-0b04c83955db,959045.15,6010445.49,Comfortable,52
1785809520000,NOISE-S,b543d03f-a7d0-4faa-8507-0b3e31081e0b,958885.54,6010297.7,Comfortable,50.1
1785809520000,NOISE-W,49a1ac8f-b89d-4356-8260-a3e73765a98a,958749.58,6010415.93,Comfortable,51
1785809520000,NOISE-NR1,5c7eb3a5-3ace-49d5-b023-33009a594311,959160.42,6010678.99,Comfortable,46.8
1785809520000,NOISE-NR2,a7b30385-932d-4325-b84b-ae6bdcc359e3,958613.61,6010191.3,Comfortable,46.4
1785809520000,NOISE-NR3,74469165-c65c-4435-a387-36920379578d,959234.31,6010383.42,Comfortable,48.7
1785809580000,NOISE-N,b291e7be-9f14-44ed-87c1-0f02b8ca35b3,958906.23,6010563.72,Comfortable,50.4
1785809580000,NOISE-E,7be9696e-9ace-4085-a81b-0b04c83955db,959045.15,6010445.49,Comfortable,52.1
1785809580000,NOISE-S,b543d03f-a7d0-4faa-8507-0b3e31081e0b,958885.54,6010297.7,Comfortable,50.5
1785809580000,NOISE-W,49a1ac8f-b89d-4356-8260-a3e73765a98a,958749.58,6010415.93,Comfortable,50.6
1785809580000,NOISE-NR1,5c7eb3a5-3ace-49d5-b023-33009a594311,959160.42,6010678.99,Comfortable,46.2
1785809580000,NOISE-NR2,a7b30385-932d-4325-b84b-ae6bdcc359e3,958613.61,6010191.3,Comfortable,46.1
1785809580000,NOISE-NR3,74469165-c65c-4435-a387-36920379578d,959234.31,6010383.42,Comfortable,48.3
1785809640000,NOISE-N,b291e7be-9f14-44ed-87c1-0f02b8ca35b3,958906.23,6010563.72,Comfortable,50.5
1785809640000,NOISE-E,7be9696e-9ace-4085-a81b-0b04c83955db,959045.15,6010445.49,Comfortable,52.2
1785809640000,NOISE-S,b543d03f-a7d0-4faa-8507-0b3e31081e0b,958885.54,6010297.7,Comfortable,50
1785809640000,NOISE-W,49a1ac8f-b89d-4356-8260-a3e73765a98a,958749.58,6010415.93,Comfortable,50.1
1785809640000,NOISE-NR1,5c7eb3a5-3ace-49d5-b023-33009a594311,959160.42,6010678.99,Comfortable,46.2
1785809640000,NOISE-NR2,a7b30385-932d-4325-b84b-ae6bdcc359e3,958613.61,6010191.3,Comfortable,45.9
1785809640000,NOISE-NR3,74469165-c65c-4435-a387-36920379578d,959234.31,6010383.42,Comfortable,48.9
1785809700000,NOISE-N,b291e7be-9f14-44ed-87c1-0f02b8ca35b3,958906.23,6010563.72,Comfortable,50.1
1785809700000,NOISE-E,7be9696e-9ace-4085-a81b-0b04c83955db,959045.15,6010445.49,Comfortable,52.4
1785809700000,NOISE-S,b543d03f-a7d0-4faa-8507-0b3e31081e0b,958885.54,6010297.7,Comfortable,50.3
1785809700000,NOISE-W,49a1ac8f-b89d-4356-8260-a3e73765a98a,958749.58,6010415.93,Comfortable,50.7
1785809700000,NOISE-NR1,5c7eb3a5-3ace-49d5-b023-33009a594311,959160.42,6010678.99,Comfortable,45.6
1785809700000,NOISE-NR2,a7b30385-932d-4325-b84b-ae6bdcc359e3,958613.61,6010191.3,Comfortable,45.7
1785809700000,NOISE-NR3,74469165-c65c-4435-a387-36920379578d,959234.31,6010383.42,Comfortable,48.3
1785809760000,NOISE-N,b291e7be-9f14-44ed-87c1-0f02b8ca35b3,958906.23,6010563.72,Comfortable,50.9
1785809760000,NOISE-E,7be9696e-9ace-4085-a81b-0b04c83955db,959045.15,6010445.49,Comfortable,52.3
1785809760000,NOISE-S,b543d03f-a7d0-4faa-8507-0b3e31081e0b,958885.54,6010297.7,Comfortable,50.5
1785809760000,NOISE-W,49a1ac8f-b89d-4356-8260-a3e73765a98a,958749.58,6010415.93,Comfortable,50.9
1785809760000,NOISE-NR1,5c7eb3a5-3ace-49d5-b023-33009a594311,959160.42,6010678.99,Comfortable,45.1
1785809760000,NOISE-NR2,a7b30385-932d-4325-b84b-ae6bdcc359e3,958613.61,6010191.3,Comfortable,45.8
1785809760000,NOISE-NR3,74469165-c65c-4435-a387-36920379578d,959234.31,6010383.42,Comfortable,47.9
1785809820000,NOISE-N,b291e7be-9f14-44ed-87c1-0f02b8ca35b3,958906.23,6010563.72,Comfortable,51.7
1785809820000,NOISE-E,7be9696e-9ace-4085-a81b-0b04c83955db,959045.15,6010445.49,Comfortable,52.8
1785809820000,NOISE-S,b543d03f-a7d0-4faa-8507-0b3e31081e0b,958885.54,6010297.7,Comfortable,49.7
1785809820000,NOISE-W,49a1ac8f-b89d-4356-8260-a3e73765a98a,958749.58,6010415.93,Comfortable,51.5
1785809820000,NOISE-NR1,5c7eb3a5-3ace-49d5-b023-33009a594311,959160.42,6010678.99,Comfortable,45
1785809820000,NOISE-NR2,a7b30385-932d-4325-b84b-ae6bdcc359e3,958613.61,6010191.3,Comfortable,46
1785809820000,NOISE-NR3,74469165-c65c-4435-a387-36920379578d,959234.31,6010383.42,Comfortable,47.7
1785809880000,NOISE-N,b291e7be-9f14-44ed-87c1-0f02b8ca35b3,958906.23,6010563.72,Comfortable,51.2
1785809880000,NOISE-E,7be9696e-9ace-4085-a81b-0b04c83955db,959045.15,6010445.49,Comfortable,53.3
1785809880000,NOISE-S,b543d03f-a7d0-4faa-8507-0b3e31081e0b,958885.54,6010297.7,Comfortable,49.2
1785809880000,NOISE-W,49a1ac8f-b89d-4356-8260-a3e73765a98a,958749.58,6010415.93,Comfortable,52.1
1785809880000,NOISE-NR1,5c7eb3a5-3ace-49d5-b023-33009a594311,959160.42,6010678.99,Comfortable,45.9
1785809880000,NOISE-NR2,a7b30385-932d-4325-b84b-ae6bdcc359e3,958613.61,6010191.3,Comfortable,45.1
1785809880000,NOISE-NR3,74469165-c65c-4435-a387-36920379578d,959234.31,6010383.42,Comfortable,48.2
1785809940000,NOISE-N,b291e7be-9f14-44ed-87c1-0f02b8ca35b3,958906.23,6010563.72,Comfortable,51.3
1785809940000,NOISE-E,7be9696e-9ace-4085-a81b-0b04c83955db,959045.15,6010445.49,Comfortable,53.6
1785809940000,NOISE-S,b543d03f-a7d0-4faa-8507-0b3e31081e0b,958885.54,6010297.7,Comfortable,50.1
1785809940000,NOISE-W,49a1ac8f-b89d-4356-8260-a3e73765a98a,958749.58,6010415.93,Comfortable,51.4
1785809940000,NOISE-NR1,5c7eb3a5-3ace-49d5-b023-33009a594311,959160.42,6010678.99,Comfortable,46.4
1785809940000,NOISE-NR2,a7b30385-932d-4325-b84b-ae6bdcc359e3,958613.61,6010191.3,Comfortable,45.8
1785809940000,NOISE-NR3,74469165-c65c-4435-a387-36920379578d,959234.31,6010383.42,Comfortable,48.6
1785810000000,NOISE-N,b291e7be-9f14-44ed-87c1-0f02b8ca35b3,958906.23,6010563.72,Comfortable,51.6
1785810000000,NOISE-E,7be9696e-9ace-4085-a81b-0b04c83955db,959045.15,6010445.49,Comfortable,54
1785810000000,NOISE-S,b543d03f-a7d0-4faa-8507-0b3e31081e0b,958885.54,6010297.7,Comfortable,50.8
1785810000000,NOISE-W,49a1ac8f-b89d-4356-8260-a3e73765a98a,958749.58,6010415.93,Comfortable,51.8
1785810000000,NOISE-NR1,5c7eb3a5-3ace-49d5-b023-33009a594311,959160.42,6010678.99,Comfortable,46.1
1785810000000,NOISE-NR2,a7b30385-932d-4325-b84b-ae6bdcc359e3,958613.61,6010191.3,Comfortable,45.7
1785810000000,NOISE-NR3,74469165-c65c-4435-a387-36920379578d,959234.31,6010383.42,Comfortable,47.8
1785810060000,NOISE-N,b291e7be-9f14-44ed-87c1-0f02b8ca35b3,958906.23,6010563.72,Comfortable,51.2
1785810060000,NOISE-E,7be9696e-9ace-4085-a81b-0b04c83955db,959045.15,6010445.49,Comfortable,52.8
1785810060000,NOISE-S,b543d03f-a7d0-4faa-8507-0b3e31081e0b,958885.54,6010297.7,Comfortable,50.4
1785810060000,NOISE-W,49a1ac8f-b89d-4356-8260-a3e73765a98a,958749.58,6010415.93,Comfortable,51.7
1785810060000,NOISE-NR1,5c7eb3a5-3ace-49d5-b023-33009a594311,959160.42,6010678.99,Comfortable,46.7
1785810060000,NOISE-NR2,a7b30385-932d-4325-b84b-ae6bdcc359e3,958613.61,6010191.3,Comfortable,45
1785810060000,NOISE-NR3,74469165-c65c-4435-a387-36920379578d,959234.31,6010383.42,Comfortable,47
1785810120000,NOISE-N,b291e7be-9f14-44ed-87c1-0f02b8ca35b3,958906.23,6010563.72,Comfortable,50.5
1785810120000,NOISE-E,7be9696e-9ace-4085-a81b-0b04c83955db,959045.15,6010445.49,Comfortable,52.8
1785810120000,NOISE-S,b543d03f-a7d0-4faa-8507-0b3e31081e0b,958885.54,6010297.7,Comfortable,50.3
1785810120000,NOISE-W,49a1ac8f-b89d-4356-8260-a3e73765a98a,958749.58,6010415.93,Comfortable,51.9
1785810120000,NOISE-NR1,5c7eb3a5-3ace-49d5-b023-33009a594311,959160.42,6010678.99,Comfortable,46.2
1785810120000,NOISE-NR2,a7b30385-932d-4325-b84b-ae6bdcc359e3,958613.61,6010191.3,Comfortable,45.9
1785810120000,NOISE-NR3,74469165-c65c-4435-a387-36920379578d,959234.31,6010383.42,Comfortable,46.5
1785810180000,NOISE-N,b291e7be-9f14-44ed-87c1-0f02b8ca35b3,958906.23,6010563.72,Comfortable,49.9
1785810180000,NOISE-E,7be9696e-9ace-4085-a81b-0b04c83955db,959045.15,6010445.49,Comfortable,53.1
1785810180000,NOISE-S,b543d03f-a7d0-4faa-8507-0b3e31081e0b,958885.54,6010297.7,Comfortable,49.9
1785810180000,NOISE-W,49a1ac8f-b89d-4356-8260-a3e73765a98a,958749.58,6010415.93,Comfortable,51.8
1785810180000,NOISE-NR1,5c7eb3a5-3ace-49d5-b023-33009a594311,959160.42,6010678.99,Comfortable,46.1
1785810180000,NOISE-NR2,a7b30385-932d-4325-b84b-ae6bdcc359e3,958613.61,6010191.3,Comfortable,45.8
1785810180000,NOISE-NR3,74469165-c65c-4435-a387-36920379578d,959234.31,6010383.42,Comfortable,47.3
1785810240000,NOISE-N,b291e7be-9f14-44ed-87c1-0f02b8ca35b3,958906.23,6010563.72,Comfortable,49.4
1785810240000,NOISE-E,7be9696e-9ace-4085-a81b-0b04c83955db,959045.15,6010445.49,Comfortable,53.4
1785810240000,NOISE-S,b543d03f-a7d0-4faa-8507-0b3e31081e0b,958885.54,6010297.7,Comfortable,49.2
1785810240000,NOISE-W,49a1ac8f-b89d-4356-8260-a3e73765a98a,958749.58,6010415.93,Comfortable,51.8
1785810240000,NOISE-NR1,5c7eb3a5-3ace-49d5-b023-33009a594311,959160.42,6010678.99,Comfortable,46.5
1785810240000,NOISE-NR2,a7b30385-932d-4325-b84b-ae6bdcc359e3,958613.61,6010191.3,Comfortable,46.4
1785810240000,NOISE-NR3,74469165-c65c-4435-a387-36920379578d,959234.31,6010383.42,Comfortable,48.1
1785810300000,NOISE-N,b291e7be-9f14-44ed-87c1-0f02b8ca35b3,958906.23,6010563.72,Comfortable,49.8
1785810300000,NOISE-E,7be9696e-9ace-4085-a81b-0b04c83955db,959045.15,6010445.49,Comfortable,52.8
1785810300000,NOISE-S,b543d03f-a7d0-4faa-8507-0b3e31081e0b,958885.54,6010297.7,Comfortable,49.7
1785810300000,NOISE-W,49a1ac8f-b89d-4356-8260-a3e73765a98a,958749.58,6010415.93,Comfortable,51.4
1785810300000,NOISE-NR1,5c7eb3a5-3ace-49d5-b023-33009a594311,959160.42,6010678.99,Comfortable,46.2
1785810300000,NOISE-NR2,a7b30385-932d-4325-b84b-ae6bdcc359e3,958613.61,6010191.3,Comfortable,45.4
1785810300000,NOISE-NR3,74469165-c65c-4435-a387-36920379578d,959234.31,6010383.42,Comfortable,47.3
1785810360000,NOISE-N,b291e7be-9f14-44ed-87c1-0f02b8ca35b3,958906.23,6010563.72,Comfortable,50.8
1785810360000,NOISE-E,7be9696e-9ace-4085-a81b-0b04c83955db,959045.15,6010445.49,Comfortable,52.9
1785810360000,NOISE-S,b543d03f-a7d0-4faa-8507-0b3e31081e0b,958885.54,6010297.7,Comfortable,50.2
1785810360000,NOISE-W,49a1ac8f-b89d-4356-8260-a3e73765a98a,958749.58,6010415.93,Comfortable,51
1785810360000,NOISE-NR1,5c7eb3a5-3ace-49d5-b023-33009a594311,959160.42,6010678.99,Comfortable,46.6
1785810360000,NOISE-NR2,a7b30385-932d-4325-b84b-ae6bdcc359e3,958613.61,6010191.3,Comfortable,45.9
1785810360000,NOISE-NR3,74469165-c65c-4435-a387-36920379578d,959234.31,6010383.42,Comfortable,47.7
1785810420000,NOISE-N,b291e7be-9f14-44ed-87c1-0f02b8ca35b3,958906.23,6010563.72,Comfortable,51.1
1785810420000,NOISE-E,7be9696e-9ace-4085-a81b-0b04c83955db,959045.15,6010445.49,Comfortable,53
1785810420000,NOISE-S,b543d03f-a7d0-4faa-8507-0b3e31081e0b,958885.54,6010297.7,Comfortable,50.7
1785810420000,NOISE-W,49a1ac8f-b89d-4356-8260-a3e73765a98a,958749.58,6010415.93,Comfortable,50.6
1785810420000,NOISE-NR1,5c7eb3a5-3ace-49d5-b023-33009a594311,959160.42,6010678.99,Comfortable,46.5
1785810420000,NOISE-NR2,a7b30385-932d-4325-b84b-ae6bdcc359e3,958613.61,6010191.3,Comfortable,45.8
1785810420000,NOISE-NR3,74469165-c65c-4435-a387-36920379578d,959234.31,6010383.42,Comfortable,47.7
1785810480000,NOISE-N,b291e7be-9f14-44ed-87c1-0f02b8ca35b3,958906.23,6010563.72,Comfortable,51.4
1785810480000,NOISE-E,7be9696e-9ace-4085-a81b-0b04c83955db,959045.15,6010445.49,Comfortable,53.2
1785810480000,NOISE-S,b543d03f-a7d0-4faa-8507-0b3e31081e0b,958885.54,6010297.7,Comfortable,50.9
1785810480000,NOISE-W,49a1ac8f-b89d-4356-8260-a3e73765a98a,958749.58,6010415.93,Comfortable,50.7
1785810480000,NOISE-NR1,5c7eb3a5-3ace-49d5-b023-33009a594311,959160.42,6010678.99,Comfortable,46.1
1785810480000,NOISE-NR2,a7b30385-932d-4325-b84b-ae6bdcc359e3,958613.61,6010191.3,Comfortable,46.2
1785810480000,NOISE-NR3,74469165-c65c-4435-a387-36920379578d,959234.31,6010383.42,Comfortable,47.9
1785810540000,NOISE-N,b291e7be-9f14-44ed-87c1-0f02b8ca35b3,958906.23,6010563.72,Comfortable,50.9
1785810540000,NOISE-E,7be9696e-9ace-4085-a81b-0b04c83955db,959045.15,6010445.49,Comfortable,52.7
1785810540000,NOISE-S,b543d03f-a7d0-4faa-8507-0b3e31081e0b,958885.54,6010297.7,Comfortable,50.4
1785810540000,NOISE-W,49a1ac8f-b89d-4356-8260-a3e73765a98a,958749.58,6010415.93,Comfortable,51.5
1785810540000,NOISE-NR1,5c7eb3a5-3ace-49d5-b023-33009a594311,959160.42,6010678.99,Comfortable,45.6
1785810540000,NOISE-NR2,a7b30385-932d-4325-b84b-ae6bdcc359e3,958613.61,6010191.3,Comfortable,45.5
1785810540000,NOISE-NR3,74469165-c65c-4435-a387-36920379578d,959234.31,6010383.42,Comfortable,47.3
1785810600000,NOISE-N,b291e7be-9f14-44ed-87c1-0f02b8ca35b3,958906.23,6010563.72,Comfortable,51.1
1785810600000,NOISE-E,7be9696e-9ace-4085-a81b-0b04c83955db,959045.15,6010445.49,Comfortable,52.1
1785810600000,NOISE-S,b543d03f-a7d0-4faa-8507-0b3e31081e0b,958885.54,6010297.7,Comfortable,49.7
1785810600000,NOISE-W,49a1ac8f-b89d-4356-8260-a3e73765a98a,958749.58,6010415.93,Comfortable,51.9
1785810600000,NOISE-NR1,5c7eb3a5-3ace-49d5-b023-33009a594311,959160.42,6010678.99,Comfortable,45.4
1785810600000,NOISE-NR2,a7b30385-932d-4325-b84b-ae6bdcc359e3,958613.61,6010191.3,Comfortable,46.2
1785810600000,NOISE-NR3,74469165-c65c-4435-a387-36920379578d,959234.31,6010383.42,Comfortable,47.1
1785810660000,NOISE-N,b291e7be-9f14-44ed-87c1-0f02b8ca35b3,958906.23,6010563.72,Comfortable,51
1785810660000,NOISE-E,7be9696e-9ace-4085-a81b-0b04c83955db,959045.15,6010445.49,Comfortable,52.4
1785810660000,NOISE-S,b543d03f-a7d0-4faa-8507-0b3e31081e0b,958885.54,6010297.7,Comfortable,49.4
1785810660000,NOISE-W,49a1ac8f-b89d-4356-8260-a3e73765a98a,958749.58,6010415.93,Comfortable,51.4
1785810660000,NOISE-NR1,5c7eb3a5-3ace-49d5-b023-33009a594311,959160.42,6010678.99,Comfortable,46.2
1785810660000,NOISE-NR2,a7b30385-932d-4325-b84b-ae6bdcc359e3,958613.61,6010191.3,Comfortable,46.1
1785810660000,NOISE-NR3,74469165-c65c-4435-a387-36920379578d,959234.31,6010383.42,Comfortable,47
1785810720000,NOISE-N,b291e7be-9f14-44ed-87c1-0f02b8ca35b3,958906.23,6010563.72,Comfortable,50.2
1785810720000,NOISE-E,7be9696e-9ace-4085-a81b-0b04c83955db,959045.15,6010445.49,Comfortable,52.9
1785810720000,NOISE-S,b543d03f-a7d0-4faa-8507-0b3e31081e0b,958885.54,6010297.7,Comfortable,49.3
1785810720000,NOISE-W,49a1ac8f-b89d-4356-8260-a3e73765a98a,958749.58,6010415.93,Comfortable,50.5
1785810720000,NOISE-NR1,5c7eb3a5-3ace-49d5-b023-33009a594311,959160.42,6010678.99,Comfortable,45.8
1785810720000,NOISE-NR2,a7b30385-932d-4325-b84b-ae6bdcc359e3,958613.61,6010191.3,Comfortable,46
1785810720000,NOISE-NR3,74469165-c65c-4435-a387-36920379578d,959234.31,6010383.42,Comfortable,46.8
1785810780000,NOISE-N,b291e7be-9f14-44ed-87c1-0f02b8ca35b3,958906.23,6010563.72,Comfortable,49.8
1785810780000,NOISE-E,7be9696e-9ace-4085-a81b-0b04c83955db,959045.15,6010445.49,Comfortable,53.1
1785810780000,NOISE-S,b543d03f-a7d0-4faa-8507-0b3e31081e0b,958885.54,6010297.7,Comfortable,49.4
1785810780000,NOISE-W,49a1ac8f-b89d-4356-8260-a3e73765a98a,958749.58,6010415.93,Comfortable,50.4
1785810780000,NOISE-NR1,5c7eb3a5-3ace-49d5-b023-33009a594311,959160.42,6010678.99,Comfortable,46.5
1785810780000,NOISE-NR2,a7b30385-932d-4325-b84b-ae6bdcc359e3,958613.61,6010191.3,Comfortable,46.3
1785810780000,NOISE-NR3,74469165-c65c-4435-a387-36920379578d,959234.31,6010383.42,Comfortable,46.3
1785810840000,NOISE-N,b291e7be-9f14-44ed-87c1-0f02b8ca35b3,958906.23,6010563.72,Comfortable,50.4
1785810840000,NOISE-E,7be9696e-9ace-4085-a81b-0b04c83955db,959045.15,6010445.49,Comfortable,52.3
1785810840000,NOISE-S,b543d03f-a7d0-4faa-8507-0b3e31081e0b,958885.54,6010297.7,Comfortable,50.1
1785810840000,NOISE-W,49a1ac8f-b89d-4356-8260-a3e73765a98a,958749.58,6010415.93,Comfortable,50.7
1785810840000,NOISE-NR1,5c7eb3a5-3ace-49d5-b023-33009a594311,959160.42,6010678.99,Comfortable,47.1
1785810840000,NOISE-NR2,a7b30385-932d-4325-b84b-ae6bdcc359e3,958613.61,6010191.3,Comfortable,46
1785810840000,NOISE-NR3,74469165-c65c-4435-a387-36920379578d,959234.31,6010383.42,Comfortable,46.3
1785810900000,NOISE-N,b291e7be-9f14-44ed-87c1-0f02b8ca35b3,958906.23,6010563.72,Comfortable,50.6
1785810900000,NOISE-E,7be9696e-9ace-4085-a81b-0b04c83955db,959045.15,6010445.49,Comfortable,51.5
1785810900000,NOISE-S,b543d03f-a7d0-4faa-8507-0b3e31081e0b,958885.54,6010297.7,Comfortable,49.4
1785810900000,NOISE-W,49a1ac8f-b89d-4356-8260-a3e73765a98a,958749.58,6010415.93,Comfortable,50.3
1785810900000,NOISE-NR1,5c7eb3a5-3ace-49d5-b023-33009a594311,959160.42,6010678.99,Comfortable,46.4
1785810900000,NOISE-NR2,a7b30385-932d-4325-b84b-ae6bdcc359e3,958613.61,6010191.3,Comfortable,45.7
1785810900000,NOISE-NR3,74469165-c65c-4435-a387-36920379578d,959234.31,6010383.42,Comfortable,46.7
1785810960000,NOISE-N,b291e7be-9f14-44ed-87c1-0f02b8ca35b3,958906.23,6010563.72,Comfortable,50.6
1785810960000,NOISE-E,7be9696e-9ace-4085-a81b-0b04c83955db,959045.15,6010445.49,Comfortable,52.3
1785810960000,NOISE-S,b543d03f-a7d0-4faa-8507-0b3e31081e0b,958885.54,6010297.7,Comfortable,49
1785810960000,NOISE-W,49a1ac8f-b89d-4356-8260-a3e73765a98a,958749.58,6010415.93,Comfortable,51
1785810960000,NOISE-NR1,5c7eb3a5-3ace-49d5-b023-33009a594311,959160.42,6010678.99,Comfortable,47
1785810960000,NOISE-NR2,a7b30385-932d-4325-b84b-ae6bdcc359e3,958613.61,6010191.3,Comfortable,45.2
1785810960000,NOISE-NR3,74469165-c65c-4435-a387-36920379578d,959234.31,6010383.42,Comfortable,46.4
1785811020000,NOISE-N,b291e7be-9f14-44ed-87c1-0f02b8ca35b3,958906.23,6010563.72,Comfortable,50.4
1785811020000,NOISE-E,7be9696e-9ace-4085-a81b-0b04c83955db,959045.15,6010445.49,Comfortable,52.9
1785811020000,NOISE-S,b543d03f-a7d0-4faa-8507-0b3e31081e0b,958885.54,6010297.7,Comfortable,49
1785811020000,NOISE-W,49a1ac8f-b89d-4356-8260-a3e73765a98a,958749.58,6010415.93,Comfortable,50.5
1785811020000,NOISE-NR1,5c7eb3a5-3ace-49d5-b023-33009a594311,959160.42,6010678.99,Comfortable,46.7
1785811020000,NOISE-NR2,a7b30385-932d-4325-b84b-ae6bdcc359e3,958613.61,6010191.3,Comfortable,44.6
1785811020000,NOISE-NR3,74469165-c65c-4435-a387-36920379578d,959234.31,6010383.42,Comfortable,46.4
1785811080000,NOISE-N,b291e7be-9f14-44ed-87c1-0f02b8ca35b3,958906.23,6010563.72,Comfortable,50.9
1785811080000,NOISE-E,7be9696e-9ace-4085-a81b-0b04c83955db,959045.15,6010445.49,Comfortable,52.6
1785811080000,NOISE-S,b543d03f-a7d0-4faa-8507-0b3e31081e0b,958885.54,6010297.7,Comfortable,49.1
1785811080000,NOISE-W,49a1ac8f-b89d-4356-8260-a3e73765a98a,958749.58,6010415.93,Comfortable,49.9
1785811080000,NOISE-NR1,5c7eb3a5-3ace-49d5-b023-33009a594311,959160.42,6010678.99,Comfortable,46.1
1785811080000,NOISE-NR2,a7b30385-932d-4325-b84b-ae6bdcc359e3,958613.61,6010191.3,Comfortable,45.6
1785811080000,NOISE-NR3,74469165-c65c-4435-a387-36920379578d,959234.31,6010383.42,Comfortable,46.7
1785811140000,NOISE-N,b291e7be-9f14-44ed-87c1-0f02b8ca35b3,958906.23,6010563.72,Comfortable,50.9
1785811140000,NOISE-E,7be9696e-9ace-4085-a81b-0b04c83955db,959045.15,6010445.49,Comfortable,53.1
1785811140000,NOISE-S,b543d03f-a7d0-4faa-8507-0b3e31081e0b,958885.54,6010297.7,Comfortable,49.9
1785811140000,NOISE-W,49a1ac8f-b89d-4356-8260-a3e73765a98a,958749.58,6010415.93,Comfortable,50.7
1785811140000,NOISE-NR1,5c7eb3a5-3ace-49d5-b023-33009a594311,959160.42,6010678.99,Comfortable,46.5
1785811140000,NOISE-NR2,a7b30385-932d-4325-b84b-ae6bdcc359e3,958613.61,6010191.3,Comfortable,46
1785811140000,NOISE-NR3,74469165-c65c-4435-a387-36920379578d,959234.31,6010383.42,Comfortable,46.7
1785811200000,NOISE-N,b291e7be-9f14-44ed-87c1-0f02b8ca35b3,958906.23,6010563.72,Comfortable,51.1
1785811200000,NOISE-E,7be9696e-9ace-4085-a81b-0b04c83955db,959045.15,6010445.49,Comfortable,52.5
1785811200000,NOISE-S,b543d03f-a7d0-4faa-8507-0b3e31081e0b,958885.54,6010297.7,Comfortable,49.2
1785811200000,NOISE-W,49a1ac8f-b89d-4356-8260-a3e73765a98a,958749.58,6010415.93,Comfortable,50.7
1785811200000,NOISE-NR1,5c7eb3a5-3ace-49d5-b023-33009a594311,959160.42,6010678.99,Comfortable,47.2
1785811200000,NOISE-NR2,a7b30385-932d-4325-b84b-ae6bdcc359e3,958613.61,6010191.3,Comfortable,46.5
1785811200000,NOISE-NR3,74469165-c65c-4435-a387-36920379578d,959234.31,6010383.42,Comfortable,47
1785811260000,NOISE-N,b291e7be-9f14-44ed-87c1-0f02b8ca35b3,958906.23,6010563.72,Comfortable,51.6
1785811260000,NOISE-E,7be9696e-9ace-4085-a81b-0b04c83955db,959045.15,6010445.49,Comfortable,52.5
1785811260000,NOISE-S,b543d03f-a7d0-4faa-8507-0b3e31081e0b,958885.54,6010297.7,Comfortable,49.1
1785811260000,NOISE-W,49a1ac8f-b89d-4356-8260-a3e73765a98a,958749.58,6010415.93,Comfortable,51.1
1785811260000,NOISE-NR1,5c7eb3a5-3ace-49d5-b023-33009a594311,959160.42,6010678.99,Comfortable,46.4
1785811260000,NOISE-NR2,a7b30385-932d-4325-b84b-ae6bdcc359e3,958613.61,6010191.3,Comfortable,45.6
1785811260000,NOISE-NR3,74469165-c65c-4435-a387-36920379578d,959234.31,6010383.42,Comfortable,46.9
1785811320000,NOISE-N,b291e7be-9f14-44ed-87c1-0f02b8ca35b3,958906.23,6010563.72,Comfortable,50.8
1785811320000,NOISE-E,7be9696e-9ace-4085-a81b-0b04c83955db,959045.15,6010445.49,Comfortable,53.1
1785811320000,NOISE-S,b543d03f-a7d0-4faa-8507-0b3e31081e0b,958885.54,6010297.7,Comfortable,49.4
1785811320000,NOISE-W,49a1ac8f-b89d-4356-8260-a3e73765a98a,958749.58,6010415.93,Comfortable,51.7
1785811320000,NOISE-NR1,5c7eb3a5-3ace-49d5-b023-33009a594311,959160.42,6010678.99,Comfortable,46.5
1785811320000,NOISE-NR2,a7b30385-932d-4325-b84b-ae6bdcc359e3,958613.61,6010191.3,Comfortable,45.5
1785811320000,NOISE-NR3,74469165-c65c-4435-a387-36920379578d,959234.31,6010383.42,Comfortable,47.6
1785811380000,NOISE-N,b291e7be-9f14-44ed-87c1-0f02b8ca35b3,958906.23,6010563.72,Comfortable,50.2
1785811380000,NOISE-E,7be9696e-9ace-4085-a81b-0b04c83955db,959045.15,6010445.49,Comfortable,52.6
1785811380000,NOISE-S,b543d03f-a7d0-4faa-8507-0b3e31081e0b,958885.54,6010297.7,Comfortable,49
1785811380000,NOISE-W,49a1ac8f-b89d-4356-8260-a3e73765a98a,958749.58,6010415.93,Comfortable,51.2
1785811380000,NOISE-NR1,5c7eb3a5-3ace-49d5-b023-33009a594311,959160.42,6010678.99,Comfortable,45.8
1785811380000,NOISE-NR2,a7b30385-932d-4325-b84b-ae6bdcc359e3,958613.61,6010191.3,Comfortable,45.3
1785811380000,NOISE-NR3,74469165-c65c-4435-a387-36920379578d,959234.31,6010383.42,Comfortable,47.1
1785811440000,NOISE-N,b291e7be-9f14-44ed-87c1-0f02b8ca35b3,958906.23,6010563.72,Comfortable,50.1
1785811440000,NOISE-E,7be9696e-9ace-4085-a81b-0b04c83955db,959045.15,6010445.49,Comfortable,52.8
1785811440000,NOISE-S,b543d03f-a7d0-4faa-8507-0b3e31081e0b,958885.54,6010297.7,Comfortable,49.9
1785811440000,NOISE-W,49a1ac8f-b89d-4356-8260-a3e73765a98a,958749.58,6010415.93,Comfortable,51.5
1785811440000,NOISE-NR1,5c7eb3a5-3ace-49d5-b023-33009a594311,959160.42,6010678.99,Comfortable,46.6
1785811440000,NOISE-NR2,a7b30385-932d-4325-b84b-ae6bdcc359e3,958613.61,6010191.3,Comfortable,45.5
1785811440000,NOISE-NR3,74469165-c65c-4435-a387-36920379578d,959234.31,6010383.42,Comfortable,47.2
1785811500000,NOISE-N,b291e7be-9f14-44ed-87c1-0f02b8ca35b3,958906.23,6010563.72,Comfortable,50
1785811500000,NOISE-E,7be9696e-9ace-4085-a81b-0b04c83955db,959045.15,6010445.49,Comfortable,53
1785811500000,NOISE-S,b543d03f-a7d0-4faa-8507-0b3e31081e0b,958885.54,6010297.7,Comfortable,50.1
1785811500000,NOISE-W,49a1ac8f-b89d-4356-8260-a3e73765a98a,958749.58,6010415.93,Comfortable,51.3
1785811500000,NOISE-NR1,5c7eb3a5-3ace-49d5-b023-33009a594311,959160.42,6010678.99,Comfortable,46.4
1785811500000,NOISE-NR2,a7b30385-932d-4325-b84b-ae6bdcc359e3,958613.61,6010191.3,Comfortable,45.6
1785811500000,NOISE-NR3,74469165-c65c-4435-a387-36920379578d,959234.31,6010383.42,Comfortable,47.4
1785811560000,NOISE-N,b291e7be-9f14-44ed-87c1-0f02b8ca35b3,958906.23,6010563.72,Comfortable,50.9
1785811560000,NOISE-E,7be9696e-9ace-4085-a81b-0b04c83955db,959045.15,6010445.49,Comfortable,53
1785811560000,NOISE-S,b543d03f-a7d0-4faa-8507-0b3e31081e0b,958885.54,6010297.7,Comfortable,50.4
1785811560000,NOISE-W,49a1ac8f-b89d-4356-8260-a3e73765a98a,958749.58,6010415.93,Comfortable,50.9
1785811560000,NOISE-NR1,5c7eb3a5-3ace-49d5-b023-33009a594311,959160.42,6010678.99,Comfortable,46.2
1785811560000,NOISE-NR2,a7b30385-932d-4325-b84b-ae6bdcc359e3,958613.61,6010191.3,Comfortable,45.1
1785811560000,NOISE-NR3,74469165-c65c-4435-a387-36920379578d,959234.31,6010383.42,Comfortable,47.6
1785811620000,NOISE-N,b291e7be-9f14-44ed-87c1-0f02b8ca35b3,958906.23,6010563.72,Comfortable,50.8
1785811620000,NOISE-E,7be9696e-9ace-4085-a81b-0b04c83955db,959045.15,6010445.49,Comfortable,52
1785811620000,NOISE-S,b543d03f-a7d0-4faa-8507-0b3e31081e0b,958885.54,6010297.7,Comfortable,50
1785811620000,NOISE-W,49a1ac8f-b89d-4356-8260-a3e73765a98a,958749.58,6010415.93,Comfortable,51.2
1785811620000,NOISE-NR1,5c7eb3a5-3ace-49d5-b023-33009a594311,959160.42,6010678.99,Comfortable,45.5
1785811620000,NOISE-NR2,a7b30385-932d-4325-b84b-ae6bdcc359e3,958613.61,6010191.3,Comfortable,45.6
1785811620000,NOISE-NR3,74469165-c65c-4435-a387-36920379578d,959234.31,6010383.42,Comfortable,47.5
1785811680000,NOISE-N,b291e7be-9f14-44ed-87c1-0f02b8ca35b3,958906.23,6010563.72,Comfortable,51.6
1785811680000,NOISE-E,7be9696e-9ace-4085-a81b-0b04c83955db,959045.15,6010445.49,Comfortable,52.3
1785811680000,NOISE-S,b543d03f-a7d0-4faa-8507-0b3e31081e0b,958885.54,6010297.7,Comfortable,50.4
1785811680000,NOISE-W,49a1ac8f-b89d-4356-8260-a3e73765a98a,958749.58,6010415.93,Comfortable,50.8
1785811680000,NOISE-NR1,5c7eb3a5-3ace-49d5-b023-33009a594311,959160.42,6010678.99,Comfortable,46.3
1785811680000,NOISE-NR2,a7b30385-932d-4325-b84b-ae6bdcc359e3,958613.61,6010191.3,Comfortable,45.6
1785811680000,NOISE-NR3,74469165-c65c-4435-a387-36920379578d,959234.31,6010383.42,Comfortable,47
1785811740000,NOISE-N,b291e7be-9f14-44ed-87c1-0f02b8ca35b3,958906.23,6010563.72,Comfortable,50.8
1785811740000,NOISE-E,7be9696e-9ace-4085-a81b-0b04c83955db,959045.15,6010445.49,Comfortable,52.3
1785811740000,NOISE-S,b543d03f-a7d0-4faa-8507-0b3e31081e0b,958885.54,6010297.7,Comfortable,50.2
1785811740000,NOISE-W,49a1ac8f-b89d-4356-8260-a3e73765a98a,958749.58,6010415.93,Comfortable,50.6
1785811740000,NOISE-NR1,5c7eb3a5-3ace-49d5-b023-33009a594311,959160.42,6010678.99,Comfortable,45.7
1785811740000,NOISE-NR2,a7b30385-932d-4325-b84b-ae6bdcc359e3,958613.61,6010191.3,Comfortable,45.7
1785811740000,NOISE-NR3,74469165-c65c-4435-a387-36920379578d,959234.31,6010383.42,Comfortable,47.1
1785811800000,NOISE-N,b291e7be-9f14-44ed-87c1-0f02b8ca35b3,958906.23,6010563.72,Comfortable,51.4
1785811800000,NOISE-E,7be9696e-9ace-4085-a81b-0b04c83955db,959045.15,6010445.49,Comfortable,51.8
1785811800000,NOISE-S,b543d03f-a7d0-4faa-8507-0b3e31081e0b,958885.54,6010297.7,Comfortable,50.8
1785811800000,NOISE-W,49a1ac8f-b89d-4356-8260-a3e73765a98a,958749.58,6010415.93,Comfortable,51.3
1785811800000,NOISE-NR1,5c7eb3a5-3ace-49d5-b023-33009a594311,959160.42,6010678.99,Comfortable,46.3
1785811800000,NOISE-NR2,a7b30385-932d-4325-b84b-ae6bdcc359e3,958613.61,6010191.3,Comfortable,46.3
1785811800000,NOISE-NR3,74469165-c65c-4435-a387-36920379578d,959234.31,6010383.42,Comfortable,47.1
1785811860000,NOISE-N,b291e7be-9f14-44ed-87c1-0f02b8ca35b3,958906.23,6010563.72,Comfortable,51.9
1785811860000,NOISE-E,7be9696e-9ace-4085-a81b-0b04c83955db,959045.15,6010445.49,Comfortable,51.5
1785811860000,NOISE-S,b543d03f-a7d0-4faa-8507-0b3e31081e0b,958885.54,6010297.7,Comfortable,51.2
1785811860000,NOISE-W,49a1ac8f-b89d-4356-8260-a3e73765a98a,958749.58,6010415.93,Comfortable,50.7
1785811860000,NOISE-NR1,5c7eb3a5-3ace-49d5-b023-33009a594311,959160.42,6010678.99,Comfortable,45.6
1785811860000,NOISE-NR2,a7b30385-932d-4325-b84b-ae6bdcc359e3,958613.61,6010191.3,Comfortable,45.6
1785811860000,NOISE-NR3,74469165-c65c-4435-a387-36920379578d,959234.31,6010383.42,Comfortable,47.4
1785811920000,NOISE-N,b291e7be-9f14-44ed-87c1-0f02b8ca35b3,958906.23,6010563.72,Comfortable,51.1
1785811920000,NOISE-E,7be9696e-9ace-4085-a81b-0b04c83955db,959045.15,6010445.49,Comfortable,51.9
1785811920000,NOISE-S,b543d03f-a7d0-4faa-8507-0b3e31081e0b,958885.54,6010297.7,Comfortable,50.4
1785811920000,NOISE-W,49a1ac8f-b89d-4356-8260-a3e73765a98a,958749.58,6010415.93,Comfortable,50.8
1785811920000,NOISE-NR1,5c7eb3a5-3ace-49d5-b023-33009a594311,959160.42,6010678.99,Comfortable,45.2
1785811920000,NOISE-NR2,a7b30385-932d-4325-b84b-ae6bdcc359e3,958613.61,6010191.3,Comfortable,45.9
1785811920000,NOISE-NR3,74469165-c65c-4435-a387-36920379578d,959234.31,6010383.42,Comfortable,47.2
1785811980000,NOISE-N,b291e7be-9f14-44ed-87c1-0f02b8ca35b3,958906.23,6010563.72,Comfortable,50.5
1785811980000,NOISE-E,7be9696e-9ace-4085-a81b-0b04c83955db,959045.15,6010445.49,Comfortable,52.4
1785811980000,NOISE-S,b543d03f-a7d0-4faa-8507-0b3e31081e0b,958885.54,6010297.7,Comfortable,49.6
1785811980000,NOISE-W,49a1ac8f-b89d-4356-8260-a3e73765a98a,958749.58,6010415.93,Comfortable,51.5
1785811980000,NOISE-NR1,5c7eb3a5-3ace-49d5-b023-33009a594311,959160.42,6010678.99,Comfortable,45.6
1785811980000,NOISE-NR2,a7b30385-932d-4325-b84b-ae6bdcc359e3,958613.61,6010191.3,Comfortable,45.8
1785811980000,NOISE-NR3,74469165-c65c-4435-a387-36920379578d,959234.31,6010383.42,Comfortable,46.9
1785812040000,NOISE-N,b291e7be-9f14-44ed-87c1-0f02b8ca35b3,958906.23,6010563.72,Comfortable,50.2
1785812040000,NOISE-E,7be9696e-9ace-4085-a81b-0b04c83955db,959045.15,6010445.49,Comfortable,52.2
1785812040000,NOISE-S,b543d03f-a7d0-4faa-8507-0b3e31081e0b,958885.54,6010297.7,Comfortable,49.9
1785812040000,NOISE-W,49a1ac8f-b89d-4356-8260-a3e73765a98a,958749.58,6010415.93,Comfortable,50.9
1785812040000,NOISE-NR1,5c7eb3a5-3ace-49d5-b023-33009a594311,959160.42,6010678.99,Comfortable,46.6
1785812040000,NOISE-NR2,a7b30385-932d-4325-b84b-ae6bdcc359e3,958613.61,6010191.3,Comfortable,46.2
1785812040000,NOISE-NR3,74469165-c65c-4435-a387-36920379578d,959234.31,6010383.42,Comfortable,47.7
1785812100000,NOISE-N,b291e7be-9f14-44ed-87c1-0f02b8ca35b3,958906.23,6010563.72,Comfortable,51
1785812100000,NOISE-E,7be9696e-9ace-4085-a81b-0b04c83955db,959045.15,6010445.49,Comfortable,52
1785812100000,NOISE-S,b543d03f-a7d0-4faa-8507-0b3e31081e0b,958885.54,6010297.7,Comfortable,50.3
1785812100000,NOISE-W,49a1ac8f-b89d-4356-8260-a3e73765a98a,958749.58,6010415.93,Comfortable,51.5
1785812100000,NOISE-NR1,5c7eb3a5-3ace-49d5-b023-33009a594311,959160.42,6010678.99,Comfortable,46.4
1785812100000,NOISE-NR2,a7b30385-932d-4325-b84b-ae6bdcc359e3,958613.61,6010191.3,Comfortable,45.3
1785812100000,NOISE-NR3,74469165-c65c-4435-a387-36920379578d,959234.31,6010383.42,Comfortable,48.2
1785812160000,NOISE-N,b291e7be-9f14-44ed-87c1-0f02b8ca35b3,958906.23,6010563.72,Comfortable,50.3
1785812160000,NOISE-E,7be9696e-9ace-4085-a81b-0b04c83955db,959045.15,6010445.49,Comfortable,51.9
1785812160000,NOISE-S,b543d03f-a7d0-4faa-8507-0b3e31081e0b,958885.54,6010297.7,Comfortable,50.1
1785812160000,NOISE-W,49a1ac8f-b89d-4356-8260-a3e73765a98a,958749.58,6010415.93,Comfortable,51.6
1785812160000,NOISE-NR1,5c7eb3a5-3ace-49d5-b023-33009a594311,959160.42,6010678.99,Comfortable,46.5
1785812160000,NOISE-NR2,a7b30385-932d-4325-b84b-ae6bdcc359e3,958613.61,6010191.3,Comfortable,44.9
1785812160000,NOISE-NR3,74469165-c65c-4435-a387-36920379578d,959234.31,6010383.42,Comfortable,48.6
1785812220000,NOISE-N,b291e7be-9f14-44ed-87c1-0f02b8ca35b3,958906.23,6010563.72,Comfortable,49.8
1785812220000,NOISE-E,7be9696e-9ace-4085-a81b-0b04c83955db,959045.15,6010445.49,Comfortable,51.2
1785812220000,NOISE-S,b543d03f-a7d0-4faa-8507-0b3e31081e0b,958885.54,6010297.7,Comfortable,50.7
1785812220000,NOISE-W,49a1ac8f-b89d-4356-8260-a3e73765a98a,958749.58,6010415.93,Comfortable,51.3
1785812220000,NOISE-NR1,5c7eb3a5-3ace-49d5-b023-33009a594311,959160.42,6010678.99,Comfortable,47.2
1785812220000,NOISE-NR2,a7b30385-932d-4325-b84b-ae6bdcc359e3,958613.61,6010191.3,Comfortable,45.7
1785812220000,NOISE-NR3,74469165-c65c-4435-a387-36920379578d,959234.31,6010383.42,Comfortable,48.9
1785812280000,NOISE-N,b291e7be-9f14-44ed-87c1-0f02b8ca35b3,958906.23,6010563.72,Comfortable,49.7
1785812280000,NOISE-E,7be9696e-9ace-4085-a81b-0b04c83955db,959045.15,6010445.49,Comfortable,50.8
1785812280000,NOISE-S,b543d03f-a7d0-4faa-8507-0b3e31081e0b,958885.54,6010297.7,Comfortable,50.6
1785812280000,NOISE-W,49a1ac8f-b89d-4356-8260-a3e73765a98a,958749.58,6010415.93,Comfortable,50.7
1785812280000,NOISE-NR1,5c7eb3a5-3ace-49d5-b023-33009a594311,959160.42,6010678.99,Comfortable,47.7
1785812280000,NOISE-NR2,a7b30385-932d-4325-b84b-ae6bdcc359e3,958613.61,6010191.3,Comfortable,46
1785812280000,NOISE-NR3,74469165-c65c-4435-a387-36920379578d,959234.31,6010383.42,Comfortable,47.8
1785812340000,NOISE-N,b291e7be-9f14-44ed-87c1-0f02b8ca35b3,958906.23,6010563.72,Comfortable,50.3
1785812340000,NOISE-E,7be9696e-9ace-4085-a81b-0b04c83955db,959045.15,6010445.49,Comfortable,51.7
1785812340000,NOISE-S,b543d03f-a7d0-4faa-8507-0b3e31081e0b,958885.54,6010297.7,Comfortable,51.3
1785812340000,NOISE-W,49a1ac8f-b89d-4356-8260-a3e73765a98a,958749.58,6010415.93,Comfortable,51.2
1785812340000,NOISE-NR1,5c7eb3a5-3ace-49d5-b023-33009a594311,959160.42,6010678.99,Comfortable,47.9
1785812340000,NOISE-NR2,a7b30385-932d-4325-b84b-ae6bdcc359e3,958613.61,6010191.3,Comfortable,45.9
1785812340000,NOISE-NR3,74469165-c65c-4435-a387-36920379578d,959234.31,6010383.42,Comfortable,48.5
1785812400000,NOISE-N,b291e7be-9f14-44ed-87c1-0f02b8ca35b3,958906.23,6010563.72,Comfortable,50.1
1785812400000,NOISE-E,7be9696e-9ace-4085-a81b-0b04c83955db,959045.15,6010445.49,Comfortable,51.6
1785812400000,NOISE-S,b543d03f-a7d0-4faa-8507-0b3e31081e0b,958885.54,6010297.7,Comfortable,50.8
1785812400000,NOISE-W,49a1ac8f-b89d-4356-8260-a3e73765a98a,958749.58,6010415.93,Comfortable,50.6
1785812400000,NOISE-NR1,5c7eb3a5-3ace-49d5-b023-33009a594311,959160.42,6010678.99,Comfortable,47.4
1785812400000,NOISE-NR2,a7b30385-932d-4325-b84b-ae6bdcc359e3,958613.61,6010191.3,Comfortable,45.9
1785812400000,NOISE-NR3,74469165-c65c-4435-a387-36920379578d,959234.31,6010383.42,Comfortable,47.7
1785812460000,NOISE-N,b291e7be-9f14-44ed-87c1-0f02b8ca35b3,958906.23,6010563.72,Comfortable,50.3
1785812460000,NOISE-E,7be9696e-9ace-4085-a81b-0b04c83955db,959045.15,6010445.49,Comfortable,51.6
1785812460000,NOISE-S,b543d03f-a7d0-4faa-8507-0b3e31081e0b,958885.54,6010297.7,Comfortable,49.9
1785812460000,NOISE-W,49a1ac8f-b89d-4356-8260-a3e73765a98a,958749.58,6010415.93,Comfortable,50.3
1785812460000,NOISE-NR1,5c7eb3a5-3ace-49d5-b023-33009a594311,959160.42,6010678.99,Comfortable,46.7
1785812460000,NOISE-NR2,a7b30385-932d-4325-b84b-ae6bdcc359e3,958613.61,6010191.3,Comfortable,45.9
1785812460000,NOISE-NR3,74469165-c65c-4435-a387-36920379578d,959234.31,6010383.42,Comfortable,47
1785812520000,NOISE-N,b291e7be-9f14-44ed-87c1-0f02b8ca35b3,958906.23,6010563.72,Comfortable,49.8
1785812520000,NOISE-E,7be9696e-9ace-4085-a81b-0b04c83955db,959045.15,6010445.49,Comfortable,51.7
1785812520000,NOISE-S,b543d03f-a7d0-4faa-8507-0b3e31081e0b,958885.54,6010297.7,Comfortable,49.7
1785812520000,NOISE-W,49a1ac8f-b89d-4356-8260-a3e73765a98a,958749.58,6010415.93,Comfortable,49.9
1785812520000,NOISE-NR1,5c7eb3a5-3ace-49d5-b023-33009a594311,959160.42,6010678.99,Comfortable,46.6
1785812520000,NOISE-NR2,a7b30385-932d-4325-b84b-ae6bdcc359e3,958613.61,6010191.3,Comfortable,46
1785812520000,NOISE-NR3,74469165-c65c-4435-a387-36920379578d,959234.31,6010383.42,Comfortable,47.6
1785812580000,NOISE-N,b291e7be-9f14-44ed-87c1-0f02b8ca35b3,958906.23,6010563.72,Comfortable,49.8
1785812580000,NOISE-E,7be9696e-9ace-4085-a81b-0b04c83955db,959045.15,6010445.49,Comfortable,51.5
1785812580000,NOISE-S,b543d03f-a7d0-4faa-8507-0b3e31081e0b,958885.54,6010297.7,Comfortable,49.3
1785812580000,NOISE-W,49a1ac8f-b89d-4356-8260-a3e73765a98a,958749.58,6010415.93,Comfortable,49.6
1785812580000,NOISE-NR1,5c7eb3a5-3ace-49d5-b023-33009a594311,959160.42,6010678.99,Comfortable,46
1785812580000,NOISE-NR2,a7b30385-932d-4325-b84b-ae6bdcc359e3,958613.61,6010191.3,Comfortable,45.8
1785812580000,NOISE-NR3,74469165-c65c-4435-a387-36920379578d,959234.31,6010383.42,Comfortable,48.1
1785812640000,NOISE-N,b291e7be-9f14-44ed-87c1-0f02b8ca35b3,958906.23,6010563.72,Comfortable,50.3
1785812640000,NOISE-E,7be9696e-9ace-4085-a81b-0b04c83955db,959045.15,6010445.49,Comfortable,51
1785812640000,NOISE-S,b543d03f-a7d0-4faa-8507-0b3e31081e0b,958885.54,6010297.7,Comfortable,50
1785812640000,NOISE-W,49a1ac8f-b89d-4356-8260-a3e73765a98a,958749.58,6010415.93,Comfortable,50.4
1785812640000,NOISE-NR1,5c7eb3a5-3ace-49d5-b023-33009a594311,959160.42,6010678.99,Comfortable,46.1
1785812640000,NOISE-NR2,a7b30385-932d-4325-b84b-ae6bdcc359e3,958613.61,6010191.3,Comfortable,46
1785812640000,NOISE-NR3,74469165-c65c-4435-a387-36920379578d,959234.31,6010383.42,Comfortable,48.1
1785812700000,NOISE-N,b291e7be-9f14-44ed-87c1-0f02b8ca35b3,958906.23,6010563.72,Comfortable,50.8
1785812700000,NOISE-E,7be9696e-9ace-4085-a81b-0b04c83955db,959045.15,6010445.49,Comfortable,52
1785812700000,NOISE-S,b543d03f-a7d0-4faa-8507-0b3e31081e0b,958885.54,6010297.7,Comfortable,50
1785812700000,NOISE-W,49a1ac8f-b89d-4356-8260-a3e73765a98a,958749.58,6010415.93,Comfortable,50.8
1785812700000,NOISE-NR1,5c7eb3a5-3ace-49d5-b023-33009a594311,959160.42,6010678.99,Comfortable,46.7
1785812700000,NOISE-NR2,a7b30385-932d-4325-b84b-ae6bdcc359e3,958613.61,6010191.3,Comfortable,45.1
1785812700000,NOISE-NR3,74469165-c65c-4435-a387-36920379578d,959234.31,6010383.42,Comfortable,48.1
1785812760000,NOISE-N,b291e7be-9f14-44ed-87c1-0f02b8ca35b3,958906.23,6010563.72,Comfortable,51.2
1785812760000,NOISE-E,7be9696e-9ace-4085-a81b-0b04c83955db,959045.15,6010445.49,Comfortable,51.4
1785812760000,NOISE-S,b543d03f-a7d0-4faa-8507-0b3e31081e0b,958885.54,6010297.7,Comfortable,50.3
1785812760000,NOISE-W,49a1ac8f-b89d-4356-8260-a3e73765a98a,958749.58,6010415.93,Comfortable,51
1785812760000,NOISE-NR1,5c7eb3a5-3ace-49d5-b023-33009a594311,959160.42,6010678.99,Comfortable,47.3
1785812760000,NOISE-NR2,a7b30385-932d-4325-b84b-ae6bdcc359e3,958613.61,6010191.3,Comfortable,44.9
1785812760000,NOISE-NR3,74469165-c65c-4435-a387-36920379578d,959234.31,6010383.42,Comfortable,48.3
1785812820000,NOISE-N,b291e7be-9f14-44ed-87c1-0f02b8ca35b3,958906.23,6010563.72,Comfortable,51.7
1785812820000,NOISE-E,7be9696e-9ace-4085-a81b-0b04c83955db,959045.15,6010445.49,Comfortable,52.1
1785812820000,NOISE-S,b543d03f-a7d0-4faa-8507-0b3e31081e0b,958885.54,6010297.7,Comfortable,50.7
1785812820000,NOISE-W,49a1ac8f-b89d-4356-8260-a3e73765a98a,958749.58,6010415.93,Comfortable,51.2
1785812820000,NOISE-NR1,5c7eb3a5-3ace-49d5-b023-33009a594311,959160.42,6010678.99,Comfortable,47.4
1785812820000,NOISE-NR2,a7b30385-932d-4325-b84b-ae6bdcc359e3,958613.61,6010191.3,Comfortable,45.2
1785812820000,NOISE-NR3,74469165-c65c-4435-a387-36920379578d,959234.31,6010383.42,Comfortable,48.4
1785812880000,NOISE-N,b291e7be-9f14-44ed-87c1-0f02b8ca35b3,958906.23,6010563.72,Comfortable,51.5
1785812880000,NOISE-E,7be9696e-9ace-4085-a81b-0b04c83955db,959045.15,6010445.49,Comfortable,52.1
1785812880000,NOISE-S,b543d03f-a7d0-4faa-8507-0b3e31081e0b,958885.54,6010297.7,Comfortable,51.2
1785812880000,NOISE-W,49a1ac8f-b89d-4356-8260-a3e73765a98a,958749.58,6010415.93,Comfortable,50.4
1785812880000,NOISE-NR1,5c7eb3a5-3ace-49d5-b023-33009a594311,959160.42,6010678.99,Comfortable,48
1785812880000,NOISE-NR2,a7b30385-932d-4325-b84b-ae6bdcc359e3,958613.61,6010191.3,Comfortable,45
1785812880000,NOISE-NR3,74469165-c65c-4435-a387-36920379578d,959234.31,6010383.42,Comfortable,47.8
1785812940000,NOISE-N,b291e7be-9f14-44ed-87c1-0f02b8ca35b3,958906.23,6010563.72,Comfortable,52.1
1785812940000,NOISE-E,7be9696e-9ace-4085-a81b-0b04c83955db,959045.15,6010445.49,Comfortable,51.6
1785812940000,NOISE-S,b543d03f-a7d0-4faa-8507-0b3e31081e0b,958885.54,6010297.7,Comfortable,51.3
1785812940000,NOISE-W,49a1ac8f-b89d-4356-8260-a3e73765a98a,958749.58,6010415.93,Comfortable,50
1785812940000,NOISE-NR1,5c7eb3a5-3ace-49d5-b023-33009a594311,959160.42,6010678.99,Comfortable,47.1
1785812940000,NOISE-NR2,a7b30385-932d-4325-b84b-ae6bdcc359e3,958613.61,6010191.3,Comfortable,44.7
1785812940000,NOISE-NR3,74469165-c65c-4435-a387-36920379578d,959234.31,6010383.42,Comfortable,47.6
1785813000000,NOISE-N,b291e7be-9f14-44ed-87c1-0f02b8ca35b3,958906.23,6010563.72,Comfortable,51.3
1785813000000,NOISE-E,7be9696e-9ace-4085-a81b-0b04c83955db,959045.15,6010445.49,Comfortable,51.8
1785813000000,NOISE-S,b543d03f-a7d0-4faa-8507-0b3e31081e0b,958885.54,6010297.7,Comfortable,51.7
1785813000000,NOISE-W,49a1ac8f-b89d-4356-8260-a3e73765a98a,958749.58,6010415.93,Comfortable,50.6
1785813000000,NOISE-NR1,5c7eb3a5-3ace-49d5-b023-33009a594311,959160.42,6010678.99,Comfortable,47.8
1785813000000,NOISE-NR2,a7b30385-932d-4325-b84b-ae6bdcc359e3,958613.61,6010191.3,Comfortable,45.2
1785813000000,NOISE-NR3,74469165-c65c-4435-a387-36920379578d,959234.31,6010383.42,Comfortable,47.8
1785813060000,NOISE-N,b291e7be-9f14-44ed-87c1-0f02b8ca35b3,958906.23,6010563.72,Comfortable,52
1785813060000,NOISE-E,7be9696e-9ace-4085-a81b-0b04c83955db,959045.15,6010445.49,Comfortable,52
1785813060000,NOISE-S,b543d03f-a7d0-4faa-8507-0b3e31081e0b,958885.54,6010297.7,Comfortable,51.3
1785813060000,NOISE-W,49a1ac8f-b89d-4356-8260-a3e73765a98a,958749.58,6010415.93,Comfortable,50.9
1785813060000,NOISE-NR1,5c7eb3a5-3ace-49d5-b023-33009a594311,959160.42,6010678.99,Comfortable,47.7
1785813060000,NOISE-NR2,a7b30385-932d-4325-b84b-ae6bdcc359e3,958613.61,6010191.3,Comfortable,45
1785813060000,NOISE-NR3,74469165-c65c-4435-a387-36920379578d,959234.31,6010383.42,Comfortable,47.3
1785813120000,NOISE-N,b291e7be-9f14-44ed-87c1-0f02b8ca35b3,958906.23,6010563.72,Comfortable,51.7
1785813120000,NOISE-E,7be9696e-9ace-4085-a81b-0b04c83955db,959045.15,6010445.49,Comfortable,52.3
1785813120000,NOISE-S,b543d03f-a7d0-4faa-8507-0b3e31081e0b,958885.54,6010297.7,Comfortable,50.7
1785813120000,NOISE-W,49a1ac8f-b89d-4356-8260-a3e73765a98a,958749.58,6010415.93,Comfortable,51.4
1785813120000,NOISE-NR1,5c7eb3a5-3ace-49d5-b023-33009a594311,959160.42,6010678.99,Comfortable,47.9
1785813120000,NOISE-NR2,a7b30385-932d-4325-b84b-ae6bdcc359e3,958613.61,6010191.3,Comfortable,45.3
1785813120000,NOISE-NR3,74469165-c65c-4435-a387-36920379578d,959234.31,6010383.42,Comfortable,47.8
1785813180000,NOISE-N,b291e7be-9f14-44ed-87c1-0f02b8ca35b3,958906.23,6010563.72,Comfortable,51.2
1785813180000,NOISE-E,7be9696e-9ace-4085-a81b-0b04c83955db,959045.15,6010445.49,Comfortable,52.7
1785813180000,NOISE-S,b543d03f-a7d0-4faa-8507-0b3e31081e0b,958885.54,6010297.7,Comfortable,49.8
1785813180000,NOISE-W,49a1ac8f-b89d-4356-8260-a3e73765a98a,958749.58,6010415.93,Comfortable,50.6
1785813180000,NOISE-NR1,5c7eb3a5-3ace-49d5-b023-33009a594311,959160.42,6010678.99,Comfortable,47.6
1785813180000,NOISE-NR2,a7b30385-932d-4325-b84b-ae6bdcc359e3,958613.61,6010191.3,Comfortable,44.9
1785813180000,NOISE-NR3,74469165-c65c-4435-a387-36920379578d,959234.31,6010383.42,Comfortable,48.3
1785813240000,NOISE-N,b291e7be-9f14-44ed-87c1-0f02b8ca35b3,958906.23,6010563.72,Comfortable,51.5
1785813240000,NOISE-E,7be9696e-9ace-4085-a81b-0b04c83955db,959045.15,6010445.49,Comfortable,52.5
1785813240000,NOISE-S,b543d03f-a7d0-4faa-8507-0b3e31081e0b,958885.54,6010297.7,Comfortable,50.6
1785813240000,NOISE-W,49a1ac8f-b89d-4356-8260-a3e73765a98a,958749.58,6010415.93,Comfortable,50.9
1785813240000,NOISE-NR1,5c7eb3a5-3ace-49d5-b023-33009a594311,959160.42,6010678.99,Comfortable,47.7
1785813240000,NOISE-NR2,a7b30385-932d-4325-b84b-ae6bdcc359e3,958613.61,6010191.3,Comfortable,45.5
1785813240000,NOISE-NR3,74469165-c65c-4435-a387-36920379578d,959234.31,6010383.42,Comfortable,48.7
1785813300000,NOISE-N,b291e7be-9f14-44ed-87c1-0f02b8ca35b3,958906.23,6010563.72,Comfortable,51.4
1785813300000,NOISE-E,7be9696e-9ace-4085-a81b-0b04c83955db,959045.15,6010445.49,Comfortable,52.6
1785813300000,NOISE-S,b543d03f-a7d0-4faa-8507-0b3e31081e0b,958885.54,6010297.7,Comfortable,50.1
1785813300000,NOISE-W,49a1ac8f-b89d-4356-8260-a3e73765a98a,958749.58,6010415.93,Comfortable,50.2
1785813300000,NOISE-NR1,5c7eb3a5-3ace-49d5-b023-33009a594311,959160.42,6010678.99,Comfortable,46.9
1785813300000,NOISE-NR2,a7b30385-932d-4325-b84b-ae6bdcc359e3,958613.61,6010191.3,Comfortable,45.9
1785813300000,NOISE-NR3,74469165-c65c-4435-a387-36920379578d,959234.31,6010383.42,Comfortable,48.1
1785813360000,NOISE-N,b291e7be-9f14-44ed-87c1-0f02b8ca35b3,958906.23,6010563.72,Comfortable,51
1785813360000,NOISE-E,7be9696e-9ace-4085-a81b-0b04c83955db,959045.15,6010445.49,Comfortable,52.5
1785813360000,NOISE-S,b543d03f-a7d0-4faa-8507-0b3e31081e0b,958885.54,6010297.7,Comfortable,50.7
1785813360000,NOISE-W,49a1ac8f-b89d-4356-8260-a3e73765a98a,958749.58,6010415.93,Comfortable,50.7
1785813360000,NOISE-NR1,5c7eb3a5-3ace-49d5-b023-33009a594311,959160.42,6010678.99,Comfortable,47.6
1785813360000,NOISE-NR2,a7b30385-932d-4325-b84b-ae6bdcc359e3,958613.61,6010191.3,Comfortable,45.3
1785813360000,NOISE-NR3,74469165-c65c-4435-a387-36920379578d,959234.31,6010383.42,Comfortable,48.1
1785813420000,NOISE-N,b291e7be-9f14-44ed-87c1-0f02b8ca35b3,958906.23,6010563.72,Comfortable,51.5
1785813420000,NOISE-E,7be9696e-9ace-4085-a81b-0b04c83955db,959045.15,6010445.49,Comfortable,51.7
1785813420000,NOISE-S,b543d03f-a7d0-4faa-8507-0b3e31081e0b,958885.54,6010297.7,Comfortable,51.2
1785813420000,NOISE-W,49a1ac8f-b89d-4356-8260-a3e73765a98a,958749.58,6010415.93,Comfortable,51.3
1785813420000,NOISE-NR1,5c7eb3a5-3ace-49d5-b023-33009a594311,959160.42,6010678.99,Comfortable,47.7
1785813420000,NOISE-NR2,a7b30385-932d-4325-b84b-ae6bdcc359e3,958613.61,6010191.3,Comfortable,45.6
1785813420000,NOISE-NR3,74469165-c65c-4435-a387-36920379578d,959234.31,6010383.42,Comfortable,48.1
1785813480000,NOISE-N,b291e7be-9f14-44ed-87c1-0f02b8ca35b3,958906.23,6010563.72,Comfortable,51.3
1785813480000,NOISE-E,7be9696e-9ace-4085-a81b-0b04c83955db,959045.15,6010445.49,Comfortable,51.2
1785813480000,NOISE-S,b543d03f-a7d0-4faa-8507-0b3e31081e0b,958885.54,6010297.7,Comfortable,50.8
1785813480000,NOISE-W,49a1ac8f-b89d-4356-8260-a3e73765a98a,958749.58,6010415.93,Comfortable,51.6
1785813480000,NOISE-NR1,5c7eb3a5-3ace-49d5-b023-33009a594311,959160.42,6010678.99,Comfortable,48.1
1785813480000,NOISE-NR2,a7b30385-932d-4325-b84b-ae6bdcc359e3,958613.61,6010191.3,Comfortable,44.9
1785813480000,NOISE-NR3,74469165-c65c-4435-a387-36920379578d,959234.31,6010383.42,Comfortable,48.2
1785813540000,NOISE-N,b291e7be-9f14-44ed-87c1-0f02b8ca35b3,958906.23,6010563.72,Comfortable,51
1785813540000,NOISE-E,7be9696e-9ace-4085-a81b-0b04c83955db,959045.15,6010445.49,Comfortable,51.9
1785813540000,NOISE-S,b543d03f-a7d0-4faa-8507-0b3e31081e0b,958885.54,6010297.7,Comfortable,50.8
1785813540000,NOISE-W,49a1ac8f-b89d-4356-8260-a3e73765a98a,958749.58,6010415.93,Comfortable,51.7
1785813540000,NOISE-NR1,5c7eb3a5-3ace-49d5-b023-33009a594311,959160.42,6010678.99,Comfortable,48.2
1785813540000,NOISE-NR2,a7b30385-932d-4325-b84b-ae6bdcc359e3,958613.61,6010191.3,Comfortable,45.1
1785813540000,NOISE-NR3,74469165-c65c-4435-a387-36920379578d,959234.31,6010383.42,Comfortable,47.4
1785813600000,NOISE-N,b291e7be-9f14-44ed-87c1-0f02b8ca35b3,958906.23,6010563.72,Comfortable,51.3
1785813600000,NOISE-E,7be9696e-9ace-4085-a81b-0b04c83955db,959045.15,6010445.49,Comfortable,52.6
1785813600000,NOISE-S,b543d03f-a7d0-4faa-8507-0b3e31081e0b,958885.54,6010297.7,Comfortable,51.2
1785813600000,NOISE-W,49a1ac8f-b89d-4356-8260-a3e73765a98a,958749.58,6010415.93,Comfortable,51
1785813600000,NOISE-NR1,5c7eb3a5-3ace-49d5-b023-33009a594311,959160.42,6010678.99,Comfortable,47.4
1785813600000,NOISE-NR2,a7b30385-932d-4325-b84b-ae6bdcc359e3,958613.61,6010191.3,Comfortable,45.6
1785813600000,NOISE-NR3,74469165-c65c-4435-a387-36920379578d,959234.31,6010383.42,Comfortable,47.2
1785813660000,NOISE-N,b291e7be-9f14-44ed-87c1-0f02b8ca35b3,958906.23,6010563.72,Comfortable,51.2
1785813660000,NOISE-E,7be9696e-9ace-4085-a81b-0b04c83955db,959045.15,6010445.49,Comfortable,51.7
1785813660000,NOISE-S,b543d03f-a7d0-4faa-8507-0b3e31081e0b,958885.54,6010297.7,Comfortable,51.2
1785813660000,NOISE-W,49a1ac8f-b89d-4356-8260-a3e73765a98a,958749.58,6010415.93,Comfortable,50.9
1785813660000,NOISE-NR1,5c7eb3a5-3ace-49d5-b023-33009a594311,959160.42,6010678.99,Comfortable,46.5
1785813660000,NOISE-NR2,a7b30385-932d-4325-b84b-ae6bdcc359e3,958613.61,6010191.3,Comfortable,45.2
1785813660000,NOISE-NR3,74469165-c65c-4435-a387-36920379578d,959234.31,6010383.42,Comfortable,47.6
1785813720000,NOISE-N,b291e7be-9f14-44ed-87c1-0f02b8ca35b3,958906.23,6010563.72,Comfortable,50.4
1785813720000,NOISE-E,7be9696e-9ace-4085-a81b-0b04c83955db,959045.15,6010445.49,Comfortable,51
1785813720000,NOISE-S,b543d03f-a7d0-4faa-8507-0b3e31081e0b,958885.54,6010297.7,Comfortable,51.2
1785813720000,NOISE-W,49a1ac8f-b89d-4356-8260-a3e73765a98a,958749.58,6010415.93,Comfortable,51
1785813720000,NOISE-NR1,5c7eb3a5-3ace-49d5-b023-33009a594311,959160.42,6010678.99,Comfortable,45.8
1785813720000,NOISE-NR2,a7b30385-932d-4325-b84b-ae6bdcc359e3,958613.61,6010191.3,Comfortable,46.1
1785813720000,NOISE-NR3,74469165-c65c-4435-a387-36920379578d,959234.31,6010383.42,Comfortable,47.5
1785813780000,NOISE-N,b291e7be-9f14-44ed-87c1-0f02b8ca35b3,958906.23,6010563.72,Comfortable,50.4
1785813780000,NOISE-E,7be9696e-9ace-4085-a81b-0b04c83955db,959045.15,6010445.49,Comfortable,51.2
1785813780000,NOISE-S,b543d03f-a7d0-4faa-8507-0b3e31081e0b,958885.54,6010297.7,Comfortable,50.5
1785813780000,NOISE-W,49a1ac8f-b89d-4356-8260-a3e73765a98a,958749.58,6010415.93,Comfortable,50.5
1785813780000,NOISE-NR1,5c7eb3a5-3ace-49d5-b023-33009a594311,959160.42,6010678.99,Comfortable,46
1785813780000,NOISE-NR2,a7b30385-932d-4325-b84b-ae6bdcc359e3,958613.61,6010191.3,Comfortable,46.6
1785813780000,NOISE-NR3,74469165-c65c-4435-a387-36920379578d,959234.31,6010383.42,Comfortable,47.8
1785813840000,NOISE-N,b291e7be-9f14-44ed-87c1-0f02b8ca35b3,958906.23,6010563.72,Comfortable,50.6
1785813840000,NOISE-E,7be9696e-9ace-4085-a81b-0b04c83955db,959045.15,6010445.49,Comfortable,50.8
1785813840000,NOISE-S,b543d03f-a7d0-4faa-8507-0b3e31081e0b,958885.54,6010297.7,Comfortable,51.1
1785813840000,NOISE-W,49a1ac8f-b89d-4356-8260-a3e73765a98a,958749.58,6010415.93,Comfortable,50.1
1785813840000,NOISE-NR1,5c7eb3a5-3ace-49d5-b023-33009a594311,959160.42,6010678.99,Comfortable,45.7
1785813840000,NOISE-NR2,a7b30385-932d-4325-b84b-ae6bdcc359e3,958613.61,6010191.3,Comfortable,46.7
1785813840000,NOISE-NR3,74469165-c65c-4435-a387-36920379578d,959234.31,6010383.42,Comfortable,47.4
1785813900000,NOISE-N,b291e7be-9f14-44ed-87c1-0f02b8ca35b3,958906.23,6010563.72,Comfortable,51.4
1785813900000,NOISE-E,7be9696e-9ace-4085-a81b-0b04c83955db,959045.15,6010445.49,Comfortable,51.6
1785813900000,NOISE-S,b543d03f-a7d0-4faa-8507-0b3e31081e0b,958885.54,6010297.7,Comfortable,50.7
1785813900000,NOISE-W,49a1ac8f-b89d-4356-8260-a3e73765a98a,958749.58,6010415.93,Comfortable,49.6
1785813900000,NOISE-NR1,5c7eb3a5-3ace-49d5-b023-33009a594311,959160.42,6010678.99,Comfortable,45.5
1785813900000,NOISE-NR2,a7b30385-932d-4325-b84b-ae6bdcc359e3,958613.61,6010191.3,Comfortable,46.9
1785813900000,NOISE-NR3,74469165-c65c-4435-a387-36920379578d,959234.31,6010383.42,Comfortable,47.2
1785813960000,NOISE-N,b291e7be-9f14-44ed-87c1-0f02b8ca35b3,958906.23,6010563.72,Comfortable,50.9
1785813960000,NOISE-E,7be9696e-9ace-4085-a81b-0b04c83955db,959045.15,6010445.49,Comfortable,51.2
1785813960000,NOISE-S,b543d03f-a7d0-4faa-8507-0b3e31081e0b,958885.54,6010297.7,Comfortable,50.8
1785813960000,NOISE-W,49a1ac8f-b89d-4356-8260-a3e73765a98a,958749.58,6010415.93,Comfortable,49.4
1785813960000,NOISE-NR1,5c7eb3a5-3ace-49d5-b023-33009a594311,959160.42,6010678.99,Comfortable,46.4
1785813960000,NOISE-NR2,a7b30385-932d-4325-b84b-ae6bdcc359e3,958613.61,6010191.3,Comfortable,46.6
1785813960000,NOISE-NR3,74469165-c65c-4435-a387-36920379578d,959234.31,6010383.42,Comfortable,47
1785814020000,NOISE-N,b291e7be-9f14-44ed-87c1-0f02b8ca35b3,958906.23,6010563.72,Comfortable,51.4
1785814020000,NOISE-E,7be9696e-9ace-4085-a81b-0b04c83955db,959045.15,6010445.49,Comfortable,51.6
1785814020000,NOISE-S,b543d03f-a7d0-4faa-8507-0b3e31081e0b,958885.54,6010297.7,Comfortable,50
1785814020000,NOISE-W,49a1ac8f-b89d-4356-8260-a3e73765a98a,958749.58,6010415.93,Comfortable,50.5
1785814020000,NOISE-NR1,5c7eb3a5-3ace-49d5-b023-33009a594311,959160.42,6010678.99,Comfortable,47.2
1785814020000,NOISE-NR2,a7b30385-932d-4325-b84b-ae6bdcc359e3,958613.61,6010191.3,Comfortable,45.6
1785814020000,NOISE-NR3,74469165-c65c-4435-a387-36920379578d,959234.31,6010383.42,Comfortable,46.6
1785814080000,NOISE-N,b291e7be-9f14-44ed-87c1-0f02b8ca35b3,958906.23,6010563.72,Comfortable,51.5
1785814080000,NOISE-E,7be9696e-9ace-4085-a81b-0b04c83955db,959045.15,6010445.49,Comfortable,51.6
1785814080000,NOISE-S,b543d03f-a7d0-4faa-8507-0b3e31081e0b,958885.54,6010297.7,Comfortable,50.7
1785814080000,NOISE-W,49a1ac8f-b89d-4356-8260-a3e73765a98a,958749.58,6010415.93,Comfortable,51.2
1785814080000,NOISE-NR1,5c7eb3a5-3ace-49d5-b023-33009a594311,959160.42,6010678.99,Comfortable,46.9
1785814080000,NOISE-NR2,a7b30385-932d-4325-b84b-ae6bdcc359e3,958613.61,6010191.3,Comfortable,46
1785814080000,NOISE-NR3,74469165-c65c-4435-a387-36920379578d,959234.31,6010383.42,Comfortable,47.1
1785814140000,NOISE-N,b291e7be-9f14-44ed-87c1-0f02b8ca35b3,958906.23,6010563.72,Comfortable,51.5
1785814140000,NOISE-E,7be9696e-9ace-4085-a81b-0b04c83955db,959045.15,6010445.49,Comfortable,51.6
1785814140000,NOISE-S,b543d03f-a7d0-4faa-8507-0b3e31081e0b,958885.54,6010297.7,Comfortable,49.8
1785814140000,NOISE-W,49a1ac8f-b89d-4356-8260-a3e73765a98a,958749.58,6010415.93,Comfortable,51.5
1785814140000,NOISE-NR1,5c7eb3a5-3ace-49d5-b023-33009a594311,959160.42,6010678.99,Comfortable,46.5
1785814140000,NOISE-NR2,a7b30385-932d-4325-b84b-ae6bdcc359e3,958613.61,6010191.3,Comfortable,45.6
1785814140000,NOISE-NR3,74469165-c65c-4435-a387-36920379578d,959234.31,6010383.42,Comfortable,47.3
1785814200000,NOISE-N,b291e7be-9f14-44ed-87c1-0f02b8ca35b3,958906.23,6010563.72,Comfortable,51.6
1785814200000,NOISE-E,7be9696e-9ace-4085-a81b-0b04c83955db,959045.15,6010445.49,Comfortable,50.9
1785814200000,NOISE-S,b543d03f-a7d0-4faa-8507-0b3e31081e0b,958885.54,6010297.7,Comfortable,50.5
1785814200000,NOISE-W,49a1ac8f-b89d-4356-8260-a3e73765a98a,958749.58,6010415.93,Comfortable,50.6
1785814200000,NOISE-NR1,5c7eb3a5-3ace-49d5-b023-33009a594311,959160.42,6010678.99,Comfortable,45.9
1785814200000,NOISE-NR2,a7b30385-932d-4325-b84b-ae6bdcc359e3,958613.61,6010191.3,Comfortable,45
1785814200000,NOISE-NR3,74469165-c65c-4435-a387-36920379578d,959234.31,6010383.42,Comfortable,48.1
1785814260000,NOISE-N,b291e7be-9f14-44ed-87c1-0f02b8ca35b3,958906.23,6010563.72,Comfortable,50.8
1785814260000,NOISE-E,7be9696e-9ace-4085-a81b-0b04c83955db,959045.15,6010445.49,Comfortable,50.8
1785814260000,NOISE-S,b543d03f-a7d0-4faa-8507-0b3e31081e0b,958885.54,6010297.7,Comfortable,50
1785814260000,NOISE-W,49a1ac8f-b89d-4356-8260-a3e73765a98a,958749.58,6010415.93,Comfortable,51.2
1785814260000,NOISE-NR1,5c7eb3a5-3ace-49d5-b023-33009a594311,959160.42,6010678.99,Comfortable,46
1785814260000,NOISE-NR2,a7b30385-932d-4325-b84b-ae6bdcc359e3,958613.61,6010191.3,Comfortable,45
1785814260000,NOISE-NR3,74469165-c65c-4435-a387-36920379578d,959234.31,6010383.42,Comfortable,47.3
1785814320000,NOISE-N,b291e7be-9f14-44ed-87c1-0f02b8ca35b3,958906.23,6010563.72,Comfortable,50.2
1785814320000,NOISE-E,7be9696e-9ace-4085-a81b-0b04c83955db,959045.15,6010445.49,Comfortable,51.1
1785814320000,NOISE-S,b543d03f-a7d0-4faa-8507-0b3e31081e0b,958885.54,6010297.7,Comfortable,50.5
1785814320000,NOISE-W,49a1ac8f-b89d-4356-8260-a3e73765a98a,958749.58,6010415.93,Comfortable,51.5
1785814320000,NOISE-NR1,5c7eb3a5-3ace-49d5-b023-33009a594311,959160.42,6010678.99,Comfortable,45.4
1785814320000,NOISE-NR2,a7b30385-932d-4325-b84b-ae6bdcc359e3,958613.61,6010191.3,Comfortable,45.7
1785814320000,NOISE-NR3,74469165-c65c-4435-a387-36920379578d,959234.31,6010383.42,Comfortable,46.6
1785814380000,NOISE-N,b291e7be-9f14-44ed-87c1-0f02b8ca35b3,958906.23,6010563.72,Comfortable,50
1785814380000,NOISE-E,7be9696e-9ace-4085-a81b-0b04c83955db,959045.15,6010445.49,Comfortable,51.6
1785814380000,NOISE-S,b543d03f-a7d0-4faa-8507-0b3e31081e0b,958885.54,6010297.7,Comfortable,49.7
1785814380000,NOISE-W,49a1ac8f-b89d-4356-8260-a3e73765a98a,958749.58,6010415.93,Comfortable,51.8
1785814380000,NOISE-NR1,5c7eb3a5-3ace-49d5-b023-33009a594311,959160.42,6010678.99,Comfortable,45.3
1785814380000,NOISE-NR2,a7b30385-932d-4325-b84b-ae6bdcc359e3,958613.61,6010191.3,Comfortable,45.8
1785814380000,NOISE-NR3,74469165-c65c-4435-a387-36920379578d,959234.31,6010383.42,Comfortable,47.6
1785814440000,NOISE-N,b291e7be-9f14-44ed-87c1-0f02b8ca35b3,958906.23,6010563.72,Comfortable,49.4
1785814440000,NOISE-E,7be9696e-9ace-4085-a81b-0b04c83955db,959045.15,6010445.49,Comfortable,51.2
1785814440000,NOISE-S,b543d03f-a7d0-4faa-8507-0b3e31081e0b,958885.54,6010297.7,Comfortable,49.5
1785814440000,NOISE-W,49a1ac8f-b89d-4356-8260-a3e73765a98a,958749.58,6010415.93,Comfortable,51.8
1785814440000,NOISE-NR1,5c7eb3a5-3ace-49d5-b023-33009a594311,959160.42,6010678.99,Comfortable,45
1785814440000,NOISE-NR2,a7b30385-932d-4325-b84b-ae6bdcc359e3,958613.61,6010191.3,Comfortable,45.2
1785814440000,NOISE-NR3,74469165-c65c-4435-a387-36920379578d,959234.31,6010383.42,Comfortable,47.4
1785814500000,NOISE-N,b291e7be-9f14-44ed-87c1-0f02b8ca35b3,958906.23,6010563.72,Comfortable,50.1
1785814500000,NOISE-E,7be9696e-9ace-4085-a81b-0b04c83955db,959045.15,6010445.49,Comfortable,50.7
1785814500000,NOISE-S,b543d03f-a7d0-4faa-8507-0b3e31081e0b,958885.54,6010297.7,Comfortable,48.9
1785814500000,NOISE-W,49a1ac8f-b89d-4356-8260-a3e73765a98a,958749.58,6010415.93,Comfortable,51.4
1785814500000,NOISE-NR1,5c7eb3a5-3ace-49d5-b023-33009a594311,959160.42,6010678.99,Comfortable,45.8
1785814500000,NOISE-NR2,a7b30385-932d-4325-b84b-ae6bdcc359e3,958613.61,6010191.3,Comfortable,45.9
1785814500000,NOISE-NR3,74469165-c65c-4435-a387-36920379578d,959234.31,6010383.42,Comfortable,47.8
1785814560000,NOISE-N,b291e7be-9f14-44ed-87c1-0f02b8ca35b3,958906.23,6010563.72,Comfortable,50.1
1785814560000,NOISE-E,7be9696e-9ace-4085-a81b-0b04c83955db,959045.15,6010445.49,Comfortable,51.4
1785814560000,NOISE-S,b543d03f-a7d0-4faa-8507-0b3e31081e0b,958885.54,6010297.7,Comfortable,49.4
1785814560000,NOISE-W,49a1ac8f-b89d-4356-8260-a3e73765a98a,958749.58,6010415.93,Comfortable,50.5
1785814560000,NOISE-NR1,5c7eb3a5-3ace-49d5-b023-33009a594311,959160.42,6010678.99,Comfortable,46.7
1785814560000,NOISE-NR2,a7b30385-932d-4325-b84b-ae6bdcc359e3,958613.61,6010191.3,Comfortable,46.3
1785814560000,NOISE-NR3,74469165-c65c-4435-a387-36920379578d,959234.31,6010383.42,Comfortable,47.4
1785814620000,NOISE-N,b291e7be-9f14-44ed-87c1-0f02b8ca35b3,958906.23,6010563.72,Comfortable,50.9
1785814620000,NOISE-E,7be9696e-9ace-4085-a81b-0b04c83955db,959045.15,6010445.49,Comfortable,51.1
1785814620000,NOISE-S,b543d03f-a7d0-4faa-8507-0b3e31081e0b,958885.54,6010297.7,Comfortable,50
1785814620000,NOISE-W,49a1ac8f-b89d-4356-8260-a3e73765a98a,958749.58,6010415.93,Comfortable,50.8
1785814620000,NOISE-NR1,5c7eb3a5-3ace-49d5-b023-33009a594311,959160.42,6010678.99,Comfortable,46.4
1785814620000,NOISE-NR2,a7b30385-932d-4325-b84b-ae6bdcc359e3,958613.61,6010191.3,Comfortable,45.8
1785814620000,NOISE-NR3,74469165-c65c-4435-a387-36920379578d,959234.31,6010383.42,Comfortable,46.7
1785814680000,NOISE-N,b291e7be-9f14-44ed-87c1-0f02b8ca35b3,958906.23,6010563.72,Comfortable,50.2
1785814680000,NOISE-E,7be9696e-9ace-4085-a81b-0b04c83955db,959045.15,6010445.49,Comfortable,51.2
1785814680000,NOISE-S,b543d03f-a7d0-4faa-8507-0b3e31081e0b,958885.54,6010297.7,Comfortable,49.6
1785814680000,NOISE-W,49a1ac8f-b89d-4356-8260-a3e73765a98a,958749.58,6010415.93,Comfortable,50.3
1785814680000,NOISE-NR1,5c7eb3a5-3ace-49d5-b023-33009a594311,959160.42,6010678.99,Comfortable,46.1
1785814680000,NOISE-NR2,a7b30385-932d-4325-b84b-ae6bdcc359e3,958613.61,6010191.3,Comfortable,45.6
1785814680000,NOISE-NR3,74469165-c65c-4435-a387-36920379578d,959234.31,6010383.42,Comfortable,46.2
1785814740000,NOISE-N,b291e7be-9f14-44ed-87c1-0f02b8ca35b3,958906.23,6010563.72,Comfortable,50.7
1785814740000,NOISE-E,7be9696e-9ace-4085-a81b-0b04c83955db,959045.15,6010445.49,Comfortable,52
1785814740000,NOISE-S,b543d03f-a7d0-4faa-8507-0b3e31081e0b,958885.54,6010297.7,Comfortable,49.1
1785814740000,NOISE-W,49a1ac8f-b89d-4356-8260-a3e73765a98a,958749.58,6010415.93,Comfortable,51
1785814740000,NOISE-NR1,5c7eb3a5-3ace-49d5-b023-33009a594311,959160.42,6010678.99,Comfortable,46.8
1785814740000,NOISE-NR2,a7b30385-932d-4325-b84b-ae6bdcc359e3,958613.61,6010191.3,Comfortable,45.3
1785814740000,NOISE-NR3,74469165-c65c-4435-a387-36920379578d,959234.31,6010383.42,Comfortable,46.3
1785814800000,NOISE-N,b291e7be-9f14-44ed-87c1-0f02b8ca35b3,958906.23,6010563.72,Comfortable,50.2
1785814800000,NOISE-E,7be9696e-9ace-4085-a81b-0b04c83955db,959045.15,6010445.49,Comfortable,51.4
1785814800000,NOISE-S,b543d03f-a7d0-4faa-8507-0b3e31081e0b,958885.54,6010297.7,Comfortable,49.8
1785814800000,NOISE-W,49a1ac8f-b89d-4356-8260-a3e73765a98a,958749.58,6010415.93,Comfortable,51.5
1785814800000,NOISE-NR1,5c7eb3a5-3ace-49d5-b023-33009a594311,959160.42,6010678.99,Comfortable,47.4
1785814800000,NOISE-NR2,a7b30385-932d-4325-b84b-ae6bdcc359e3,958613.61,6010191.3,Comfortable,44.8
1785814800000,NOISE-NR3,74469165-c65c-4435-a387-36920379578d,959234.31,6010383.42,Comfortable,46.2
1785814860000,NOISE-N,b291e7be-9f14-44ed-87c1-0f02b8ca35b3,958906.23,6010563.72,Comfortable,50.2
1785814860000,NOISE-E,7be9696e-9ace-4085-a81b-0b04c83955db,959045.15,6010445.49,Comfortable,51.6
1785814860000,NOISE-S,b543d03f-a7d0-4faa-8507-0b3e31081e0b,958885.54,6010297.7,Comfortable,50.1
1785814860000,NOISE-W,49a1ac8f-b89d-4356-8260-a3e73765a98a,958749.58,6010415.93,Comfortable,51.7
1785814860000,NOISE-NR1,5c7eb3a5-3ace-49d5-b023-33009a594311,959160.42,6010678.99,Comfortable,47.2
1785814860000,NOISE-NR2,a7b30385-932d-4325-b84b-ae6bdcc359e3,958613.61,6010191.3,Comfortable,44.3
1785814860000,NOISE-NR3,74469165-c65c-4435-a387-36920379578d,959234.31,6010383.42,Comfortable,46
1785814920000,NOISE-N,b291e7be-9f14-44ed-87c1-0f02b8ca35b3,958906.23,6010563.72,Comfortable,49.6
1785814920000,NOISE-E,7be9696e-9ace-4085-a81b-0b04c83955db,959045.15,6010445.49,Comfortable,51
1785814920000,NOISE-S,b543d03f-a7d0-4faa-8507-0b3e31081e0b,958885.54,6010297.7,Comfortable,49.5
1785814920000,NOISE-W,49a1ac8f-b89d-4356-8260-a3e73765a98a,958749.58,6010415.93,Comfortable,52.2
1785814920000,NOISE-NR1,5c7eb3a5-3ace-49d5-b023-33009a594311,959160.42,6010678.99,Comfortable,47.4
1785814920000,NOISE-NR2,a7b30385-932d-4325-b84b-ae6bdcc359e3,958613.61,6010191.3,Comfortable,45.3
1785814920000,NOISE-NR3,74469165-c65c-4435-a387-36920379578d,959234.31,6010383.42,Comfortable,46.5
1785814980000,NOISE-N,b291e7be-9f14-44ed-87c1-0f02b8ca35b3,958906.23,6010563.72,Comfortable,50.1
1785814980000,NOISE-E,7be9696e-9ace-4085-a81b-0b04c83955db,959045.15,6010445.49,Comfortable,50.8
1785814980000,NOISE-S,b543d03f-a7d0-4faa-8507-0b3e31081e0b,958885.54,6010297.7,Comfortable,48.9
1785814980000,NOISE-W,49a1ac8f-b89d-4356-8260-a3e73765a98a,958749.58,6010415.93,Comfortable,52
1785814980000,NOISE-NR1,5c7eb3a5-3ace-49d5-b023-33009a594311,959160.42,6010678.99,Comfortable,47.8
1785814980000,NOISE-NR2,a7b30385-932d-4325-b84b-ae6bdcc359e3,958613.61,6010191.3,Comfortable,45.7
1785814980000,NOISE-NR3,74469165-c65c-4435-a387-36920379578d,959234.31,6010383.42,Comfortable,46.4
1785815040000,NOISE-N,b291e7be-9f14-44ed-87c1-0f02b8ca35b3,958906.23,6010563.72,Comfortable,51
1785815040000,NOISE-E,7be9696e-9ace-4085-a81b-0b04c83955db,959045.15,6010445.49,Comfortable,51.5
1785815040000,NOISE-S,b543d03f-a7d0-4faa-8507-0b3e31081e0b,958885.54,6010297.7,Comfortable,48.7
1785815040000,NOISE-W,49a1ac8f-b89d-4356-8260-a3e73765a98a,958749.58,6010415.93,Comfortable,51.2
1785815040000,NOISE-NR1,5c7eb3a5-3ace-49d5-b023-33009a594311,959160.42,6010678.99,Comfortable,48.2
1785815040000,NOISE-NR2,a7b30385-932d-4325-b84b-ae6bdcc359e3,958613.61,6010191.3,Comfortable,45.4
1785815040000,NOISE-NR3,74469165-c65c-4435-a387-36920379578d,959234.31,6010383.42,Comfortable,47.5
1785815100000,NOISE-N,b291e7be-9f14-44ed-87c1-0f02b8ca35b3,958906.23,6010563.72,Comfortable,51.6
1785815100000,NOISE-E,7be9696e-9ace-4085-a81b-0b04c83955db,959045.15,6010445.49,Comfortable,51.8
1785815100000,NOISE-S,b543d03f-a7d0-4faa-8507-0b3e31081e0b,958885.54,6010297.7,Comfortable,49.7
1785815100000,NOISE-W,49a1ac8f-b89d-4356-8260-a3e73765a98a,958749.58,6010415.93,Comfortable,51.2
1785815100000,NOISE-NR1,5c7eb3a5-3ace-49d5-b023-33009a594311,959160.42,6010678.99,Comfortable,48.3
1785815100000,NOISE-NR2,a7b30385-932d-4325-b84b-ae6bdcc359e3,958613.61,6010191.3,Comfortable,46.2
1785815100000,NOISE-NR3,74469165-c65c-4435-a387-36920379578d,959234.31,6010383.42,Comfortable,48.2
1785815160000,NOISE-N,b291e7be-9f14-44ed-87c1-0f02b8ca35b3,958906.23,6010563.72,Comfortable,51.2
1785815160000,NOISE-E,7be9696e-9ace-4085-a81b-0b04c83955db,959045.15,6010445.49,Comfortable,51.8
1785815160000,NOISE-S,b543d03f-a7d0-4faa-8507-0b3e31081e0b,958885.54,6010297.7,Comfortable,50
1785815160000,NOISE-W,49a1ac8f-b89d-4356-8260-a3e73765a98a,958749.58,6010415.93,Comfortable,50.9
1785815160000,NOISE-NR1,5c7eb3a5-3ace-49d5-b023-33009a594311,959160.42,6010678.99,Comfortable,48.6
1785815160000,NOISE-NR2,a7b30385-932d-4325-b84b-ae6bdcc359e3,958613.61,6010191.3,Comfortable,46.1
1785815160000,NOISE-NR3,74469165-c65c-4435-a387-36920379578d,959234.31,6010383.42,Comfortable,47.4
1785815220000,NOISE-N,b291e7be-9f14-44ed-87c1-0f02b8ca35b3,958906.23,6010563.72,Comfortable,50.9
1785815220000,NOISE-E,7be9696e-9ace-4085-a81b-0b04c83955db,959045.15,6010445.49,Comfortable,51.5
1785815220000,NOISE-S,b543d03f-a7d0-4faa-8507-0b3e31081e0b,958885.54,6010297.7,Comfortable,49.6
1785815220000,NOISE-W,49a1ac8f-b89d-4356-8260-a3e73765a98a,958749.58,6010415.93,Comfortable,51
1785815220000,NOISE-NR1,5c7eb3a5-3ace-49d5-b023-33009a594311,959160.42,6010678.99,Comfortable,48.3
1785815220000,NOISE-NR2,a7b30385-932d-4325-b84b-ae6bdcc359e3,958613.61,6010191.3,Comfortable,45.3
1785815220000,NOISE-NR3,74469165-c65c-4435-a387-36920379578d,959234.31,6010383.42,Comfortable,47.2
1785815280000,NOISE-N,b291e7be-9f14-44ed-87c1-0f02b8ca35b3,958906.23,6010563.72,Comfortable,51
1785815280000,NOISE-E,7be9696e-9ace-4085-a81b-0b04c83955db,959045.15,6010445.49,Comfortable,51.1
1785815280000,NOISE-S,b543d03f-a7d0-4faa-8507-0b3e31081e0b,958885.54,6010297.7,Comfortable,50.4
1785815280000,NOISE-W,49a1ac8f-b89d-4356-8260-a3e73765a98a,958749.58,6010415.93,Comfortable,51.3
1785815280000,NOISE-NR1,5c7eb3a5-3ace-49d5-b023-33009a594311,959160.42,6010678.99,Comfortable,48.6
1785815280000,NOISE-NR2,a7b30385-932d-4325-b84b-ae6bdcc359e3,958613.61,6010191.3,Comfortable,45.8
1785815280000,NOISE-NR3,74469165-c65c-4435-a387-36920379578d,959234.31,6010383.42,Comfortable,47
1785815340000,NOISE-N,b291e7be-9f14-44ed-87c1-0f02b8ca35b3,958906.23,6010563.72,Comfortable,50.9
1785815340000,NOISE-E,7be9696e-9ace-4085-a81b-0b04c83955db,959045.15,6010445.49,Comfortable,50.8
1785815340000,NOISE-S,b543d03f-a7d0-4faa-8507-0b3e31081e0b,958885.54,6010297.7,Comfortable,50.3
1785815340000,NOISE-W,49a1ac8f-b89d-4356-8260-a3e73765a98a,958749.58,6010415.93,Comfortable,50.9
1785815340000,NOISE-NR1,5c7eb3a5-3ace-49d5-b023-33009a594311,959160.42,6010678.99,Comfortable,48.4
1785815340000,NOISE-NR2,a7b30385-932d-4325-b84b-ae6bdcc359e3,958613.61,6010191.3,Comfortable,46.2
1785815340000,NOISE-NR3,74469165-c65c-4435-a387-36920379578d,959234.31,6010383.42,Comfortable,46.9
1785815400000,NOISE-N,b291e7be-9f14-44ed-87c1-0f02b8ca35b3,958906.23,6010563.72,Comfortable,51.6
1785815400000,NOISE-E,7be9696e-9ace-4085-a81b-0b04c83955db,959045.15,6010445.49,Comfortable,50.5
1785815400000,NOISE-S,b543d03f-a7d0-4faa-8507-0b3e31081e0b,958885.54,6010297.7,Comfortable,50.7
1785815400000,NOISE-W,49a1ac8f-b89d-4356-8260-a3e73765a98a,958749.58,6010415.93,Comfortable,50.2
1785815400000,NOISE-NR1,5c7eb3a5-3ace-49d5-b023-33009a594311,959160.42,6010678.99,Comfortable,48
1785815400000,NOISE-NR2,a7b30385-932d-4325-b84b-ae6bdcc359e3,958613.61,6010191.3,Comfortable,46
1785815400000,NOISE-NR3,74469165-c65c-4435-a387-36920379578d,959234.31,6010383.42,Comfortable,47.6
1785815460000,NOISE-N,b291e7be-9f14-44ed-87c1-0f02b8ca35b3,958906.23,6010563.72,Comfortable,51.1
1785815460000,NOISE-E,7be9696e-9ace-4085-a81b-0b04c83955db,959045.15,6010445.49,Comfortable,51.4
1785815460000,NOISE-S,b543d03f-a7d0-4faa-8507-0b3e31081e0b,958885.54,6010297.7,Comfortable,51.3
1785815460000,NOISE-W,49a1ac8f-b89d-4356-8260-a3e73765a98a,958749.58,6010415.93,Comfortable,49.6
1785815460000,NOISE-NR1,5c7eb3a5-3ace-49d5-b023-33009a594311,959160.42,6010678.99,Comfortable,48.1
1785815460000,NOISE-NR2,a7b30385-932d-4325-b84b-ae6bdcc359e3,958613.61,6010191.3,Comfortable,45.6
1785815460000,NOISE-NR3,74469165-c65c-4435-a387-36920379578d,959234.31,6010383.42,Comfortable,47.5
1785815520000,NOISE-N,b291e7be-9f14-44ed-87c1-0f02b8ca35b3,958906.23,6010563.72,Comfortable,51.7
1785815520000,NOISE-E,7be9696e-9ace-4085-a81b-0b04c83955db,959045.15,6010445.49,Comfortable,52.3
1785815520000,NOISE-S,b543d03f-a7d0-4faa-8507-0b3e31081e0b,958885.54,6010297.7,Comfortable,50.2
1785815520000,NOISE-W,49a1ac8f-b89d-4356-8260-a3e73765a98a,958749.58,6010415.93,Comfortable,49.6
1785815520000,NOISE-NR1,5c7eb3a5-3ace-49d5-b023-33009a594311,959160.42,6010678.99,Comfortable,47
1785815520000,NOISE-NR2,a7b30385-932d-4325-b84b-ae6bdcc359e3,958613.61,6010191.3,Comfortable,45.9
1785815520000,NOISE-NR3,74469165-c65c-4435-a387-36920379578d,959234.31,6010383.42,Comfortable,48.3
1785815580000,NOISE-N,b291e7be-9f14-44ed-87c1-0f02b8ca35b3,958906.23,6010563.72,Comfortable,51.1
1785815580000,NOISE-E,7be9696e-9ace-4085-a81b-0b04c83955db,959045.15,6010445.49,Comfortable,52.8
1785815580000,NOISE-S,b543d03f-a7d0-4faa-8507-0b3e31081e0b,958885.54,6010297.7,Comfortable,50
1785815580000,NOISE-W,49a1ac8f-b89d-4356-8260-a3e73765a98a,958749.58,6010415.93,Comfortable,49.4
1785815580000,NOISE-NR1,5c7eb3a5-3ace-49d5-b023-33009a594311,959160.42,6010678.99,Comfortable,47.5
1785815580000,NOISE-NR2,a7b30385-932d-4325-b84b-ae6bdcc359e3,958613.61,6010191.3,Comfortable,45.3
1785815580000,NOISE-NR3,74469165-c65c-4435-a387-36920379578d,959234.31,6010383.42,Comfortable,48.7
1785815640000,NOISE-N,b291e7be-9f14-44ed-87c1-0f02b8ca35b3,958906.23,6010563.72,Comfortable,51.4
1785815640000,NOISE-E,7be9696e-9ace-4085-a81b-0b04c83955db,959045.15,6010445.49,Comfortable,52.8
1785815640000,NOISE-S,b543d03f-a7d0-4faa-8507-0b3e31081e0b,958885.54,6010297.7,Comfortable,49.2
1785815640000,NOISE-W,49a1ac8f-b89d-4356-8260-a3e73765a98a,958749.58,6010415.93,Comfortable,49.4
1785815640000,NOISE-NR1,5c7eb3a5-3ace-49d5-b023-33009a594311,959160.42,6010678.99,Comfortable,46.9
1785815640000,NOISE-NR2,a7b30385-932d-4325-b84b-ae6bdcc359e3,958613.61,6010191.3,Comfortable,44.9
1785815640000,NOISE-NR3,74469165-c65c-4435-a387-36920379578d,959234.31,6010383.42,Comfortable,48.5
1785815700000,NOISE-N,b291e7be-9f14-44ed-87c1-0f02b8ca35b3,958906.23,6010563.72,Comfortable,52
1785815700000,NOISE-E,7be9696e-9ace-4085-a81b-0b04c83955db,959045.15,6010445.49,Comfortable,52.6
1785815700000,NOISE-S,b543d03f-a7d0-4faa-8507-0b3e31081e0b,958885.54,6010297.7,Comfortable,49.5
1785815700000,NOISE-W,49a1ac8f-b89d-4356-8260-a3e73765a98a,958749.58,6010415.93,Comfortable,50.5
1785815700000,NOISE-NR1,5c7eb3a5-3ace-49d5-b023-33009a594311,959160.42,6010678.99,Comfortable,47.3
1785815700000,NOISE-NR2,a7b30385-932d-4325-b84b-ae6bdcc359e3,958613.61,6010191.3,Comfortable,45.4
1785815700000,NOISE-NR3,74469165-c65c-4435-a387-36920379578d,959234.31,6010383.42,Comfortable,48.5
1785815760000,NOISE-N,b291e7be-9f14-44ed-87c1-0f02b8ca35b3,958906.23,6010563.72,Comfortable,52.4
1785815760000,NOISE-E,7be9696e-9ace-4085-a81b-0b04c83955db,959045.15,6010445.49,Comfortable,52.2
1785815760000,NOISE-S,b543d03f-a7d0-4faa-8507-0b3e31081e0b,958885.54,6010297.7,Comfortable,50.4
1785815760000,NOISE-W,49a1ac8f-b89d-4356-8260-a3e73765a98a,958749.58,6010415.93,Comfortable,50.2
1785815760000,NOISE-NR1,5c7eb3a5-3ace-49d5-b023-33009a594311,959160.42,6010678.99,Comfortable,47.9
1785815760000,NOISE-NR2,a7b30385-932d-4325-b84b-ae6bdcc359e3,958613.61,6010191.3,Comfortable,45.4
1785815760000,NOISE-NR3,74469165-c65c-4435-a387-36920379578d,959234.31,6010383.42,Comfortable,48.3
1785815820000,NOISE-N,b291e7be-9f14-44ed-87c1-0f02b8ca35b3,958906.23,6010563.72,Comfortable,51.4
1785815820000,NOISE-E,7be9696e-9ace-4085-a81b-0b04c83955db,959045.15,6010445.49,Comfortable,51.9
1785815820000,NOISE-S,b543d03f-a7d0-4faa-8507-0b3e31081e0b,958885.54,6010297.7,Comfortable,51
1785815820000,NOISE-W,49a1ac8f-b89d-4356-8260-a3e73765a98a,958749.58,6010415.93,Comfortable,50.1
1785815820000,NOISE-NR1,5c7eb3a5-3ace-49d5-b023-33009a594311,959160.42,6010678.99,Comfortable,47.2
1785815820000,NOISE-NR2,a7b30385-932d-4325-b84b-ae6bdcc359e3,958613.61,6010191.3,Comfortable,44.9
1785815820000,NOISE-NR3,74469165-c65c-4435-a387-36920379578d,959234.31,6010383.42,Comfortable,48.7
1785815880000,NOISE-N,b291e7be-9f14-44ed-87c1-0f02b8ca35b3,958906.23,6010563.72,Comfortable,51.7
1785815880000,NOISE-E,7be9696e-9ace-4085-a81b-0b04c83955db,959045.15,6010445.49,Comfortable,51.5
1785815880000,NOISE-S,b543d03f-a7d0-4faa-8507-0b3e31081e0b,958885.54,6010297.7,Comfortable,50.5
1785815880000,NOISE-W,49a1ac8f-b89d-4356-8260-a3e73765a98a,958749.58,6010415.93,Comfortable,50.9
1785815880000,NOISE-NR1,5c7eb3a5-3ace-49d5-b023-33009a594311,959160.42,6010678.99,Comfortable,47.4
1785815880000,NOISE-NR2,a7b30385-932d-4325-b84b-ae6bdcc359e3,958613.61,6010191.3,Comfortable,45.6
1785815880000,NOISE-NR3,74469165-c65c-4435-a387-36920379578d,959234.31,6010383.42,Comfortable,49.2
1785815940000,NOISE-N,b291e7be-9f14-44ed-87c1-0f02b8ca35b3,958906.23,6010563.72,Comfortable,51.3
1785815940000,NOISE-E,7be9696e-9ace-4085-a81b-0b04c83955db,959045.15,6010445.49,Comfortable,51.5
1785815940000,NOISE-S,b543d03f-a7d0-4faa-8507-0b3e31081e0b,958885.54,6010297.7,Comfortable,50.8
1785815940000,NOISE-W,49a1ac8f-b89d-4356-8260-a3e73765a98a,958749.58,6010415.93,Comfortable,50.7
1785815940000,NOISE-NR1,5c7eb3a5-3ace-49d5-b023-33009a594311,959160.42,6010678.99,Comfortable,46.4
1785815940000,NOISE-NR2,a7b30385-932d-4325-b84b-ae6bdcc359e3,958613.61,6010191.3,Comfortable,46.2
1785815940000,NOISE-NR3,74469165-c65c-4435-a387-36920379578d,959234.31,6010383.42,Comfortable,49
1785816000000,NOISE-N,b291e7be-9f14-44ed-87c1-0f02b8ca35b3,958906.23,6010563.72,Comfortable,50.8
1785816000000,NOISE-E,7be9696e-9ace-4085-a81b-0b04c83955db,959045.15,6010445.49,Comfortable,51.2
1785816000000,NOISE-S,b543d03f-a7d0-4faa-8507-0b3e31081e0b,958885.54,6010297.7,Comfortable,50.6
1785816000000,NOISE-W,49a1ac8f-b89d-4356-8260-a3e73765a98a,958749.58,6010415.93,Comfortable,50.2
1785816000000,NOISE-NR1,5c7eb3a5-3ace-49d5-b023-33009a594311,959160.42,6010678.99,Comfortable,47
1785816000000,NOISE-NR2,a7b30385-932d-4325-b84b-ae6bdcc359e3,958613.61,6010191.3,Comfortable,46.7
1785816000000,NOISE-NR3,74469165-c65c-4435-a387-36920379578d,959234.31,6010383.42,Comfortable,48.2
1785816060000,NOISE-N,b291e7be-9f14-44ed-87c1-0f02b8ca35b3,958906.23,6010563.72,Comfortable,51
1785816060000,NOISE-E,7be9696e-9ace-4085-a81b-0b04c83955db,959045.15,6010445.49,Comfortable,51.7
1785816060000,NOISE-S,b543d03f-a7d0-4faa-8507-0b3e31081e0b,958885.54,6010297.7,Comfortable,50.8
1785816060000,NOISE-W,49a1ac8f-b89d-4356-8260-a3e73765a98a,958749.58,6010415.93,Comfortable,49.8
1785816060000,NOISE-NR1,5c7eb3a5-3ace-49d5-b023-33009a594311,959160.42,6010678.99,Comfortable,47.1
1785816060000,NOISE-NR2,a7b30385-932d-4325-b84b-ae6bdcc359e3,958613.61,6010191.3,Comfortable,46.8
1785816060000,NOISE-NR3,74469165-c65c-4435-a387-36920379578d,959234.31,6010383.42,Comfortable,48
1785816120000,NOISE-N,b291e7be-9f14-44ed-87c1-0f02b8ca35b3,958906.23,6010563.72,Comfortable,50.6
1785816120000,NOISE-E,7be9696e-9ace-4085-a81b-0b04c83955db,959045.15,6010445.49,Comfortable,51.6
1785816120000,NOISE-S,b543d03f-a7d0-4faa-8507-0b3e31081e0b,958885.54,6010297.7,Comfortable,51.3
1785816120000,NOISE-W,49a1ac8f-b89d-4356-8260-a3e73765a98a,958749.58,6010415.93,Comfortable,49.5
1785816120000,NOISE-NR1,5c7eb3a5-3ace-49d5-b023-33009a594311,959160.42,6010678.99,Comfortable,46.3
1785816120000,NOISE-NR2,a7b30385-932d-4325-b84b-ae6bdcc359e3,958613.61,6010191.3,Comfortable,47.2
1785816120000,NOISE-NR3,74469165-c65c-4435-a387-36920379578d,959234.31,6010383.42,Comfortable,47.8
1785816180000,NOISE-N,b291e7be-9f14-44ed-87c1-0f02b8ca35b3,958906.23,6010563.72,Comfortable,51.3
1785816180000,NOISE-E,7be9696e-9ace-4085-a81b-0b04c83955db,959045.15,6010445.49,Comfortable,52.2
1785816180000,NOISE-S,b543d03f-a7d0-4faa-8507-0b3e31081e0b,958885.54,6010297.7,Comfortable,50.4
1785816180000,NOISE-W,49a1ac8f-b89d-4356-8260-a3e73765a98a,958749.58,6010415.93,Comfortable,50.2
1785816180000,NOISE-NR1,5c7eb3a5-3ace-49d5-b023-33009a594311,959160.42,6010678.99,Comfortable,46.7
1785816180000,NOISE-NR2,a7b30385-932d-4325-b84b-ae6bdcc359e3,958613.61,6010191.3,Comfortable,46.6
1785816180000,NOISE-NR3,74469165-c65c-4435-a387-36920379578d,959234.31,6010383.42,Comfortable,48
1785816240000,NOISE-N,b291e7be-9f14-44ed-87c1-0f02b8ca35b3,958906.23,6010563.72,Comfortable,51.2
1785816240000,NOISE-E,7be9696e-9ace-4085-a81b-0b04c83955db,959045.15,6010445.49,Comfortable,52.1
1785816240000,NOISE-S,b543d03f-a7d0-4faa-8507-0b3e31081e0b,958885.54,6010297.7,Comfortable,49.8
1785816240000,NOISE-W,49a1ac8f-b89d-4356-8260-a3e73765a98a,958749.58,6010415.93,Comfortable,49.8
1785816240000,NOISE-NR1,5c7eb3a5-3ace-49d5-b023-33009a594311,959160.42,6010678.99,Comfortable,47.3
1785816240000,NOISE-NR2,a7b30385-932d-4325-b84b-ae6bdcc359e3,958613.61,6010191.3,Comfortable,47.1
1785816240000,NOISE-NR3,74469165-c65c-4435-a387-36920379578d,959234.31,6010383.42,Comfortable,48.2
1785816300000,NOISE-N,b291e7be-9f14-44ed-87c1-0f02b8ca35b3,958906.23,6010563.72,Comfortable,51.5
1785816300000,NOISE-E,7be9696e-9ace-4085-a81b-0b04c83955db,959045.15,6010445.49,Comfortable,51.3
1785816300000,NOISE-S,b543d03f-a7d0-4faa-8507-0b3e31081e0b,958885.54,6010297.7,Comfortable,49.4
1785816300000,NOISE-W,49a1ac8f-b89d-4356-8260-a3e73765a98a,958749.58,6010415.93,Comfortable,49.8
1785816300000,NOISE-NR1,5c7eb3a5-3ace-49d5-b023-33009a594311,959160.42,6010678.99,Comfortable,47.6
1785816300000,NOISE-NR2,a7b30385-932d-4325-b84b-ae6bdcc359e3,958613.61,6010191.3,Comfortable,47.4
1785816300000,NOISE-NR3,74469165-c65c-4435-a387-36920379578d,959234.31,6010383.42,Comfortable,47.5
1785816360000,NOISE-N,b291e7be-9f14-44ed-87c1-0f02b8ca35b3,958906.23,6010563.72,Comfortable,51.9
1785816360000,NOISE-E,7be9696e-9ace-4085-a81b-0b04c83955db,959045.15,6010445.49,Comfortable,50.9
1785816360000,NOISE-S,b543d03f-a7d0-4faa-8507-0b3e31081e0b,958885.54,6010297.7,Comfortable,49.2
1785816360000,NOISE-W,49a1ac8f-b89d-4356-8260-a3e73765a98a,958749.58,6010415.93,Comfortable,50.4
1785816360000,NOISE-NR1,5c7eb3a5-3ace-49d5-b023-33009a594311,959160.42,6010678.99,Comfortable,47.2
1785816360000,NOISE-NR2,a7b30385-932d-4325-b84b-ae6bdcc359e3,958613.61,6010191.3,Comfortable,46.5
1785816360000,NOISE-NR3,74469165-c65c-4435-a387-36920379578d,959234.31,6010383.42,Comfortable,48
1785816420000,NOISE-N,b291e7be-9f14-44ed-87c1-0f02b8ca35b3,958906.23,6010563.72,Comfortable,52.2
1785816420000,NOISE-E,7be9696e-9ace-4085-a81b-0b04c83955db,959045.15,6010445.49,Comfortable,50.8
1785816420000,NOISE-S,b543d03f-a7d0-4faa-8507-0b3e31081e0b,958885.54,6010297.7,Comfortable,49.8
1785816420000,NOISE-W,49a1ac8f-b89d-4356-8260-a3e73765a98a,958749.58,6010415.93,Comfortable,51.1
1785816420000,NOISE-NR1,5c7eb3a5-3ace-49d5-b023-33009a594311,959160.42,6010678.99,Comfortable,46.3
1785816420000,NOISE-NR2,a7b30385-932d-4325-b84b-ae6bdcc359e3,958613.61,6010191.3,Comfortable,46.3
1785816420000,NOISE-NR3,74469165-c65c-4435-a387-36920379578d,959234.31,6010383.42,Comfortable,47.9
1785816480000,NOISE-N,b291e7be-9f14-44ed-87c1-0f02b8ca35b3,958906.23,6010563.72,Comfortable,51.9
1785816480000,NOISE-E,7be9696e-9ace-4085-a81b-0b04c83955db,959045.15,6010445.49,Comfortable,51.1
1785816480000,NOISE-S,b543d03f-a7d0-4faa-8507-0b3e31081e0b,958885.54,6010297.7,Comfortable,50.2
1785816480000,NOISE-W,49a1ac8f-b89d-4356-8260-a3e73765a98a,958749.58,6010415.93,Comfortable,50.6
1785816480000,NOISE-NR1,5c7eb3a5-3ace-49d5-b023-33009a594311,959160.42,6010678.99,Comfortable,47.1
1785816480000,NOISE-NR2,a7b30385-932d-4325-b84b-ae6bdcc359e3,958613.61,6010191.3,Comfortable,46
1785816480000,NOISE-NR3,74469165-c65c-4435-a387-36920379578d,959234.31,6010383.42,Comfortable,48.3
1785816540000,NOISE-N,b291e7be-9f14-44ed-87c1-0f02b8ca35b3,958906.23,6010563.72,Comfortable,51.7
1785816540000,NOISE-E,7be9696e-9ace-4085-a81b-0b04c83955db,959045.15,6010445.49,Comfortable,50.9
1785816540000,NOISE-S,b543d03f-a7d0-4faa-8507-0b3e31081e0b,958885.54,6010297.7,Comfortable,50.9
1785816540000,NOISE-W,49a1ac8f-b89d-4356-8260-a3e73765a98a,958749.58,6010415.93,Comfortable,50.1
1785816540000,NOISE-NR1,5c7eb3a5-3ace-49d5-b023-33009a594311,959160.42,6010678.99,Comfortable,46.8
1785816540000,NOISE-NR2,a7b30385-932d-4325-b84b-ae6bdcc359e3,958613.61,6010191.3,Comfortable,46.6
1785816540000,NOISE-NR3,74469165-c65c-4435-a387-36920379578d,959234.31,6010383.42,Comfortable,47.5
1785816600000,NOISE-N,b291e7be-9f14-44ed-87c1-0f02b8ca35b3,958906.23,6010563.72,Comfortable,51
1785816600000,NOISE-E,7be9696e-9ace-4085-a81b-0b04c83955db,959045.15,6010445.49,Comfortable,50.7
1785816600000,NOISE-S,b543d03f-a7d0-4faa-8507-0b3e31081e0b,958885.54,6010297.7,Comfortable,51.2
1785816600000,NOISE-W,49a1ac8f-b89d-4356-8260-a3e73765a98a,958749.58,6010415.93,Comfortable,50.8
1785816600000,NOISE-NR1,5c7eb3a5-3ace-49d5-b023-33009a594311,959160.42,6010678.99,Comfortable,46.1
1785816600000,NOISE-NR2,a7b30385-932d-4325-b84b-ae6bdcc359e3,958613.61,6010191.3,Comfortable,45.7
1785816600000,NOISE-NR3,74469165-c65c-4435-a387-36920379578d,959234.31,6010383.42,Comfortable,47.8
1785816660000,NOISE-N,b291e7be-9f14-44ed-87c1-0f02b8ca35b3,958906.23,6010563.72,Comfortable,51.3
1785816660000,NOISE-E,7be9696e-9ace-4085-a81b-0b04c83955db,959045.15,6010445.49,Comfortable,51.4
1785816660000,NOISE-S,b543d03f-a7d0-4faa-8507-0b3e31081e0b,958885.54,6010297.7,Comfortable,51.5
1785816660000,NOISE-W,49a1ac8f-b89d-4356-8260-a3e73765a98a,958749.58,6010415.93,Comfortable,50.4
1785816660000,NOISE-NR1,5c7eb3a5-3ace-49d5-b023-33009a594311,959160.42,6010678.99,Comfortable,46.5
1785816660000,NOISE-NR2,a7b30385-932d-4325-b84b-ae6bdcc359e3,958613.61,6010191.3,Comfortable,45.7
1785816660000,NOISE-NR3,74469165-c65c-4435-a387-36920379578d,959234.31,6010383.42,Comfortable,47.7
1785816720000,NOISE-N,b291e7be-9f14-44ed-87c1-0f02b8ca35b3,958906.23,6010563.72,Comfortable,51.1
1785816720000,NOISE-E,7be9696e-9ace-4085-a81b-0b04c83955db,959045.15,6010445.49,Comfortable,51.9
1785816720000,NOISE-S,b543d03f-a7d0-4faa-8507-0b3e31081e0b,958885.54,6010297.7,Comfortable,51.8
1785816720000,NOISE-W,49a1ac8f-b89d-4356-8260-a3e73765a98a,958749.58,6010415.93,Comfortable,51.1
1785816720000,NOISE-NR1,5c7eb3a5-3ace-49d5-b023-33009a594311,959160.42,6010678.99,Comfortable,46.8
1785816720000,NOISE-NR2,a7b30385-932d-4325-b84b-ae6bdcc359e3,958613.61,6010191.3,Comfortable,46.3
1785816720000,NOISE-NR3,74469165-c65c-4435-a387-36920379578d,959234.31,6010383.42,Comfortable,47.9
1785816780000,NOISE-N,b291e7be-9f14-44ed-87c1-0f02b8ca35b3,958906.23,6010563.72,Comfortable,51.6
1785816780000,NOISE-E,7be9696e-9ace-4085-a81b-0b04c83955db,959045.15,6010445.49,Comfortable,51.9
1785816780000,NOISE-S,b543d03f-a7d0-4faa-8507-0b3e31081e0b,958885.54,6010297.7,Comfortable,51.1
1785816780000,NOISE-W,49a1ac8f-b89d-4356-8260-a3e73765a98a,958749.58,6010415.93,Comfortable,50.8
1785816780000,NOISE-NR1,5c7eb3a5-3ace-49d5-b023-33009a594311,959160.42,6010678.99,Comfortable,47.6
1785816780000,NOISE-NR2,a7b30385-932d-4325-b84b-ae6bdcc359e3,958613.61,6010191.3,Comfortable,46.1
1785816780000,NOISE-NR3,74469165-c65c-4435-a387-36920379578d,959234.31,6010383.42,Comfortable,48
1785816840000,NOISE-N,b291e7be-9f14-44ed-87c1-0f02b8ca35b3,958906.23,6010563.72,Comfortable,50.9
1785816840000,NOISE-E,7be9696e-9ace-4085-a81b-0b04c83955db,959045.15,6010445.49,Comfortable,52.6
1785816840000,NOISE-S,b543d03f-a7d0-4faa-8507-0b3e31081e0b,958885.54,6010297.7,Comfortable,50.3
1785816840000,NOISE-W,49a1ac8f-b89d-4356-8260-a3e73765a98a,958749.58,6010415.93,Comfortable,50.7
1785816840000,NOISE-NR1,5c7eb3a5-3ace-49d5-b023-33009a594311,959160.42,6010678.99,Comfortable,47.6
1785816840000,NOISE-NR2,a7b30385-932d-4325-b84b-ae6bdcc359e3,958613.61,6010191.3,Comfortable,46.2
1785816840000,NOISE-NR3,74469165-c65c-4435-a387-36920379578d,959234.31,6010383.42,Comfortable,47.9
1785816900000,NOISE-N,b291e7be-9f14-44ed-87c1-0f02b8ca35b3,958906.23,6010563.72,Comfortable,51.7
1785816900000,NOISE-E,7be9696e-9ace-4085-a81b-0b04c83955db,959045.15,6010445.49,Comfortable,51.9
1785816900000,NOISE-S,b543d03f-a7d0-4faa-8507-0b3e31081e0b,958885.54,6010297.7,Comfortable,50.2
1785816900000,NOISE-W,49a1ac8f-b89d-4356-8260-a3e73765a98a,958749.58,6010415.93,Comfortable,51.2
1785816900000,NOISE-NR1,5c7eb3a5-3ace-49d5-b023-33009a594311,959160.42,6010678.99,Comfortable,46.9
1785816900000,NOISE-NR2,a7b30385-932d-4325-b84b-ae6bdcc359e3,958613.61,6010191.3,Comfortable,45.8
1785816900000,NOISE-NR3,74469165-c65c-4435-a387-36920379578d,959234.31,6010383.42,Comfortable,48.3
1785816960000,NOISE-N,b291e7be-9f14-44ed-87c1-0f02b8ca35b3,958906.23,6010563.72,Comfortable,52.2
1785816960000,NOISE-E,7be9696e-9ace-4085-a81b-0b04c83955db,959045.15,6010445.49,Comfortable,51.7
1785816960000,NOISE-S,b543d03f-a7d0-4faa-8507-0b3e31081e0b,958885.54,6010297.7,Comfortable,50.8
1785816960000,NOISE-W,49a1ac8f-b89d-4356-8260-a3e73765a98a,958749.58,6010415.93,Comfortable,50.9
1785816960000,NOISE-NR1,5c7eb3a5-3ace-49d5-b023-33009a594311,959160.42,6010678.99,Comfortable,47.4
1785816960000,NOISE-NR2,a7b30385-932d-4325-b84b-ae6bdcc359e3,958613.61,6010191.3,Comfortable,45.6
1785816960000,NOISE-NR3,74469165-c65c-4435-a387-36920379578d,959234.31,6010383.42,Comfortable,48.8
1785817020000,NOISE-N,b291e7be-9f14-44ed-87c1-0f02b8ca35b3,958906.23,6010563.72,Comfortable,52.6
1785817020000,NOISE-E,7be9696e-9ace-4085-a81b-0b04c83955db,959045.15,6010445.49,Comfortable,52.3
1785817020000,NOISE-S,b543d03f-a7d0-4faa-8507-0b3e31081e0b,958885.54,6010297.7,Comfortable,50
1785817020000,NOISE-W,49a1ac8f-b89d-4356-8260-a3e73765a98a,958749.58,6010415.93,Comfortable,51.2
1785817020000,NOISE-NR1,5c7eb3a5-3ace-49d5-b023-33009a594311,959160.42,6010678.99,Comfortable,47
1785817020000,NOISE-NR2,a7b30385-932d-4325-b84b-ae6bdcc359e3,958613.61,6010191.3,Comfortable,46
1785817020000,NOISE-NR3,74469165-c65c-4435-a387-36920379578d,959234.31,6010383.42,Comfortable,48.4
1785817080000,NOISE-N,b291e7be-9f14-44ed-87c1-0f02b8ca35b3,958906.23,6010563.72,Comfortable,52.6
1785817080000,NOISE-E,7be9696e-9ace-4085-a81b-0b04c83955db,959045.15,6010445.49,Comfortable,53
1785817080000,NOISE-S,b543d03f-a7d0-4faa-8507-0b3e31081e0b,958885.54,6010297.7,Comfortable,50.5
1785817080000,NOISE-W,49a1ac8f-b89d-4356-8260-a3e73765a98a,958749.58,6010415.93,Comfortable,51.3
1785817080000,NOISE-NR1,5c7eb3a5-3ace-49d5-b023-33009a594311,959160.42,6010678.99,Comfortable,47.1
1785817080000,NOISE-NR2,a7b30385-932d-4325-b84b-ae6bdcc359e3,958613.61,6010191.3,Comfortable,46.6
1785817080000,NOISE-NR3,74469165-c65c-4435-a387-36920379578d,959234.31,6010383.42,Comfortable,47.5
1785817140000,NOISE-N,b291e7be-9f14-44ed-87c1-0f02b8ca35b3,958906.23,6010563.72,Comfortable,52.9
1785817140000,NOISE-E,7be9696e-9ace-4085-a81b-0b04c83955db,959045.15,6010445.49,Comfortable,52.7
1785817140000,NOISE-S,b543d03f-a7d0-4faa-8507-0b3e31081e0b,958885.54,6010297.7,Comfortable,50.2
1785817140000,NOISE-W,49a1ac8f-b89d-4356-8260-a3e73765a98a,958749.58,6010415.93,Comfortable,50.6
1785817140000,NOISE-NR1,5c7eb3a5-3ace-49d5-b023-33009a594311,959160.42,6010678.99,Comfortable,46.4
1785817140000,NOISE-NR2,a7b30385-932d-4325-b84b-ae6bdcc359e3,958613.61,6010191.3,Comfortable,46.7
1785817140000,NOISE-NR3,74469165-c65c-4435-a387-36920379578d,959234.31,6010383.42,Comfortable,48.1
1785817200000,NOISE-N,b291e7be-9f14-44ed-87c1-0f02b8ca35b3,958906.23,6010563.72,Comfortable,52.2
1785817200000,NOISE-E,7be9696e-9ace-4085-a81b-0b04c83955db,959045.15,6010445.49,Comfortable,53.3
1785817200000,NOISE-S,b543d03f-a7d0-4faa-8507-0b3e31081e0b,958885.54,6010297.7,Comfortable,50.6
1785817200000,NOISE-W,49a1ac8f-b89d-4356-8260-a3e73765a98a,958749.58,6010415.93,Comfortable,51.4
1785817200000,NOISE-NR1,5c7eb3a5-3ace-49d5-b023-33009a594311,959160.42,6010678.99,Comfortable,45.9
1785817200000,NOISE-NR2,a7b30385-932d-4325-b84b-ae6bdcc359e3,958613.61,6010191.3,Comfortable,45.9
1785817200000,NOISE-NR3,74469165-c65c-4435-a387-36920379578d,959234.31,6010383.42,Comfortable,47.3
1785817260000,NOISE-N,b291e7be-9f14-44ed-87c1-0f02b8ca35b3,958906.23,6010563.72,Comfortable,51.3
1785817260000,NOISE-E,7be9696e-9ace-4085-a81b-0b04c83955db,959045.15,6010445.49,Comfortable,52.6
1785817260000,NOISE-S,b543d03f-a7d0-4faa-8507-0b3e31081e0b,958885.54,6010297.7,Comfortable,50.6
1785817260000,NOISE-W,49a1ac8f-b89d-4356-8260-a3e73765a98a,958749.58,6010415.93,Comfortable,52
1785817260000,NOISE-NR1,5c7eb3a5-3ace-49d5-b023-33009a594311,959160.42,6010678.99,Comfortable,46
1785817260000,NOISE-NR2,a7b30385-932d-4325-b84b-ae6bdcc359e3,958613.61,6010191.3,Comfortable,46.1
1785817260000,NOISE-NR3,74469165-c65c-4435-a387-36920379578d,959234.31,6010383.42,Comfortable,48.1
1785817320000,NOISE-N,b291e7be-9f14-44ed-87c1-0f02b8ca35b3,958906.23,6010563.72,Comfortable,50.5
1785817320000,NOISE-E,7be9696e-9ace-4085-a81b-0b04c83955db,959045.15,6010445.49,Comfortable,52.5
1785817320000,NOISE-S,b543d03f-a7d0-4faa-8507-0b3e31081e0b,958885.54,6010297.7,Comfortable,49.8
1785817320000,NOISE-W,49a1ac8f-b89d-4356-8260-a3e73765a98a,958749.58,6010415.93,Comfortable,52.4
1785817320000,NOISE-NR1,5c7eb3a5-3ace-49d5-b023-33009a594311,959160.42,6010678.99,Comfortable,46.2
1785817320000,NOISE-NR2,a7b30385-932d-4325-b84b-ae6bdcc359e3,958613.61,6010191.3,Comfortable,46.3
1785817320000,NOISE-NR3,74469165-c65c-4435-a387-36920379578d,959234.31,6010383.42,Comfortable,48.4
1785817380000,NOISE-N,b291e7be-9f14-44ed-87c1-0f02b8ca35b3,958906.23,6010563.72,Comfortable,51.1
1785817380000,NOISE-E,7be9696e-9ace-4085-a81b-0b04c83955db,959045.15,6010445.49,Comfortable,52.3
1785817380000,NOISE-S,b543d03f-a7d0-4faa-8507-0b3e31081e0b,958885.54,6010297.7,Comfortable,49.1
1785817380000,NOISE-W,49a1ac8f-b89d-4356-8260-a3e73765a98a,958749.58,6010415.93,Comfortable,52.6
1785817380000,NOISE-NR1,5c7eb3a5-3ace-49d5-b023-33009a594311,959160.42,6010678.99,Comfortable,47
1785817380000,NOISE-NR2,a7b30385-932d-4325-b84b-ae6bdcc359e3,958613.61,6010191.3,Comfortable,45.6
1785817380000,NOISE-NR3,74469165-c65c-4435-a387-36920379578d,959234.31,6010383.42,Comfortable,48.9
1785817440000,NOISE-N,b291e7be-9f14-44ed-87c1-0f02b8ca35b3,958906.23,6010563.72,Comfortable,50.5
1785817440000,NOISE-E,7be9696e-9ace-4085-a81b-0b04c83955db,959045.15,6010445.49,Comfortable,51.5
1785817440000,NOISE-S,b543d03f-a7d0-4faa-8507-0b3e31081e0b,958885.54,6010297.7,Comfortable,50.1
1785817440000,NOISE-W,49a1ac8f-b89d-4356-8260-a3e73765a98a,958749.58,6010415.93,Comfortable,52.1
1785817440000,NOISE-NR1,5c7eb3a5-3ace-49d5-b023-33009a594311,959160.42,6010678.99,Comfortable,46.8
1785817440000,NOISE-NR2,a7b30385-932d-4325-b84b-ae6bdcc359e3,958613.61,6010191.3,Comfortable,46.3
1785817440000,NOISE-NR3,74469165-c65c-4435-a387-36920379578d,959234.31,6010383.42,Comfortable,47.9
1785817500000,NOISE-N,b291e7be-9f14-44ed-87c1-0f02b8ca35b3,958906.23,6010563.72,Comfortable,50.2
1785817500000,NOISE-E,7be9696e-9ace-4085-a81b-0b04c83955db,959045.15,6010445.49,Comfortable,51
1785817500000,NOISE-S,b543d03f-a7d0-4faa-8507-0b3e31081e0b,958885.54,6010297.7,Comfortable,50.6
1785817500000,NOISE-W,49a1ac8f-b89d-4356-8260-a3e73765a98a,958749.58,6010415.93,Comfortable,52.1
1785817500000,NOISE-NR1,5c7eb3a5-3ace-49d5-b023-33009a594311,959160.42,6010678.99,Comfortable,46
1785817500000,NOISE-NR2,a7b30385-932d-4325-b84b-ae6bdcc359e3,958613.61,6010191.3,Comfortable,46
1785817500000,NOISE-NR3,74469165-c65c-4435-a387-36920379578d,959234.31,6010383.42,Comfortable,48.3
1785817560000,NOISE-N,b291e7be-9f14-44ed-87c1-0f02b8ca35b3,958906.23,6010563.72,Comfortable,50.3
1785817560000,NOISE-E,7be9696e-9ace-4085-a81b-0b04c83955db,959045.15,6010445.49,Comfortable,51.2
1785817560000,NOISE-S,b543d03f-a7d0-4faa-8507-0b3e31081e0b,958885.54,6010297.7,Comfortable,50.7
1785817560000,NOISE-W,49a1ac8f-b89d-4356-8260-a3e73765a98a,958749.58,6010415.93,Comfortable,51.6
1785817560000,NOISE-NR1,5c7eb3a5-3ace-49d5-b023-33009a594311,959160.42,6010678.99,Comfortable,45.4
1785817560000,NOISE-NR2,a7b30385-932d-4325-b84b-ae6bdcc359e3,958613.61,6010191.3,Comfortable,46.7
1785817560000,NOISE-NR3,74469165-c65c-4435-a387-36920379578d,959234.31,6010383.42,Comfortable,48.1
1785817620000,NOISE-N,b291e7be-9f14-44ed-87c1-0f02b8ca35b3,958906.23,6010563.72,Comfortable,51.2
1785817620000,NOISE-E,7be9696e-9ace-4085-a81b-0b04c83955db,959045.15,6010445.49,Comfortable,52.1
1785817620000,NOISE-S,b543d03f-a7d0-4faa-8507-0b3e31081e0b,958885.54,6010297.7,Comfortable,51.3
1785817620000,NOISE-W,49a1ac8f-b89d-4356-8260-a3e73765a98a,958749.58,6010415.93,Comfortable,52.2
1785817620000,NOISE-NR1,5c7eb3a5-3ace-49d5-b023-33009a594311,959160.42,6010678.99,Comfortable,46.2
1785817620000,NOISE-NR2,a7b30385-932d-4325-b84b-ae6bdcc359e3,958613.61,6010191.3,Comfortable,45.9
1785817620000,NOISE-NR3,74469165-c65c-4435-a387-36920379578d,959234.31,6010383.42,Comfortable,47.4
1785817680000,NOISE-N,b291e7be-9f14-44ed-87c1-0f02b8ca35b3,958906.23,6010563.72,Comfortable,50.4
1785817680000,NOISE-E,7be9696e-9ace-4085-a81b-0b04c83955db,959045.15,6010445.49,Comfortable,52.2
1785817680000,NOISE-S,b543d03f-a7d0-4faa-8507-0b3e31081e0b,958885.54,6010297.7,Comfortable,50.7
1785817680000,NOISE-W,49a1ac8f-b89d-4356-8260-a3e73765a98a,958749.58,6010415.93,Comfortable,52
1785817680000,NOISE-NR1,5c7eb3a5-3ace-49d5-b023-33009a594311,959160.42,6010678.99,Comfortable,45.9
1785817680000,NOISE-NR2,a7b30385-932d-4325-b84b-ae6bdcc359e3,958613.61,6010191.3,Comfortable,45.8
1785817680000,NOISE-NR3,74469165-c65c-4435-a387-36920379578d,959234.31,6010383.42,Comfortable,47.3
1785817740000,NOISE-N,b291e7be-9f14-44ed-87c1-0f02b8ca35b3,958906.23,6010563.72,Comfortable,50
1785817740000,NOISE-E,7be9696e-9ace-4085-a81b-0b04c83955db,959045.15,6010445.49,Comfortable,51.7
1785817740000,NOISE-S,b543d03f-a7d0-4faa-8507-0b3e31081e0b,958885.54,6010297.7,Comfortable,50
1785817740000,NOISE-W,49a1ac8f-b89d-4356-8260-a3e73765a98a,958749.58,6010415.93,Comfortable,51.8
1785817740000,NOISE-NR1,5c7eb3a5-3ace-49d5-b023-33009a594311,959160.42,6010678.99,Comfortable,46.4
1785817740000,NOISE-NR2,a7b30385-932d-4325-b84b-ae6bdcc359e3,958613.61,6010191.3,Comfortable,46.3
1785817740000,NOISE-NR3,74469165-c65c-4435-a387-36920379578d,959234.31,6010383.42,Comfortable,48.1
1785817800000,NOISE-N,b291e7be-9f14-44ed-87c1-0f02b8ca35b3,958906.23,6010563.72,Comfortable,50.4
1785817800000,NOISE-E,7be9696e-9ace-4085-a81b-0b04c83955db,959045.15,6010445.49,Comfortable,51.3
1785817800000,NOISE-S,b543d03f-a7d0-4faa-8507-0b3e31081e0b,958885.54,6010297.7,Comfortable,50.3
1785817800000,NOISE-W,49a1ac8f-b89d-4356-8260-a3e73765a98a,958749.58,6010415.93,Comfortable,50.8
1785817800000,NOISE-NR1,5c7eb3a5-3ace-49d5-b023-33009a594311,959160.42,6010678.99,Comfortable,45.8
1785817800000,NOISE-NR2,a7b30385-932d-4325-b84b-ae6bdcc359e3,958613.61,6010191.3,Comfortable,46.3
1785817800000,NOISE-NR3,74469165-c65c-4435-a387-36920379578d,959234.31,6010383.42,Comfortable,48.2
1785817860000,NOISE-N,b291e7be-9f14-44ed-87c1-0f02b8ca35b3,958906.23,6010563.72,Comfortable,50.8
1785817860000,NOISE-E,7be9696e-9ace-4085-a81b-0b04c83955db,959045.15,6010445.49,Comfortable,51.6
1785817860000,NOISE-S,b543d03f-a7d0-4faa-8507-0b3e31081e0b,958885.54,6010297.7,Comfortable,49.7
1785817860000,NOISE-W,49a1ac8f-b89d-4356-8260-a3e73765a98a,958749.58,6010415.93,Comfortable,51.2
1785817860000,NOISE-NR1,5c7eb3a5-3ace-49d5-b023-33009a594311,959160.42,6010678.99,Comfortable,46.1
1785817860000,NOISE-NR2,a7b30385-932d-4325-b84b-ae6bdcc359e3,958613.61,6010191.3,Comfortable,45.4
1785817860000,NOISE-NR3,74469165-c65c-4435-a387-36920379578d,959234.31,6010383.42,Comfortable,48.6
1785817920000,NOISE-N,b291e7be-9f14-44ed-87c1-0f02b8ca35b3,958906.23,6010563.72,Comfortable,51.4
1785817920000,NOISE-E,7be9696e-9ace-4085-a81b-0b04c83955db,959045.15,6010445.49,Comfortable,52.2
1785817920000,NOISE-S,b543d03f-a7d0-4faa-8507-0b3e31081e0b,958885.54,6010297.7,Comfortable,50.4
1785817920000,NOISE-W,49a1ac8f-b89d-4356-8260-a3e73765a98a,958749.58,6010415.93,Comfortable,51.6
1785817920000,NOISE-NR1,5c7eb3a5-3ace-49d5-b023-33009a594311,959160.42,6010678.99,Comfortable,45.6
1785817920000,NOISE-NR2,a7b30385-932d-4325-b84b-ae6bdcc359e3,958613.61,6010191.3,Comfortable,44.7
1785817920000,NOISE-NR3,74469165-c65c-4435-a387-36920379578d,959234.31,6010383.42,Comfortable,48.2
1785817980000,NOISE-N,b291e7be-9f14-44ed-87c1-0f02b8ca35b3,958906.23,6010563.72,Comfortable,50.9
1785817980000,NOISE-E,7be9696e-9ace-4085-a81b-0b04c83955db,959045.15,6010445.49,Comfortable,52.5
1785817980000,NOISE-S,b543d03f-a7d0-4faa-8507-0b3e31081e0b,958885.54,6010297.7,Comfortable,50
1785817980000,NOISE-W,49a1ac8f-b89d-4356-8260-a3e73765a98a,958749.58,6010415.93,Comfortable,50.8
1785817980000,NOISE-NR1,5c7eb3a5-3ace-49d5-b023-33009a594311,959160.42,6010678.99,Comfortable,45.6
1785817980000,NOISE-NR2,a7b30385-932d-4325-b84b-ae6bdcc359e3,958613.61,6010191.3,Comfortable,44.5
1785817980000,NOISE-NR3,74469165-c65c-4435-a387-36920379578d,959234.31,6010383.42,Comfortable,47.8
1785818040000,NOISE-N,b291e7be-9f14-44ed-87c1-0f02b8ca35b3,958906.23,6010563.72,Comfortable,51.7
1785818040000,NOISE-E,7be9696e-9ace-4085-a81b-0b04c83955db,959045.15,6010445.49,Comfortable,52.8
1785818040000,NOISE-S,b543d03f-a7d0-4faa-8507-0b3e31081e0b,958885.54,6010297.7,Comfortable,50
1785818040000,NOISE-W,49a1ac8f-b89d-4356-8260-a3e73765a98a,958749.58,6010415.93,Comfortable,51.7
1785818040000,NOISE-NR1,5c7eb3a5-3ace-49d5-b023-33009a594311,959160.42,6010678.99,Comfortable,46.3
1785818040000,NOISE-NR2,a7b30385-932d-4325-b84b-ae6bdcc359e3,958613.61,6010191.3,Comfortable,44.4
1785818040000,NOISE-NR3,74469165-c65c-4435-a387-36920379578d,959234.31,6010383.42,Comfortable,48.3
1785818100000,NOISE-N,b291e7be-9f14-44ed-87c1-0f02b8ca35b3,958906.23,6010563.72,Comfortable,52.2
1785818100000,NOISE-E,7be9696e-9ace-4085-a81b-0b04c83955db,959045.15,6010445.49,Comfortable,52
1785818100000,NOISE-S,b543d03f-a7d0-4faa-8507-0b3e31081e0b,958885.54,6010297.7,Comfortable,49.9
1785818100000,NOISE-W,49a1ac8f-b89d-4356-8260-a3e73765a98a,958749.58,6010415.93,Comfortable,51.2
1785818100000,NOISE-NR1,5c7eb3a5-3ace-49d5-b023-33009a594311,959160.42,6010678.99,Comfortable,46.2
1785818100000,NOISE-NR2,a7b30385-932d-4325-b84b-ae6bdcc359e3,958613.61,6010191.3,Comfortable,45.3
1785818100000,NOISE-NR3,74469165-c65c-4435-a387-36920379578d,959234.31,6010383.42,Comfortable,48.8
1785818160000,NOISE-N,b291e7be-9f14-44ed-87c1-0f02b8ca35b3,958906.23,6010563.72,Comfortable,52.3
1785818160000,NOISE-E,7be9696e-9ace-4085-a81b-0b04c83955db,959045.15,6010445.49,Comfortable,52.4
1785818160000,NOISE-S,b543d03f-a7d0-4faa-8507-0b3e31081e0b,958885.54,6010297.7,Comfortable,50.6
1785818160000,NOISE-W,49a1ac8f-b89d-4356-8260-a3e73765a98a,958749.58,6010415.93,Comfortable,51.1
1785818160000,NOISE-NR1,5c7eb3a5-3ace-49d5-b023-33009a594311,959160.42,6010678.99,Comfortable,45.8
1785818160000,NOISE-NR2,a7b30385-932d-4325-b84b-ae6bdcc359e3,958613.61,6010191.3,Comfortable,45.2
1785818160000,NOISE-NR3,74469165-c65c-4435-a387-36920379578d,959234.31,6010383.42,Comfortable,48.3
1785818220000,NOISE-N,b291e7be-9f14-44ed-87c1-0f02b8ca35b3,958906.23,6010563.72,Comfortable,52.6
1785818220000,NOISE-E,7be9696e-9ace-4085-a81b-0b04c83955db,959045.15,6010445.49,Comfortable,52.6
1785818220000,NOISE-S,b543d03f-a7d0-4faa-8507-0b3e31081e0b,958885.54,6010297.7,Comfortable,51.5
1785818220000,NOISE-W,49a1ac8f-b89d-4356-8260-a3e73765a98a,958749.58,6010415.93,Comfortable,52.2
1785818220000,NOISE-NR1,5c7eb3a5-3ace-49d5-b023-33009a594311,959160.42,6010678.99,Comfortable,46.6
1785818220000,NOISE-NR2,a7b30385-932d-4325-b84b-ae6bdcc359e3,958613.61,6010191.3,Comfortable,45.5
1785818220000,NOISE-NR3,74469165-c65c-4435-a387-36920379578d,959234.31,6010383.42,Comfortable,48.2
1785818280000,NOISE-N,b291e7be-9f14-44ed-87c1-0f02b8ca35b3,958906.23,6010563.72,Comfortable,52.3
1785818280000,NOISE-E,7be9696e-9ace-4085-a81b-0b04c83955db,959045.15,6010445.49,Comfortable,53.6
1785818280000,NOISE-S,b543d03f-a7d0-4faa-8507-0b3e31081e0b,958885.54,6010297.7,Comfortable,51.9
1785818280000,NOISE-W,49a1ac8f-b89d-4356-8260-a3e73765a98a,958749.58,6010415.93,Comfortable,53
1785818280000,NOISE-NR1,5c7eb3a5-3ace-49d5-b023-33009a594311,959160.42,6010678.99,Comfortable,47.2
1785818280000,NOISE-NR2,a7b30385-932d-4325-b84b-ae6bdcc359e3,958613.61,6010191.3,Comfortable,46.4
1785818280000,NOISE-NR3,74469165-c65c-4435-a387-36920379578d,959234.31,6010383.42,Comfortable,48.8
1785818340000,NOISE-N,b291e7be-9f14-44ed-87c1-0f02b8ca35b3,958906.23,6010563.72,Comfortable,52.9
1785818340000,NOISE-E,7be9696e-9ace-4085-a81b-0b04c83955db,959045.15,6010445.49,Comfortable,53.1
1785818340000,NOISE-S,b543d03f-a7d0-4faa-8507-0b3e31081e0b,958885.54,6010297.7,Comfortable,51.6
1785818340000,NOISE-W,49a1ac8f-b89d-4356-8260-a3e73765a98a,958749.58,6010415.93,Comfortable,53.8
1785818340000,NOISE-NR1,5c7eb3a5-3ace-49d5-b023-33009a594311,959160.42,6010678.99,Comfortable,47.2
1785818340000,NOISE-NR2,a7b30385-932d-4325-b84b-ae6bdcc359e3,958613.61,6010191.3,Comfortable,46.6
1785818340000,NOISE-NR3,74469165-c65c-4435-a387-36920379578d,959234.31,6010383.42,Comfortable,49.4
1785818400000,NOISE-N,b291e7be-9f14-44ed-87c1-0f02b8ca35b3,958906.23,6010563.72,Comfortable,53.5
1785818400000,NOISE-E,7be9696e-9ace-4085-a81b-0b04c83955db,959045.15,6010445.49,Comfortable,54.3
1785818400000,NOISE-S,b543d03f-a7d0-4faa-8507-0b3e31081e0b,958885.54,6010297.7,Comfortable,52.4
1785818400000,NOISE-W,49a1ac8f-b89d-4356-8260-a3e73765a98a,958749.58,6010415.93,Comfortable,54.5
1785818400000,NOISE-NR1,5c7eb3a5-3ace-49d5-b023-33009a594311,959160.42,6010678.99,Comfortable,47.4
1785818400000,NOISE-NR2,a7b30385-932d-4325-b84b-ae6bdcc359e3,958613.61,6010191.3,Comfortable,46.1
1785818400000,NOISE-NR3,74469165-c65c-4435-a387-36920379578d,959234.31,6010383.42,Comfortable,49.3
1785818460000,NOISE-N,b291e7be-9f14-44ed-87c1-0f02b8ca35b3,958906.23,6010563.72,Comfortable,53.4
1785818460000,NOISE-E,7be9696e-9ace-4085-a81b-0b04c83955db,959045.15,6010445.49,Comfortable,54.9
1785818460000,NOISE-S,b543d03f-a7d0-4faa-8507-0b3e31081e0b,958885.54,6010297.7,Comfortable,52.1
1785818460000,NOISE-W,49a1ac8f-b89d-4356-8260-a3e73765a98a,958749.58,6010415.93,Comfortable,54.9
1785818460000,NOISE-NR1,5c7eb3a5-3ace-49d5-b023-33009a594311,959160.42,6010678.99,Comfortable,48.2
1785818460000,NOISE-NR2,a7b30385-932d-4325-b84b-ae6bdcc359e3,958613.61,6010191.3,Comfortable,47.1
1785818460000,NOISE-NR3,74469165-c65c-4435-a387-36920379578d,959234.31,6010383.42,Comfortable,49.3
1785818520000,NOISE-N,b291e7be-9f14-44ed-87c1-0f02b8ca35b3,958906.23,6010563.72,Comfortable,53.2
1785818520000,NOISE-E,7be9696e-9ace-4085-a81b-0b04c83955db,959045.15,6010445.49,Comfortable,55.1
1785818520000,NOISE-S,b543d03f-a7d0-4faa-8507-0b3e31081e0b,958885.54,6010297.7,Comfortable,52
1785818520000,NOISE-W,49a1ac8f-b89d-4356-8260-a3e73765a98a,958749.58,6010415.93,Comfortable,54.9
1785818520000,NOISE-NR1,5c7eb3a5-3ace-49d5-b023-33009a594311,959160.42,6010678.99,Comfortable,47.6
1785818520000,NOISE-NR2,a7b30385-932d-4325-b84b-ae6bdcc359e3,958613.61,6010191.3,Comfortable,47.5
1785818520000,NOISE-NR3,74469165-c65c-4435-a387-36920379578d,959234.31,6010383.42,Comfortable,49.3
1785818580000,NOISE-N,b291e7be-9f14-44ed-87c1-0f02b8ca35b3,958906.23,6010563.72,Comfortable,54.2
1785818580000,NOISE-E,7be9696e-9ace-4085-a81b-0b04c83955db,959045.15,6010445.49,Comfortable,54.8
1785818580000,NOISE-S,b543d03f-a7d0-4faa-8507-0b3e31081e0b,958885.54,6010297.7,Comfortable,53.1
1785818580000,NOISE-W,49a1ac8f-b89d-4356-8260-a3e73765a98a,958749.58,6010415.93,Comfortable,54
1785818580000,NOISE-NR1,5c7eb3a5-3ace-49d5-b023-33009a594311,959160.42,6010678.99,Comfortable,47.8
1785818580000,NOISE-NR2,a7b30385-932d-4325-b84b-ae6bdcc359e3,958613.61,6010191.3,Comfortable,47.6
1785818580000,NOISE-NR3,74469165-c65c-4435-a387-36920379578d,959234.31,6010383.42,Comfortable,49.7
1785818640000,NOISE-N,b291e7be-9f14-44ed-87c1-0f02b8ca35b3,958906.23,6010563.72,Comfortable,54.5
1785818640000,NOISE-E,7be9696e-9ace-4085-a81b-0b04c83955db,959045.15,6010445.49,Comfortable,55.6
1785818640000,NOISE-S,b543d03f-a7d0-4faa-8507-0b3e31081e0b,958885.54,6010297.7,Comfortable,54.1
1785818640000,NOISE-W,49a1ac8f-b89d-4356-8260-a3e73765a98a,958749.58,6010415.93,Comfortable,54
1785818640000,NOISE-NR1,5c7eb3a5-3ace-49d5-b023-33009a594311,959160.42,6010678.99,Comfortable,48.8
1785818640000,NOISE-NR2,a7b30385-932d-4325-b84b-ae6bdcc359e3,958613.61,6010191.3,Comfortable,48.4
1785818640000,NOISE-NR3,74469165-c65c-4435-a387-36920379578d,959234.31,6010383.42,Comfortable,50.2
1785818700000,NOISE-N,b291e7be-9f14-44ed-87c1-0f02b8ca35b3,958906.23,6010563.72,Comfortable,53.9
1785818700000,NOISE-E,7be9696e-9ace-4085-a81b-0b04c83955db,959045.15,6010445.49,Comfortable,56.2
1785818700000,NOISE-S,b543d03f-a7d0-4faa-8507-0b3e31081e0b,958885.54,6010297.7,Comfortable,53.7
1785818700000,NOISE-W,49a1ac8f-b89d-4356-8260-a3e73765a98a,958749.58,6010415.93,Comfortable,54.9
1785818700000,NOISE-NR1,5c7eb3a5-3ace-49d5-b023-33009a594311,959160.42,6010678.99,Comfortable,48.4
1785818700000,NOISE-NR2,a7b30385-932d-4325-b84b-ae6bdcc359e3,958613.61,6010191.3,Comfortable,47.5
1785818700000,NOISE-NR3,74469165-c65c-4435-a387-36920379578d,959234.31,6010383.42,Comfortable,49.5
1785818760000,NOISE-N,b291e7be-9f14-44ed-87c1-0f02b8ca35b3,958906.23,6010563.72,Comfortable,53.6
1785818760000,NOISE-E,7be9696e-9ace-4085-a81b-0b04c83955db,959045.15,6010445.49,Comfortable,56.9
1785818760000,NOISE-S,b543d03f-a7d0-4faa-8507-0b3e31081e0b,958885.54,6010297.7,Comfortable,53.2
1785818760000,NOISE-W,49a1ac8f-b89d-4356-8260-a3e73765a98a,958749.58,6010415.93,Comfortable,54.8
1785818760000,NOISE-NR1,5c7eb3a5-3ace-49d5-b023-33009a594311,959160.42,6010678.99,Comfortable,49.3
1785818760000,NOISE-NR2,a7b30385-932d-4325-b84b-ae6bdcc359e3,958613.61,6010191.3,Comfortable,47.5
1785818760000,NOISE-NR3,74469165-c65c-4435-a387-36920379578d,959234.31,6010383.42,Comfortable,49.1
1785818820000,NOISE-N,b291e7be-9f14-44ed-87c1-0f02b8ca35b3,958906.23,6010563.72,Comfortable,54.1
1785818820000,NOISE-E,7be9696e-9ace-4085-a81b-0b04c83955db,959045.15,6010445.49,Comfortable,57.5
1785818820000,NOISE-S,b543d03f-a7d0-4faa-8507-0b3e31081e0b,958885.54,6010297.7,Comfortable,52.9
1785818820000,NOISE-W,49a1ac8f-b89d-4356-8260-a3e73765a98a,958749.58,6010415.93,Comfortable,55.3
1785818820000,NOISE-NR1,5c7eb3a5-3ace-49d5-b023-33009a594311,959160.42,6010678.99,Comfortable,49.2
1785818820000,NOISE-NR2,a7b30385-932d-4325-b84b-ae6bdcc359e3,958613.61,6010191.3,Comfortable,48.1
1785818820000,NOISE-NR3,74469165-c65c-4435-a387-36920379578d,959234.31,6010383.42,Comfortable,48.9
1785818880000,NOISE-N,b291e7be-9f14-44ed-87c1-0f02b8ca35b3,958906.23,6010563.72,Comfortable,54.9
1785818880000,NOISE-E,7be9696e-9ace-4085-a81b-0b04c83955db,959045.15,6010445.49,Comfortable,57.5
1785818880000,NOISE-S,b543d03f-a7d0-4faa-8507-0b3e31081e0b,958885.54,6010297.7,Comfortable,54.3
1785818880000,NOISE-W,49a1ac8f-b89d-4356-8260-a3e73765a98a,958749.58,6010415.93,Comfortable,55.8
1785818880000,NOISE-NR1,5c7eb3a5-3ace-49d5-b023-33009a594311,959160.42,6010678.99,Comfortable,50.1
1785818880000,NOISE-NR2,a7b30385-932d-4325-b84b-ae6bdcc359e3,958613.61,6010191.3,Comfortable,48.4
1785818880000,NOISE-NR3,74469165-c65c-4435-a387-36920379578d,959234.31,6010383.42,Comfortable,49.9
1785818940000,NOISE-N,b291e7be-9f14-44ed-87c1-0f02b8ca35b3,958906.23,6010563.72,Comfortable,55.6
1785818940000,NOISE-E,7be9696e-9ace-4085-a81b-0b04c83955db,959045.15,6010445.49,Comfortable,58.3
1785818940000,NOISE-S,b543d03f-a7d0-4faa-8507-0b3e31081e0b,958885.54,6010297.7,Comfortable,54.6
1785818940000,NOISE-W,49a1ac8f-b89d-4356-8260-a3e73765a98a,958749.58,6010415.93,Comfortable,56.2
1785818940000,NOISE-NR1,5c7eb3a5-3ace-49d5-b023-33009a594311,959160.42,6010678.99,Comfortable,49.5
1785818940000,NOISE-NR2,a7b30385-932d-4325-b84b-ae6bdcc359e3,958613.61,6010191.3,Comfortable,49.2
1785818940000,NOISE-NR3,74469165-c65c-4435-a387-36920379578d,959234.31,6010383.42,Comfortable,49.9
1785819000000,NOISE-N,b291e7be-9f14-44ed-87c1-0f02b8ca35b3,958906.23,6010563.72,Comfortable,55.7
1785819000000,NOISE-E,7be9696e-9ace-4085-a81b-0b04c83955db,959045.15,6010445.49,Comfortable,58.7
1785819000000,NOISE-S,b543d03f-a7d0-4faa-8507-0b3e31081e0b,958885.54,6010297.7,Comfortable,54.2
1785819000000,NOISE-W,49a1ac8f-b89d-4356-8260-a3e73765a98a,958749.58,6010415.93,Comfortable,55.6
1785819000000,NOISE-NR1,5c7eb3a5-3ace-49d5-b023-33009a594311,959160.42,6010678.99,Comfortable,49.8
1785819000000,NOISE-NR2,a7b30385-932d-4325-b84b-ae6bdcc359e3,958613.61,6010191.3,Comfortable,49.1
1785819000000,NOISE-NR3,74469165-c65c-4435-a387-36920379578d,959234.31,6010383.42,Comfortable,51.1
1785819060000,NOISE-N,b291e7be-9f14-44ed-87c1-0f02b8ca35b3,958906.23,6010563.72,Comfortable,56.8
1785819060000,NOISE-E,7be9696e-9ace-4085-a81b-0b04c83955db,959045.15,6010445.49,Comfortable,58.1
1785819060000,NOISE-S,b543d03f-a7d0-4faa-8507-0b3e31081e0b,958885.54,6010297.7,Comfortable,55.4
1785819060000,NOISE-W,49a1ac8f-b89d-4356-8260-a3e73765a98a,958749.58,6010415.93,Comfortable,55.5
1785819060000,NOISE-NR1,5c7eb3a5-3ace-49d5-b023-33009a594311,959160.42,6010678.99,Comfortable,50
1785819060000,NOISE-NR2,a7b30385-932d-4325-b84b-ae6bdcc359e3,958613.61,6010191.3,Comfortable,48.9
1785819060000,NOISE-NR3,74469165-c65c-4435-a387-36920379578d,959234.31,6010383.42,Comfortable,50.7
1785819120000,NOISE-N,b291e7be-9f14-44ed-87c1-0f02b8ca35b3,958906.23,6010563.72,Comfortable,57.9
1785819120000,NOISE-E,7be9696e-9ace-4085-a81b-0b04c83955db,959045.15,6010445.49,Comfortable,57.9
1785819120000,NOISE-S,b543d03f-a7d0-4faa-8507-0b3e31081e0b,958885.54,6010297.7,Comfortable,55.9
1785819120000,NOISE-W,49a1ac8f-b89d-4356-8260-a3e73765a98a,958749.58,6010415.93,Comfortable,55.5
1785819120000,NOISE-NR1,5c7eb3a5-3ace-49d5-b023-33009a594311,959160.42,6010678.99,Comfortable,51
1785819120000,NOISE-NR2,a7b30385-932d-4325-b84b-ae6bdcc359e3,958613.61,6010191.3,Comfortable,48.4
1785819120000,NOISE-NR3,74469165-c65c-4435-a387-36920379578d,959234.31,6010383.42,Comfortable,50.5
1785819180000,NOISE-N,b291e7be-9f14-44ed-87c1-0f02b8ca35b3,958906.23,6010563.72,Comfortable,58.2
1785819180000,NOISE-E,7be9696e-9ace-4085-a81b-0b04c83955db,959045.15,6010445.49,Comfortable,58.6
1785819180000,NOISE-S,b543d03f-a7d0-4faa-8507-0b3e31081e0b,958885.54,6010297.7,Comfortable,56.6
1785819180000,NOISE-W,49a1ac8f-b89d-4356-8260-a3e73765a98a,958749.58,6010415.93,Comfortable,55.4
1785819180000,NOISE-NR1,5c7eb3a5-3ace-49d5-b023-33009a594311,959160.42,6010678.99,Comfortable,51.1
1785819180000,NOISE-NR2,a7b30385-932d-4325-b84b-ae6bdcc359e3,958613.61,6010191.3,Comfortable,48
1785819180000,NOISE-NR3,74469165-c65c-4435-a387-36920379578d,959234.31,6010383.42,Comfortable,51.2
1785819240000,NOISE-N,b291e7be-9f14-44ed-87c1-0f02b8ca35b3,958906.23,6010563.72,Comfortable,57.9
1785819240000,NOISE-E,7be9696e-9ace-4085-a81b-0b04c83955db,959045.15,6010445.49,Comfortable,59.4
1785819240000,NOISE-S,b543d03f-a7d0-4faa-8507-0b3e31081e0b,958885.54,6010297.7,Comfortable,56.5
1785819240000,NOISE-W,49a1ac8f-b89d-4356-8260-a3e73765a98a,958749.58,6010415.93,Comfortable,56
1785819240000,NOISE-NR1,5c7eb3a5-3ace-49d5-b023-33009a594311,959160.42,6010678.99,Comfortable,50.6
1785819240000,NOISE-NR2,a7b30385-932d-4325-b84b-ae6bdcc359e3,958613.61,6010191.3,Comfortable,48.1
1785819240000,NOISE-NR3,74469165-c65c-4435-a387-36920379578d,959234.31,6010383.42,Comfortable,52.3
1785819300000,NOISE-N,b291e7be-9f14-44ed-87c1-0f02b8ca35b3,958906.23,6010563.72,Comfortable,58.9
1785819300000,NOISE-E,7be9696e-9ace-4085-a81b-0b04c83955db,959045.15,6010445.49,Comfortable,60.2
1785819300000,NOISE-S,b543d03f-a7d0-4faa-8507-0b3e31081e0b,958885.54,6010297.7,Comfortable,56.5
1785819300000,NOISE-W,49a1ac8f-b89d-4356-8260-a3e73765a98a,958749.58,6010415.93,Comfortable,57
1785819300000,NOISE-NR1,5c7eb3a5-3ace-49d5-b023-33009a594311,959160.42,6010678.99,Comfortable,50.5
1785819300000,NOISE-NR2,a7b30385-932d-4325-b84b-ae6bdcc359e3,958613.61,6010191.3,Comfortable,47.9
1785819300000,NOISE-NR3,74469165-c65c-4435-a387-36920379578d,959234.31,6010383.42,Comfortable,51.8
1785819360000,NOISE-N,b291e7be-9f14-44ed-87c1-0f02b8ca35b3,958906.23,6010563.72,Comfortable,58.9
1785819360000,NOISE-E,7be9696e-9ace-4085-a81b-0b04c83955db,959045.15,6010445.49,Comfortable,60.4
1785819360000,NOISE-S,b543d03f-a7d0-4faa-8507-0b3e31081e0b,958885.54,6010297.7,Comfortable,56.7
1785819360000,NOISE-W,49a1ac8f-b89d-4356-8260-a3e73765a98a,958749.58,6010415.93,Comfortable,56.7
1785819360000,NOISE-NR1,5c7eb3a5-3ace-49d5-b023-33009a594311,959160.42,6010678.99,Comfortable,50.7
1785819360000,NOISE-NR2,a7b30385-932d-4325-b84b-ae6bdcc359e3,958613.61,6010191.3,Comfortable,48.9
1785819360000,NOISE-NR3,74469165-c65c-4435-a387-36920379578d,959234.31,6010383.42,Comfortable,51.6
1785819420000,NOISE-N,b291e7be-9f14-44ed-87c1-0f02b8ca35b3,958906.23,6010563.72,Comfortable,58.3
1785819420000,NOISE-E,7be9696e-9ace-4085-a81b-0b04c83955db,959045.15,6010445.49,Comfortable,60.5
1785819420000,NOISE-S,b543d03f-a7d0-4faa-8507-0b3e31081e0b,958885.54,6010297.7,Comfortable,57
1785819420000,NOISE-W,49a1ac8f-b89d-4356-8260-a3e73765a98a,958749.58,6010415.93,Comfortable,56.8
1785819420000,NOISE-NR1,5c7eb3a5-3ace-49d5-b023-33009a594311,959160.42,6010678.99,Comfortable,50.8
1785819420000,NOISE-NR2,a7b30385-932d-4325-b84b-ae6bdcc359e3,958613.61,6010191.3,Comfortable,49.5
1785819420000,NOISE-NR3,74469165-c65c-4435-a387-36920379578d,959234.31,6010383.42,Comfortable,51.5
1785819480000,NOISE-N,b291e7be-9f14-44ed-87c1-0f02b8ca35b3,958906.23,6010563.72,Comfortable,58.7
1785819480000,NOISE-E,7be9696e-9ace-4085-a81b-0b04c83955db,959045.15,6010445.49,Comfortable,60.4
1785819480000,NOISE-S,b543d03f-a7d0-4faa-8507-0b3e31081e0b,958885.54,6010297.7,Comfortable,57.8
1785819480000,NOISE-W,49a1ac8f-b89d-4356-8260-a3e73765a98a,958749.58,6010415.93,Comfortable,57.6
1785819480000,NOISE-NR1,5c7eb3a5-3ace-49d5-b023-33009a594311,959160.42,6010678.99,Comfortable,51.4
1785819480000,NOISE-NR2,a7b30385-932d-4325-b84b-ae6bdcc359e3,958613.61,6010191.3,Comfortable,49.5
1785819480000,NOISE-NR3,74469165-c65c-4435-a387-36920379578d,959234.31,6010383.42,Comfortable,51.9
1785819540000,NOISE-N,b291e7be-9f14-44ed-87c1-0f02b8ca35b3,958906.23,6010563.72,Comfortable,59.4
1785819540000,NOISE-E,7be9696e-9ace-4085-a81b-0b04c83955db,959045.15,6010445.49,Comfortable,60.8
1785819540000,NOISE-S,b543d03f-a7d0-4faa-8507-0b3e31081e0b,958885.54,6010297.7,Comfortable,58
1785819540000,NOISE-W,49a1ac8f-b89d-4356-8260-a3e73765a98a,958749.58,6010415.93,Comfortable,58.2
1785819540000,NOISE-NR1,5c7eb3a5-3ace-49d5-b023-33009a594311,959160.42,6010678.99,Comfortable,51.7
1785819540000,NOISE-NR2,a7b30385-932d-4325-b84b-ae6bdcc359e3,958613.61,6010191.3,Comfortable,50.4
1785819540000,NOISE-NR3,74469165-c65c-4435-a387-36920379578d,959234.31,6010383.42,Comfortable,51.7
1785819600000,NOISE-N,b291e7be-9f14-44ed-87c1-0f02b8ca35b3,958906.23,6010563.72,Comfortable,60.1
1785819600000,NOISE-E,7be9696e-9ace-4085-a81b-0b04c83955db,959045.15,6010445.49,Comfortable,61.9
1785819600000,NOISE-S,b543d03f-a7d0-4faa-8507-0b3e31081e0b,958885.54,6010297.7,Comfortable,58
1785819600000,NOISE-W,49a1ac8f-b89d-4356-8260-a3e73765a98a,958749.58,6010415.93,Comfortable,57.9
1785819600000,NOISE-NR1,5c7eb3a5-3ace-49d5-b023-33009a594311,959160.42,6010678.99,Comfortable,52.7
1785819600000,NOISE-NR2,a7b30385-932d-4325-b84b-ae6bdcc359e3,958613.61,6010191.3,Comfortable,50.2
1785819600000,NOISE-NR3,74469165-c65c-4435-a387-36920379578d,959234.31,6010383.42,Comfortable,52.6
1785819660000,NOISE-N,b291e7be-9f14-44ed-87c1-0f02b8ca35b3,958906.23,6010563.72,Comfortable,59.7
1785819660000,NOISE-E,7be9696e-9ace-4085-a81b-0b04c83955db,959045.15,6010445.49,Comfortable,62.7
1785819660000,NOISE-S,b543d03f-a7d0-4faa-8507-0b3e31081e0b,958885.54,6010297.7,Comfortable,57.9
1785819660000,NOISE-W,49a1ac8f-b89d-4356-8260-a3e73765a98a,958749.58,6010415.93,Comfortable,58.4
1785819660000,NOISE-NR1,5c7eb3a5-3ace-49d5-b023-33009a594311,959160.42,6010678.99,Comfortable,53.2
1785819660000,NOISE-NR2,a7b30385-932d-4325-b84b-ae6bdcc359e3,958613.61,6010191.3,Comfortable,50.2
1785819660000,NOISE-NR3,74469165-c65c-4435-a387-36920379578d,959234.31,6010383.42,Comfortable,53.1
1785819720000,NOISE-N,b291e7be-9f14-44ed-87c1-0f02b8ca35b3,958906.23,6010563.72,Comfortable,59.4
1785819720000,NOISE-E,7be9696e-9ace-4085-a81b-0b04c83955db,959045.15,6010445.49,Comfortable,61.9
1785819720000,NOISE-S,b543d03f-a7d0-4faa-8507-0b3e31081e0b,958885.54,6010297.7,Comfortable,57.8
1785819720000,NOISE-W,49a1ac8f-b89d-4356-8260-a3e73765a98a,958749.58,6010415.93,Comfortable,58.7
1785819720000,NOISE-NR1,5c7eb3a5-3ace-49d5-b023-33009a594311,959160.42,6010678.99,Comfortable,53
1785819720000,NOISE-NR2,a7b30385-932d-4325-b84b-ae6bdcc359e3,958613.61,6010191.3,Comfortable,51
1785819720000,NOISE-NR3,74469165-c65c-4435-a387-36920379578d,959234.31,6010383.42,Comfortable,53.6
1785819780000,NOISE-N,b291e7be-9f14-44ed-87c1-0f02b8ca35b3,958906.23,6010563.72,Comfortable,59.9
1785819780000,NOISE-E,7be9696e-9ace-4085-a81b-0b04c83955db,959045.15,6010445.49,Comfortable,62.9
1785819780000,NOISE-S,b543d03f-a7d0-4faa-8507-0b3e31081e0b,958885.54,6010297.7,Comfortable,59.2
1785819780000,NOISE-W,49a1ac8f-b89d-4356-8260-a3e73765a98a,958749.58,6010415.93,Comfortable,59.9
1785819780000,NOISE-NR1,5c7eb3a5-3ace-49d5-b023-33009a594311,959160.42,6010678.99,Comfortable,52.4
1785819780000,NOISE-NR2,a7b30385-932d-4325-b84b-ae6bdcc359e3,958613.61,6010191.3,Comfortable,50.4
1785819780000,NOISE-NR3,74469165-c65c-4435-a387-36920379578d,959234.31,6010383.42,Comfortable,53.8
1785819840000,NOISE-N,b291e7be-9f14-44ed-87c1-0f02b8ca35b3,958906.23,6010563.72,Comfortable,60.6
1785819840000,NOISE-E,7be9696e-9ace-4085-a81b-0b04c83955db,959045.15,6010445.49,Comfortable,63.1
1785819840000,NOISE-S,b543d03f-a7d0-4faa-8507-0b3e31081e0b,958885.54,6010297.7,Comfortable,59.2
1785819840000,NOISE-W,49a1ac8f-b89d-4356-8260-a3e73765a98a,958749.58,6010415.93,Comfortable,60.4
1785819840000,NOISE-NR1,5c7eb3a5-3ace-49d5-b023-33009a594311,959160.42,6010678.99,Comfortable,53.2
1785819840000,NOISE-NR2,a7b30385-932d-4325-b84b-ae6bdcc359e3,958613.61,6010191.3,Comfortable,50.4
1785819840000,NOISE-NR3,74469165-c65c-4435-a387-36920379578d,959234.31,6010383.42,Comfortable,53.3
1785819900000,NOISE-N,b291e7be-9f14-44ed-87c1-0f02b8ca35b3,958906.23,6010563.72,Comfortable,60.7
1785819900000,NOISE-E,7be9696e-9ace-4085-a81b-0b04c83955db,959045.15,6010445.49,Comfortable,63.8
1785819900000,NOISE-S,b543d03f-a7d0-4faa-8507-0b3e31081e0b,958885.54,6010297.7,Comfortable,60.2
1785819900000,NOISE-W,49a1ac8f-b89d-4356-8260-a3e73765a98a,958749.58,6010415.93,Comfortable,61.1
1785819900000,NOISE-NR1,5c7eb3a5-3ace-49d5-b023-33009a594311,959160.42,6010678.99,Comfortable,53.9
1785819900000,NOISE-NR2,a7b30385-932d-4325-b84b-ae6bdcc359e3,958613.61,6010191.3,Comfortable,51
1785819900000,NOISE-NR3,74469165-c65c-4435-a387-36920379578d,959234.31,6010383.42,Comfortable,53.8
1785819960000,NOISE-N,b291e7be-9f14-44ed-87c1-0f02b8ca35b3,958906.23,6010563.72,Comfortable,61.9
1785819960000,NOISE-E,7be9696e-9ace-4085-a81b-0b04c83955db,959045.15,6010445.49,Comfortable,64.2
1785819960000,NOISE-S,b543d03f-a7d0-4faa-8507-0b3e31081e0b,958885.54,6010297.7,Comfortable,61.3
1785819960000,NOISE-W,49a1ac8f-b89d-4356-8260-a3e73765a98a,958749.58,6010415.93,Comfortable,60.8
1785819960000,NOISE-NR1,5c7eb3a5-3ace-49d5-b023-33009a594311,959160.42,6010678.99,Comfortable,53.7
1785819960000,NOISE-NR2,a7b30385-932d-4325-b84b-ae6bdcc359e3,958613.61,6010191.3,Comfortable,50.5
1785819960000,NOISE-NR3,74469165-c65c-4435-a387-36920379578d,959234.31,6010383.42,Comfortable,54.7
1785820020000,NOISE-N,b291e7be-9f14-44ed-87c1-0f02b8ca35b3,958906.23,6010563.72,Comfortable,62.3
1785820020000,NOISE-E,7be9696e-9ace-4085-a81b-0b04c83955db,959045.15,6010445.49,Comfortable,64
1785820020000,NOISE-S,b543d03f-a7d0-4faa-8507-0b3e31081e0b,958885.54,6010297.7,Comfortable,61.6
1785820020000,NOISE-W,49a1ac8f-b89d-4356-8260-a3e73765a98a,958749.58,6010415.93,Comfortable,61.9
1785820020000,NOISE-NR1,5c7eb3a5-3ace-49d5-b023-33009a594311,959160.42,6010678.99,Comfortable,54.1
1785820020000,NOISE-NR2,a7b30385-932d-4325-b84b-ae6bdcc359e3,958613.61,6010191.3,Comfortable,51.6
1785820020000,NOISE-NR3,74469165-c65c-4435-a387-36920379578d,959234.31,6010383.42,Comfortable,54.9
1785820080000,NOISE-N,b291e7be-9f14-44ed-87c1-0f02b8ca35b3,958906.23,6010563.72,Comfortable,63.3
1785820080000,NOISE-E,7be9696e-9ace-4085-a81b-0b04c83955db,959045.15,6010445.49,Comfortable,63.8
1785820080000,NOISE-S,b543d03f-a7d0-4faa-8507-0b3e31081e0b,958885.54,6010297.7,Comfortable,62.4
1785820080000,NOISE-W,49a1ac8f-b89d-4356-8260-a3e73765a98a,958749.58,6010415.93,Comfortable,61.5
1785820080000,NOISE-NR1,5c7eb3a5-3ace-49d5-b023-33009a594311,959160.42,6010678.99,Comfortable,53.7
1785820080000,NOISE-NR2,a7b30385-932d-4325-b84b-ae6bdcc359e3,958613.61,6010191.3,Comfortable,51.7
1785820080000,NOISE-NR3,74469165-c65c-4435-a387-36920379578d,959234.31,6010383.42,Comfortable,55.1
1785820140000,NOISE-N,b291e7be-9f14-44ed-87c1-0f02b8ca35b3,958906.23,6010563.72,Comfortable,62.9
1785820140000,NOISE-E,7be9696e-9ace-4085-a81b-0b04c83955db,959045.15,6010445.49,Comfortable,64.4
1785820140000,NOISE-S,b543d03f-a7d0-4faa-8507-0b3e31081e0b,958885.54,6010297.7,Comfortable,61.7
1785820140000,NOISE-W,49a1ac8f-b89d-4356-8260-a3e73765a98a,958749.58,6010415.93,Comfortable,61.9
1785820140000,NOISE-NR1,5c7eb3a5-3ace-49d5-b023-33009a594311,959160.42,6010678.99,Comfortable,54.6
1785820140000,NOISE-NR2,a7b30385-932d-4325-b84b-ae6bdcc359e3,958613.61,6010191.3,Comfortable,51.9
1785820140000,NOISE-NR3,74469165-c65c-4435-a387-36920379578d,959234.31,6010383.42,Comfortable,55.9
1785820200000,NOISE-N,b291e7be-9f14-44ed-87c1-0f02b8ca35b3,958906.23,6010563.72,Comfortable,63.3
1785820200000,NOISE-E,7be9696e-9ace-4085-a81b-0b04c83955db,959045.15,6010445.49,Comfortable,64.3
1785820200000,NOISE-S,b543d03f-a7d0-4faa-8507-0b3e31081e0b,958885.54,6010297.7,Comfortable,62.6
1785820200000,NOISE-W,49a1ac8f-b89d-4356-8260-a3e73765a98a,958749.58,6010415.93,Comfortable,62.6
1785820200000,NOISE-NR1,5c7eb3a5-3ace-49d5-b023-33009a594311,959160.42,6010678.99,Comfortable,55.2
1785820200000,NOISE-NR2,a7b30385-932d-4325-b84b-ae6bdcc359e3,958613.61,6010191.3,Comfortable,52
1785820200000,NOISE-NR3,74469165-c65c-4435-a387-36920379578d,959234.31,6010383.42,Comfortable,56
1785820260000,NOISE-N,b291e7be-9f14-44ed-87c1-0f02b8ca35b3,958906.23,6010563.72,Comfortable,63.6
1785820260000,NOISE-E,7be9696e-9ace-4085-a81b-0b04c83955db,959045.15,6010445.49,Comfortable,64.8
1785820260000,NOISE-S,b543d03f-a7d0-4faa-8507-0b3e31081e0b,958885.54,6010297.7,Comfortable,62.4
1785820260000,NOISE-W,49a1ac8f-b89d-4356-8260-a3e73765a98a,958749.58,6010415.93,Comfortable,63.1
1785820260000,NOISE-NR1,5c7eb3a5-3ace-49d5-b023-33009a594311,959160.42,6010678.99,Comfortable,55.9
1785820260000,NOISE-NR2,a7b30385-932d-4325-b84b-ae6bdcc359e3,958613.61,6010191.3,Comfortable,52
1785820260000,NOISE-NR3,74469165-c65c-4435-a387-36920379578d,959234.31,6010383.42,Comfortable,56.2
1785820320000,NOISE-N,b291e7be-9f14-44ed-87c1-0f02b8ca35b3,958906.23,6010563.72,Comfortable,64.3
1785820320000,NOISE-E,7be9696e-9ace-4085-a81b-0b04c83955db,959045.15,6010445.49,Comfortable,65.6
1785820320000,NOISE-S,b543d03f-a7d0-4faa-8507-0b3e31081e0b,958885.54,6010297.7,Comfortable,62.7
1785820320000,NOISE-W,49a1ac8f-b89d-4356-8260-a3e73765a98a,958749.58,6010415.93,Comfortable,62.9
1785820320000,NOISE-NR1,5c7eb3a5-3ace-49d5-b023-33009a594311,959160.42,6010678.99,Comfortable,56.5
1785820320000,NOISE-NR2,a7b30385-932d-4325-b84b-ae6bdcc359e3,958613.61,6010191.3,Comfortable,53
1785820320000,NOISE-NR3,74469165-c65c-4435-a387-36920379578d,959234.31,6010383.42,Comfortable,56.4
1785820380000,NOISE-N,b291e7be-9f14-44ed-87c1-0f02b8ca35b3,958906.23,6010563.72,Comfortable,64.9
1785820380000,NOISE-E,7be9696e-9ace-4085-a81b-0b04c83955db,959045.15,6010445.49,Comfortable,65.9
1785820380000,NOISE-S,b543d03f-a7d0-4faa-8507-0b3e31081e0b,958885.54,6010297.7,Comfortable,62.4
1785820380000,NOISE-W,49a1ac8f-b89d-4356-8260-a3e73765a98a,958749.58,6010415.93,Comfortable,64.1
1785820380000,NOISE-NR1,5c7eb3a5-3ace-49d5-b023-33009a594311,959160.42,6010678.99,Comfortable,55.7
1785820380000,NOISE-NR2,a7b30385-932d-4325-b84b-ae6bdcc359e3,958613.61,6010191.3,Comfortable,52.4
1785820380000,NOISE-NR3,74469165-c65c-4435-a387-36920379578d,959234.31,6010383.42,Comfortable,56.9
1785820440000,NOISE-N,b291e7be-9f14-44ed-87c1-0f02b8ca35b3,958906.23,6010563.72,Comfortable,65.4
1785820440000,NOISE-E,7be9696e-9ace-4085-a81b-0b04c83955db,959045.15,6010445.49,Comfortable,66.7
1785820440000,NOISE-S,b543d03f-a7d0-4faa-8507-0b3e31081e0b,958885.54,6010297.7,Comfortable,63.5
1785820440000,NOISE-W,49a1ac8f-b89d-4356-8260-a3e73765a98a,958749.58,6010415.93,Comfortable,64.6
1785820440000,NOISE-NR1,5c7eb3a5-3ace-49d5-b023-33009a594311,959160.42,6010678.99,Comfortable,55.9
1785820440000,NOISE-NR2,a7b30385-932d-4325-b84b-ae6bdcc359e3,958613.61,6010191.3,Comfortable,52.7
1785820440000,NOISE-NR3,74469165-c65c-4435-a387-36920379578d,959234.31,6010383.42,Comfortable,56.9
1785820500000,NOISE-N,b291e7be-9f14-44ed-87c1-0f02b8ca35b3,958906.23,6010563.72,Comfortable,65.8
1785820500000,NOISE-E,7be9696e-9ace-4085-a81b-0b04c83955db,959045.15,6010445.49,Comfortable,66.4
1785820500000,NOISE-S,b543d03f-a7d0-4faa-8507-0b3e31081e0b,958885.54,6010297.7,Comfortable,64.1
1785820500000,NOISE-W,49a1ac8f-b89d-4356-8260-a3e73765a98a,958749.58,6010415.93,Comfortable,65.6
1785820500000,NOISE-NR1,5c7eb3a5-3ace-49d5-b023-33009a594311,959160.42,6010678.99,Comfortable,55.4
1785820500000,NOISE-NR2,a7b30385-932d-4325-b84b-ae6bdcc359e3,958613.61,6010191.3,Comfortable,52.4
1785820500000,NOISE-NR3,74469165-c65c-4435-a387-36920379578d,959234.31,6010383.42,Comfortable,56.6
1785820560000,NOISE-N,b291e7be-9f14-44ed-87c1-0f02b8ca35b3,958906.23,6010563.72,Comfortable,66.2
1785820560000,NOISE-E,7be9696e-9ace-4085-a81b-0b04c83955db,959045.15,6010445.49,Comfortable,66
1785820560000,NOISE-S,b543d03f-a7d0-4faa-8507-0b3e31081e0b,958885.54,6010297.7,Comfortable,64.4
1785820560000,NOISE-W,49a1ac8f-b89d-4356-8260-a3e73765a98a,958749.58,6010415.93,Comfortable,66
1785820560000,NOISE-NR1,5c7eb3a5-3ace-49d5-b023-33009a594311,959160.42,6010678.99,Comfortable,55.5
1785820560000,NOISE-NR2,a7b30385-932d-4325-b84b-ae6bdcc359e3,958613.61,6010191.3,Comfortable,52.8
1785820560000,NOISE-NR3,74469165-c65c-4435-a387-36920379578d,959234.31,6010383.42,Comfortable,56.5
1785820620000,NOISE-N,b291e7be-9f14-44ed-87c1-0f02b8ca35b3,958906.23,6010563.72,Comfortable,66
1785820620000,NOISE-E,7be9696e-9ace-4085-a81b-0b04c83955db,959045.15,6010445.49,Comfortable,66.8
1785820620000,NOISE-S,b543d03f-a7d0-4faa-8507-0b3e31081e0b,958885.54,6010297.7,Comfortable,64.4
1785820620000,NOISE-W,49a1ac8f-b89d-4356-8260-a3e73765a98a,958749.58,6010415.93,Comfortable,66.3
1785820620000,NOISE-NR1,5c7eb3a5-3ace-49d5-b023-33009a594311,959160.42,6010678.99,Comfortable,55.3
1785820620000,NOISE-NR2,a7b30385-932d-4325-b84b-ae6bdcc359e3,958613.61,6010191.3,Comfortable,53.4
1785820620000,NOISE-NR3,74469165-c65c-4435-a387-36920379578d,959234.31,6010383.42,Comfortable,56.2
1785820680000,NOISE-N,b291e7be-9f14-44ed-87c1-0f02b8ca35b3,958906.23,6010563.72,Comfortable,65.7
1785820680000,NOISE-E,7be9696e-9ace-4085-a81b-0b04c83955db,959045.15,6010445.49,Comfortable,66.5
1785820680000,NOISE-S,b543d03f-a7d0-4faa-8507-0b3e31081e0b,958885.54,6010297.7,Comfortable,64.6
1785820680000,NOISE-W,49a1ac8f-b89d-4356-8260-a3e73765a98a,958749.58,6010415.93,Comfortable,67
1785820680000,NOISE-NR1,5c7eb3a5-3ace-49d5-b023-33009a594311,959160.42,6010678.99,Comfortable,56
1785820680000,NOISE-NR2,a7b30385-932d-4325-b84b-ae6bdcc359e3,958613.61,6010191.3,Comfortable,54
1785820680000,NOISE-NR3,74469165-c65c-4435-a387-36920379578d,959234.31,6010383.42,Comfortable,56.5
1785820740000,NOISE-N,b291e7be-9f14-44ed-87c1-0f02b8ca35b3,958906.23,6010563.72,Comfortable,66.9
1785820740000,NOISE-E,7be9696e-9ace-4085-a81b-0b04c83955db,959045.15,6010445.49,Comfortable,67.2
1785820740000,NOISE-S,b543d03f-a7d0-4faa-8507-0b3e31081e0b,958885.54,6010297.7,Comfortable,65.5
1785820740000,NOISE-W,49a1ac8f-b89d-4356-8260-a3e73765a98a,958749.58,6010415.93,Comfortable,66.7
1785820740000,NOISE-NR1,5c7eb3a5-3ace-49d5-b023-33009a594311,959160.42,6010678.99,Comfortable,55.8
1785820740000,NOISE-NR2,a7b30385-932d-4325-b84b-ae6bdcc359e3,958613.61,6010191.3,Comfortable,53.9
1785820740000,NOISE-NR3,74469165-c65c-4435-a387-36920379578d,959234.31,6010383.42,Comfortable,56.8
1785820800000,NOISE-N,b291e7be-9f14-44ed-87c1-0f02b8ca35b3,958906.23,6010563.72,Comfortable,67.4
1785820800000,NOISE-E,7be9696e-9ace-4085-a81b-0b04c83955db,959045.15,6010445.49,Comfortable,68
1785820800000,NOISE-S,b543d03f-a7d0-4faa-8507-0b3e31081e0b,958885.54,6010297.7,Comfortable,66.3
1785820800000,NOISE-W,49a1ac8f-b89d-4356-8260-a3e73765a98a,958749.58,6010415.93,Comfortable,66.3
1785820800000,NOISE-NR1,5c7eb3a5-3ace-49d5-b023-33009a594311,959160.42,6010678.99,Comfortable,55.9
1785820800000,NOISE-NR2,a7b30385-932d-4325-b84b-ae6bdcc359e3,958613.61,6010191.3,Comfortable,53.9
1785820800000,NOISE-NR3,74469165-c65c-4435-a387-36920379578d,959234.31,6010383.42,Comfortable,57.7
1785820860000,NOISE-N,b291e7be-9f14-44ed-87c1-0f02b8ca35b3,958906.23,6010563.72,Comfortable,67.3
1785820860000,NOISE-E,7be9696e-9ace-4085-a81b-0b04c83955db,959045.15,6010445.49,Comfortable,68.6
1785820860000,NOISE-S,b543d03f-a7d0-4faa-8507-0b3e31081e0b,958885.54,6010297.7,Comfortable,66.3
1785820860000,NOISE-W,49a1ac8f-b89d-4356-8260-a3e73765a98a,958749.58,6010415.93,Comfortable,66.1
1785820860000,NOISE-NR1,5c7eb3a5-3ace-49d5-b023-33009a594311,959160.42,6010678.99,Comfortable,55.9
1785820860000,NOISE-NR2,a7b30385-932d-4325-b84b-ae6bdcc359e3,958613.61,6010191.3,Comfortable,54
1785820860000,NOISE-NR3,74469165-c65c-4435-a387-36920379578d,959234.31,6010383.42,Comfortable,58.1
1785820920000,NOISE-N,b291e7be-9f14-44ed-87c1-0f02b8ca35b3,958906.23,6010563.72,Comfortable,67.9
1785820920000,NOISE-E,7be9696e-9ace-4085-a81b-0b04c83955db,959045.15,6010445.49,Comfortable,68.9
1785820920000,NOISE-S,b543d03f-a7d0-4faa-8507-0b3e31081e0b,958885.54,6010297.7,Comfortable,66
1785820920000,NOISE-W,49a1ac8f-b89d-4356-8260-a3e73765a98a,958749.58,6010415.93,Comfortable,67
1785820920000,NOISE-NR1,5c7eb3a5-3ace-49d5-b023-33009a594311,959160.42,6010678.99,Comfortable,55.6
1785820920000,NOISE-NR2,a7b30385-932d-4325-b84b-ae6bdcc359e3,958613.61,6010191.3,Comfortable,54.5
1785820920000,NOISE-NR3,74469165-c65c-4435-a387-36920379578d,959234.31,6010383.42,Comfortable,57.7
1785820980000,NOISE-N,b291e7be-9f14-44ed-87c1-0f02b8ca35b3,958906.23,6010563.72,Comfortable,68.5
1785820980000,NOISE-E,7be9696e-9ace-4085-a81b-0b04c83955db,959045.15,6010445.49,Comfortable,69.7
1785820980000,NOISE-S,b543d03f-a7d0-4faa-8507-0b3e31081e0b,958885.54,6010297.7,Comfortable,66.8
1785820980000,NOISE-W,49a1ac8f-b89d-4356-8260-a3e73765a98a,958749.58,6010415.93,Comfortable,66.8
1785820980000,NOISE-NR1,5c7eb3a5-3ace-49d5-b023-33009a594311,959160.42,6010678.99,Comfortable,56.3
1785820980000,NOISE-NR2,a7b30385-932d-4325-b84b-ae6bdcc359e3,958613.61,6010191.3,Comfortable,54.1
1785820980000,NOISE-NR3,74469165-c65c-4435-a387-36920379578d,959234.31,6010383.42,Comfortable,58.4
1785821040000,NOISE-N,b291e7be-9f14-44ed-87c1-0f02b8ca35b3,958906.23,6010563.72,Comfortable,68.4
1785821040000,NOISE-E,7be9696e-9ace-4085-a81b-0b04c83955db,959045.15,6010445.49,Elevated,70.4
1785821040000,NOISE-S,b543d03f-a7d0-4faa-8507-0b3e31081e0b,958885.54,6010297.7,Comfortable,66.3
1785821040000,NOISE-W,49a1ac8f-b89d-4356-8260-a3e73765a98a,958749.58,6010415.93,Comfortable,66.6
1785821040000,NOISE-NR1,5c7eb3a5-3ace-49d5-b023-33009a594311,959160.42,6010678.99,Comfortable,57
1785821040000,NOISE-NR2,a7b30385-932d-4325-b84b-ae6bdcc359e3,958613.61,6010191.3,Comfortable,54.7
1785821040000,NOISE-NR3,74469165-c65c-4435-a387-36920379578d,959234.31,6010383.42,Comfortable,58.5
1785821100000,NOISE-N,b291e7be-9f14-44ed-87c1-0f02b8ca35b3,958906.23,6010563.72,Comfortable,67.9
1785821100000,NOISE-E,7be9696e-9ace-4085-a81b-0b04c83955db,959045.15,6010445.49,Elevated,71.3
1785821100000,NOISE-S,b543d03f-a7d0-4faa-8507-0b3e31081e0b,958885.54,6010297.7,Comfortable,66.2
1785821100000,NOISE-W,49a1ac8f-b89d-4356-8260-a3e73765a98a,958749.58,6010415.93,Comfortable,67.8
1785821100000,NOISE-NR1,5c7eb3a5-3ace-49d5-b023-33009a594311,959160.42,6010678.99,Comfortable,57.4
1785821100000,NOISE-NR2,a7b30385-932d-4325-b84b-ae6bdcc359e3,958613.61,6010191.3,Comfortable,55.3
1785821100000,NOISE-NR3,74469165-c65c-4435-a387-36920379578d,959234.31,6010383.42,Comfortable,58.2
1785821160000,NOISE-N,b291e7be-9f14-44ed-87c1-0f02b8ca35b3,958906.23,6010563.72,Comfortable,69.1
1785821160000,NOISE-E,7be9696e-9ace-4085-a81b-0b04c83955db,959045.15,6010445.49,Elevated,72
1785821160000,NOISE-S,b543d03f-a7d0-4faa-8507-0b3e31081e0b,958885.54,6010297.7,Comfortable,66.3
1785821160000,NOISE-W,49a1ac8f-b89d-4356-8260-a3e73765a98a,958749.58,6010415.93,Comfortable,67.5
1785821160000,NOISE-NR1,5c7eb3a5-3ace-49d5-b023-33009a594311,959160.42,6010678.99,Comfortable,57.6
1785821160000,NOISE-NR2,a7b30385-932d-4325-b84b-ae6bdcc359e3,958613.61,6010191.3,Comfortable,55.4
1785821160000,NOISE-NR3,74469165-c65c-4435-a387-36920379578d,959234.31,6010383.42,Comfortable,59
1785821220000,NOISE-N,b291e7be-9f14-44ed-87c1-0f02b8ca35b3,958906.23,6010563.72,Elevated,70.1
1785821220000,NOISE-E,7be9696e-9ace-4085-a81b-0b04c83955db,959045.15,6010445.49,Elevated,71.5
1785821220000,NOISE-S,b543d03f-a7d0-4faa-8507-0b3e31081e0b,958885.54,6010297.7,Comfortable,66.4
1785821220000,NOISE-W,49a1ac8f-b89d-4356-8260-a3e73765a98a,958749.58,6010415.93,Comfortable,68.5
1785821220000,NOISE-NR1,5c7eb3a5-3ace-49d5-b023-33009a594311,959160.42,6010678.99,Comfortable,57.9
1785821220000,NOISE-NR2,a7b30385-932d-4325-b84b-ae6bdcc359e3,958613.61,6010191.3,Comfortable,55.9
1785821220000,NOISE-NR3,74469165-c65c-4435-a387-36920379578d,959234.31,6010383.42,Comfortable,58.6
1785821280000,NOISE-N,b291e7be-9f14-44ed-87c1-0f02b8ca35b3,958906.23,6010563.72,Elevated,70.5
1785821280000,NOISE-E,7be9696e-9ace-4085-a81b-0b04c83955db,959045.15,6010445.49,Elevated,71.4
1785821280000,NOISE-S,b543d03f-a7d0-4faa-8507-0b3e31081e0b,958885.54,6010297.7,Comfortable,66.3
1785821280000,NOISE-W,49a1ac8f-b89d-4356-8260-a3e73765a98a,958749.58,6010415.93,Comfortable,69.5
1785821280000,NOISE-NR1,5c7eb3a5-3ace-49d5-b023-33009a594311,959160.42,6010678.99,Comfortable,57.6
1785821280000,NOISE-NR2,a7b30385-932d-4325-b84b-ae6bdcc359e3,958613.61,6010191.3,Comfortable,55.7
1785821280000,NOISE-NR3,74469165-c65c-4435-a387-36920379578d,959234.31,6010383.42,Comfortable,58.2
1785821340000,NOISE-N,b291e7be-9f14-44ed-87c1-0f02b8ca35b3,958906.23,6010563.72,Elevated,71.2
1785821340000,NOISE-E,7be9696e-9ace-4085-a81b-0b04c83955db,959045.15,6010445.49,Elevated,71.1
1785821340000,NOISE-S,b543d03f-a7d0-4faa-8507-0b3e31081e0b,958885.54,6010297.7,Comfortable,66.2
1785821340000,NOISE-W,49a1ac8f-b89d-4356-8260-a3e73765a98a,958749.58,6010415.93,Elevated,70.4
1785821340000,NOISE-NR1,5c7eb3a5-3ace-49d5-b023-33009a594311,959160.42,6010678.99,Comfortable,58.6
1785821340000,NOISE-NR2,a7b30385-932d-4325-b84b-ae6bdcc359e3,958613.61,6010191.3,Comfortable,56
1785821340000,NOISE-NR3,74469165-c65c-4435-a387-36920379578d,959234.31,6010383.42,Comfortable,58.5
1785821400000,NOISE-N,b291e7be-9f14-44ed-87c1-0f02b8ca35b3,958906.23,6010563.72,Elevated,71.2
1785821400000,NOISE-E,7be9696e-9ace-4085-a81b-0b04c83955db,959045.15,6010445.49,Elevated,71.4
1785821400000,NOISE-S,b543d03f-a7d0-4faa-8507-0b3e31081e0b,958885.54,6010297.7,Comfortable,66.7
1785821400000,NOISE-W,49a1ac8f-b89d-4356-8260-a3e73765a98a,958749.58,6010415.93,Elevated,70
1785821400000,NOISE-NR1,5c7eb3a5-3ace-49d5-b023-33009a594311,959160.42,6010678.99,Comfortable,59.5
1785821400000,NOISE-NR2,a7b30385-932d-4325-b84b-ae6bdcc359e3,958613.61,6010191.3,Comfortable,56.7
1785821400000,NOISE-NR3,74469165-c65c-4435-a387-36920379578d,959234.31,6010383.42,Comfortable,58.2
1785821460000,NOISE-N,b291e7be-9f14-44ed-87c1-0f02b8ca35b3,958906.23,6010563.72,Elevated,70.9
1785821460000,NOISE-E,7be9696e-9ace-4085-a81b-0b04c83955db,959045.15,6010445.49,Elevated,71.3
1785821460000,NOISE-S,b543d03f-a7d0-4faa-8507-0b3e31081e0b,958885.54,6010297.7,Comfortable,67.3
1785821460000,NOISE-W,49a1ac8f-b89d-4356-8260-a3e73765a98a,958749.58,6010415.93,Elevated,71
1785821460000,NOISE-NR1,5c7eb3a5-3ace-49d5-b023-33009a594311,959160.42,6010678.99,Comfortable,59.8
1785821460000,NOISE-NR2,a7b30385-932d-4325-b84b-ae6bdcc359e3,958613.61,6010191.3,Comfortable,56.7
1785821460000,NOISE-NR3,74469165-c65c-4435-a387-36920379578d,959234.31,6010383.42,Comfortable,59.6
1785821520000,NOISE-N,b291e7be-9f14-44ed-87c1-0f02b8ca35b3,958906.23,6010563.72,Elevated,71.6
1785821520000,NOISE-E,7be9696e-9ace-4085-a81b-0b04c83955db,959045.15,6010445.49,Elevated,72.6
1785821520000,NOISE-S,b543d03f-a7d0-4faa-8507-0b3e31081e0b,958885.54,6010297.7,Comfortable,67.4
1785821520000,NOISE-W,49a1ac8f-b89d-4356-8260-a3e73765a98a,958749.58,6010415.93,Elevated,70.6
1785821520000,NOISE-NR1,5c7eb3a5-3ace-49d5-b023-33009a594311,959160.42,6010678.99,Comfortable,60.1
1785821520000,NOISE-NR2,a7b30385-932d-4325-b84b-ae6bdcc359e3,958613.61,6010191.3,Comfortable,56.2
1785821520000,NOISE-NR3,74469165-c65c-4435-a387-36920379578d,959234.31,6010383.42,Comfortable,59.2
1785821580000,NOISE-N,b291e7be-9f14-44ed-87c1-0f02b8ca35b3,958906.23,6010563.72,Elevated,71.6
1785821580000,NOISE-E,7be9696e-9ace-4085-a81b-0b04c83955db,959045.15,6010445.49,Elevated,72.8
1785821580000,NOISE-S,b543d03f-a7d0-4faa-8507-0b3e31081e0b,958885.54,6010297.7,Comfortable,67.6
1785821580000,NOISE-W,49a1ac8f-b89d-4356-8260-a3e73765a98a,958749.58,6010415.93,Elevated,71.6
1785821580000,NOISE-NR1,5c7eb3a5-3ace-49d5-b023-33009a594311,959160.42,6010678.99,Comfortable,60.3
1785821580000,NOISE-NR2,a7b30385-932d-4325-b84b-ae6bdcc359e3,958613.61,6010191.3,Comfortable,57.3
1785821580000,NOISE-NR3,74469165-c65c-4435-a387-36920379578d,959234.31,6010383.42,Comfortable,60.4
1785821640000,NOISE-N,b291e7be-9f14-44ed-87c1-0f02b8ca35b3,958906.23,6010563.72,Elevated,72
1785821640000,NOISE-E,7be9696e-9ace-4085-a81b-0b04c83955db,959045.15,6010445.49,Elevated,74
1785821640000,NOISE-S,b543d03f-a7d0-4faa-8507-0b3e31081e0b,958885.54,6010297.7,Comfortable,68.9
1785821640000,NOISE-W,49a1ac8f-b89d-4356-8260-a3e73765a98a,958749.58,6010415.93,Elevated,71.1
1785821640000,NOISE-NR1,5c7eb3a5-3ace-49d5-b023-33009a594311,959160.42,6010678.99,Comfortable,59.7
1785821640000,NOISE-NR2,a7b30385-932d-4325-b84b-ae6bdcc359e3,958613.61,6010191.3,Comfortable,57.6
1785821640000,NOISE-NR3,74469165-c65c-4435-a387-36920379578d,959234.31,6010383.42,Comfortable,60.7
1785821700000,NOISE-N,b291e7be-9f14-44ed-87c1-0f02b8ca35b3,958906.23,6010563.72,Elevated,72.5
1785821700000,NOISE-E,7be9696e-9ace-4085-a81b-0b04c83955db,959045.15,6010445.49,Elevated,74.6
1785821700000,NOISE-S,b543d03f-a7d0-4faa-8507-0b3e31081e0b,958885.54,6010297.7,Comfortable,69.6
1785821700000,NOISE-W,49a1ac8f-b89d-4356-8260-a3e73765a98a,958749.58,6010415.93,Elevated,72.1
1785821700000,NOISE-NR1,5c7eb3a5-3ace-49d5-b023-33009a594311,959160.42,6010678.99,Comfortable,60.2
1785821700000,NOISE-NR2,a7b30385-932d-4325-b84b-ae6bdcc359e3,958613.61,6010191.3,Comfortable,57.4
1785821700000,NOISE-NR3,74469165-c65c-4435-a387-36920379578d,959234.31,6010383.42,Comfortable,60.9
1785821760000,NOISE-N,b291e7be-9f14-44ed-87c1-0f02b8ca35b3,958906.23,6010563.72,Elevated,72.8
1785821760000,NOISE-E,7be9696e-9ace-4085-a81b-0b04c83955db,959045.15,6010445.49,Elevated,74.6
1785821760000,NOISE-S,b543d03f-a7d0-4faa-8507-0b3e31081e0b,958885.54,6010297.7,Comfortable,69.9
1785821760000,NOISE-W,49a1ac8f-b89d-4356-8260-a3e73765a98a,958749.58,6010415.93,Elevated,72.3
1785821760000,NOISE-NR1,5c7eb3a5-3ace-49d5-b023-33009a594311,959160.42,6010678.99,Comfortable,60.3
1785821760000,NOISE-NR2,a7b30385-932d-4325-b84b-ae6bdcc359e3,958613.61,6010191.3,Comfortable,58.1
1785821760000,NOISE-NR3,74469165-c65c-4435-a387-36920379578d,959234.31,6010383.42,Comfortable,61.4
1785821820000,NOISE-N,b291e7be-9f14-44ed-87c1-0f02b8ca35b3,958906.23,6010563.72,Elevated,72.3
1785821820000,NOISE-E,7be9696e-9ace-4085-a81b-0b04c83955db,959045.15,6010445.49,Elevated,75.4
1785821820000,NOISE-S,b543d03f-a7d0-4faa-8507-0b3e31081e0b,958885.54,6010297.7,Comfortable,69.9
1785821820000,NOISE-W,49a1ac8f-b89d-4356-8260-a3e73765a98a,958749.58,6010415.93,Elevated,72.7
1785821820000,NOISE-NR1,5c7eb3a5-3ace-49d5-b023-33009a594311,959160.42,6010678.99,Comfortable,60
1785821820000,NOISE-NR2,a7b30385-932d-4325-b84b-ae6bdcc359e3,958613.61,6010191.3,Comfortable,58.8
1785821820000,NOISE-NR3,74469165-c65c-4435-a387-36920379578d,959234.31,6010383.42,Comfortable,61.3
1785821880000,NOISE-N,b291e7be-9f14-44ed-87c1-0f02b8ca35b3,958906.23,6010563.72,Elevated,73.2
1785821880000,NOISE-E,7be9696e-9ace-4085-a81b-0b04c83955db,959045.15,6010445.49,Elevated,75.3
1785821880000,NOISE-S,b543d03f-a7d0-4faa-8507-0b3e31081e0b,958885.54,6010297.7,Elevated,71
1785821880000,NOISE-W,49a1ac8f-b89d-4356-8260-a3e73765a98a,958749.58,6010415.93,Elevated,73
1785821880000,NOISE-NR1,5c7eb3a5-3ace-49d5-b023-33009a594311,959160.42,6010678.99,Comfortable,61.1
1785821880000,NOISE-NR2,a7b30385-932d-4325-b84b-ae6bdcc359e3,958613.61,6010191.3,Comfortable,59.5
1785821880000,NOISE-NR3,74469165-c65c-4435-a387-36920379578d,959234.31,6010383.42,Comfortable,62.3
1785821940000,NOISE-N,b291e7be-9f14-44ed-87c1-0f02b8ca35b3,958906.23,6010563.72,Elevated,73.3
1785821940000,NOISE-E,7be9696e-9ace-4085-a81b-0b04c83955db,959045.15,6010445.49,Elevated,76.2
1785821940000,NOISE-S,b543d03f-a7d0-4faa-8507-0b3e31081e0b,958885.54,6010297.7,Elevated,71.1
1785821940000,NOISE-W,49a1ac8f-b89d-4356-8260-a3e73765a98a,958749.58,6010415.93,Elevated,73.4
1785821940000,NOISE-NR1,5c7eb3a5-3ace-49d5-b023-33009a594311,959160.42,6010678.99,Comfortable,60.4
1785821940000,NOISE-NR2,a7b30385-932d-4325-b84b-ae6bdcc359e3,958613.61,6010191.3,Comfortable,59.5
1785821940000,NOISE-NR3,74469165-c65c-4435-a387-36920379578d,959234.31,6010383.42,Comfortable,62.7
1785822000000,NOISE-N,b291e7be-9f14-44ed-87c1-0f02b8ca35b3,958906.23,6010563.72,Elevated,74.3
1785822000000,NOISE-E,7be9696e-9ace-4085-a81b-0b04c83955db,959045.15,6010445.49,Elevated,75.7
1785822000000,NOISE-S,b543d03f-a7d0-4faa-8507-0b3e31081e0b,958885.54,6010297.7,Elevated,71
1785822000000,NOISE-W,49a1ac8f-b89d-4356-8260-a3e73765a98a,958749.58,6010415.93,Elevated,73.5
1785822000000,NOISE-NR1,5c7eb3a5-3ace-49d5-b023-33009a594311,959160.42,6010678.99,Comfortable,61
1785822000000,NOISE-NR2,a7b30385-932d-4325-b84b-ae6bdcc359e3,958613.61,6010191.3,Comfortable,59.1
1785822000000,NOISE-NR3,74469165-c65c-4435-a387-36920379578d,959234.31,6010383.42,Comfortable,62.8
1785822060000,NOISE-N,b291e7be-9f14-44ed-87c1-0f02b8ca35b3,958906.23,6010563.72,Elevated,74.9
1785822060000,NOISE-E,7be9696e-9ace-4085-a81b-0b04c83955db,959045.15,6010445.49,Elevated,75.5
1785822060000,NOISE-S,b543d03f-a7d0-4faa-8507-0b3e31081e0b,958885.54,6010297.7,Elevated,71.7
1785822060000,NOISE-W,49a1ac8f-b89d-4356-8260-a3e73765a98a,958749.58,6010415.93,Elevated,74.1
1785822060000,NOISE-NR1,5c7eb3a5-3ace-49d5-b023-33009a594311,959160.42,6010678.99,Comfortable,60.4
1785822060000,NOISE-NR2,a7b30385-932d-4325-b84b-ae6bdcc359e3,958613.61,6010191.3,Comfortable,58.4
1785822060000,NOISE-NR3,74469165-c65c-4435-a387-36920379578d,959234.31,6010383.42,Comfortable,62.6
1785822120000,NOISE-N,b291e7be-9f14-44ed-87c1-0f02b8ca35b3,958906.23,6010563.72,Elevated,74.3
1785822120000,NOISE-E,7be9696e-9ace-4085-a81b-0b04c83955db,959045.15,6010445.49,Elevated,76.5
1785822120000,NOISE-S,b543d03f-a7d0-4faa-8507-0b3e31081e0b,958885.54,6010297.7,Elevated,71.7
1785822120000,NOISE-W,49a1ac8f-b89d-4356-8260-a3e73765a98a,958749.58,6010415.93,Elevated,74
1785822120000,NOISE-NR1,5c7eb3a5-3ace-49d5-b023-33009a594311,959160.42,6010678.99,Comfortable,60.3
1785822120000,NOISE-NR2,a7b30385-932d-4325-b84b-ae6bdcc359e3,958613.61,6010191.3,Comfortable,58.1
1785822120000,NOISE-NR3,74469165-c65c-4435-a387-36920379578d,959234.31,6010383.42,Comfortable,62.6
1785822180000,NOISE-N,b291e7be-9f14-44ed-87c1-0f02b8ca35b3,958906.23,6010563.72,Elevated,74
1785822180000,NOISE-E,7be9696e-9ace-4085-a81b-0b04c83955db,959045.15,6010445.49,Elevated,76.8
1785822180000,NOISE-S,b543d03f-a7d0-4faa-8507-0b3e31081e0b,958885.54,6010297.7,Elevated,72.2
1785822180000,NOISE-W,49a1ac8f-b89d-4356-8260-a3e73765a98a,958749.58,6010415.93,Elevated,74.3
1785822180000,NOISE-NR1,5c7eb3a5-3ace-49d5-b023-33009a594311,959160.42,6010678.99,Comfortable,60.5
1785822180000,NOISE-NR2,a7b30385-932d-4325-b84b-ae6bdcc359e3,958613.61,6010191.3,Comfortable,58.1
1785822180000,NOISE-NR3,74469165-c65c-4435-a387-36920379578d,959234.31,6010383.42,Comfortable,62
1785822240000,NOISE-N,b291e7be-9f14-44ed-87c1-0f02b8ca35b3,958906.23,6010563.72,Elevated,75.3
1785822240000,NOISE-E,7be9696e-9ace-4085-a81b-0b04c83955db,959045.15,6010445.49,Elevated,77.6
1785822240000,NOISE-S,b543d03f-a7d0-4faa-8507-0b3e31081e0b,958885.54,6010297.7,Elevated,72.1
1785822240000,NOISE-W,49a1ac8f-b89d-4356-8260-a3e73765a98a,958749.58,6010415.93,Elevated,74.3
1785822240000,NOISE-NR1,5c7eb3a5-3ace-49d5-b023-33009a594311,959160.42,6010678.99,Comfortable,61.6
1785822240000,NOISE-NR2,a7b30385-932d-4325-b84b-ae6bdcc359e3,958613.61,6010191.3,Comfortable,58.5
1785822240000,NOISE-NR3,74469165-c65c-4435-a387-36920379578d,959234.31,6010383.42,Comfortable,62
1785822300000,NOISE-N,b291e7be-9f14-44ed-87c1-0f02b8ca35b3,958906.23,6010563.72,Elevated,76
1785822300000,NOISE-E,7be9696e-9ace-4085-a81b-0b04c83955db,959045.15,6010445.49,Elevated,77.5
1785822300000,NOISE-S,b543d03f-a7d0-4faa-8507-0b3e31081e0b,958885.54,6010297.7,Elevated,72.4
1785822300000,NOISE-W,49a1ac8f-b89d-4356-8260-a3e73765a98a,958749.58,6010415.93,Elevated,74.2
1785822300000,NOISE-NR1,5c7eb3a5-3ace-49d5-b023-33009a594311,959160.42,6010678.99,Comfortable,61.2
1785822300000,NOISE-NR2,a7b30385-932d-4325-b84b-ae6bdcc359e3,958613.61,6010191.3,Comfortable,58.8
1785822300000,NOISE-NR3,74469165-c65c-4435-a387-36920379578d,959234.31,6010383.42,Comfortable,62
1785822360000,NOISE-N,b291e7be-9f14-44ed-87c1-0f02b8ca35b3,958906.23,6010563.72,Elevated,76.5
1785822360000,NOISE-E,7be9696e-9ace-4085-a81b-0b04c83955db,959045.15,6010445.49,Elevated,78.5
1785822360000,NOISE-S,b543d03f-a7d0-4faa-8507-0b3e31081e0b,958885.54,6010297.7,Elevated,72.9
1785822360000,NOISE-W,49a1ac8f-b89d-4356-8260-a3e73765a98a,958749.58,6010415.93,Elevated,74.3
1785822360000,NOISE-NR1,5c7eb3a5-3ace-49d5-b023-33009a594311,959160.42,6010678.99,Comfortable,62.1
1785822360000,NOISE-NR2,a7b30385-932d-4325-b84b-ae6bdcc359e3,958613.61,6010191.3,Comfortable,59.5
1785822360000,NOISE-NR3,74469165-c65c-4435-a387-36920379578d,959234.31,6010383.42,Comfortable,62.9
1785822420000,NOISE-N,b291e7be-9f14-44ed-87c1-0f02b8ca35b3,958906.23,6010563.72,Elevated,76.4
1785822420000,NOISE-E,7be9696e-9ace-4085-a81b-0b04c83955db,959045.15,6010445.49,Elevated,79.2
1785822420000,NOISE-S,b543d03f-a7d0-4faa-8507-0b3e31081e0b,958885.54,6010297.7,Elevated,73.1
1785822420000,NOISE-W,49a1ac8f-b89d-4356-8260-a3e73765a98a,958749.58,6010415.93,Elevated,75.6
1785822420000,NOISE-NR1,5c7eb3a5-3ace-49d5-b023-33009a594311,959160.42,6010678.99,Comfortable,62.7
1785822420000,NOISE-NR2,a7b30385-932d-4325-b84b-ae6bdcc359e3,958613.61,6010191.3,Comfortable,60.4
1785822420000,NOISE-NR3,74469165-c65c-4435-a387-36920379578d,959234.31,6010383.42,Comfortable,62.6
1785822480000,NOISE-N,b291e7be-9f14-44ed-87c1-0f02b8ca35b3,958906.23,6010563.72,Elevated,77.2
1785822480000,NOISE-E,7be9696e-9ace-4085-a81b-0b04c83955db,959045.15,6010445.49,Elevated,79.4
1785822480000,NOISE-S,b543d03f-a7d0-4faa-8507-0b3e31081e0b,958885.54,6010297.7,Elevated,74.4
1785822480000,NOISE-W,49a1ac8f-b89d-4356-8260-a3e73765a98a,958749.58,6010415.93,Elevated,75.6
1785822480000,NOISE-NR1,5c7eb3a5-3ace-49d5-b023-33009a594311,959160.42,6010678.99,Comfortable,62.7
1785822480000,NOISE-NR2,a7b30385-932d-4325-b84b-ae6bdcc359e3,958613.61,6010191.3,Comfortable,60.2
1785822480000,NOISE-NR3,74469165-c65c-4435-a387-36920379578d,959234.31,6010383.42,Comfortable,62.9
1785822540000,NOISE-N,b291e7be-9f14-44ed-87c1-0f02b8ca35b3,958906.23,6010563.72,Elevated,77.1
1785822540000,NOISE-E,7be9696e-9ace-4085-a81b-0b04c83955db,959045.15,6010445.49,Elevated,79.3
1785822540000,NOISE-S,b543d03f-a7d0-4faa-8507-0b3e31081e0b,958885.54,6010297.7,Elevated,74.2
1785822540000,NOISE-W,49a1ac8f-b89d-4356-8260-a3e73765a98a,958749.58,6010415.93,Elevated,76.7
1785822540000,NOISE-NR1,5c7eb3a5-3ace-49d5-b023-33009a594311,959160.42,6010678.99,Comfortable,62.8
1785822540000,NOISE-NR2,a7b30385-932d-4325-b84b-ae6bdcc359e3,958613.61,6010191.3,Comfortable,61
1785822540000,NOISE-NR3,74469165-c65c-4435-a387-36920379578d,959234.31,6010383.42,Comfortable,63.2
1785822600000,NOISE-N,b291e7be-9f14-44ed-87c1-0f02b8ca35b3,958906.23,6010563.72,Elevated,77.6
1785822600000,NOISE-E,7be9696e-9ace-4085-a81b-0b04c83955db,959045.15,6010445.49,Elevated,79.3
1785822600000,NOISE-S,b543d03f-a7d0-4faa-8507-0b3e31081e0b,958885.54,6010297.7,Elevated,75
1785822600000,NOISE-W,49a1ac8f-b89d-4356-8260-a3e73765a98a,958749.58,6010415.93,Elevated,76.9
1785822600000,NOISE-NR1,5c7eb3a5-3ace-49d5-b023-33009a594311,959160.42,6010678.99,Comfortable,63.3
1785822600000,NOISE-NR2,a7b30385-932d-4325-b84b-ae6bdcc359e3,958613.61,6010191.3,Comfortable,60.3
1785822600000,NOISE-NR3,74469165-c65c-4435-a387-36920379578d,959234.31,6010383.42,Comfortable,63
1785822660000,NOISE-N,b291e7be-9f14-44ed-87c1-0f02b8ca35b3,958906.23,6010563.72,Elevated,78
1785822660000,NOISE-E,7be9696e-9ace-4085-a81b-0b04c83955db,959045.15,6010445.49,Elevated,79.3
1785822660000,NOISE-S,b543d03f-a7d0-4faa-8507-0b3e31081e0b,958885.54,6010297.7,Elevated,75.9
1785822660000,NOISE-W,49a1ac8f-b89d-4356-8260-a3e73765a98a,958749.58,6010415.93,Elevated,76.7
1785822660000,NOISE-NR1,5c7eb3a5-3ace-49d5-b023-33009a594311,959160.42,6010678.99,Comfortable,63.9
1785822660000,NOISE-NR2,a7b30385-932d-4325-b84b-ae6bdcc359e3,958613.61,6010191.3,Comfortable,61
1785822660000,NOISE-NR3,74469165-c65c-4435-a387-36920379578d,959234.31,6010383.42,Comfortable,64
1785822720000,NOISE-N,b291e7be-9f14-44ed-87c1-0f02b8ca35b3,958906.23,6010563.72,Elevated,78.1
1785822720000,NOISE-E,7be9696e-9ace-4085-a81b-0b04c83955db,959045.15,6010445.49,Elevated,79.1
1785822720000,NOISE-S,b543d03f-a7d0-4faa-8507-0b3e31081e0b,958885.54,6010297.7,Elevated,75.4
1785822720000,NOISE-W,49a1ac8f-b89d-4356-8260-a3e73765a98a,958749.58,6010415.93,Elevated,77.4
1785822720000,NOISE-NR1,5c7eb3a5-3ace-49d5-b023-33009a594311,959160.42,6010678.99,Comfortable,63.8
1785822720000,NOISE-NR2,a7b30385-932d-4325-b84b-ae6bdcc359e3,958613.61,6010191.3,Comfortable,61.3
1785822720000,NOISE-NR3,74469165-c65c-4435-a387-36920379578d,959234.31,6010383.42,Comfortable,64.4
1785822780000,NOISE-N,b291e7be-9f14-44ed-87c1-0f02b8ca35b3,958906.23,6010563.72,Elevated,77.9
1785822780000,NOISE-E,7be9696e-9ace-4085-a81b-0b04c83955db,959045.15,6010445.49,High,80.4
1785822780000,NOISE-S,b543d03f-a7d0-4faa-8507-0b3e31081e0b,958885.54,6010297.7,Elevated,76.5
1785822780000,NOISE-W,49a1ac8f-b89d-4356-8260-a3e73765a98a,958749.58,6010415.93,Elevated,77.2
1785822780000,NOISE-NR1,5c7eb3a5-3ace-49d5-b023-33009a594311,959160.42,6010678.99,Comfortable,64.7
1785822780000,NOISE-NR2,a7b30385-932d-4325-b84b-ae6bdcc359e3,958613.61,6010191.3,Comfortable,62.2
1785822780000,NOISE-NR3,74469165-c65c-4435-a387-36920379578d,959234.31,6010383.42,Comfortable,65
1785822840000,NOISE-N,b291e7be-9f14-44ed-87c1-0f02b8ca35b3,958906.23,6010563.72,Elevated,78.1
1785822840000,NOISE-E,7be9696e-9ace-4085-a81b-0b04c83955db,959045.15,6010445.49,High,80.9
1785822840000,NOISE-S,b543d03f-a7d0-4faa-8507-0b3e31081e0b,958885.54,6010297.7,Elevated,76.2
1785822840000,NOISE-W,49a1ac8f-b89d-4356-8260-a3e73765a98a,958749.58,6010415.93,Elevated,77.8
1785822840000,NOISE-NR1,5c7eb3a5-3ace-49d5-b023-33009a594311,959160.42,6010678.99,Comfortable,65.3
1785822840000,NOISE-NR2,a7b30385-932d-4325-b84b-ae6bdcc359e3,958613.61,6010191.3,Comfortable,62.1
1785822840000,NOISE-NR3,74469165-c65c-4435-a387-36920379578d,959234.31,6010383.42,Comfortable,65.7
1785822900000,NOISE-N,b291e7be-9f14-44ed-87c1-0f02b8ca35b3,958906.23,6010563.72,Elevated,78.4
1785822900000,NOISE-E,7be9696e-9ace-4085-a81b-0b04c83955db,959045.15,6010445.49,High,80.9
1785822900000,NOISE-S,b543d03f-a7d0-4faa-8507-0b3e31081e0b,958885.54,6010297.7,Elevated,76.8
1785822900000,NOISE-W,49a1ac8f-b89d-4356-8260-a3e73765a98a,958749.58,6010415.93,Elevated,77.9
1785822900000,NOISE-NR1,5c7eb3a5-3ace-49d5-b023-33009a594311,959160.42,6010678.99,Comfortable,65.8
1785822900000,NOISE-NR2,a7b30385-932d-4325-b84b-ae6bdcc359e3,958613.61,6010191.3,Comfortable,61.4
1785822900000,NOISE-NR3,74469165-c65c-4435-a387-36920379578d,959234.31,6010383.42,Comfortable,66.2
1785822960000,NOISE-N,b291e7be-9f14-44ed-87c1-0f02b8ca35b3,958906.23,6010563.72,Elevated,78.7
1785822960000,NOISE-E,7be9696e-9ace-4085-a81b-0b04c83955db,959045.15,6010445.49,High,81.7
1785822960000,NOISE-S,b543d03f-a7d0-4faa-8507-0b3e31081e0b,958885.54,6010297.7,Elevated,77.7
1785822960000,NOISE-W,49a1ac8f-b89d-4356-8260-a3e73765a98a,958749.58,6010415.93,Elevated,78.1
1785822960000,NOISE-NR1,5c7eb3a5-3ace-49d5-b023-33009a594311,959160.42,6010678.99,Comfortable,65.5
1785822960000,NOISE-NR2,a7b30385-932d-4325-b84b-ae6bdcc359e3,958613.61,6010191.3,Comfortable,60.9
1785822960000,NOISE-NR3,74469165-c65c-4435-a387-36920379578d,959234.31,6010383.42,Comfortable,65.9
1785823020000,NOISE-N,b291e7be-9f14-44ed-87c1-0f02b8ca35b3,958906.23,6010563.72,Elevated,79.2
1785823020000,NOISE-E,7be9696e-9ace-4085-a81b-0b04c83955db,959045.15,6010445.49,High,81.2
1785823020000,NOISE-S,b543d03f-a7d0-4faa-8507-0b3e31081e0b,958885.54,6010297.7,Elevated,77.7
1785823020000,NOISE-W,49a1ac8f-b89d-4356-8260-a3e73765a98a,958749.58,6010415.93,Elevated,78.8
1785823020000,NOISE-NR1,5c7eb3a5-3ace-49d5-b023-33009a594311,959160.42,6010678.99,Comfortable,65.7
1785823020000,NOISE-NR2,a7b30385-932d-4325-b84b-ae6bdcc359e3,958613.61,6010191.3,Comfortable,61.2
1785823020000,NOISE-NR3,74469165-c65c-4435-a387-36920379578d,959234.31,6010383.42,Comfortable,66.3
1785823080000,NOISE-N,b291e7be-9f14-44ed-87c1-0f02b8ca35b3,958906.23,6010563.72,High,80.2
1785823080000,NOISE-E,7be9696e-9ace-4085-a81b-0b04c83955db,959045.15,6010445.49,High,81.8
1785823080000,NOISE-S,b543d03f-a7d0-4faa-8507-0b3e31081e0b,958885.54,6010297.7,Elevated,77.5
1785823080000,NOISE-W,49a1ac8f-b89d-4356-8260-a3e73765a98a,958749.58,6010415.93,Elevated,79.4
1785823080000,NOISE-NR1,5c7eb3a5-3ace-49d5-b023-33009a594311,959160.42,6010678.99,Comfortable,65.7
1785823080000,NOISE-NR2,a7b30385-932d-4325-b84b-ae6bdcc359e3,958613.61,6010191.3,Comfortable,60.9
1785823080000,NOISE-NR3,74469165-c65c-4435-a387-36920379578d,959234.31,6010383.42,Comfortable,66.9
1785823140000,NOISE-N,b291e7be-9f14-44ed-87c1-0f02b8ca35b3,958906.23,6010563.72,High,80.3
1785823140000,NOISE-E,7be9696e-9ace-4085-a81b-0b04c83955db,959045.15,6010445.49,High,81.9
1785823140000,NOISE-S,b543d03f-a7d0-4faa-8507-0b3e31081e0b,958885.54,6010297.7,Elevated,78.6
1785823140000,NOISE-W,49a1ac8f-b89d-4356-8260-a3e73765a98a,958749.58,6010415.93,High,80.3
1785823140000,NOISE-NR1,5c7eb3a5-3ace-49d5-b023-33009a594311,959160.42,6010678.99,Comfortable,66.3
1785823140000,NOISE-NR2,a7b30385-932d-4325-b84b-ae6bdcc359e3,958613.61,6010191.3,Comfortable,61.5
1785823140000,NOISE-NR3,74469165-c65c-4435-a387-36920379578d,959234.31,6010383.42,Comfortable,67.5
1785823200000,NOISE-N,b291e7be-9f14-44ed-87c1-0f02b8ca35b3,958906.23,6010563.72,High,81.3
1785823200000,NOISE-E,7be9696e-9ace-4085-a81b-0b04c83955db,959045.15,6010445.49,High,81.9
1785823200000,NOISE-S,b543d03f-a7d0-4faa-8507-0b3e31081e0b,958885.54,6010297.7,Elevated,78.6
1785823200000,NOISE-W,49a1ac8f-b89d-4356-8260-a3e73765a98a,958749.58,6010415.93,High,80.6
1785823200000,NOISE-NR1,5c7eb3a5-3ace-49d5-b023-33009a594311,959160.42,6010678.99,Comfortable,66.3
1785823200000,NOISE-NR2,a7b30385-932d-4325-b84b-ae6bdcc359e3,958613.61,6010191.3,Comfortable,62.6
1785823200000,NOISE-NR3,74469165-c65c-4435-a387-36920379578d,959234.31,6010383.42,Comfortable,66.8
1785823260000,NOISE-N,b291e7be-9f14-44ed-87c1-0f02b8ca35b3,958906.23,6010563.72,High,81.8
1785823260000,NOISE-E,7be9696e-9ace-4085-a81b-0b04c83955db,959045.15,6010445.49,High,82.2
1785823260000,NOISE-S,b543d03f-a7d0-4faa-8507-0b3e31081e0b,958885.54,6010297.7,Elevated,78.8
1785823260000,NOISE-W,49a1ac8f-b89d-4356-8260-a3e73765a98a,958749.58,6010415.93,High,80.6
1785823260000,NOISE-NR1,5c7eb3a5-3ace-49d5-b023-33009a594311,959160.42,6010678.99,Comfortable,66.1
1785823260000,NOISE-NR2,a7b30385-932d-4325-b84b-ae6bdcc359e3,958613.61,6010191.3,Comfortable,62.2
1785823260000,NOISE-NR3,74469165-c65c-4435-a387-36920379578d,959234.31,6010383.42,Comfortable,66.2
1785823320000,NOISE-N,b291e7be-9f14-44ed-87c1-0f02b8ca35b3,958906.23,6010563.72,High,81.8
1785823320000,NOISE-E,7be9696e-9ace-4085-a81b-0b04c83955db,959045.15,6010445.49,High,83
1785823320000,NOISE-S,b543d03f-a7d0-4faa-8507-0b3e31081e0b,958885.54,6010297.7,Elevated,78.8
1785823320000,NOISE-W,49a1ac8f-b89d-4356-8260-a3e73765a98a,958749.58,6010415.93,Elevated,80
1785823320000,NOISE-NR1,5c7eb3a5-3ace-49d5-b023-33009a594311,959160.42,6010678.99,Comfortable,66.8
1785823320000,NOISE-NR2,a7b30385-932d-4325-b84b-ae6bdcc359e3,958613.61,6010191.3,Comfortable,62.7
1785823320000,NOISE-NR3,74469165-c65c-4435-a387-36920379578d,959234.31,6010383.42,Comfortable,65.6
1785823380000,NOISE-N,b291e7be-9f14-44ed-87c1-0f02b8ca35b3,958906.23,6010563.72,High,81.1
1785823380000,NOISE-E,7be9696e-9ace-4085-a81b-0b04c83955db,959045.15,6010445.49,High,83.3
1785823380000,NOISE-S,b543d03f-a7d0-4faa-8507-0b3e31081e0b,958885.54,6010297.7,Elevated,78.4
1785823380000,NOISE-W,49a1ac8f-b89d-4356-8260-a3e73765a98a,958749.58,6010415.93,Elevated,79.9
1785823380000,NOISE-NR1,5c7eb3a5-3ace-49d5-b023-33009a594311,959160.42,6010678.99,Comfortable,67.3
1785823380000,NOISE-NR2,a7b30385-932d-4325-b84b-ae6bdcc359e3,958613.61,6010191.3,Comfortable,63
1785823380000,NOISE-NR3,74469165-c65c-4435-a387-36920379578d,959234.31,6010383.42,Comfortable,66.3
1785823440000,NOISE-N,b291e7be-9f14-44ed-87c1-0f02b8ca35b3,958906.23,6010563.72,High,80.6
1785823440000,NOISE-E,7be9696e-9ace-4085-a81b-0b04c83955db,959045.15,6010445.49,High,84.3
1785823440000,NOISE-S,b543d03f-a7d0-4faa-8507-0b3e31081e0b,958885.54,6010297.7,Elevated,78.7
1785823440000,NOISE-W,49a1ac8f-b89d-4356-8260-a3e73765a98a,958749.58,6010415.93,High,80.3
1785823440000,NOISE-NR1,5c7eb3a5-3ace-49d5-b023-33009a594311,959160.42,6010678.99,Comfortable,67.7
1785823440000,NOISE-NR2,a7b30385-932d-4325-b84b-ae6bdcc359e3,958613.61,6010191.3,Comfortable,62.4
1785823440000,NOISE-NR3,74469165-c65c-4435-a387-36920379578d,959234.31,6010383.42,Comfortable,66.2
1785823500000,NOISE-N,b291e7be-9f14-44ed-87c1-0f02b8ca35b3,958906.23,6010563.72,High,81.4
1785823500000,NOISE-E,7be9696e-9ace-4085-a81b-0b04c83955db,959045.15,6010445.49,High,83.9
1785823500000,NOISE-S,b543d03f-a7d0-4faa-8507-0b3e31081e0b,958885.54,6010297.7,Elevated,79.3
1785823500000,NOISE-W,49a1ac8f-b89d-4356-8260-a3e73765a98a,958749.58,6010415.93,High,80
1785823500000,NOISE-NR1,5c7eb3a5-3ace-49d5-b023-33009a594311,959160.42,6010678.99,Comfortable,67.1
1785823500000,NOISE-NR2,a7b30385-932d-4325-b84b-ae6bdcc359e3,958613.61,6010191.3,Comfortable,62.7
1785823500000,NOISE-NR3,74469165-c65c-4435-a387-36920379578d,959234.31,6010383.42,Comfortable,66.4
1785823560000,NOISE-N,b291e7be-9f14-44ed-87c1-0f02b8ca35b3,958906.23,6010563.72,High,80.9
1785823560000,NOISE-E,7be9696e-9ace-4085-a81b-0b04c83955db,959045.15,6010445.49,High,83.1
1785823560000,NOISE-S,b543d03f-a7d0-4faa-8507-0b3e31081e0b,958885.54,6010297.7,Elevated,79.1
1785823560000,NOISE-W,49a1ac8f-b89d-4356-8260-a3e73765a98a,958749.58,6010415.93,Elevated,79.6
1785823560000,NOISE-NR1,5c7eb3a5-3ace-49d5-b023-33009a594311,959160.42,6010678.99,Comfortable,66
1785823560000,NOISE-NR2,a7b30385-932d-4325-b84b-ae6bdcc359e3,958613.61,6010191.3,Comfortable,62.3
1785823560000,NOISE-NR3,74469165-c65c-4435-a387-36920379578d,959234.31,6010383.42,Comfortable,66.8
1785823620000,NOISE-N,b291e7be-9f14-44ed-87c1-0f02b8ca35b3,958906.23,6010563.72,High,81.6
1785823620000,NOISE-E,7be9696e-9ace-4085-a81b-0b04c83955db,959045.15,6010445.49,High,83.7
1785823620000,NOISE-S,b543d03f-a7d0-4faa-8507-0b3e31081e0b,958885.54,6010297.7,Elevated,78.6
1785823620000,NOISE-W,49a1ac8f-b89d-4356-8260-a3e73765a98a,958749.58,6010415.93,Elevated,79.4
1785823620000,NOISE-NR1,5c7eb3a5-3ace-49d5-b023-33009a594311,959160.42,6010678.99,Comfortable,65.7
1785823620000,NOISE-NR2,a7b30385-932d-4325-b84b-ae6bdcc359e3,958613.61,6010191.3,Comfortable,61.7
1785823620000,NOISE-NR3,74469165-c65c-4435-a387-36920379578d,959234.31,6010383.42,Comfortable,66.9
1785823680000,NOISE-N,b291e7be-9f14-44ed-87c1-0f02b8ca35b3,958906.23,6010563.72,High,82.5
1785823680000,NOISE-E,7be9696e-9ace-4085-a81b-0b04c83955db,959045.15,6010445.49,High,83.1
1785823680000,NOISE-S,b543d03f-a7d0-4faa-8507-0b3e31081e0b,958885.54,6010297.7,Elevated,78.8
1785823680000,NOISE-W,49a1ac8f-b89d-4356-8260-a3e73765a98a,958749.58,6010415.93,Elevated,79.1
1785823680000,NOISE-NR1,5c7eb3a5-3ace-49d5-b023-33009a594311,959160.42,6010678.99,Comfortable,66.4
1785823680000,NOISE-NR2,a7b30385-932d-4325-b84b-ae6bdcc359e3,958613.61,6010191.3,Comfortable,61.5
1785823680000,NOISE-NR3,74469165-c65c-4435-a387-36920379578d,959234.31,6010383.42,Comfortable,66.6
1785823740000,NOISE-N,b291e7be-9f14-44ed-87c1-0f02b8ca35b3,958906.23,6010563.72,High,82
1785823740000,NOISE-E,7be9696e-9ace-4085-a81b-0b04c83955db,959045.15,6010445.49,High,82.6
1785823740000,NOISE-S,b543d03f-a7d0-4faa-8507-0b3e31081e0b,958885.54,6010297.7,Elevated,79.7
1785823740000,NOISE-W,49a1ac8f-b89d-4356-8260-a3e73765a98a,958749.58,6010415.93,Elevated,79.4
1785823740000,NOISE-NR1,5c7eb3a5-3ace-49d5-b023-33009a594311,959160.42,6010678.99,Comfortable,67
1785823740000,NOISE-NR2,a7b30385-932d-4325-b84b-ae6bdcc359e3,958613.61,6010191.3,Comfortable,61.4
1785823740000,NOISE-NR3,74469165-c65c-4435-a387-36920379578d,959234.31,6010383.42,Comfortable,66.5
1785823800000,NOISE-N,b291e7be-9f14-44ed-87c1-0f02b8ca35b3,958906.23,6010563.72,High,81.8
1785823800000,NOISE-E,7be9696e-9ace-4085-a81b-0b04c83955db,959045.15,6010445.49,High,82.3
1785823800000,NOISE-S,b543d03f-a7d0-4faa-8507-0b3e31081e0b,958885.54,6010297.7,Elevated,79.8
1785823800000,NOISE-W,49a1ac8f-b89d-4356-8260-a3e73765a98a,958749.58,6010415.93,High,80
1785823800000,NOISE-NR1,5c7eb3a5-3ace-49d5-b023-33009a594311,959160.42,6010678.99,Comfortable,66.8
1785823800000,NOISE-NR2,a7b30385-932d-4325-b84b-ae6bdcc359e3,958613.61,6010191.3,Comfortable,61.3
1785823800000,NOISE-NR3,74469165-c65c-4435-a387-36920379578d,959234.31,6010383.42,Comfortable,66.8
1785823860000,NOISE-N,b291e7be-9f14-44ed-87c1-0f02b8ca35b3,958906.23,6010563.72,High,81.5
1785823860000,NOISE-E,7be9696e-9ace-4085-a81b-0b04c83955db,959045.15,6010445.49,High,82.6
1785823860000,NOISE-S,b543d03f-a7d0-4faa-8507-0b3e31081e0b,958885.54,6010297.7,High,80.3
1785823860000,NOISE-W,49a1ac8f-b89d-4356-8260-a3e73765a98a,958749.58,6010415.93,Elevated,79.9
1785823860000,NOISE-NR1,5c7eb3a5-3ace-49d5-b023-33009a594311,959160.42,6010678.99,Comfortable,66.6
1785823860000,NOISE-NR2,a7b30385-932d-4325-b84b-ae6bdcc359e3,958613.61,6010191.3,Comfortable,61.9
1785823860000,NOISE-NR3,74469165-c65c-4435-a387-36920379578d,959234.31,6010383.42,Comfortable,66.4
1785823920000,NOISE-N,b291e7be-9f14-44ed-87c1-0f02b8ca35b3,958906.23,6010563.72,High,81
1785823920000,NOISE-E,7be9696e-9ace-4085-a81b-0b04c83955db,959045.15,6010445.49,High,83
1785823920000,NOISE-S,b543d03f-a7d0-4faa-8507-0b3e31081e0b,958885.54,6010297.7,High,80.4
1785823920000,NOISE-W,49a1ac8f-b89d-4356-8260-a3e73765a98a,958749.58,6010415.93,High,80.5
1785823920000,NOISE-NR1,5c7eb3a5-3ace-49d5-b023-33009a594311,959160.42,6010678.99,Comfortable,66.9
1785823920000,NOISE-NR2,a7b30385-932d-4325-b84b-ae6bdcc359e3,958613.61,6010191.3,Comfortable,61.7
1785823920000,NOISE-NR3,74469165-c65c-4435-a387-36920379578d,959234.31,6010383.42,Comfortable,66.2
1785823980000,NOISE-N,b291e7be-9f14-44ed-87c1-0f02b8ca35b3,958906.23,6010563.72,High,81.6
1785823980000,NOISE-E,7be9696e-9ace-4085-a81b-0b04c83955db,959045.15,6010445.49,High,83.8
1785823980000,NOISE-S,b543d03f-a7d0-4faa-8507-0b3e31081e0b,958885.54,6010297.7,High,80.5
1785823980000,NOISE-W,49a1ac8f-b89d-4356-8260-a3e73765a98a,958749.58,6010415.93,High,81.1
1785823980000,NOISE-NR1,5c7eb3a5-3ace-49d5-b023-33009a594311,959160.42,6010678.99,Comfortable,66.3
1785823980000,NOISE-NR2,a7b30385-932d-4325-b84b-ae6bdcc359e3,958613.61,6010191.3,Comfortable,62.6
1785823980000,NOISE-NR3,74469165-c65c-4435-a387-36920379578d,959234.31,6010383.42,Comfortable,66.7
1785824040000,NOISE-N,b291e7be-9f14-44ed-87c1-0f02b8ca35b3,958906.23,6010563.72,High,81.1
1785824040000,NOISE-E,7be9696e-9ace-4085-a81b-0b04c83955db,959045.15,6010445.49,High,84.4
1785824040000,NOISE-S,b543d03f-a7d0-4faa-8507-0b3e31081e0b,958885.54,6010297.7,High,80.2
1785824040000,NOISE-W,49a1ac8f-b89d-4356-8260-a3e73765a98a,958749.58,6010415.93,High,81.5
1785824040000,NOISE-NR1,5c7eb3a5-3ace-49d5-b023-33009a594311,959160.42,6010678.99,Comfortable,65.6
1785824040000,NOISE-NR2,a7b30385-932d-4325-b84b-ae6bdcc359e3,958613.61,6010191.3,Comfortable,62.3
1785824040000,NOISE-NR3,74469165-c65c-4435-a387-36920379578d,959234.31,6010383.42,Comfortable,66.3
1785824100000,NOISE-N,b291e7be-9f14-44ed-87c1-0f02b8ca35b3,958906.23,6010563.72,High,80.5
1785824100000,NOISE-E,7be9696e-9ace-4085-a81b-0b04c83955db,959045.15,6010445.49,High,83.8
1785824100000,NOISE-S,b543d03f-a7d0-4faa-8507-0b3e31081e0b,958885.54,6010297.7,High,80.9
1785824100000,NOISE-W,49a1ac8f-b89d-4356-8260-a3e73765a98a,958749.58,6010415.93,High,81.5
1785824100000,NOISE-NR1,5c7eb3a5-3ace-49d5-b023-33009a594311,959160.42,6010678.99,Comfortable,65.8
1785824100000,NOISE-NR2,a7b30385-932d-4325-b84b-ae6bdcc359e3,958613.61,6010191.3,Comfortable,61.9
1785824100000,NOISE-NR3,74469165-c65c-4435-a387-36920379578d,959234.31,6010383.42,Comfortable,66.4
1785824160000,NOISE-N,b291e7be-9f14-44ed-87c1-0f02b8ca35b3,958906.23,6010563.72,High,81.1
1785824160000,NOISE-E,7be9696e-9ace-4085-a81b-0b04c83955db,959045.15,6010445.49,High,83.9
1785824160000,NOISE-S,b543d03f-a7d0-4faa-8507-0b3e31081e0b,958885.54,6010297.7,High,81.2
1785824160000,NOISE-W,49a1ac8f-b89d-4356-8260-a3e73765a98a,958749.58,6010415.93,High,81.3
1785824160000,NOISE-NR1,5c7eb3a5-3ace-49d5-b023-33009a594311,959160.42,6010678.99,Comfortable,65.9
1785824160000,NOISE-NR2,a7b30385-932d-4325-b84b-ae6bdcc359e3,958613.61,6010191.3,Comfortable,61.5
1785824160000,NOISE-NR3,74469165-c65c-4435-a387-36920379578d,959234.31,6010383.42,Comfortable,65.7
1785824220000,NOISE-N,b291e7be-9f14-44ed-87c1-0f02b8ca35b3,958906.23,6010563.72,High,81.9
1785824220000,NOISE-E,7be9696e-9ace-4085-a81b-0b04c83955db,959045.15,6010445.49,High,83.8
1785824220000,NOISE-S,b543d03f-a7d0-4faa-8507-0b3e31081e0b,958885.54,6010297.7,High,81.7
1785824220000,NOISE-W,49a1ac8f-b89d-4356-8260-a3e73765a98a,958749.58,6010415.93,High,80.7
1785824220000,NOISE-NR1,5c7eb3a5-3ace-49d5-b023-33009a594311,959160.42,6010678.99,Comfortable,66
1785824220000,NOISE-NR2,a7b30385-932d-4325-b84b-ae6bdcc359e3,958613.61,6010191.3,Comfortable,61.8
1785824220000,NOISE-NR3,74469165-c65c-4435-a387-36920379578d,959234.31,6010383.42,Comfortable,65.5
1785824280000,NOISE-N,b291e7be-9f14-44ed-87c1-0f02b8ca35b3,958906.23,6010563.72,High,82.6
1785824280000,NOISE-E,7be9696e-9ace-4085-a81b-0b04c83955db,959045.15,6010445.49,High,83.5
1785824280000,NOISE-S,b543d03f-a7d0-4faa-8507-0b3e31081e0b,958885.54,6010297.7,High,81.9
1785824280000,NOISE-W,49a1ac8f-b89d-4356-8260-a3e73765a98a,958749.58,6010415.93,High,81.4
1785824280000,NOISE-NR1,5c7eb3a5-3ace-49d5-b023-33009a594311,959160.42,6010678.99,Comfortable,65.7
1785824280000,NOISE-NR2,a7b30385-932d-4325-b84b-ae6bdcc359e3,958613.61,6010191.3,Comfortable,61.8
1785824280000,NOISE-NR3,74469165-c65c-4435-a387-36920379578d,959234.31,6010383.42,Comfortable,66.3
1785824340000,NOISE-N,b291e7be-9f14-44ed-87c1-0f02b8ca35b3,958906.23,6010563.72,High,83
1785824340000,NOISE-E,7be9696e-9ace-4085-a81b-0b04c83955db,959045.15,6010445.49,High,83.7
1785824340000,NOISE-S,b543d03f-a7d0-4faa-8507-0b3e31081e0b,958885.54,6010297.7,High,81.3
1785824340000,NOISE-W,49a1ac8f-b89d-4356-8260-a3e73765a98a,958749.58,6010415.93,High,80.7
1785824340000,NOISE-NR1,5c7eb3a5-3ace-49d5-b023-33009a594311,959160.42,6010678.99,Comfortable,65.3
1785824340000,NOISE-NR2,a7b30385-932d-4325-b84b-ae6bdcc359e3,958613.61,6010191.3,Comfortable,61.7
1785824340000,NOISE-NR3,74469165-c65c-4435-a387-36920379578d,959234.31,6010383.42,Comfortable,66.3
1785824400000,NOISE-N,b291e7be-9f14-44ed-87c1-0f02b8ca35b3,958906.23,6010563.72,High,83.4
1785824400000,NOISE-E,7be9696e-9ace-4085-a81b-0b04c83955db,959045.15,6010445.49,High,83.8
1785824400000,NOISE-S,b543d03f-a7d0-4faa-8507-0b3e31081e0b,958885.54,6010297.7,High,81.3
1785824400000,NOISE-W,49a1ac8f-b89d-4356-8260-a3e73765a98a,958749.58,6010415.93,High,81.1
1785824400000,NOISE-NR1,5c7eb3a5-3ace-49d5-b023-33009a594311,959160.42,6010678.99,Comfortable,65.2
1785824400000,NOISE-NR2,a7b30385-932d-4325-b84b-ae6bdcc359e3,958613.61,6010191.3,Comfortable,61.4
1785824400000,NOISE-NR3,74469165-c65c-4435-a387-36920379578d,959234.31,6010383.42,Comfortable,66.7
1785824460000,NOISE-N,b291e7be-9f14-44ed-87c1-0f02b8ca35b3,958906.23,6010563.72,High,83
1785824460000,NOISE-E,7be9696e-9ace-4085-a81b-0b04c83955db,959045.15,6010445.49,High,84.5
1785824460000,NOISE-S,b543d03f-a7d0-4faa-8507-0b3e31081e0b,958885.54,6010297.7,High,81.6
1785824460000,NOISE-W,49a1ac8f-b89d-4356-8260-a3e73765a98a,958749.58,6010415.93,High,80.4
1785824460000,NOISE-NR1,5c7eb3a5-3ace-49d5-b023-33009a594311,959160.42,6010678.99,Comfortable,66
1785824460000,NOISE-NR2,a7b30385-932d-4325-b84b-ae6bdcc359e3,958613.61,6010191.3,Comfortable,61.6
1785824460000,NOISE-NR3,74469165-c65c-4435-a387-36920379578d,959234.31,6010383.42,Comfortable,66.8
1785824520000,NOISE-N,b291e7be-9f14-44ed-87c1-0f02b8ca35b3,958906.23,6010563.72,High,83.1
1785824520000,NOISE-E,7be9696e-9ace-4085-a81b-0b04c83955db,959045.15,6010445.49,High,84
1785824520000,NOISE-S,b543d03f-a7d0-4faa-8507-0b3e31081e0b,958885.54,6010297.7,High,81.8
1785824520000,NOISE-W,49a1ac8f-b89d-4356-8260-a3e73765a98a,958749.58,6010415.93,High,80.5
1785824520000,NOISE-NR1,5c7eb3a5-3ace-49d5-b023-33009a594311,959160.42,6010678.99,Comfortable,66.6
1785824520000,NOISE-NR2,a7b30385-932d-4325-b84b-ae6bdcc359e3,958613.61,6010191.3,Comfortable,61.8
1785824520000,NOISE-NR3,74469165-c65c-4435-a387-36920379578d,959234.31,6010383.42,Comfortable,66.6
1785824580000,NOISE-N,b291e7be-9f14-44ed-87c1-0f02b8ca35b3,958906.23,6010563.72,High,83
1785824580000,NOISE-E,7be9696e-9ace-4085-a81b-0b04c83955db,959045.15,6010445.49,High,83.4
1785824580000,NOISE-S,b543d03f-a7d0-4faa-8507-0b3e31081e0b,958885.54,6010297.7,High,80.7
1785824580000,NOISE-W,49a1ac8f-b89d-4356-8260-a3e73765a98a,958749.58,6010415.93,High,81.4
1785824580000,NOISE-NR1,5c7eb3a5-3ace-49d5-b023-33009a594311,959160.42,6010678.99,Comfortable,67.2
1785824580000,NOISE-NR2,a7b30385-932d-4325-b84b-ae6bdcc359e3,958613.61,6010191.3,Comfortable,61.5
1785824580000,NOISE-NR3,74469165-c65c-4435-a387-36920379578d,959234.31,6010383.42,Comfortable,66.8
1785824640000,NOISE-N,b291e7be-9f14-44ed-87c1-0f02b8ca35b3,958906.23,6010563.72,High,83.2
1785824640000,NOISE-E,7be9696e-9ace-4085-a81b-0b04c83955db,959045.15,6010445.49,High,83.5
1785824640000,NOISE-S,b543d03f-a7d0-4faa-8507-0b3e31081e0b,958885.54,6010297.7,High,80.3
1785824640000,NOISE-W,49a1ac8f-b89d-4356-8260-a3e73765a98a,958749.58,6010415.93,High,80.9
1785824640000,NOISE-NR1,5c7eb3a5-3ace-49d5-b023-33009a594311,959160.42,6010678.99,Comfortable,66.3
1785824640000,NOISE-NR2,a7b30385-932d-4325-b84b-ae6bdcc359e3,958613.61,6010191.3,Comfortable,61.6
1785824640000,NOISE-NR3,74469165-c65c-4435-a387-36920379578d,959234.31,6010383.42,Comfortable,66.3
1785824700000,NOISE-N,b291e7be-9f14-44ed-87c1-0f02b8ca35b3,958906.23,6010563.72,High,83.3
1785824700000,NOISE-E,7be9696e-9ace-4085-a81b-0b04c83955db,959045.15,6010445.49,High,83.7
1785824700000,NOISE-S,b543d03f-a7d0-4faa-8507-0b3e31081e0b,958885.54,6010297.7,High,80.6
1785824700000,NOISE-W,49a1ac8f-b89d-4356-8260-a3e73765a98a,958749.58,6010415.93,High,80.6
1785824700000,NOISE-NR1,5c7eb3a5-3ace-49d5-b023-33009a594311,959160.42,6010678.99,Comfortable,67
1785824700000,NOISE-NR2,a7b30385-932d-4325-b84b-ae6bdcc359e3,958613.61,6010191.3,Comfortable,61.3
1785824700000,NOISE-NR3,74469165-c65c-4435-a387-36920379578d,959234.31,6010383.42,Comfortable,66.5
1785824760000,NOISE-N,b291e7be-9f14-44ed-87c1-0f02b8ca35b3,958906.23,6010563.72,High,82.9
1785824760000,NOISE-E,7be9696e-9ace-4085-a81b-0b04c83955db,959045.15,6010445.49,High,83
1785824760000,NOISE-S,b543d03f-a7d0-4faa-8507-0b3e31081e0b,958885.54,6010297.7,High,80.5
1785824760000,NOISE-W,49a1ac8f-b89d-4356-8260-a3e73765a98a,958749.58,6010415.93,High,80.1
1785824760000,NOISE-NR1,5c7eb3a5-3ace-49d5-b023-33009a594311,959160.42,6010678.99,Comfortable,66.6
1785824760000,NOISE-NR2,a7b30385-932d-4325-b84b-ae6bdcc359e3,958613.61,6010191.3,Comfortable,62.4
1785824760000,NOISE-NR3,74469165-c65c-4435-a387-36920379578d,959234.31,6010383.42,Comfortable,65.9
1785824820000,NOISE-N,b291e7be-9f14-44ed-87c1-0f02b8ca35b3,958906.23,6010563.72,High,82.2
1785824820000,NOISE-E,7be9696e-9ace-4085-a81b-0b04c83955db,959045.15,6010445.49,High,83.9
1785824820000,NOISE-S,b543d03f-a7d0-4faa-8507-0b3e31081e0b,958885.54,6010297.7,Elevated,79.9
1785824820000,NOISE-W,49a1ac8f-b89d-4356-8260-a3e73765a98a,958749.58,6010415.93,Elevated,79.6
1785824820000,NOISE-NR1,5c7eb3a5-3ace-49d5-b023-33009a594311,959160.42,6010678.99,Comfortable,66.1
1785824820000,NOISE-NR2,a7b30385-932d-4325-b84b-ae6bdcc359e3,958613.61,6010191.3,Comfortable,62.6
1785824820000,NOISE-NR3,74469165-c65c-4435-a387-36920379578d,959234.31,6010383.42,Comfortable,66.2
1785824880000,NOISE-N,b291e7be-9f14-44ed-87c1-0f02b8ca35b3,958906.23,6010563.72,High,81.8
1785824880000,NOISE-E,7be9696e-9ace-4085-a81b-0b04c83955db,959045.15,6010445.49,High,83.3
1785824880000,NOISE-S,b543d03f-a7d0-4faa-8507-0b3e31081e0b,958885.54,6010297.7,High,80.4
1785824880000,NOISE-W,49a1ac8f-b89d-4356-8260-a3e73765a98a,958749.58,6010415.93,High,80.2
1785824880000,NOISE-NR1,5c7eb3a5-3ace-49d5-b023-33009a594311,959160.42,6010678.99,Comfortable,66.2
1785824880000,NOISE-NR2,a7b30385-932d-4325-b84b-ae6bdcc359e3,958613.61,6010191.3,Comfortable,62.7
1785824880000,NOISE-NR3,74469165-c65c-4435-a387-36920379578d,959234.31,6010383.42,Comfortable,67.1
1785824940000,NOISE-N,b291e7be-9f14-44ed-87c1-0f02b8ca35b3,958906.23,6010563.72,High,81
1785824940000,NOISE-E,7be9696e-9ace-4085-a81b-0b04c83955db,959045.15,6010445.49,High,83
1785824940000,NOISE-S,b543d03f-a7d0-4faa-8507-0b3e31081e0b,958885.54,6010297.7,Elevated,79.6
1785824940000,NOISE-W,49a1ac8f-b89d-4356-8260-a3e73765a98a,958749.58,6010415.93,High,80.7
1785824940000,NOISE-NR1,5c7eb3a5-3ace-49d5-b023-33009a594311,959160.42,6010678.99,Comfortable,65.4
1785824940000,NOISE-NR2,a7b30385-932d-4325-b84b-ae6bdcc359e3,958613.61,6010191.3,Comfortable,62.4
1785824940000,NOISE-NR3,74469165-c65c-4435-a387-36920379578d,959234.31,6010383.42,Comfortable,66.5
1785825000000,NOISE-N,b291e7be-9f14-44ed-87c1-0f02b8ca35b3,958906.23,6010563.72,High,80.6
1785825000000,NOISE-E,7be9696e-9ace-4085-a81b-0b04c83955db,959045.15,6010445.49,High,83.2
1785825000000,NOISE-S,b543d03f-a7d0-4faa-8507-0b3e31081e0b,958885.54,6010297.7,Elevated,79.1
1785825000000,NOISE-W,49a1ac8f-b89d-4356-8260-a3e73765a98a,958749.58,6010415.93,High,81.1
1785825000000,NOISE-NR1,5c7eb3a5-3ace-49d5-b023-33009a594311,959160.42,6010678.99,Comfortable,66
1785825000000,NOISE-NR2,a7b30385-932d-4325-b84b-ae6bdcc359e3,958613.61,6010191.3,Comfortable,62.3
1785825000000,NOISE-NR3,74469165-c65c-4435-a387-36920379578d,959234.31,6010383.42,Comfortable,66.9
1785825060000,NOISE-N,b291e7be-9f14-44ed-87c1-0f02b8ca35b3,958906.23,6010563.72,High,80.3
1785825060000,NOISE-E,7be9696e-9ace-4085-a81b-0b04c83955db,959045.15,6010445.49,High,83.6
1785825060000,NOISE-S,b543d03f-a7d0-4faa-8507-0b3e31081e0b,958885.54,6010297.7,Elevated,79.8
1785825060000,NOISE-W,49a1ac8f-b89d-4356-8260-a3e73765a98a,958749.58,6010415.93,High,81.2
1785825060000,NOISE-NR1,5c7eb3a5-3ace-49d5-b023-33009a594311,959160.42,6010678.99,Comfortable,65.5
1785825060000,NOISE-NR2,a7b30385-932d-4325-b84b-ae6bdcc359e3,958613.61,6010191.3,Comfortable,62.4
1785825060000,NOISE-NR3,74469165-c65c-4435-a387-36920379578d,959234.31,6010383.42,Comfortable,67.7
1785825120000,NOISE-N,b291e7be-9f14-44ed-87c1-0f02b8ca35b3,958906.23,6010563.72,High,81.1
1785825120000,NOISE-E,7be9696e-9ace-4085-a81b-0b04c83955db,959045.15,6010445.49,High,84.3
1785825120000,NOISE-S,b543d03f-a7d0-4faa-8507-0b3e31081e0b,958885.54,6010297.7,Elevated,79.7
1785825120000,NOISE-W,49a1ac8f-b89d-4356-8260-a3e73765a98a,958749.58,6010415.93,High,81
1785825120000,NOISE-NR1,5c7eb3a5-3ace-49d5-b023-33009a594311,959160.42,6010678.99,Comfortable,65.7
1785825120000,NOISE-NR2,a7b30385-932d-4325-b84b-ae6bdcc359e3,958613.61,6010191.3,Comfortable,63.1
1785825120000,NOISE-NR3,74469165-c65c-4435-a387-36920379578d,959234.31,6010383.42,Comfortable,67.7
1785825180000,NOISE-N,b291e7be-9f14-44ed-87c1-0f02b8ca35b3,958906.23,6010563.72,High,82
1785825180000,NOISE-E,7be9696e-9ace-4085-a81b-0b04c83955db,959045.15,6010445.49,High,84.9
1785825180000,NOISE-S,b543d03f-a7d0-4faa-8507-0b3e31081e0b,958885.54,6010297.7,High,80.5
1785825180000,NOISE-W,49a1ac8f-b89d-4356-8260-a3e73765a98a,958749.58,6010415.93,High,81.8
1785825180000,NOISE-NR1,5c7eb3a5-3ace-49d5-b023-33009a594311,959160.42,6010678.99,Comfortable,65.9
1785825180000,NOISE-NR2,a7b30385-932d-4325-b84b-ae6bdcc359e3,958613.61,6010191.3,Comfortable,63.6
1785825180000,NOISE-NR3,74469165-c65c-4435-a387-36920379578d,959234.31,6010383.42,Comfortable,67.7
1785825240000,NOISE-N,b291e7be-9f14-44ed-87c1-0f02b8ca35b3,958906.23,6010563.72,High,81.3
1785825240000,NOISE-E,7be9696e-9ace-4085-a81b-0b04c83955db,959045.15,6010445.49,High,84.8
1785825240000,NOISE-S,b543d03f-a7d0-4faa-8507-0b3e31081e0b,958885.54,6010297.7,High,80.1
1785825240000,NOISE-W,49a1ac8f-b89d-4356-8260-a3e73765a98a,958749.58,6010415.93,High,81.7
1785825240000,NOISE-NR1,5c7eb3a5-3ace-49d5-b023-33009a594311,959160.42,6010678.99,Comfortable,65.6
1785825240000,NOISE-NR2,a7b30385-932d-4325-b84b-ae6bdcc359e3,958613.61,6010191.3,Comfortable,63.6
1785825240000,NOISE-NR3,74469165-c65c-4435-a387-36920379578d,959234.31,6010383.42,Comfortable,67.2
1785825300000,NOISE-N,b291e7be-9f14-44ed-87c1-0f02b8ca35b3,958906.23,6010563.72,High,81.5
1785825300000,NOISE-E,7be9696e-9ace-4085-a81b-0b04c83955db,959045.15,6010445.49,High,83.8
1785825300000,NOISE-S,b543d03f-a7d0-4faa-8507-0b3e31081e0b,958885.54,6010297.7,High,80.2
1785825300000,NOISE-W,49a1ac8f-b89d-4356-8260-a3e73765a98a,958749.58,6010415.93,High,82
1785825300000,NOISE-NR1,5c7eb3a5-3ace-49d5-b023-33009a594311,959160.42,6010678.99,Comfortable,66
1785825300000,NOISE-NR2,a7b30385-932d-4325-b84b-ae6bdcc359e3,958613.61,6010191.3,Comfortable,64.1
1785825300000,NOISE-NR3,74469165-c65c-4435-a387-36920379578d,959234.31,6010383.42,Comfortable,66.6
1785825360000,NOISE-N,b291e7be-9f14-44ed-87c1-0f02b8ca35b3,958906.23,6010563.72,High,81.4
1785825360000,NOISE-E,7be9696e-9ace-4085-a81b-0b04c83955db,959045.15,6010445.49,High,84.5
1785825360000,NOISE-S,b543d03f-a7d0-4faa-8507-0b3e31081e0b,958885.54,6010297.7,High,80.3
1785825360000,NOISE-W,49a1ac8f-b89d-4356-8260-a3e73765a98a,958749.58,6010415.93,High,81.7
1785825360000,NOISE-NR1,5c7eb3a5-3ace-49d5-b023-33009a594311,959160.42,6010678.99,Comfortable,66.6
1785825360000,NOISE-NR2,a7b30385-932d-4325-b84b-ae6bdcc359e3,958613.61,6010191.3,Comfortable,64.1
1785825360000,NOISE-NR3,74469165-c65c-4435-a387-36920379578d,959234.31,6010383.42,Comfortable,66.2
1785825420000,NOISE-N,b291e7be-9f14-44ed-87c1-0f02b8ca35b3,958906.23,6010563.72,High,82
1785825420000,NOISE-E,7be9696e-9ace-4085-a81b-0b04c83955db,959045.15,6010445.49,High,83.7
1785825420000,NOISE-S,b543d03f-a7d0-4faa-8507-0b3e31081e0b,958885.54,6010297.7,High,80.8
1785825420000,NOISE-W,49a1ac8f-b89d-4356-8260-a3e73765a98a,958749.58,6010415.93,High,81.2
1785825420000,NOISE-NR1,5c7eb3a5-3ace-49d5-b023-33009a594311,959160.42,6010678.99,Comfortable,65.8
1785825420000,NOISE-NR2,a7b30385-932d-4325-b84b-ae6bdcc359e3,958613.61,6010191.3,Comfortable,63.2
1785825420000,NOISE-NR3,74469165-c65c-4435-a387-36920379578d,959234.31,6010383.42,Comfortable,66.2
1785825480000,NOISE-N,b291e7be-9f14-44ed-87c1-0f02b8ca35b3,958906.23,6010563.72,High,82.3
1785825480000,NOISE-E,7be9696e-9ace-4085-a81b-0b04c83955db,959045.15,6010445.49,High,83.5
1785825480000,NOISE-S,b543d03f-a7d0-4faa-8507-0b3e31081e0b,958885.54,6010297.7,High,81
1785825480000,NOISE-W,49a1ac8f-b89d-4356-8260-a3e73765a98a,958749.58,6010415.93,High,80.4
1785825480000,NOISE-NR1,5c7eb3a5-3ace-49d5-b023-33009a594311,959160.42,6010678.99,Comfortable,65.3
1785825480000,NOISE-NR2,a7b30385-932d-4325-b84b-ae6bdcc359e3,958613.61,6010191.3,Comfortable,62.4
1785825480000,NOISE-NR3,74469165-c65c-4435-a387-36920379578d,959234.31,6010383.42,Comfortable,66.2
1785825540000,NOISE-N,b291e7be-9f14-44ed-87c1-0f02b8ca35b3,958906.23,6010563.72,High,81.9
1785825540000,NOISE-E,7be9696e-9ace-4085-a81b-0b04c83955db,959045.15,6010445.49,High,82.9
1785825540000,NOISE-S,b543d03f-a7d0-4faa-8507-0b3e31081e0b,958885.54,6010297.7,High,80.8
1785825540000,NOISE-W,49a1ac8f-b89d-4356-8260-a3e73765a98a,958749.58,6010415.93,High,80.9
1785825540000,NOISE-NR1,5c7eb3a5-3ace-49d5-b023-33009a594311,959160.42,6010678.99,Comfortable,65.4
1785825540000,NOISE-NR2,a7b30385-932d-4325-b84b-ae6bdcc359e3,958613.61,6010191.3,Comfortable,62.1
1785825540000,NOISE-NR3,74469165-c65c-4435-a387-36920379578d,959234.31,6010383.42,Comfortable,67.1
1785825600000,NOISE-N,b291e7be-9f14-44ed-87c1-0f02b8ca35b3,958906.23,6010563.72,High,81.6
1785825600000,NOISE-E,7be9696e-9ace-4085-a81b-0b04c83955db,959045.15,6010445.49,High,83.5
1785825600000,NOISE-S,b543d03f-a7d0-4faa-8507-0b3e31081e0b,958885.54,6010297.7,High,80.9
1785825600000,NOISE-W,49a1ac8f-b89d-4356-8260-a3e73765a98a,958749.58,6010415.93,High,81.5
1785825600000,NOISE-NR1,5c7eb3a5-3ace-49d5-b023-33009a594311,959160.42,6010678.99,Comfortable,65.5
1785825600000,NOISE-NR2,a7b30385-932d-4325-b84b-ae6bdcc359e3,958613.61,6010191.3,Comfortable,62
1785825600000,NOISE-NR3,74469165-c65c-4435-a387-36920379578d,959234.31,6010383.42,Comfortable,66.5
1785825660000,NOISE-N,b291e7be-9f14-44ed-87c1-0f02b8ca35b3,958906.23,6010563.72,High,81.8
1785825660000,NOISE-E,7be9696e-9ace-4085-a81b-0b04c83955db,959045.15,6010445.49,High,84.2
1785825660000,NOISE-S,b543d03f-a7d0-4faa-8507-0b3e31081e0b,958885.54,6010297.7,High,80.2
1785825660000,NOISE-W,49a1ac8f-b89d-4356-8260-a3e73765a98a,958749.58,6010415.93,High,81.7
1785825660000,NOISE-NR1,5c7eb3a5-3ace-49d5-b023-33009a594311,959160.42,6010678.99,Comfortable,66.3
1785825660000,NOISE-NR2,a7b30385-932d-4325-b84b-ae6bdcc359e3,958613.61,6010191.3,Comfortable,63.1
1785825660000,NOISE-NR3,74469165-c65c-4435-a387-36920379578d,959234.31,6010383.42,Comfortable,67.4
1785825720000,NOISE-N,b291e7be-9f14-44ed-87c1-0f02b8ca35b3,958906.23,6010563.72,High,82.6
1785825720000,NOISE-E,7be9696e-9ace-4085-a81b-0b04c83955db,959045.15,6010445.49,High,84.6
1785825720000,NOISE-S,b543d03f-a7d0-4faa-8507-0b3e31081e0b,958885.54,6010297.7,High,80.7
1785825720000,NOISE-W,49a1ac8f-b89d-4356-8260-a3e73765a98a,958749.58,6010415.93,High,82.1
1785825720000,NOISE-NR1,5c7eb3a5-3ace-49d5-b023-33009a594311,959160.42,6010678.99,Comfortable,66.7
1785825720000,NOISE-NR2,a7b30385-932d-4325-b84b-ae6bdcc359e3,958613.61,6010191.3,Comfortable,62.8
1785825720000,NOISE-NR3,74469165-c65c-4435-a387-36920379578d,959234.31,6010383.42,Comfortable,67.8
1785825780000,NOISE-N,b291e7be-9f14-44ed-87c1-0f02b8ca35b3,958906.23,6010563.72,High,82.1
1785825780000,NOISE-E,7be9696e-9ace-4085-a81b-0b04c83955db,959045.15,6010445.49,High,84.7
1785825780000,NOISE-S,b543d03f-a7d0-4faa-8507-0b3e31081e0b,958885.54,6010297.7,High,80.6
1785825780000,NOISE-W,49a1ac8f-b89d-4356-8260-a3e73765a98a,958749.58,6010415.93,High,81.8
1785825780000,NOISE-NR1,5c7eb3a5-3ace-49d5-b023-33009a594311,959160.42,6010678.99,Comfortable,65.8
1785825780000,NOISE-NR2,a7b30385-932d-4325-b84b-ae6bdcc359e3,958613.61,6010191.3,Comfortable,62.7
1785825780000,NOISE-NR3,74469165-c65c-4435-a387-36920379578d,959234.31,6010383.42,Comfortable,68.2
1785825840000,NOISE-N,b291e7be-9f14-44ed-87c1-0f02b8ca35b3,958906.23,6010563.72,High,82.7
1785825840000,NOISE-E,7be9696e-9ace-4085-a81b-0b04c83955db,959045.15,6010445.49,High,84.8
1785825840000,NOISE-S,b543d03f-a7d0-4faa-8507-0b3e31081e0b,958885.54,6010297.7,Elevated,79.8
1785825840000,NOISE-W,49a1ac8f-b89d-4356-8260-a3e73765a98a,958749.58,6010415.93,High,81.8
1785825840000,NOISE-NR1,5c7eb3a5-3ace-49d5-b023-33009a594311,959160.42,6010678.99,Comfortable,65.6
1785825840000,NOISE-NR2,a7b30385-932d-4325-b84b-ae6bdcc359e3,958613.61,6010191.3,Comfortable,63.5
1785825840000,NOISE-NR3,74469165-c65c-4435-a387-36920379578d,959234.31,6010383.42,Comfortable,68.5
1785825900000,NOISE-N,b291e7be-9f14-44ed-87c1-0f02b8ca35b3,958906.23,6010563.72,High,82.1
1785825900000,NOISE-E,7be9696e-9ace-4085-a81b-0b04c83955db,959045.15,6010445.49,High,84.2
1785825900000,NOISE-S,b543d03f-a7d0-4faa-8507-0b3e31081e0b,958885.54,6010297.7,Elevated,79.6
1785825900000,NOISE-W,49a1ac8f-b89d-4356-8260-a3e73765a98a,958749.58,6010415.93,High,81.3
1785825900000,NOISE-NR1,5c7eb3a5-3ace-49d5-b023-33009a594311,959160.42,6010678.99,Comfortable,65.4
1785825900000,NOISE-NR2,a7b30385-932d-4325-b84b-ae6bdcc359e3,958613.61,6010191.3,Comfortable,63.6
1785825900000,NOISE-NR3,74469165-c65c-4435-a387-36920379578d,959234.31,6010383.42,Comfortable,67.8
1785825960000,NOISE-N,b291e7be-9f14-44ed-87c1-0f02b8ca35b3,958906.23,6010563.72,High,82.7
1785825960000,NOISE-E,7be9696e-9ace-4085-a81b-0b04c83955db,959045.15,6010445.49,High,84.1
1785825960000,NOISE-S,b543d03f-a7d0-4faa-8507-0b3e31081e0b,958885.54,6010297.7,Elevated,79.1
1785825960000,NOISE-W,49a1ac8f-b89d-4356-8260-a3e73765a98a,958749.58,6010415.93,High,81.5
1785825960000,NOISE-NR1,5c7eb3a5-3ace-49d5-b023-33009a594311,959160.42,6010678.99,Comfortable,65
1785825960000,NOISE-NR2,a7b30385-932d-4325-b84b-ae6bdcc359e3,958613.61,6010191.3,Comfortable,62.9
1785825960000,NOISE-NR3,74469165-c65c-4435-a387-36920379578d,959234.31,6010383.42,Comfortable,67.4
1785826020000,NOISE-N,b291e7be-9f14-44ed-87c1-0f02b8ca35b3,958906.23,6010563.72,High,83.4
1785826020000,NOISE-E,7be9696e-9ace-4085-a81b-0b04c83955db,959045.15,6010445.49,High,83.9
1785826020000,NOISE-S,b543d03f-a7d0-4faa-8507-0b3e31081e0b,958885.54,6010297.7,Elevated,78.6
1785826020000,NOISE-W,49a1ac8f-b89d-4356-8260-a3e73765a98a,958749.58,6010415.93,High,82
1785826020000,NOISE-NR1,5c7eb3a5-3ace-49d5-b023-33009a594311,959160.42,6010678.99,Comfortable,65.3
1785826020000,NOISE-NR2,a7b30385-932d-4325-b84b-ae6bdcc359e3,958613.61,6010191.3,Comfortable,62.9
1785826020000,NOISE-NR3,74469165-c65c-4435-a387-36920379578d,959234.31,6010383.42,Comfortable,67.9
1785826080000,NOISE-N,b291e7be-9f14-44ed-87c1-0f02b8ca35b3,958906.23,6010563.72,High,82.4
1785826080000,NOISE-E,7be9696e-9ace-4085-a81b-0b04c83955db,959045.15,6010445.49,High,83.7
1785826080000,NOISE-S,b543d03f-a7d0-4faa-8507-0b3e31081e0b,958885.54,6010297.7,Elevated,78.9
1785826080000,NOISE-W,49a1ac8f-b89d-4356-8260-a3e73765a98a,958749.58,6010415.93,High,81.5
1785826080000,NOISE-NR1,5c7eb3a5-3ace-49d5-b023-33009a594311,959160.42,6010678.99,Comfortable,66
1785826080000,NOISE-NR2,a7b30385-932d-4325-b84b-ae6bdcc359e3,958613.61,6010191.3,Comfortable,63.5
1785826080000,NOISE-NR3,74469165-c65c-4435-a387-36920379578d,959234.31,6010383.42,Comfortable,67.3
1785826140000,NOISE-N,b291e7be-9f14-44ed-87c1-0f02b8ca35b3,958906.23,6010563.72,High,83
1785826140000,NOISE-E,7be9696e-9ace-4085-a81b-0b04c83955db,959045.15,6010445.49,High,84
1785826140000,NOISE-S,b543d03f-a7d0-4faa-8507-0b3e31081e0b,958885.54,6010297.7,Elevated,79.8
1785826140000,NOISE-W,49a1ac8f-b89d-4356-8260-a3e73765a98a,958749.58,6010415.93,High,81.8
1785826140000,NOISE-NR1,5c7eb3a5-3ace-49d5-b023-33009a594311,959160.42,6010678.99,Comfortable,66.6
1785826140000,NOISE-NR2,a7b30385-932d-4325-b84b-ae6bdcc359e3,958613.61,6010191.3,Comfortable,62.9
1785826140000,NOISE-NR3,74469165-c65c-4435-a387-36920379578d,959234.31,6010383.42,Comfortable,67.3
1785826200000,NOISE-N,b291e7be-9f14-44ed-87c1-0f02b8ca35b3,958906.23,6010563.72,High,82.3
1785826200000,NOISE-E,7be9696e-9ace-4085-a81b-0b04c83955db,959045.15,6010445.49,High,84.2
1785826200000,NOISE-S,b543d03f-a7d0-4faa-8507-0b3e31081e0b,958885.54,6010297.7,Elevated,79.7
1785826200000,NOISE-W,49a1ac8f-b89d-4356-8260-a3e73765a98a,958749.58,6010415.93,High,82
1785826200000,NOISE-NR1,5c7eb3a5-3ace-49d5-b023-33009a594311,959160.42,6010678.99,Comfortable,66.3
1785826200000,NOISE-NR2,a7b30385-932d-4325-b84b-ae6bdcc359e3,958613.61,6010191.3,Comfortable,63.6
1785826200000,NOISE-NR3,74469165-c65c-4435-a387-36920379578d,959234.31,6010383.42,Comfortable,67.9
1785826260000,NOISE-N,b291e7be-9f14-44ed-87c1-0f02b8ca35b3,958906.23,6010563.72,High,82.5
1785826260000,NOISE-E,7be9696e-9ace-4085-a81b-0b04c83955db,959045.15,6010445.49,High,84.3
1785826260000,NOISE-S,b543d03f-a7d0-4faa-8507-0b3e31081e0b,958885.54,6010297.7,High,80.2
1785826260000,NOISE-W,49a1ac8f-b89d-4356-8260-a3e73765a98a,958749.58,6010415.93,High,81.2
1785826260000,NOISE-NR1,5c7eb3a5-3ace-49d5-b023-33009a594311,959160.42,6010678.99,Comfortable,66.2
1785826260000,NOISE-NR2,a7b30385-932d-4325-b84b-ae6bdcc359e3,958613.61,6010191.3,Comfortable,63.1
1785826260000,NOISE-NR3,74469165-c65c-4435-a387-36920379578d,959234.31,6010383.42,Comfortable,67.3
1785826320000,NOISE-N,b291e7be-9f14-44ed-87c1-0f02b8ca35b3,958906.23,6010563.72,High,83.1
1785826320000,NOISE-E,7be9696e-9ace-4085-a81b-0b04c83955db,959045.15,6010445.49,High,83.6
1785826320000,NOISE-S,b543d03f-a7d0-4faa-8507-0b3e31081e0b,958885.54,6010297.7,High,80.3
1785826320000,NOISE-W,49a1ac8f-b89d-4356-8260-a3e73765a98a,958749.58,6010415.93,High,81.3
1785826320000,NOISE-NR1,5c7eb3a5-3ace-49d5-b023-33009a594311,959160.42,6010678.99,Comfortable,65.6
1785826320000,NOISE-NR2,a7b30385-932d-4325-b84b-ae6bdcc359e3,958613.61,6010191.3,Comfortable,62.3
1785826320000,NOISE-NR3,74469165-c65c-4435-a387-36920379578d,959234.31,6010383.42,Comfortable,66.8
1785826380000,NOISE-N,b291e7be-9f14-44ed-87c1-0f02b8ca35b3,958906.23,6010563.72,High,82.1
1785826380000,NOISE-E,7be9696e-9ace-4085-a81b-0b04c83955db,959045.15,6010445.49,High,83.6
1785826380000,NOISE-S,b543d03f-a7d0-4faa-8507-0b3e31081e0b,958885.54,6010297.7,High,80.1
1785826380000,NOISE-W,49a1ac8f-b89d-4356-8260-a3e73765a98a,958749.58,6010415.93,High,81.4
1785826380000,NOISE-NR1,5c7eb3a5-3ace-49d5-b023-33009a594311,959160.42,6010678.99,Comfortable,65.2
1785826380000,NOISE-NR2,a7b30385-932d-4325-b84b-ae6bdcc359e3,958613.61,6010191.3,Comfortable,62.4
1785826380000,NOISE-NR3,74469165-c65c-4435-a387-36920379578d,959234.31,6010383.42,Comfortable,66.3
1785826440000,NOISE-N,b291e7be-9f14-44ed-87c1-0f02b8ca35b3,958906.23,6010563.72,High,82.7
1785826440000,NOISE-E,7be9696e-9ace-4085-a81b-0b04c83955db,959045.15,6010445.49,High,83.2
1785826440000,NOISE-S,b543d03f-a7d0-4faa-8507-0b3e31081e0b,958885.54,6010297.7,High,80.1
1785826440000,NOISE-W,49a1ac8f-b89d-4356-8260-a3e73765a98a,958749.58,6010415.93,High,81.1
1785826440000,NOISE-NR1,5c7eb3a5-3ace-49d5-b023-33009a594311,959160.42,6010678.99,Comfortable,64.8
1785826440000,NOISE-NR2,a7b30385-932d-4325-b84b-ae6bdcc359e3,958613.61,6010191.3,Comfortable,61.9
1785826440000,NOISE-NR3,74469165-c65c-4435-a387-36920379578d,959234.31,6010383.42,Comfortable,67.1
1785826500000,NOISE-N,b291e7be-9f14-44ed-87c1-0f02b8ca35b3,958906.23,6010563.72,High,82.8
1785826500000,NOISE-E,7be9696e-9ace-4085-a81b-0b04c83955db,959045.15,6010445.49,High,83.8
1785826500000,NOISE-S,b543d03f-a7d0-4faa-8507-0b3e31081e0b,958885.54,6010297.7,Elevated,79.7
1785826500000,NOISE-W,49a1ac8f-b89d-4356-8260-a3e73765a98a,958749.58,6010415.93,High,81.2
1785826500000,NOISE-NR1,5c7eb3a5-3ace-49d5-b023-33009a594311,959160.42,6010678.99,Comfortable,64.8
1785826500000,NOISE-NR2,a7b30385-932d-4325-b84b-ae6bdcc359e3,958613.61,6010191.3,Comfortable,62.6
1785826500000,NOISE-NR3,74469165-c65c-4435-a387-36920379578d,959234.31,6010383.42,Comfortable,66.5
1785826560000,NOISE-N,b291e7be-9f14-44ed-87c1-0f02b8ca35b3,958906.23,6010563.72,High,82.4
1785826560000,NOISE-E,7be9696e-9ace-4085-a81b-0b04c83955db,959045.15,6010445.49,High,84
1785826560000,NOISE-S,b543d03f-a7d0-4faa-8507-0b3e31081e0b,958885.54,6010297.7,Elevated,80
1785826560000,NOISE-W,49a1ac8f-b89d-4356-8260-a3e73765a98a,958749.58,6010415.93,High,80.4
1785826560000,NOISE-NR1,5c7eb3a5-3ace-49d5-b023-33009a594311,959160.42,6010678.99,Comfortable,65.9
1785826560000,NOISE-NR2,a7b30385-932d-4325-b84b-ae6bdcc359e3,958613.61,6010191.3,Comfortable,63
1785826560000,NOISE-NR3,74469165-c65c-4435-a387-36920379578d,959234.31,6010383.42,Comfortable,66.7
1785826620000,NOISE-N,b291e7be-9f14-44ed-87c1-0f02b8ca35b3,958906.23,6010563.72,High,81.7
1785826620000,NOISE-E,7be9696e-9ace-4085-a81b-0b04c83955db,959045.15,6010445.49,High,83.6
1785826620000,NOISE-S,b543d03f-a7d0-4faa-8507-0b3e31081e0b,958885.54,6010297.7,High,80.1
1785826620000,NOISE-W,49a1ac8f-b89d-4356-8260-a3e73765a98a,958749.58,6010415.93,Elevated,79.9
1785826620000,NOISE-NR1,5c7eb3a5-3ace-49d5-b023-33009a594311,959160.42,6010678.99,Comfortable,66.4
1785826620000,NOISE-NR2,a7b30385-932d-4325-b84b-ae6bdcc359e3,958613.61,6010191.3,Comfortable,62.3
1785826620000,NOISE-NR3,74469165-c65c-4435-a387-36920379578d,959234.31,6010383.42,Comfortable,66.5
1785826680000,NOISE-N,b291e7be-9f14-44ed-87c1-0f02b8ca35b3,958906.23,6010563.72,High,82.5
1785826680000,NOISE-E,7be9696e-9ace-4085-a81b-0b04c83955db,959045.15,6010445.49,High,83.6
1785826680000,NOISE-S,b543d03f-a7d0-4faa-8507-0b3e31081e0b,958885.54,6010297.7,Elevated,79.4
1785826680000,NOISE-W,49a1ac8f-b89d-4356-8260-a3e73765a98a,958749.58,6010415.93,Elevated,79.8
1785826680000,NOISE-NR1,5c7eb3a5-3ace-49d5-b023-33009a594311,959160.42,6010678.99,Comfortable,66.5
1785826680000,NOISE-NR2,a7b30385-932d-4325-b84b-ae6bdcc359e3,958613.61,6010191.3,Comfortable,62.6
1785826680000,NOISE-NR3,74469165-c65c-4435-a387-36920379578d,959234.31,6010383.42,Comfortable,66.3
1785826740000,NOISE-N,b291e7be-9f14-44ed-87c1-0f02b8ca35b3,958906.23,6010563.72,High,82.5
1785826740000,NOISE-E,7be9696e-9ace-4085-a81b-0b04c83955db,959045.15,6010445.49,High,84
1785826740000,NOISE-S,b543d03f-a7d0-4faa-8507-0b3e31081e0b,958885.54,6010297.7,Elevated,78.9
1785826740000,NOISE-W,49a1ac8f-b89d-4356-8260-a3e73765a98a,958749.58,6010415.93,Elevated,79.7
1785826740000,NOISE-NR1,5c7eb3a5-3ace-49d5-b023-33009a594311,959160.42,6010678.99,Comfortable,66.4
1785826740000,NOISE-NR2,a7b30385-932d-4325-b84b-ae6bdcc359e3,958613.61,6010191.3,Comfortable,63.4
1785826740000,NOISE-NR3,74469165-c65c-4435-a387-36920379578d,959234.31,6010383.42,Comfortable,66.1
1785826800000,NOISE-N,b291e7be-9f14-44ed-87c1-0f02b8ca35b3,958906.23,6010563.72,High,82.3
1785826800000,NOISE-E,7be9696e-9ace-4085-a81b-0b04c83955db,959045.15,6010445.49,High,84.7
1785826800000,NOISE-S,b543d03f-a7d0-4faa-8507-0b3e31081e0b,958885.54,6010297.7,Elevated,79.4
1785826800000,NOISE-W,49a1ac8f-b89d-4356-8260-a3e73765a98a,958749.58,6010415.93,High,80.3
1785826800000,NOISE-NR1,5c7eb3a5-3ace-49d5-b023-33009a594311,959160.42,6010678.99,Comfortable,66.4
1785826800000,NOISE-NR2,a7b30385-932d-4325-b84b-ae6bdcc359e3,958613.61,6010191.3,Comfortable,62.9
1785826800000,NOISE-NR3,74469165-c65c-4435-a387-36920379578d,959234.31,6010383.42,Comfortable,65.5
1785826860000,NOISE-N,b291e7be-9f14-44ed-87c1-0f02b8ca35b3,958906.23,6010563.72,High,82.6
1785826860000,NOISE-E,7be9696e-9ace-4085-a81b-0b04c83955db,959045.15,6010445.49,Excessive,85.1
1785826860000,NOISE-S,b543d03f-a7d0-4faa-8507-0b3e31081e0b,958885.54,6010297.7,Elevated,80
1785826860000,NOISE-W,49a1ac8f-b89d-4356-8260-a3e73765a98a,958749.58,6010415.93,High,80.3
1785826860000,NOISE-NR1,5c7eb3a5-3ace-49d5-b023-33009a594311,959160.42,6010678.99,Comfortable,66
1785826860000,NOISE-NR2,a7b30385-932d-4325-b84b-ae6bdcc359e3,958613.61,6010191.3,Comfortable,62.9
1785826860000,NOISE-NR3,74469165-c65c-4435-a387-36920379578d,959234.31,6010383.42,Comfortable,65.4
1785826920000,NOISE-N,b291e7be-9f14-44ed-87c1-0f02b8ca35b3,958906.23,6010563.72,High,82.8
1785826920000,NOISE-E,7be9696e-9ace-4085-a81b-0b04c83955db,959045.15,6010445.49,High,84.1
1785826920000,NOISE-S,b543d03f-a7d0-4faa-8507-0b3e31081e0b,958885.54,6010297.7,High,80.6
1785826920000,NOISE-W,49a1ac8f-b89d-4356-8260-a3e73765a98a,958749.58,6010415.93,High,80.3
1785826920000,NOISE-NR1,5c7eb3a5-3ace-49d5-b023-33009a594311,959160.42,6010678.99,Comfortable,65.8
1785826920000,NOISE-NR2,a7b30385-932d-4325-b84b-ae6bdcc359e3,958613.61,6010191.3,Comfortable,63.1
1785826920000,NOISE-NR3,74469165-c65c-4435-a387-36920379578d,959234.31,6010383.42,Comfortable,66.3
1785826980000,NOISE-N,b291e7be-9f14-44ed-87c1-0f02b8ca35b3,958906.23,6010563.72,High,82.6
1785826980000,NOISE-E,7be9696e-9ace-4085-a81b-0b04c83955db,959045.15,6010445.49,High,83.4
1785826980000,NOISE-S,b543d03f-a7d0-4faa-8507-0b3e31081e0b,958885.54,6010297.7,High,80.1
1785826980000,NOISE-W,49a1ac8f-b89d-4356-8260-a3e73765a98a,958749.58,6010415.93,High,80.8
1785826980000,NOISE-NR1,5c7eb3a5-3ace-49d5-b023-33009a594311,959160.42,6010678.99,Comfortable,65.1
1785826980000,NOISE-NR2,a7b30385-932d-4325-b84b-ae6bdcc359e3,958613.61,6010191.3,Comfortable,62.6
1785826980000,NOISE-NR3,74469165-c65c-4435-a387-36920379578d,959234.31,6010383.42,Comfortable,65.7
1785827040000,NOISE-N,b291e7be-9f14-44ed-87c1-0f02b8ca35b3,958906.23,6010563.72,High,82.9
1785827040000,NOISE-E,7be9696e-9ace-4085-a81b-0b04c83955db,959045.15,6010445.49,High,84.1
1785827040000,NOISE-S,b543d03f-a7d0-4faa-8507-0b3e31081e0b,958885.54,6010297.7,Elevated,79.5
1785827040000,NOISE-W,49a1ac8f-b89d-4356-8260-a3e73765a98a,958749.58,6010415.93,High,80.2
1785827040000,NOISE-NR1,5c7eb3a5-3ace-49d5-b023-33009a594311,959160.42,6010678.99,Comfortable,65.4
1785827040000,NOISE-NR2,a7b30385-932d-4325-b84b-ae6bdcc359e3,958613.61,6010191.3,Comfortable,63
1785827040000,NOISE-NR3,74469165-c65c-4435-a387-36920379578d,959234.31,6010383.42,Comfortable,65.6
1785827100000,NOISE-N,b291e7be-9f14-44ed-87c1-0f02b8ca35b3,958906.23,6010563.72,High,83.4
1785827100000,NOISE-E,7be9696e-9ace-4085-a81b-0b04c83955db,959045.15,6010445.49,High,84.3
1785827100000,NOISE-S,b543d03f-a7d0-4faa-8507-0b3e31081e0b,958885.54,6010297.7,Elevated,79.9
1785827100000,NOISE-W,49a1ac8f-b89d-4356-8260-a3e73765a98a,958749.58,6010415.93,High,80.8
1785827100000,NOISE-NR1,5c7eb3a5-3ace-49d5-b023-33009a594311,959160.42,6010678.99,Comfortable,66.3
1785827100000,NOISE-NR2,a7b30385-932d-4325-b84b-ae6bdcc359e3,958613.61,6010191.3,Comfortable,63.2
1785827100000,NOISE-NR3,74469165-c65c-4435-a387-36920379578d,959234.31,6010383.42,Comfortable,65.6
1785827160000,NOISE-N,b291e7be-9f14-44ed-87c1-0f02b8ca35b3,958906.23,6010563.72,High,83.6
1785827160000,NOISE-E,7be9696e-9ace-4085-a81b-0b04c83955db,959045.15,6010445.49,High,83.5
1785827160000,NOISE-S,b543d03f-a7d0-4faa-8507-0b3e31081e0b,958885.54,6010297.7,High,80.6
1785827160000,NOISE-W,49a1ac8f-b89d-4356-8260-a3e73765a98a,958749.58,6010415.93,High,81.6
1785827160000,NOISE-NR1,5c7eb3a5-3ace-49d5-b023-33009a594311,959160.42,6010678.99,Comfortable,66.6
1785827160000,NOISE-NR2,a7b30385-932d-4325-b84b-ae6bdcc359e3,958613.61,6010191.3,Comfortable,63.8
1785827160000,NOISE-NR3,74469165-c65c-4435-a387-36920379578d,959234.31,6010383.42,Comfortable,65.9
1785827220000,NOISE-N,b291e7be-9f14-44ed-87c1-0f02b8ca35b3,958906.23,6010563.72,High,83.8
1785827220000,NOISE-E,7be9696e-9ace-4085-a81b-0b04c83955db,959045.15,6010445.49,High,84.2
1785827220000,NOISE-S,b543d03f-a7d0-4faa-8507-0b3e31081e0b,958885.54,6010297.7,High,80.5
1785827220000,NOISE-W,49a1ac8f-b89d-4356-8260-a3e73765a98a,958749.58,6010415.93,High,81.8
1785827220000,NOISE-NR1,5c7eb3a5-3ace-49d5-b023-33009a594311,959160.42,6010678.99,Comfortable,67.1
1785827220000,NOISE-NR2,a7b30385-932d-4325-b84b-ae6bdcc359e3,958613.61,6010191.3,Comfortable,64
1785827220000,NOISE-NR3,74469165-c65c-4435-a387-36920379578d,959234.31,6010383.42,Comfortable,65.7
1785827280000,NOISE-N,b291e7be-9f14-44ed-87c1-0f02b8ca35b3,958906.23,6010563.72,High,83.1
1785827280000,NOISE-E,7be9696e-9ace-4085-a81b-0b04c83955db,959045.15,6010445.49,High,84.5
1785827280000,NOISE-S,b543d03f-a7d0-4faa-8507-0b3e31081e0b,958885.54,6010297.7,High,80.9
1785827280000,NOISE-W,49a1ac8f-b89d-4356-8260-a3e73765a98a,958749.58,6010415.93,High,82
1785827280000,NOISE-NR1,5c7eb3a5-3ace-49d5-b023-33009a594311,959160.42,6010678.99,Comfortable,66.8
1785827280000,NOISE-NR2,a7b30385-932d-4325-b84b-ae6bdcc359e3,958613.61,6010191.3,Comfortable,64.6
1785827280000,NOISE-NR3,74469165-c65c-4435-a387-36920379578d,959234.31,6010383.42,Comfortable,65.2
1785827340000,NOISE-N,b291e7be-9f14-44ed-87c1-0f02b8ca35b3,958906.23,6010563.72,High,82.6
1785827340000,NOISE-E,7be9696e-9ace-4085-a81b-0b04c83955db,959045.15,6010445.49,High,83.7
1785827340000,NOISE-S,b543d03f-a7d0-4faa-8507-0b3e31081e0b,958885.54,6010297.7,High,80
1785827340000,NOISE-W,49a1ac8f-b89d-4356-8260-a3e73765a98a,958749.58,6010415.93,High,81.6
1785827340000,NOISE-NR1,5c7eb3a5-3ace-49d5-b023-33009a594311,959160.42,6010678.99,Comfortable,66.3
1785827340000,NOISE-NR2,a7b30385-932d-4325-b84b-ae6bdcc359e3,958613.61,6010191.3,Comfortable,64.1
1785827340000,NOISE-NR3,74469165-c65c-4435-a387-36920379578d,959234.31,6010383.42,Comfortable,65.6
1785827400000,NOISE-N,b291e7be-9f14-44ed-87c1-0f02b8ca35b3,958906.23,6010563.72,High,82.6
1785827400000,NOISE-E,7be9696e-9ace-4085-a81b-0b04c83955db,959045.15,6010445.49,High,83.5
1785827400000,NOISE-S,b543d03f-a7d0-4faa-8507-0b3e31081e0b,958885.54,6010297.7,High,80.7
1785827400000,NOISE-W,49a1ac8f-b89d-4356-8260-a3e73765a98a,958749.58,6010415.93,High,81.5
1785827400000,NOISE-NR1,5c7eb3a5-3ace-49d5-b023-33009a594311,959160.42,6010678.99,Comfortable,65.5
1785827400000,NOISE-NR2,a7b30385-932d-4325-b84b-ae6bdcc359e3,958613.61,6010191.3,Comfortable,63.9
1785827400000,NOISE-NR3,74469165-c65c-4435-a387-36920379578d,959234.31,6010383.42,Comfortable,65.2
1785827460000,NOISE-N,b291e7be-9f14-44ed-87c1-0f02b8ca35b3,958906.23,6010563.72,High,82.1
1785827460000,NOISE-E,7be9696e-9ace-4085-a81b-0b04c83955db,959045.15,6010445.49,High,83.7
1785827460000,NOISE-S,b543d03f-a7d0-4faa-8507-0b3e31081e0b,958885.54,6010297.7,High,80.2
1785827460000,NOISE-W,49a1ac8f-b89d-4356-8260-a3e73765a98a,958749.58,6010415.93,High,80.8
1785827460000,NOISE-NR1,5c7eb3a5-3ace-49d5-b023-33009a594311,959160.42,6010678.99,Comfortable,66.4
1785827460000,NOISE-NR2,a7b30385-932d-4325-b84b-ae6bdcc359e3,958613.61,6010191.3,Comfortable,63
1785827460000,NOISE-NR3,74469165-c65c-4435-a387-36920379578d,959234.31,6010383.42,Comfortable,65.4
1785827520000,NOISE-N,b291e7be-9f14-44ed-87c1-0f02b8ca35b3,958906.23,6010563.72,High,82.6
1785827520000,NOISE-E,7be9696e-9ace-4085-a81b-0b04c83955db,959045.15,6010445.49,High,83.6
1785827520000,NOISE-S,b543d03f-a7d0-4faa-8507-0b3e31081e0b,958885.54,6010297.7,High,80.2
1785827520000,NOISE-W,49a1ac8f-b89d-4356-8260-a3e73765a98a,958749.58,6010415.93,High,80.7
1785827520000,NOISE-NR1,5c7eb3a5-3ace-49d5-b023-33009a594311,959160.42,6010678.99,Comfortable,66
1785827520000,NOISE-NR2,a7b30385-932d-4325-b84b-ae6bdcc359e3,958613.61,6010191.3,Comfortable,62.3
1785827520000,NOISE-NR3,74469165-c65c-4435-a387-36920379578d,959234.31,6010383.42,Comfortable,65.7
1785827580000,NOISE-N,b291e7be-9f14-44ed-87c1-0f02b8ca35b3,958906.23,6010563.72,High,82.5
1785827580000,NOISE-E,7be9696e-9ace-4085-a81b-0b04c83955db,959045.15,6010445.49,High,83.4
1785827580000,NOISE-S,b543d03f-a7d0-4faa-8507-0b3e31081e0b,958885.54,6010297.7,High,80
1785827580000,NOISE-W,49a1ac8f-b89d-4356-8260-a3e73765a98a,958749.58,6010415.93,High,80.9
1785827580000,NOISE-NR1,5c7eb3a5-3ace-49d5-b023-33009a594311,959160.42,6010678.99,Comfortable,65.3
1785827580000,NOISE-NR2,a7b30385-932d-4325-b84b-ae6bdcc359e3,958613.61,6010191.3,Comfortable,62.4
1785827580000,NOISE-NR3,74469165-c65c-4435-a387-36920379578d,959234.31,6010383.42,Comfortable,66.2
1785827640000,NOISE-N,b291e7be-9f14-44ed-87c1-0f02b8ca35b3,958906.23,6010563.72,High,83.1
1785827640000,NOISE-E,7be9696e-9ace-4085-a81b-0b04c83955db,959045.15,6010445.49,High,83.8
1785827640000,NOISE-S,b543d03f-a7d0-4faa-8507-0b3e31081e0b,958885.54,6010297.7,High,80.8
1785827640000,NOISE-W,49a1ac8f-b89d-4356-8260-a3e73765a98a,958749.58,6010415.93,High,81.3
1785827640000,NOISE-NR1,5c7eb3a5-3ace-49d5-b023-33009a594311,959160.42,6010678.99,Comfortable,65.1
1785827640000,NOISE-NR2,a7b30385-932d-4325-b84b-ae6bdcc359e3,958613.61,6010191.3,Comfortable,63
1785827640000,NOISE-NR3,74469165-c65c-4435-a387-36920379578d,959234.31,6010383.42,Comfortable,66.6
1785827700000,NOISE-N,b291e7be-9f14-44ed-87c1-0f02b8ca35b3,958906.23,6010563.72,High,82.5
1785827700000,NOISE-E,7be9696e-9ace-4085-a81b-0b04c83955db,959045.15,6010445.49,High,83.4
1785827700000,NOISE-S,b543d03f-a7d0-4faa-8507-0b3e31081e0b,958885.54,6010297.7,High,80.1
1785827700000,NOISE-W,49a1ac8f-b89d-4356-8260-a3e73765a98a,958749.58,6010415.93,High,80.9
1785827700000,NOISE-NR1,5c7eb3a5-3ace-49d5-b023-33009a594311,959160.42,6010678.99,Comfortable,66
1785827700000,NOISE-NR2,a7b30385-932d-4325-b84b-ae6bdcc359e3,958613.61,6010191.3,Comfortable,63
1785827700000,NOISE-NR3,74469165-c65c-4435-a387-36920379578d,959234.31,6010383.42,Comfortable,67.2
1785827760000,NOISE-N,b291e7be-9f14-44ed-87c1-0f02b8ca35b3,958906.23,6010563.72,High,82.1
1785827760000,NOISE-E,7be9696e-9ace-4085-a81b-0b04c83955db,959045.15,6010445.49,High,83.8
1785827760000,NOISE-S,b543d03f-a7d0-4faa-8507-0b3e31081e0b,958885.54,6010297.7,High,80.3
1785827760000,NOISE-W,49a1ac8f-b89d-4356-8260-a3e73765a98a,958749.58,6010415.93,High,81.7
1785827760000,NOISE-NR1,5c7eb3a5-3ace-49d5-b023-33009a594311,959160.42,6010678.99,Comfortable,65.6
1785827760000,NOISE-NR2,a7b30385-932d-4325-b84b-ae6bdcc359e3,958613.61,6010191.3,Comfortable,63.7
1785827760000,NOISE-NR3,74469165-c65c-4435-a387-36920379578d,959234.31,6010383.42,Comfortable,67.9
1785827820000,NOISE-N,b291e7be-9f14-44ed-87c1-0f02b8ca35b3,958906.23,6010563.72,High,81.5
1785827820000,NOISE-E,7be9696e-9ace-4085-a81b-0b04c83955db,959045.15,6010445.49,High,83.5
1785827820000,NOISE-S,b543d03f-a7d0-4faa-8507-0b3e31081e0b,958885.54,6010297.7,High,80.4
1785827820000,NOISE-W,49a1ac8f-b89d-4356-8260-a3e73765a98a,958749.58,6010415.93,High,81.4
1785827820000,NOISE-NR1,5c7eb3a5-3ace-49d5-b023-33009a594311,959160.42,6010678.99,Comfortable,65.8
1785827820000,NOISE-NR2,a7b30385-932d-4325-b84b-ae6bdcc359e3,958613.61,6010191.3,Comfortable,63.1
1785827820000,NOISE-NR3,74469165-c65c-4435-a387-36920379578d,959234.31,6010383.42,Comfortable,68.4
1785827880000,NOISE-N,b291e7be-9f14-44ed-87c1-0f02b8ca35b3,958906.23,6010563.72,High,82.4
1785827880000,NOISE-E,7be9696e-9ace-4085-a81b-0b04c83955db,959045.15,6010445.49,High,84.1
1785827880000,NOISE-S,b543d03f-a7d0-4faa-8507-0b3e31081e0b,958885.54,6010297.7,High,81
1785827880000,NOISE-W,49a1ac8f-b89d-4356-8260-a3e73765a98a,958749.58,6010415.93,High,81.9
1785827880000,NOISE-NR1,5c7eb3a5-3ace-49d5-b023-33009a594311,959160.42,6010678.99,Comfortable,65.5
1785827880000,NOISE-NR2,a7b30385-932d-4325-b84b-ae6bdcc359e3,958613.61,6010191.3,Comfortable,63.5
1785827880000,NOISE-NR3,74469165-c65c-4435-a387-36920379578d,959234.31,6010383.42,Comfortable,67.9
1785827940000,NOISE-N,b291e7be-9f14-44ed-87c1-0f02b8ca35b3,958906.23,6010563.72,High,82.4
1785827940000,NOISE-E,7be9696e-9ace-4085-a81b-0b04c83955db,959045.15,6010445.49,High,84.7
1785827940000,NOISE-S,b543d03f-a7d0-4faa-8507-0b3e31081e0b,958885.54,6010297.7,High,81.3
1785827940000,NOISE-W,49a1ac8f-b89d-4356-8260-a3e73765a98a,958749.58,6010415.93,High,81.3
1785827940000,NOISE-NR1,5c7eb3a5-3ace-49d5-b023-33009a594311,959160.42,6010678.99,Comfortable,66
1785827940000,NOISE-NR2,a7b30385-932d-4325-b84b-ae6bdcc359e3,958613.61,6010191.3,Comfortable,64.1
1785827940000,NOISE-NR3,74469165-c65c-4435-a387-36920379578d,959234.31,6010383.42,Comfortable,67
1785828000000,NOISE-N,b291e7be-9f14-44ed-87c1-0f02b8ca35b3,958906.23,6010563.72,High,82.6
1785828000000,NOISE-E,7be9696e-9ace-4085-a81b-0b04c83955db,959045.15,6010445.49,High,84.8
1785828000000,NOISE-S,b543d03f-a7d0-4faa-8507-0b3e31081e0b,958885.54,6010297.7,High,81.3
1785828000000,NOISE-W,49a1ac8f-b89d-4356-8260-a3e73765a98a,958749.58,6010415.93,High,81.5
1785828000000,NOISE-NR1,5c7eb3a5-3ace-49d5-b023-33009a594311,959160.42,6010678.99,Comfortable,66.4
1785828000000,NOISE-NR2,a7b30385-932d-4325-b84b-ae6bdcc359e3,958613.61,6010191.3,Comfortable,63
1785828000000,NOISE-NR3,74469165-c65c-4435-a387-36920379578d,959234.31,6010383.42,Comfortable,67.7
1785828060000,NOISE-N,b291e7be-9f14-44ed-87c1-0f02b8ca35b3,958906.23,6010563.72,High,82.2
1785828060000,NOISE-E,7be9696e-9ace-4085-a81b-0b04c83955db,959045.15,6010445.49,High,85
1785828060000,NOISE-S,b543d03f-a7d0-4faa-8507-0b3e31081e0b,958885.54,6010297.7,High,80.5
1785828060000,NOISE-W,49a1ac8f-b89d-4356-8260-a3e73765a98a,958749.58,6010415.93,High,81.7
1785828060000,NOISE-NR1,5c7eb3a5-3ace-49d5-b023-33009a594311,959160.42,6010678.99,Comfortable,66.1
1785828060000,NOISE-NR2,a7b30385-932d-4325-b84b-ae6bdcc359e3,958613.61,6010191.3,Comfortable,62.5
1785828060000,NOISE-NR3,74469165-c65c-4435-a387-36920379578d,959234.31,6010383.42,Comfortable,68.1
1785828120000,NOISE-N,b291e7be-9f14-44ed-87c1-0f02b8ca35b3,958906.23,6010563.72,High,82.3
1785828120000,NOISE-E,7be9696e-9ace-4085-a81b-0b04c83955db,959045.15,6010445.49,High,84.3
1785828120000,NOISE-S,b543d03f-a7d0-4faa-8507-0b3e31081e0b,958885.54,6010297.7,High,80.1
1785828120000,NOISE-W,49a1ac8f-b89d-4356-8260-a3e73765a98a,958749.58,6010415.93,High,80.9
1785828120000,NOISE-NR1,5c7eb3a5-3ace-49d5-b023-33009a594311,959160.42,6010678.99,Comfortable,65.8
1785828120000,NOISE-NR2,a7b30385-932d-4325-b84b-ae6bdcc359e3,958613.61,6010191.3,Comfortable,62.7
1785828120000,NOISE-NR3,74469165-c65c-4435-a387-36920379578d,959234.31,6010383.42,Comfortable,67.7
1785828180000,NOISE-N,b291e7be-9f14-44ed-87c1-0f02b8ca35b3,958906.23,6010563.72,High,82.8
1785828180000,NOISE-E,7be9696e-9ace-4085-a81b-0b04c83955db,959045.15,6010445.49,High,84.9
1785828180000,NOISE-S,b543d03f-a7d0-4faa-8507-0b3e31081e0b,958885.54,6010297.7,Elevated,79.9
1785828180000,NOISE-W,49a1ac8f-b89d-4356-8260-a3e73765a98a,958749.58,6010415.93,High,80.3
1785828180000,NOISE-NR1,5c7eb3a5-3ace-49d5-b023-33009a594311,959160.42,6010678.99,Comfortable,65.3
1785828180000,NOISE-NR2,a7b30385-932d-4325-b84b-ae6bdcc359e3,958613.61,6010191.3,Comfortable,62.1
1785828180000,NOISE-NR3,74469165-c65c-4435-a387-36920379578d,959234.31,6010383.42,Comfortable,66.7
1785828240000,NOISE-N,b291e7be-9f14-44ed-87c1-0f02b8ca35b3,958906.23,6010563.72,High,82.9
1785828240000,NOISE-E,7be9696e-9ace-4085-a81b-0b04c83955db,959045.15,6010445.49,Excessive,85.4
1785828240000,NOISE-S,b543d03f-a7d0-4faa-8507-0b3e31081e0b,958885.54,6010297.7,High,80.4
1785828240000,NOISE-W,49a1ac8f-b89d-4356-8260-a3e73765a98a,958749.58,6010415.93,Elevated,79.9
1785828240000,NOISE-NR1,5c7eb3a5-3ace-49d5-b023-33009a594311,959160.42,6010678.99,Comfortable,65
1785828240000,NOISE-NR2,a7b30385-932d-4325-b84b-ae6bdcc359e3,958613.61,6010191.3,Comfortable,62.8
1785828240000,NOISE-NR3,74469165-c65c-4435-a387-36920379578d,959234.31,6010383.42,Comfortable,66.2
1785828300000,NOISE-N,b291e7be-9f14-44ed-87c1-0f02b8ca35b3,958906.23,6010563.72,High,82.2
1785828300000,NOISE-E,7be9696e-9ace-4085-a81b-0b04c83955db,959045.15,6010445.49,Excessive,85.6
1785828300000,NOISE-S,b543d03f-a7d0-4faa-8507-0b3e31081e0b,958885.54,6010297.7,High,80.7
1785828300000,NOISE-W,49a1ac8f-b89d-4356-8260-a3e73765a98a,958749.58,6010415.93,High,80.3
1785828300000,NOISE-NR1,5c7eb3a5-3ace-49d5-b023-33009a594311,959160.42,6010678.99,Comfortable,66
1785828300000,NOISE-NR2,a7b30385-932d-4325-b84b-ae6bdcc359e3,958613.61,6010191.3,Comfortable,63
1785828300000,NOISE-NR3,74469165-c65c-4435-a387-36920379578d,959234.31,6010383.42,Comfortable,66.3
1785828360000,NOISE-N,b291e7be-9f14-44ed-87c1-0f02b8ca35b3,958906.23,6010563.72,High,82.6
1785828360000,NOISE-E,7be9696e-9ace-4085-a81b-0b04c83955db,959045.15,6010445.49,Excessive,85.4
1785828360000,NOISE-S,b543d03f-a7d0-4faa-8507-0b3e31081e0b,958885.54,6010297.7,High,80.8
1785828360000,NOISE-W,49a1ac8f-b89d-4356-8260-a3e73765a98a,958749.58,6010415.93,High,81.2
1785828360000,NOISE-NR1,5c7eb3a5-3ace-49d5-b023-33009a594311,959160.42,6010678.99,Comfortable,66.8
1785828360000,NOISE-NR2,a7b30385-932d-4325-b84b-ae6bdcc359e3,958613.61,6010191.3,Comfortable,62.8
1785828360000,NOISE-NR3,74469165-c65c-4435-a387-36920379578d,959234.31,6010383.42,Comfortable,66.4
1785828420000,NOISE-N,b291e7be-9f14-44ed-87c1-0f02b8ca35b3,958906.23,6010563.72,High,82.7
1785828420000,NOISE-E,7be9696e-9ace-4085-a81b-0b04c83955db,959045.15,6010445.49,High,84.8
1785828420000,NOISE-S,b543d03f-a7d0-4faa-8507-0b3e31081e0b,958885.54,6010297.7,High,80.8
1785828420000,NOISE-W,49a1ac8f-b89d-4356-8260-a3e73765a98a,958749.58,6010415.93,High,81.5
1785828420000,NOISE-NR1,5c7eb3a5-3ace-49d5-b023-33009a594311,959160.42,6010678.99,Comfortable,66.3
1785828420000,NOISE-NR2,a7b30385-932d-4325-b84b-ae6bdcc359e3,958613.61,6010191.3,Comfortable,63.5
1785828420000,NOISE-NR3,74469165-c65c-4435-a387-36920379578d,959234.31,6010383.42,Comfortable,66.5
1785828480000,NOISE-N,b291e7be-9f14-44ed-87c1-0f02b8ca35b3,958906.23,6010563.72,High,82.5
1785828480000,NOISE-E,7be9696e-9ace-4085-a81b-0b04c83955db,959045.15,6010445.49,High,83.8
1785828480000,NOISE-S,b543d03f-a7d0-4faa-8507-0b3e31081e0b,958885.54,6010297.7,High,81
1785828480000,NOISE-W,49a1ac8f-b89d-4356-8260-a3e73765a98a,958749.58,6010415.93,High,81.4
1785828480000,NOISE-NR1,5c7eb3a5-3ace-49d5-b023-33009a594311,959160.42,6010678.99,Comfortable,66.8
1785828480000,NOISE-NR2,a7b30385-932d-4325-b84b-ae6bdcc359e3,958613.61,6010191.3,Comfortable,62.9
1785828480000,NOISE-NR3,74469165-c65c-4435-a387-36920379578d,959234.31,6010383.42,Comfortable,66.3
1785828540000,NOISE-N,b291e7be-9f14-44ed-87c1-0f02b8ca35b3,958906.23,6010563.72,High,83
1785828540000,NOISE-E,7be9696e-9ace-4085-a81b-0b04c83955db,959045.15,6010445.49,High,84
1785828540000,NOISE-S,b543d03f-a7d0-4faa-8507-0b3e31081e0b,958885.54,6010297.7,High,81
1785828540000,NOISE-W,49a1ac8f-b89d-4356-8260-a3e73765a98a,958749.58,6010415.93,High,81.1
1785828540000,NOISE-NR1,5c7eb3a5-3ace-49d5-b023-33009a594311,959160.42,6010678.99,Comfortable,67.3
1785828540000,NOISE-NR2,a7b30385-932d-4325-b84b-ae6bdcc359e3,958613.61,6010191.3,Comfortable,63.1
1785828540000,NOISE-NR3,74469165-c65c-4435-a387-36920379578d,959234.31,6010383.42,Comfortable,66.3
1785828600000,NOISE-N,b291e7be-9f14-44ed-87c1-0f02b8ca35b3,958906.23,6010563.72,High,82.1
1785828600000,NOISE-E,7be9696e-9ace-4085-a81b-0b04c83955db,959045.15,6010445.49,High,84.4
1785828600000,NOISE-S,b543d03f-a7d0-4faa-8507-0b3e31081e0b,958885.54,6010297.7,High,80.4
1785828600000,NOISE-W,49a1ac8f-b89d-4356-8260-a3e73765a98a,958749.58,6010415.93,High,81.5
1785828600000,NOISE-NR1,5c7eb3a5-3ace-49d5-b023-33009a594311,959160.42,6010678.99,Comfortable,66.7
1785828600000,NOISE-NR2,a7b30385-932d-4325-b84b-ae6bdcc359e3,958613.61,6010191.3,Comfortable,62.6
1785828600000,NOISE-NR3,74469165-c65c-4435-a387-36920379578d,959234.31,6010383.42,Comfortable,65.9
1785828660000,NOISE-N,b291e7be-9f14-44ed-87c1-0f02b8ca35b3,958906.23,6010563.72,High,81.9
1785828660000,NOISE-E,7be9696e-9ace-4085-a81b-0b04c83955db,959045.15,6010445.49,High,84
1785828660000,NOISE-S,b543d03f-a7d0-4faa-8507-0b3e31081e0b,958885.54,6010297.7,High,80.2
1785828660000,NOISE-W,49a1ac8f-b89d-4356-8260-a3e73765a98a,958749.58,6010415.93,High,82
1785828660000,NOISE-NR1,5c7eb3a5-3ace-49d5-b023-33009a594311,959160.42,6010678.99,Comfortable,67.3
1785828660000,NOISE-NR2,a7b30385-932d-4325-b84b-ae6bdcc359e3,958613.61,6010191.3,Comfortable,63.3
1785828660000,NOISE-NR3,74469165-c65c-4435-a387-36920379578d,959234.31,6010383.42,Comfortable,66.6
1785828720000,NOISE-N,b291e7be-9f14-44ed-87c1-0f02b8ca35b3,958906.23,6010563.72,High,82.1
1785828720000,NOISE-E,7be9696e-9ace-4085-a81b-0b04c83955db,959045.15,6010445.49,High,83.3
1785828720000,NOISE-S,b543d03f-a7d0-4faa-8507-0b3e31081e0b,958885.54,6010297.7,Elevated,79.7
1785828720000,NOISE-W,49a1ac8f-b89d-4356-8260-a3e73765a98a,958749.58,6010415.93,High,81.9
1785828720000,NOISE-NR1,5c7eb3a5-3ace-49d5-b023-33009a594311,959160.42,6010678.99,Comfortable,67.5
1785828720000,NOISE-NR2,a7b30385-932d-4325-b84b-ae6bdcc359e3,958613.61,6010191.3,Comfortable,63.8
1785828720000,NOISE-NR3,74469165-c65c-4435-a387-36920379578d,959234.31,6010383.42,Comfortable,65.9
1785828780000,NOISE-N,b291e7be-9f14-44ed-87c1-0f02b8ca35b3,958906.23,6010563.72,High,82.2
1785828780000,NOISE-E,7be9696e-9ace-4085-a81b-0b04c83955db,959045.15,6010445.49,High,83.8
1785828780000,NOISE-S,b543d03f-a7d0-4faa-8507-0b3e31081e0b,958885.54,6010297.7,Elevated,79.2
1785828780000,NOISE-W,49a1ac8f-b89d-4356-8260-a3e73765a98a,958749.58,6010415.93,High,80.9
1785828780000,NOISE-NR1,5c7eb3a5-3ace-49d5-b023-33009a594311,959160.42,6010678.99,Comfortable,67.1
1785828780000,NOISE-NR2,a7b30385-932d-4325-b84b-ae6bdcc359e3,958613.61,6010191.3,Comfortable,64.2
1785828780000,NOISE-NR3,74469165-c65c-4435-a387-36920379578d,959234.31,6010383.42,Comfortable,65.9
1785828840000,NOISE-N,b291e7be-9f14-44ed-87c1-0f02b8ca35b3,958906.23,6010563.72,High,82.5
1785828840000,NOISE-E,7be9696e-9ace-4085-a81b-0b04c83955db,959045.15,6010445.49,High,83.9
1785828840000,NOISE-S,b543d03f-a7d0-4faa-8507-0b3e31081e0b,958885.54,6010297.7,Elevated,79.7
1785828840000,NOISE-W,49a1ac8f-b89d-4356-8260-a3e73765a98a,958749.58,6010415.93,High,80.4
1785828840000,NOISE-NR1,5c7eb3a5-3ace-49d5-b023-33009a594311,959160.42,6010678.99,Comfortable,66.8
1785828840000,NOISE-NR2,a7b30385-932d-4325-b84b-ae6bdcc359e3,958613.61,6010191.3,Comfortable,63.5
1785828840000,NOISE-NR3,74469165-c65c-4435-a387-36920379578d,959234.31,6010383.42,Comfortable,65.4
1785828900000,NOISE-N,b291e7be-9f14-44ed-87c1-0f02b8ca35b3,958906.23,6010563.72,High,82.4
1785828900000,NOISE-E,7be9696e-9ace-4085-a81b-0b04c83955db,959045.15,6010445.49,High,84.4
1785828900000,NOISE-S,b543d03f-a7d0-4faa-8507-0b3e31081e0b,958885.54,6010297.7,Elevated,80
1785828900000,NOISE-W,49a1ac8f-b89d-4356-8260-a3e73765a98a,958749.58,6010415.93,Elevated,79.8
1785828900000,NOISE-NR1,5c7eb3a5-3ace-49d5-b023-33009a594311,959160.42,6010678.99,Comfortable,66.7
1785828900000,NOISE-NR2,a7b30385-932d-4325-b84b-ae6bdcc359e3,958613.61,6010191.3,Comfortable,63.4
1785828900000,NOISE-NR3,74469165-c65c-4435-a387-36920379578d,959234.31,6010383.42,Comfortable,66.2
1785828960000,NOISE-N,b291e7be-9f14-44ed-87c1-0f02b8ca35b3,958906.23,6010563.72,High,82.4
1785828960000,NOISE-E,7be9696e-9ace-4085-a81b-0b04c83955db,959045.15,6010445.49,High,84.8
1785828960000,NOISE-S,b543d03f-a7d0-4faa-8507-0b3e31081e0b,958885.54,6010297.7,High,80
1785828960000,NOISE-W,49a1ac8f-b89d-4356-8260-a3e73765a98a,958749.58,6010415.93,Elevated,79.4
1785828960000,NOISE-NR1,5c7eb3a5-3ace-49d5-b023-33009a594311,959160.42,6010678.99,Comfortable,66.2
1785828960000,NOISE-NR2,a7b30385-932d-4325-b84b-ae6bdcc359e3,958613.61,6010191.3,Comfortable,62.5
1785828960000,NOISE-NR3,74469165-c65c-4435-a387-36920379578d,959234.31,6010383.42,Comfortable,66.4
1785829020000,NOISE-N,b291e7be-9f14-44ed-87c1-0f02b8ca35b3,958906.23,6010563.72,High,82.6
1785829020000,NOISE-E,7be9696e-9ace-4085-a81b-0b04c83955db,959045.15,6010445.49,High,83.9
1785829020000,NOISE-S,b543d03f-a7d0-4faa-8507-0b3e31081e0b,958885.54,6010297.7,Elevated,79.4
1785829020000,NOISE-W,49a1ac8f-b89d-4356-8260-a3e73765a98a,958749.58,6010415.93,Elevated,79.1
1785829020000,NOISE-NR1,5c7eb3a5-3ace-49d5-b023-33009a594311,959160.42,6010678.99,Comfortable,66.1
1785829020000,NOISE-NR2,a7b30385-932d-4325-b84b-ae6bdcc359e3,958613.61,6010191.3,Comfortable,62.7
1785829020000,NOISE-NR3,74469165-c65c-4435-a387-36920379578d,959234.31,6010383.42,Comfortable,67.2
1785829080000,NOISE-N,b291e7be-9f14-44ed-87c1-0f02b8ca35b3,958906.23,6010563.72,High,82
1785829080000,NOISE-E,7be9696e-9ace-4085-a81b-0b04c83955db,959045.15,6010445.49,High,84.3
1785829080000,NOISE-S,b543d03f-a7d0-4faa-8507-0b3e31081e0b,958885.54,6010297.7,Elevated,79.5
1785829080000,NOISE-W,49a1ac8f-b89d-4356-8260-a3e73765a98a,958749.58,6010415.93,Elevated,79.7
1785829080000,NOISE-NR1,5c7eb3a5-3ace-49d5-b023-33009a594311,959160.42,6010678.99,Comfortable,65.6
1785829080000,NOISE-NR2,a7b30385-932d-4325-b84b-ae6bdcc359e3,958613.61,6010191.3,Comfortable,63.3
1785829080000,NOISE-NR3,74469165-c65c-4435-a387-36920379578d,959234.31,6010383.42,Comfortable,66.4
1785829140000,NOISE-N,b291e7be-9f14-44ed-87c1-0f02b8ca35b3,958906.23,6010563.72,High,82.3
1785829140000,NOISE-E,7be9696e-9ace-4085-a81b-0b04c83955db,959045.15,6010445.49,High,84.2
1785829140000,NOISE-S,b543d03f-a7d0-4faa-8507-0b3e31081e0b,958885.54,6010297.7,Elevated,79.9
1785829140000,NOISE-W,49a1ac8f-b89d-4356-8260-a3e73765a98a,958749.58,6010415.93,Elevated,79.5
1785829140000,NOISE-NR1,5c7eb3a5-3ace-49d5-b023-33009a594311,959160.42,6010678.99,Comfortable,65.2
1785829140000,NOISE-NR2,a7b30385-932d-4325-b84b-ae6bdcc359e3,958613.61,6010191.3,Comfortable,62.5
1785829140000,NOISE-NR3,74469165-c65c-4435-a387-36920379578d,959234.31,6010383.42,Comfortable,66.8
1785829200000,NOISE-N,b291e7be-9f14-44ed-87c1-0f02b8ca35b3,958906.23,6010563.72,High,82
1785829200000,NOISE-E,7be9696e-9ace-4085-a81b-0b04c83955db,959045.15,6010445.49,High,84.1
1785829200000,NOISE-S,b543d03f-a7d0-4faa-8507-0b3e31081e0b,958885.54,6010297.7,Elevated,79.2
1785829200000,NOISE-W,49a1ac8f-b89d-4356-8260-a3e73765a98a,958749.58,6010415.93,High,80.4
1785829200000,NOISE-NR1,5c7eb3a5-3ace-49d5-b023-33009a594311,959160.42,6010678.99,Comfortable,66
1785829200000,NOISE-NR2,a7b30385-932d-4325-b84b-ae6bdcc359e3,958613.61,6010191.3,Comfortable,62.9
1785829200000,NOISE-NR3,74469165-c65c-4435-a387-36920379578d,959234.31,6010383.42,Comfortable,66.8
1785829260000,NOISE-N,b291e7be-9f14-44ed-87c1-0f02b8ca35b3,958906.23,6010563.72,High,81.5
1785829260000,NOISE-E,7be9696e-9ace-4085-a81b-0b04c83955db,959045.15,6010445.49,High,84
1785829260000,NOISE-S,b543d03f-a7d0-4faa-8507-0b3e31081e0b,958885.54,6010297.7,Elevated,79.2
1785829260000,NOISE-W,49a1ac8f-b89d-4356-8260-a3e73765a98a,958749.58,6010415.93,High,80.7
1785829260000,NOISE-NR1,5c7eb3a5-3ace-49d5-b023-33009a594311,959160.42,6010678.99,Comfortable,65.9
1785829260000,NOISE-NR2,a7b30385-932d-4325-b84b-ae6bdcc359e3,958613.61,6010191.3,Comfortable,62.8
1785829260000,NOISE-NR3,74469165-c65c-4435-a387-36920379578d,959234.31,6010383.42,Comfortable,66.5
1785829320000,NOISE-N,b291e7be-9f14-44ed-87c1-0f02b8ca35b3,958906.23,6010563.72,High,81.6
1785829320000,NOISE-E,7be9696e-9ace-4085-a81b-0b04c83955db,959045.15,6010445.49,High,84.2
1785829320000,NOISE-S,b543d03f-a7d0-4faa-8507-0b3e31081e0b,958885.54,6010297.7,Elevated,79
1785829320000,NOISE-W,49a1ac8f-b89d-4356-8260-a3e73765a98a,958749.58,6010415.93,High,80.8
1785829320000,NOISE-NR1,5c7eb3a5-3ace-49d5-b023-33009a594311,959160.42,6010678.99,Comfortable,66.7
1785829320000,NOISE-NR2,a7b30385-932d-4325-b84b-ae6bdcc359e3,958613.61,6010191.3,Comfortable,62.1
1785829320000,NOISE-NR3,74469165-c65c-4435-a387-36920379578d,959234.31,6010383.42,Comfortable,67.2
1785829380000,NOISE-N,b291e7be-9f14-44ed-87c1-0f02b8ca35b3,958906.23,6010563.72,High,81.6
1785829380000,NOISE-E,7be9696e-9ace-4085-a81b-0b04c83955db,959045.15,6010445.49,High,84.8
1785829380000,NOISE-S,b543d03f-a7d0-4faa-8507-0b3e31081e0b,958885.54,6010297.7,Elevated,78.7
1785829380000,NOISE-W,49a1ac8f-b89d-4356-8260-a3e73765a98a,958749.58,6010415.93,High,81.6
1785829380000,NOISE-NR1,5c7eb3a5-3ace-49d5-b023-33009a594311,959160.42,6010678.99,Comfortable,67.2
1785829380000,NOISE-NR2,a7b30385-932d-4325-b84b-ae6bdcc359e3,958613.61,6010191.3,Comfortable,61.9
1785829380000,NOISE-NR3,74469165-c65c-4435-a387-36920379578d,959234.31,6010383.42,Comfortable,67
1785829440000,NOISE-N,b291e7be-9f14-44ed-87c1-0f02b8ca35b3,958906.23,6010563.72,High,81.6
1785829440000,NOISE-E,7be9696e-9ace-4085-a81b-0b04c83955db,959045.15,6010445.49,High,84.9
1785829440000,NOISE-S,b543d03f-a7d0-4faa-8507-0b3e31081e0b,958885.54,6010297.7,Elevated,78.7
1785829440000,NOISE-W,49a1ac8f-b89d-4356-8260-a3e73765a98a,958749.58,6010415.93,High,81.5
1785829440000,NOISE-NR1,5c7eb3a5-3ace-49d5-b023-33009a594311,959160.42,6010678.99,Comfortable,67
1785829440000,NOISE-NR2,a7b30385-932d-4325-b84b-ae6bdcc359e3,958613.61,6010191.3,Comfortable,62
1785829440000,NOISE-NR3,74469165-c65c-4435-a387-36920379578d,959234.31,6010383.42,Comfortable,67.5
1785829500000,NOISE-N,b291e7be-9f14-44ed-87c1-0f02b8ca35b3,958906.23,6010563.72,High,81.7
1785829500000,NOISE-E,7be9696e-9ace-4085-a81b-0b04c83955db,959045.15,6010445.49,Excessive,85.4
1785829500000,NOISE-S,b543d03f-a7d0-4faa-8507-0b3e31081e0b,958885.54,6010297.7,Elevated,78.3
1785829500000,NOISE-W,49a1ac8f-b89d-4356-8260-a3e73765a98a,958749.58,6010415.93,High,81.6
1785829500000,NOISE-NR1,5c7eb3a5-3ace-49d5-b023-33009a594311,959160.42,6010678.99,Comfortable,66.3
1785829500000,NOISE-NR2,a7b30385-932d-4325-b84b-ae6bdcc359e3,958613.61,6010191.3,Comfortable,62.5
1785829500000,NOISE-NR3,74469165-c65c-4435-a387-36920379578d,959234.31,6010383.42,Comfortable,67.8
1785829560000,NOISE-N,b291e7be-9f14-44ed-87c1-0f02b8ca35b3,958906.23,6010563.72,High,81.4
1785829560000,NOISE-E,7be9696e-9ace-4085-a81b-0b04c83955db,959045.15,6010445.49,Excessive,85.2
1785829560000,NOISE-S,b543d03f-a7d0-4faa-8507-0b3e31081e0b,958885.54,6010297.7,Elevated,79
1785829560000,NOISE-W,49a1ac8f-b89d-4356-8260-a3e73765a98a,958749.58,6010415.93,High,81.4
1785829560000,NOISE-NR1,5c7eb3a5-3ace-49d5-b023-33009a594311,959160.42,6010678.99,Comfortable,66.8
1785829560000,NOISE-NR2,a7b30385-932d-4325-b84b-ae6bdcc359e3,958613.61,6010191.3,Comfortable,62.7
1785829560000,NOISE-NR3,74469165-c65c-4435-a387-36920379578d,959234.31,6010383.42,Comfortable,68.1
1785829620000,NOISE-N,b291e7be-9f14-44ed-87c1-0f02b8ca35b3,958906.23,6010563.72,High,81.6
1785829620000,NOISE-E,7be9696e-9ace-4085-a81b-0b04c83955db,959045.15,6010445.49,High,84.6
1785829620000,NOISE-S,b543d03f-a7d0-4faa-8507-0b3e31081e0b,958885.54,6010297.7,Elevated,79.3
1785829620000,NOISE-W,49a1ac8f-b89d-4356-8260-a3e73765a98a,958749.58,6010415.93,High,80.6
1785829620000,NOISE-NR1,5c7eb3a5-3ace-49d5-b023-33009a594311,959160.42,6010678.99,Comfortable,67.1
1785829620000,NOISE-NR2,a7b30385-932d-4325-b84b-ae6bdcc359e3,958613.61,6010191.3,Comfortable,62
1785829620000,NOISE-NR3,74469165-c65c-4435-a387-36920379578d,959234.31,6010383.42,Comfortable,68.6
1785829680000,NOISE-N,b291e7be-9f14-44ed-87c1-0f02b8ca35b3,958906.23,6010563.72,High,81.5
1785829680000,NOISE-E,7be9696e-9ace-4085-a81b-0b04c83955db,959045.15,6010445.49,High,84.9
1785829680000,NOISE-S,b543d03f-a7d0-4faa-8507-0b3e31081e0b,958885.54,6010297.7,Elevated,78.9
1785829680000,NOISE-W,49a1ac8f-b89d-4356-8260-a3e73765a98a,958749.58,6010415.93,High,80.2
1785829680000,NOISE-NR1,5c7eb3a5-3ace-49d5-b023-33009a594311,959160.42,6010678.99,Comfortable,66.7
1785829680000,NOISE-NR2,a7b30385-932d-4325-b84b-ae6bdcc359e3,958613.61,6010191.3,Comfortable,62.1
1785829680000,NOISE-NR3,74469165-c65c-4435-a387-36920379578d,959234.31,6010383.42,Comfortable,67.8
1785829740000,NOISE-N,b291e7be-9f14-44ed-87c1-0f02b8ca35b3,958906.23,6010563.72,High,81.8
1785829740000,NOISE-E,7be9696e-9ace-4085-a81b-0b04c83955db,959045.15,6010445.49,High,84.6
1785829740000,NOISE-S,b543d03f-a7d0-4faa-8507-0b3e31081e0b,958885.54,6010297.7,Elevated,78.6
1785829740000,NOISE-W,49a1ac8f-b89d-4356-8260-a3e73765a98a,958749.58,6010415.93,Elevated,79.6
1785829740000,NOISE-NR1,5c7eb3a5-3ace-49d5-b023-33009a594311,959160.42,6010678.99,Comfortable,67.3
1785829740000,NOISE-NR2,a7b30385-932d-4325-b84b-ae6bdcc359e3,958613.61,6010191.3,Comfortable,62
1785829740000,NOISE-NR3,74469165-c65c-4435-a387-36920379578d,959234.31,6010383.42,Comfortable,68.1
1785829800000,NOISE-N,b291e7be-9f14-44ed-87c1-0f02b8ca35b3,958906.23,6010563.72,High,81.7
1785829800000,NOISE-E,7be9696e-9ace-4085-a81b-0b04c83955db,959045.15,6010445.49,High,84.4
1785829800000,NOISE-S,b543d03f-a7d0-4faa-8507-0b3e31081e0b,958885.54,6010297.7,Elevated,78.9
1785829800000,NOISE-W,49a1ac8f-b89d-4356-8260-a3e73765a98a,958749.58,6010415.93,Elevated,79.8
1785829800000,NOISE-NR1,5c7eb3a5-3ace-49d5-b023-33009a594311,959160.42,6010678.99,Comfortable,66.6
1785829800000,NOISE-NR2,a7b30385-932d-4325-b84b-ae6bdcc359e3,958613.61,6010191.3,Comfortable,62.2
1785829800000,NOISE-NR3,74469165-c65c-4435-a387-36920379578d,959234.31,6010383.42,Comfortable,68.1
1785829860000,NOISE-N,b291e7be-9f14-44ed-87c1-0f02b8ca35b3,958906.23,6010563.72,High,82
1785829860000,NOISE-E,7be9696e-9ace-4085-a81b-0b04c83955db,959045.15,6010445.49,High,84.9
1785829860000,NOISE-S,b543d03f-a7d0-4faa-8507-0b3e31081e0b,958885.54,6010297.7,Elevated,79.4
1785829860000,NOISE-W,49a1ac8f-b89d-4356-8260-a3e73765a98a,958749.58,6010415.93,High,80.3
1785829860000,NOISE-NR1,5c7eb3a5-3ace-49d5-b023-33009a594311,959160.42,6010678.99,Comfortable,65.8
1785829860000,NOISE-NR2,a7b30385-932d-4325-b84b-ae6bdcc359e3,958613.61,6010191.3,Comfortable,62.3
1785829860000,NOISE-NR3,74469165-c65c-4435-a387-36920379578d,959234.31,6010383.42,Comfortable,68.6
1785829920000,NOISE-N,b291e7be-9f14-44ed-87c1-0f02b8ca35b3,958906.23,6010563.72,High,82.5
1785829920000,NOISE-E,7be9696e-9ace-4085-a81b-0b04c83955db,959045.15,6010445.49,High,83.9
1785829920000,NOISE-S,b543d03f-a7d0-4faa-8507-0b3e31081e0b,958885.54,6010297.7,Elevated,80
1785829920000,NOISE-W,49a1ac8f-b89d-4356-8260-a3e73765a98a,958749.58,6010415.93,High,81.2
1785829920000,NOISE-NR1,5c7eb3a5-3ace-49d5-b023-33009a594311,959160.42,6010678.99,Comfortable,65.9
1785829920000,NOISE-NR2,a7b30385-932d-4325-b84b-ae6bdcc359e3,958613.61,6010191.3,Comfortable,61.8
1785829920000,NOISE-NR3,74469165-c65c-4435-a387-36920379578d,959234.31,6010383.42,Comfortable,68.3
1785829980000,NOISE-N,b291e7be-9f14-44ed-87c1-0f02b8ca35b3,958906.23,6010563.72,High,83
1785829980000,NOISE-E,7be9696e-9ace-4085-a81b-0b04c83955db,959045.15,6010445.49,High,84.1
1785829980000,NOISE-S,b543d03f-a7d0-4faa-8507-0b3e31081e0b,958885.54,6010297.7,Elevated,79.5
1785829980000,NOISE-W,49a1ac8f-b89d-4356-8260-a3e73765a98a,958749.58,6010415.93,High,81
1785829980000,NOISE-NR1,5c7eb3a5-3ace-49d5-b023-33009a594311,959160.42,6010678.99,Comfortable,65.3
1785829980000,NOISE-NR2,a7b30385-932d-4325-b84b-ae6bdcc359e3,958613.61,6010191.3,Comfortable,61.4
1785829980000,NOISE-NR3,74469165-c65c-4435-a387-36920379578d,959234.31,6010383.42,Comfortable,68.4
1785830040000,NOISE-N,b291e7be-9f14-44ed-87c1-0f02b8ca35b3,958906.23,6010563.72,High,82.4
1785830040000,NOISE-E,7be9696e-9ace-4085-a81b-0b04c83955db,959045.15,6010445.49,High,83.7
1785830040000,NOISE-S,b543d03f-a7d0-4faa-8507-0b3e31081e0b,958885.54,6010297.7,High,80.4
1785830040000,NOISE-W,49a1ac8f-b89d-4356-8260-a3e73765a98a,958749.58,6010415.93,High,81
1785830040000,NOISE-NR1,5c7eb3a5-3ace-49d5-b023-33009a594311,959160.42,6010678.99,Comfortable,65
1785830040000,NOISE-NR2,a7b30385-932d-4325-b84b-ae6bdcc359e3,958613.61,6010191.3,Comfortable,61.1
1785830040000,NOISE-NR3,74469165-c65c-4435-a387-36920379578d,959234.31,6010383.42,Comfortable,67.8
1785830100000,NOISE-N,b291e7be-9f14-44ed-87c1-0f02b8ca35b3,958906.23,6010563.72,High,82.4
1785830100000,NOISE-E,7be9696e-9ace-4085-a81b-0b04c83955db,959045.15,6010445.49,High,83.6
1785830100000,NOISE-S,b543d03f-a7d0-4faa-8507-0b3e31081e0b,958885.54,6010297.7,High,80.8
1785830100000,NOISE-W,49a1ac8f-b89d-4356-8260-a3e73765a98a,958749.58,6010415.93,High,80.4
1785830100000,NOISE-NR1,5c7eb3a5-3ace-49d5-b023-33009a594311,959160.42,6010678.99,Comfortable,64.8
1785830100000,NOISE-NR2,a7b30385-932d-4325-b84b-ae6bdcc359e3,958613.61,6010191.3,Comfortable,61.6
1785830100000,NOISE-NR3,74469165-c65c-4435-a387-36920379578d,959234.31,6010383.42,Comfortable,67.1
1785830160000,NOISE-N,b291e7be-9f14-44ed-87c1-0f02b8ca35b3,958906.23,6010563.72,High,81.6
1785830160000,NOISE-E,7be9696e-9ace-4085-a81b-0b04c83955db,959045.15,6010445.49,High,83.6
1785830160000,NOISE-S,b543d03f-a7d0-4faa-8507-0b3e31081e0b,958885.54,6010297.7,High,81.3
1785830160000,NOISE-W,49a1ac8f-b89d-4356-8260-a3e73765a98a,958749.58,6010415.93,High,81.1
1785830160000,NOISE-NR1,5c7eb3a5-3ace-49d5-b023-33009a594311,959160.42,6010678.99,Comfortable,64.4
1785830160000,NOISE-NR2,a7b30385-932d-4325-b84b-ae6bdcc359e3,958613.61,6010191.3,Comfortable,61.6
1785830160000,NOISE-NR3,74469165-c65c-4435-a387-36920379578d,959234.31,6010383.42,Comfortable,66.8
1785830220000,NOISE-N,b291e7be-9f14-44ed-87c1-0f02b8ca35b3,958906.23,6010563.72,High,81.8
1785830220000,NOISE-E,7be9696e-9ace-4085-a81b-0b04c83955db,959045.15,6010445.49,High,83
1785830220000,NOISE-S,b543d03f-a7d0-4faa-8507-0b3e31081e0b,958885.54,6010297.7,High,81.7
1785830220000,NOISE-W,49a1ac8f-b89d-4356-8260-a3e73765a98a,958749.58,6010415.93,High,81.6
1785830220000,NOISE-NR1,5c7eb3a5-3ace-49d5-b023-33009a594311,959160.42,6010678.99,Comfortable,64.3
1785830220000,NOISE-NR2,a7b30385-932d-4325-b84b-ae6bdcc359e3,958613.61,6010191.3,Comfortable,62.3
1785830220000,NOISE-NR3,74469165-c65c-4435-a387-36920379578d,959234.31,6010383.42,Comfortable,66.4
1785830280000,NOISE-N,b291e7be-9f14-44ed-87c1-0f02b8ca35b3,958906.23,6010563.72,High,81.9
1785830280000,NOISE-E,7be9696e-9ace-4085-a81b-0b04c83955db,959045.15,6010445.49,High,82.8
1785830280000,NOISE-S,b543d03f-a7d0-4faa-8507-0b3e31081e0b,958885.54,6010297.7,High,81.4
1785830280000,NOISE-W,49a1ac8f-b89d-4356-8260-a3e73765a98a,958749.58,6010415.93,High,81.7
1785830280000,NOISE-NR1,5c7eb3a5-3ace-49d5-b023-33009a594311,959160.42,6010678.99,Comfortable,64.4
1785830280000,NOISE-NR2,a7b30385-932d-4325-b84b-ae6bdcc359e3,958613.61,6010191.3,Comfortable,62.3
1785830280000,NOISE-NR3,74469165-c65c-4435-a387-36920379578d,959234.31,6010383.42,Comfortable,65.8
1785830340000,NOISE-N,b291e7be-9f14-44ed-87c1-0f02b8ca35b3,958906.23,6010563.72,High,81.2
1785830340000,NOISE-E,7be9696e-9ace-4085-a81b-0b04c83955db,959045.15,6010445.49,High,82.6
1785830340000,NOISE-S,b543d03f-a7d0-4faa-8507-0b3e31081e0b,958885.54,6010297.7,High,80.6
1785830340000,NOISE-W,49a1ac8f-b89d-4356-8260-a3e73765a98a,958749.58,6010415.93,High,81.5
1785830340000,NOISE-NR1,5c7eb3a5-3ace-49d5-b023-33009a594311,959160.42,6010678.99,Comfortable,65.1
1785830340000,NOISE-NR2,a7b30385-932d-4325-b84b-ae6bdcc359e3,958613.61,6010191.3,Comfortable,62.8
1785830340000,NOISE-NR3,74469165-c65c-4435-a387-36920379578d,959234.31,6010383.42,Comfortable,66.3
1785830400000,NOISE-N,b291e7be-9f14-44ed-87c1-0f02b8ca35b3,958906.23,6010563.72,High,81.3
1785830400000,NOISE-E,7be9696e-9ace-4085-a81b-0b04c83955db,959045.15,6010445.49,High,83.2
1785830400000,NOISE-S,b543d03f-a7d0-4faa-8507-0b3e31081e0b,958885.54,6010297.7,High,80.9
1785830400000,NOISE-W,49a1ac8f-b89d-4356-8260-a3e73765a98a,958749.58,6010415.93,High,82.1
1785830400000,NOISE-NR1,5c7eb3a5-3ace-49d5-b023-33009a594311,959160.42,6010678.99,Comfortable,65.2
1785830400000,NOISE-NR2,a7b30385-932d-4325-b84b-ae6bdcc359e3,958613.61,6010191.3,Comfortable,62.7
1785830400000,NOISE-NR3,74469165-c65c-4435-a387-36920379578d,959234.31,6010383.42,Comfortable,66
1785830460000,NOISE-N,b291e7be-9f14-44ed-87c1-0f02b8ca35b3,958906.23,6010563.72,High,81.8
1785830460000,NOISE-E,7be9696e-9ace-4085-a81b-0b04c83955db,959045.15,6010445.49,High,83.4
1785830460000,NOISE-S,b543d03f-a7d0-4faa-8507-0b3e31081e0b,958885.54,6010297.7,High,81.4
1785830460000,NOISE-W,49a1ac8f-b89d-4356-8260-a3e73765a98a,958749.58,6010415.93,High,81.5
1785830460000,NOISE-NR1,5c7eb3a5-3ace-49d5-b023-33009a594311,959160.42,6010678.99,Comfortable,64.8
1785830460000,NOISE-NR2,a7b30385-932d-4325-b84b-ae6bdcc359e3,958613.61,6010191.3,Comfortable,62.7
1785830460000,NOISE-NR3,74469165-c65c-4435-a387-36920379578d,959234.31,6010383.42,Comfortable,65.7
1785830520000,NOISE-N,b291e7be-9f14-44ed-87c1-0f02b8ca35b3,958906.23,6010563.72,High,81.2
1785830520000,NOISE-E,7be9696e-9ace-4085-a81b-0b04c83955db,959045.15,6010445.49,High,83.2
1785830520000,NOISE-S,b543d03f-a7d0-4faa-8507-0b3e31081e0b,958885.54,6010297.7,High,80.8
1785830520000,NOISE-W,49a1ac8f-b89d-4356-8260-a3e73765a98a,958749.58,6010415.93,High,80.7
1785830520000,NOISE-NR1,5c7eb3a5-3ace-49d5-b023-33009a594311,959160.42,6010678.99,Comfortable,64.4
1785830520000,NOISE-NR2,a7b30385-932d-4325-b84b-ae6bdcc359e3,958613.61,6010191.3,Comfortable,62.6
1785830520000,NOISE-NR3,74469165-c65c-4435-a387-36920379578d,959234.31,6010383.42,Comfortable,66.5
1785830580000,NOISE-N,b291e7be-9f14-44ed-87c1-0f02b8ca35b3,958906.23,6010563.72,High,80.7
1785830580000,NOISE-E,7be9696e-9ace-4085-a81b-0b04c83955db,959045.15,6010445.49,High,82.7
1785830580000,NOISE-S,b543d03f-a7d0-4faa-8507-0b3e31081e0b,958885.54,6010297.7,High,80.4
1785830580000,NOISE-W,49a1ac8f-b89d-4356-8260-a3e73765a98a,958749.58,6010415.93,High,80.7
1785830580000,NOISE-NR1,5c7eb3a5-3ace-49d5-b023-33009a594311,959160.42,6010678.99,Comfortable,65.4
1785830580000,NOISE-NR2,a7b30385-932d-4325-b84b-ae6bdcc359e3,958613.61,6010191.3,Comfortable,62
1785830580000,NOISE-NR3,74469165-c65c-4435-a387-36920379578d,959234.31,6010383.42,Comfortable,67
1785830640000,NOISE-N,b291e7be-9f14-44ed-87c1-0f02b8ca35b3,958906.23,6010563.72,High,81.8
1785830640000,NOISE-E,7be9696e-9ace-4085-a81b-0b04c83955db,959045.15,6010445.49,High,83
1785830640000,NOISE-S,b543d03f-a7d0-4faa-8507-0b3e31081e0b,958885.54,6010297.7,High,80.9
1785830640000,NOISE-W,49a1ac8f-b89d-4356-8260-a3e73765a98a,958749.58,6010415.93,High,80.7
1785830640000,NOISE-NR1,5c7eb3a5-3ace-49d5-b023-33009a594311,959160.42,6010678.99,Comfortable,65.4
1785830640000,NOISE-NR2,a7b30385-932d-4325-b84b-ae6bdcc359e3,958613.61,6010191.3,Comfortable,62.4
1785830640000,NOISE-NR3,74469165-c65c-4435-a387-36920379578d,959234.31,6010383.42,Comfortable,66.9
1785830700000,NOISE-N,b291e7be-9f14-44ed-87c1-0f02b8ca35b3,958906.23,6010563.72,High,82.6
1785830700000,NOISE-E,7be9696e-9ace-4085-a81b-0b04c83955db,959045.15,6010445.49,High,83.5
1785830700000,NOISE-S,b543d03f-a7d0-4faa-8507-0b3e31081e0b,958885.54,6010297.7,High,80.5
1785830700000,NOISE-W,49a1ac8f-b89d-4356-8260-a3e73765a98a,958749.58,6010415.93,High,80.1
1785830700000,NOISE-NR1,5c7eb3a5-3ace-49d5-b023-33009a594311,959160.42,6010678.99,Comfortable,65.9
1785830700000,NOISE-NR2,a7b30385-932d-4325-b84b-ae6bdcc359e3,958613.61,6010191.3,Comfortable,62.7
1785830700000,NOISE-NR3,74469165-c65c-4435-a387-36920379578d,959234.31,6010383.42,Comfortable,67
1785830760000,NOISE-N,b291e7be-9f14-44ed-87c1-0f02b8ca35b3,958906.23,6010563.72,High,82.8
1785830760000,NOISE-E,7be9696e-9ace-4085-a81b-0b04c83955db,959045.15,6010445.49,High,83.9
1785830760000,NOISE-S,b543d03f-a7d0-4faa-8507-0b3e31081e0b,958885.54,6010297.7,High,80.2
1785830760000,NOISE-W,49a1ac8f-b89d-4356-8260-a3e73765a98a,958749.58,6010415.93,High,81.1
1785830760000,NOISE-NR1,5c7eb3a5-3ace-49d5-b023-33009a594311,959160.42,6010678.99,Comfortable,65.9
1785830760000,NOISE-NR2,a7b30385-932d-4325-b84b-ae6bdcc359e3,958613.61,6010191.3,Comfortable,63.5
1785830760000,NOISE-NR3,74469165-c65c-4435-a387-36920379578d,959234.31,6010383.42,Comfortable,66.6
1785830820000,NOISE-N,b291e7be-9f14-44ed-87c1-0f02b8ca35b3,958906.23,6010563.72,High,82.8
1785830820000,NOISE-E,7be9696e-9ace-4085-a81b-0b04c83955db,959045.15,6010445.49,High,83.4
1785830820000,NOISE-S,b543d03f-a7d0-4faa-8507-0b3e31081e0b,958885.54,6010297.7,High,80.8
1785830820000,NOISE-W,49a1ac8f-b89d-4356-8260-a3e73765a98a,958749.58,6010415.93,High,81.4
1785830820000,NOISE-NR1,5c7eb3a5-3ace-49d5-b023-33009a594311,959160.42,6010678.99,Comfortable,65.5
1785830820000,NOISE-NR2,a7b30385-932d-4325-b84b-ae6bdcc359e3,958613.61,6010191.3,Comfortable,62.8
1785830820000,NOISE-NR3,74469165-c65c-4435-a387-36920379578d,959234.31,6010383.42,Comfortable,66.3
1785830880000,NOISE-N,b291e7be-9f14-44ed-87c1-0f02b8ca35b3,958906.23,6010563.72,High,82
1785830880000,NOISE-E,7be9696e-9ace-4085-a81b-0b04c83955db,959045.15,6010445.49,High,83.8
1785830880000,NOISE-S,b543d03f-a7d0-4faa-8507-0b3e31081e0b,958885.54,6010297.7,High,80.6
1785830880000,NOISE-W,49a1ac8f-b89d-4356-8260-a3e73765a98a,958749.58,6010415.93,High,80.9
1785830880000,NOISE-NR1,5c7eb3a5-3ace-49d5-b023-33009a594311,959160.42,6010678.99,Comfortable,65.8
1785830880000,NOISE-NR2,a7b30385-932d-4325-b84b-ae6bdcc359e3,958613.61,6010191.3,Comfortable,63.5
1785830880000,NOISE-NR3,74469165-c65c-4435-a387-36920379578d,959234.31,6010383.42,Comfortable,65.7
1785830940000,NOISE-N,b291e7be-9f14-44ed-87c1-0f02b8ca35b3,958906.23,6010563.72,High,82.5
1785830940000,NOISE-E,7be9696e-9ace-4085-a81b-0b04c83955db,959045.15,6010445.49,High,83.6
1785830940000,NOISE-S,b543d03f-a7d0-4faa-8507-0b3e31081e0b,958885.54,6010297.7,High,80.5
1785830940000,NOISE-W,49a1ac8f-b89d-4356-8260-a3e73765a98a,958749.58,6010415.93,High,81.1
1785830940000,NOISE-NR1,5c7eb3a5-3ace-49d5-b023-33009a594311,959160.42,6010678.99,Comfortable,66.2
1785830940000,NOISE-NR2,a7b30385-932d-4325-b84b-ae6bdcc359e3,958613.61,6010191.3,Comfortable,63.7
1785830940000,NOISE-NR3,74469165-c65c-4435-a387-36920379578d,959234.31,6010383.42,Comfortable,66.3
1785831000000,NOISE-N,b291e7be-9f14-44ed-87c1-0f02b8ca35b3,958906.23,6010563.72,High,82.7
1785831000000,NOISE-E,7be9696e-9ace-4085-a81b-0b04c83955db,959045.15,6010445.49,High,83.4
1785831000000,NOISE-S,b543d03f-a7d0-4faa-8507-0b3e31081e0b,958885.54,6010297.7,High,80.6
1785831000000,NOISE-W,49a1ac8f-b89d-4356-8260-a3e73765a98a,958749.58,6010415.93,High,80.4
1785831000000,NOISE-NR1,5c7eb3a5-3ace-49d5-b023-33009a594311,959160.42,6010678.99,Comfortable,65.8
1785831000000,NOISE-NR2,a7b30385-932d-4325-b84b-ae6bdcc359e3,958613.61,6010191.3,Comfortable,62.8
1785831000000,NOISE-NR3,74469165-c65c-4435-a387-36920379578d,959234.31,6010383.42,Comfortable,66
1785831060000,NOISE-N,b291e7be-9f14-44ed-87c1-0f02b8ca35b3,958906.23,6010563.72,High,83.1
1785831060000,NOISE-E,7be9696e-9ace-4085-a81b-0b04c83955db,959045.15,6010445.49,High,83.8
1785831060000,NOISE-S,b543d03f-a7d0-4faa-8507-0b3e31081e0b,958885.54,6010297.7,High,80.3
1785831060000,NOISE-W,49a1ac8f-b89d-4356-8260-a3e73765a98a,958749.58,6010415.93,High,80.2
1785831060000,NOISE-NR1,5c7eb3a5-3ace-49d5-b023-33009a594311,959160.42,6010678.99,Comfortable,65.3
1785831060000,NOISE-NR2,a7b30385-932d-4325-b84b-ae6bdcc359e3,958613.61,6010191.3,Comfortable,63.5
1785831060000,NOISE-NR3,74469165-c65c-4435-a387-36920379578d,959234.31,6010383.42,Comfortable,66
1785831120000,NOISE-N,b291e7be-9f14-44ed-87c1-0f02b8ca35b3,958906.23,6010563.72,High,83.2
1785831120000,NOISE-E,7be9696e-9ace-4085-a81b-0b04c83955db,959045.15,6010445.49,High,83.3
1785831120000,NOISE-S,b543d03f-a7d0-4faa-8507-0b3e31081e0b,958885.54,6010297.7,High,80.7
1785831120000,NOISE-W,49a1ac8f-b89d-4356-8260-a3e73765a98a,958749.58,6010415.93,High,80.2
1785831120000,NOISE-NR1,5c7eb3a5-3ace-49d5-b023-33009a594311,959160.42,6010678.99,Comfortable,65.5
1785831120000,NOISE-NR2,a7b30385-932d-4325-b84b-ae6bdcc359e3,958613.61,6010191.3,Comfortable,63.3
1785831120000,NOISE-NR3,74469165-c65c-4435-a387-36920379578d,959234.31,6010383.42,Comfortable,67
1785831180000,NOISE-N,b291e7be-9f14-44ed-87c1-0f02b8ca35b3,958906.23,6010563.72,High,82.2
1785831180000,NOISE-E,7be9696e-9ace-4085-a81b-0b04c83955db,959045.15,6010445.49,High,84
1785831180000,NOISE-S,b543d03f-a7d0-4faa-8507-0b3e31081e0b,958885.54,6010297.7,Elevated,79.9
1785831180000,NOISE-W,49a1ac8f-b89d-4356-8260-a3e73765a98a,958749.58,6010415.93,High,80.9
1785831180000,NOISE-NR1,5c7eb3a5-3ace-49d5-b023-33009a594311,959160.42,6010678.99,Comfortable,65.9
1785831180000,NOISE-NR2,a7b30385-932d-4325-b84b-ae6bdcc359e3,958613.61,6010191.3,Comfortable,63.5
1785831180000,NOISE-NR3,74469165-c65c-4435-a387-36920379578d,959234.31,6010383.42,Comfortable,67.1
1785831240000,NOISE-N,b291e7be-9f14-44ed-87c1-0f02b8ca35b3,958906.23,6010563.72,High,82.6
1785831240000,NOISE-E,7be9696e-9ace-4085-a81b-0b04c83955db,959045.15,6010445.49,High,84.1
1785831240000,NOISE-S,b543d03f-a7d0-4faa-8507-0b3e31081e0b,958885.54,6010297.7,Elevated,79.7
1785831240000,NOISE-W,49a1ac8f-b89d-4356-8260-a3e73765a98a,958749.58,6010415.93,High,81.7
1785831240000,NOISE-NR1,5c7eb3a5-3ace-49d5-b023-33009a594311,959160.42,6010678.99,Comfortable,66.1
1785831240000,NOISE-NR2,a7b30385-932d-4325-b84b-ae6bdcc359e3,958613.61,6010191.3,Comfortable,63.3
1785831240000,NOISE-NR3,74469165-c65c-4435-a387-36920379578d,959234.31,6010383.42,Comfortable,67
1785831300000,NOISE-N,b291e7be-9f14-44ed-87c1-0f02b8ca35b3,958906.23,6010563.72,High,83.2
1785831300000,NOISE-E,7be9696e-9ace-4085-a81b-0b04c83955db,959045.15,6010445.49,High,83.6
1785831300000,NOISE-S,b543d03f-a7d0-4faa-8507-0b3e31081e0b,958885.54,6010297.7,Elevated,79.6
1785831300000,NOISE-W,49a1ac8f-b89d-4356-8260-a3e73765a98a,958749.58,6010415.93,High,82.3
1785831300000,NOISE-NR1,5c7eb3a5-3ace-49d5-b023-33009a594311,959160.42,6010678.99,Comfortable,65.9
1785831300000,NOISE-NR2,a7b30385-932d-4325-b84b-ae6bdcc359e3,958613.61,6010191.3,Comfortable,64
1785831300000,NOISE-NR3,74469165-c65c-4435-a387-36920379578d,959234.31,6010383.42,Comfortable,67.1
1785831360000,NOISE-N,b291e7be-9f14-44ed-87c1-0f02b8ca35b3,958906.23,6010563.72,High,82.9
1785831360000,NOISE-E,7be9696e-9ace-4085-a81b-0b04c83955db,959045.15,6010445.49,High,84.5
1785831360000,NOISE-S,b543d03f-a7d0-4faa-8507-0b3e31081e0b,958885.54,6010297.7,High,80.5
1785831360000,NOISE-W,49a1ac8f-b89d-4356-8260-a3e73765a98a,958749.58,6010415.93,High,81.5
1785831360000,NOISE-NR1,5c7eb3a5-3ace-49d5-b023-33009a594311,959160.42,6010678.99,Comfortable,65.3
1785831360000,NOISE-NR2,a7b30385-932d-4325-b84b-ae6bdcc359e3,958613.61,6010191.3,Comfortable,63
1785831360000,NOISE-NR3,74469165-c65c-4435-a387-36920379578d,959234.31,6010383.42,Comfortable,67.9
1785831420000,NOISE-N,b291e7be-9f14-44ed-87c1-0f02b8ca35b3,958906.23,6010563.72,High,83.1
1785831420000,NOISE-E,7be9696e-9ace-4085-a81b-0b04c83955db,959045.15,6010445.49,High,83.7
1785831420000,NOISE-S,b543d03f-a7d0-4faa-8507-0b3e31081e0b,958885.54,6010297.7,High,80.9
1785831420000,NOISE-W,49a1ac8f-b89d-4356-8260-a3e73765a98a,958749.58,6010415.93,High,81.9
1785831420000,NOISE-NR1,5c7eb3a5-3ace-49d5-b023-33009a594311,959160.42,6010678.99,Comfortable,65.6
1785831420000,NOISE-NR2,a7b30385-932d-4325-b84b-ae6bdcc359e3,958613.61,6010191.3,Comfortable,62.6
1785831420000,NOISE-NR3,74469165-c65c-4435-a387-36920379578d,959234.31,6010383.42,Comfortable,67.8
1785831480000,NOISE-N,b291e7be-9f14-44ed-87c1-0f02b8ca35b3,958906.23,6010563.72,High,82.5
1785831480000,NOISE-E,7be9696e-9ace-4085-a81b-0b04c83955db,959045.15,6010445.49,High,84.5
1785831480000,NOISE-S,b543d03f-a7d0-4faa-8507-0b3e31081e0b,958885.54,6010297.7,High,80.3
1785831480000,NOISE-W,49a1ac8f-b89d-4356-8260-a3e73765a98a,958749.58,6010415.93,High,81.2
1785831480000,NOISE-NR1,5c7eb3a5-3ace-49d5-b023-33009a594311,959160.42,6010678.99,Comfortable,66.3
1785831480000,NOISE-NR2,a7b30385-932d-4325-b84b-ae6bdcc359e3,958613.61,6010191.3,Comfortable,62.3
1785831480000,NOISE-NR3,74469165-c65c-4435-a387-36920379578d,959234.31,6010383.42,Comfortable,67.1
1785831540000,NOISE-N,b291e7be-9f14-44ed-87c1-0f02b8ca35b3,958906.23,6010563.72,High,82.5
1785831540000,NOISE-E,7be9696e-9ace-4085-a81b-0b04c83955db,959045.15,6010445.49,High,84.2
1785831540000,NOISE-S,b543d03f-a7d0-4faa-8507-0b3e31081e0b,958885.54,6010297.7,High,80
1785831540000,NOISE-W,49a1ac8f-b89d-4356-8260-a3e73765a98a,958749.58,6010415.93,High,80.8
1785831540000,NOISE-NR1,5c7eb3a5-3ace-49d5-b023-33009a594311,959160.42,6010678.99,Comfortable,66.3
1785831540000,NOISE-NR2,a7b30385-932d-4325-b84b-ae6bdcc359e3,958613.61,6010191.3,Comfortable,62.1
1785831540000,NOISE-NR3,74469165-c65c-4435-a387-36920379578d,959234.31,6010383.42,Comfortable,67.1
1785831600000,NOISE-N,b291e7be-9f14-44ed-87c1-0f02b8ca35b3,958906.23,6010563.72,High,82.8
1785831600000,NOISE-E,7be9696e-9ace-4085-a81b-0b04c83955db,959045.15,6010445.49,High,84.6
1785831600000,NOISE-S,b543d03f-a7d0-4faa-8507-0b3e31081e0b,958885.54,6010297.7,High,80.6
1785831600000,NOISE-W,49a1ac8f-b89d-4356-8260-a3e73765a98a,958749.58,6010415.93,High,80.8
1785831600000,NOISE-NR1,5c7eb3a5-3ace-49d5-b023-33009a594311,959160.42,6010678.99,Comfortable,66.8
1785831600000,NOISE-NR2,a7b30385-932d-4325-b84b-ae6bdcc359e3,958613.61,6010191.3,Comfortable,61.8
1785831600000,NOISE-NR3,74469165-c65c-4435-a387-36920379578d,959234.31,6010383.42,Comfortable,67.2
1785831660000,NOISE-N,b291e7be-9f14-44ed-87c1-0f02b8ca35b3,958906.23,6010563.72,High,82.6
1785831660000,NOISE-E,7be9696e-9ace-4085-a81b-0b04c83955db,959045.15,6010445.49,High,83.7
1785831660000,NOISE-S,b543d03f-a7d0-4faa-8507-0b3e31081e0b,958885.54,6010297.7,High,80.5
1785831660000,NOISE-W,49a1ac8f-b89d-4356-8260-a3e73765a98a,958749.58,6010415.93,High,81.2
1785831660000,NOISE-NR1,5c7eb3a5-3ace-49d5-b023-33009a594311,959160.42,6010678.99,Comfortable,67.2
1785831660000,NOISE-NR2,a7b30385-932d-4325-b84b-ae6bdcc359e3,958613.61,6010191.3,Comfortable,62.8
1785831660000,NOISE-NR3,74469165-c65c-4435-a387-36920379578d,959234.31,6010383.42,Comfortable,67.7
1785831720000,NOISE-N,b291e7be-9f14-44ed-87c1-0f02b8ca35b3,958906.23,6010563.72,High,81.9
1785831720000,NOISE-E,7be9696e-9ace-4085-a81b-0b04c83955db,959045.15,6010445.49,High,84.5
1785831720000,NOISE-S,b543d03f-a7d0-4faa-8507-0b3e31081e0b,958885.54,6010297.7,High,81
1785831720000,NOISE-W,49a1ac8f-b89d-4356-8260-a3e73765a98a,958749.58,6010415.93,High,80.4
1785831720000,NOISE-NR1,5c7eb3a5-3ace-49d5-b023-33009a594311,959160.42,6010678.99,Comfortable,66.5
1785831720000,NOISE-NR2,a7b30385-932d-4325-b84b-ae6bdcc359e3,958613.61,6010191.3,Comfortable,63.2
1785831720000,NOISE-NR3,74469165-c65c-4435-a387-36920379578d,959234.31,6010383.42,Comfortable,67.8
1785831780000,NOISE-N,b291e7be-9f14-44ed-87c1-0f02b8ca35b3,958906.23,6010563.72,High,82.5
1785831780000,NOISE-E,7be9696e-9ace-4085-a81b-0b04c83955db,959045.15,6010445.49,Excessive,85.2
1785831780000,NOISE-S,b543d03f-a7d0-4faa-8507-0b3e31081e0b,958885.54,6010297.7,High,81.3
1785831780000,NOISE-W,49a1ac8f-b89d-4356-8260-a3e73765a98a,958749.58,6010415.93,High,80.8
1785831780000,NOISE-NR1,5c7eb3a5-3ace-49d5-b023-33009a594311,959160.42,6010678.99,Comfortable,65.8
1785831780000,NOISE-NR2,a7b30385-932d-4325-b84b-ae6bdcc359e3,958613.61,6010191.3,Comfortable,63.2
1785831780000,NOISE-NR3,74469165-c65c-4435-a387-36920379578d,959234.31,6010383.42,Comfortable,67.2
1785831840000,NOISE-N,b291e7be-9f14-44ed-87c1-0f02b8ca35b3,958906.23,6010563.72,High,82.1
1785831840000,NOISE-E,7be9696e-9ace-4085-a81b-0b04c83955db,959045.15,6010445.49,High,84.8
1785831840000,NOISE-S,b543d03f-a7d0-4faa-8507-0b3e31081e0b,958885.54,6010297.7,High,80.8
1785831840000,NOISE-W,49a1ac8f-b89d-4356-8260-a3e73765a98a,958749.58,6010415.93,High,80.2
1785831840000,NOISE-NR1,5c7eb3a5-3ace-49d5-b023-33009a594311,959160.42,6010678.99,Comfortable,65.1
1785831840000,NOISE-NR2,a7b30385-932d-4325-b84b-ae6bdcc359e3,958613.61,6010191.3,Comfortable,63.2
1785831840000,NOISE-NR3,74469165-c65c-4435-a387-36920379578d,959234.31,6010383.42,Comfortable,66.6
1785831900000,NOISE-N,b291e7be-9f14-44ed-87c1-0f02b8ca35b3,958906.23,6010563.72,High,81.7
1785831900000,NOISE-E,7be9696e-9ace-4085-a81b-0b04c83955db,959045.15,6010445.49,High,84.3
1785831900000,NOISE-S,b543d03f-a7d0-4faa-8507-0b3e31081e0b,958885.54,6010297.7,High,81.3
1785831900000,NOISE-W,49a1ac8f-b89d-4356-8260-a3e73765a98a,958749.58,6010415.93,High,80.4
1785831900000,NOISE-NR1,5c7eb3a5-3ace-49d5-b023-33009a594311,959160.42,6010678.99,Comfortable,65.8
1785831900000,NOISE-NR2,a7b30385-932d-4325-b84b-ae6bdcc359e3,958613.61,6010191.3,Comfortable,63.8
1785831900000,NOISE-NR3,74469165-c65c-4435-a387-36920379578d,959234.31,6010383.42,Comfortable,67
1785831960000,NOISE-N,b291e7be-9f14-44ed-87c1-0f02b8ca35b3,958906.23,6010563.72,High,82.3
1785831960000,NOISE-E,7be9696e-9ace-4085-a81b-0b04c83955db,959045.15,6010445.49,High,83.8
1785831960000,NOISE-S,b543d03f-a7d0-4faa-8507-0b3e31081e0b,958885.54,6010297.7,High,81.1
1785831960000,NOISE-W,49a1ac8f-b89d-4356-8260-a3e73765a98a,958749.58,6010415.93,High,80.8
1785831960000,NOISE-NR1,5c7eb3a5-3ace-49d5-b023-33009a594311,959160.42,6010678.99,Comfortable,66.3
1785831960000,NOISE-NR2,a7b30385-932d-4325-b84b-ae6bdcc359e3,958613.61,6010191.3,Comfortable,63.5
1785831960000,NOISE-NR3,74469165-c65c-4435-a387-36920379578d,959234.31,6010383.42,Comfortable,67.4
1785832020000,NOISE-N,b291e7be-9f14-44ed-87c1-0f02b8ca35b3,958906.23,6010563.72,High,82.7
1785832020000,NOISE-E,7be9696e-9ace-4085-a81b-0b04c83955db,959045.15,6010445.49,High,83.5
1785832020000,NOISE-S,b543d03f-a7d0-4faa-8507-0b3e31081e0b,958885.54,6010297.7,High,81
1785832020000,NOISE-W,49a1ac8f-b89d-4356-8260-a3e73765a98a,958749.58,6010415.93,High,80.9
1785832020000,NOISE-NR1,5c7eb3a5-3ace-49d5-b023-33009a594311,959160.42,6010678.99,Comfortable,66.9
1785832020000,NOISE-NR2,a7b30385-932d-4325-b84b-ae6bdcc359e3,958613.61,6010191.3,Comfortable,62.8
1785832020000,NOISE-NR3,74469165-c65c-4435-a387-36920379578d,959234.31,6010383.42,Comfortable,67.8
1785832080000,NOISE-N,b291e7be-9f14-44ed-87c1-0f02b8ca35b3,958906.23,6010563.72,High,82.9
1785832080000,NOISE-E,7be9696e-9ace-4085-a81b-0b04c83955db,959045.15,6010445.49,High,83.9
1785832080000,NOISE-S,b543d03f-a7d0-4faa-8507-0b3e31081e0b,958885.54,6010297.7,High,81
1785832080000,NOISE-W,49a1ac8f-b89d-4356-8260-a3e73765a98a,958749.58,6010415.93,High,80.2
1785832080000,NOISE-NR1,5c7eb3a5-3ace-49d5-b023-33009a594311,959160.42,6010678.99,Comfortable,67.2
1785832080000,NOISE-NR2,a7b30385-932d-4325-b84b-ae6bdcc359e3,958613.61,6010191.3,Comfortable,63.4
1785832080000,NOISE-NR3,74469165-c65c-4435-a387-36920379578d,959234.31,6010383.42,Comfortable,67.5
1785832140000,NOISE-N,b291e7be-9f14-44ed-87c1-0f02b8ca35b3,958906.23,6010563.72,High,82.4
1785832140000,NOISE-E,7be9696e-9ace-4085-a81b-0b04c83955db,959045.15,6010445.49,High,84.6
1785832140000,NOISE-S,b543d03f-a7d0-4faa-8507-0b3e31081e0b,958885.54,6010297.7,High,81.3
1785832140000,NOISE-W,49a1ac8f-b89d-4356-8260-a3e73765a98a,958749.58,6010415.93,High,80.8
1785832140000,NOISE-NR1,5c7eb3a5-3ace-49d5-b023-33009a594311,959160.42,6010678.99,Comfortable,66.4
1785832140000,NOISE-NR2,a7b30385-932d-4325-b84b-ae6bdcc359e3,958613.61,6010191.3,Comfortable,63.6
1785832140000,NOISE-NR3,74469165-c65c-4435-a387-36920379578d,959234.31,6010383.42,Comfortable,68.2
1785832200000,NOISE-N,b291e7be-9f14-44ed-87c1-0f02b8ca35b3,958906.23,6010563.72,High,82.2
1785832200000,NOISE-E,7be9696e-9ace-4085-a81b-0b04c83955db,959045.15,6010445.49,High,84.1
1785832200000,NOISE-S,b543d03f-a7d0-4faa-8507-0b3e31081e0b,958885.54,6010297.7,High,80.4
1785832200000,NOISE-W,49a1ac8f-b89d-4356-8260-a3e73765a98a,958749.58,6010415.93,High,81.6
1785832200000,NOISE-NR1,5c7eb3a5-3ace-49d5-b023-33009a594311,959160.42,6010678.99,Comfortable,66.3
1785832200000,NOISE-NR2,a7b30385-932d-4325-b84b-ae6bdcc359e3,958613.61,6010191.3,Comfortable,63.1
1785832200000,NOISE-NR3,74469165-c65c-4435-a387-36920379578d,959234.31,6010383.42,Comfortable,67.2
1785832260000,NOISE-N,b291e7be-9f14-44ed-87c1-0f02b8ca35b3,958906.23,6010563.72,High,81.8
1785832260000,NOISE-E,7be9696e-9ace-4085-a81b-0b04c83955db,959045.15,6010445.49,High,83.8
1785832260000,NOISE-S,b543d03f-a7d0-4faa-8507-0b3e31081e0b,958885.54,6010297.7,High,80
1785832260000,NOISE-W,49a1ac8f-b89d-4356-8260-a3e73765a98a,958749.58,6010415.93,High,81.4
1785832260000,NOISE-NR1,5c7eb3a5-3ace-49d5-b023-33009a594311,959160.42,6010678.99,Comfortable,65.6
1785832260000,NOISE-NR2,a7b30385-932d-4325-b84b-ae6bdcc359e3,958613.61,6010191.3,Comfortable,62.8
1785832260000,NOISE-NR3,74469165-c65c-4435-a387-36920379578d,959234.31,6010383.42,Comfortable,66.5
1785832320000,NOISE-N,b291e7be-9f14-44ed-87c1-0f02b8ca35b3,958906.23,6010563.72,High,82.6
1785832320000,NOISE-E,7be9696e-9ace-4085-a81b-0b04c83955db,959045.15,6010445.49,High,83.4
1785832320000,NOISE-S,b543d03f-a7d0-4faa-8507-0b3e31081e0b,958885.54,6010297.7,Elevated,79.4
1785832320000,NOISE-W,49a1ac8f-b89d-4356-8260-a3e73765a98a,958749.58,6010415.93,High,81.1
1785832320000,NOISE-NR1,5c7eb3a5-3ace-49d5-b023-33009a594311,959160.42,6010678.99,Comfortable,66.3
1785832320000,NOISE-NR2,a7b30385-932d-4325-b84b-ae6bdcc359e3,958613.61,6010191.3,Comfortable,62.4
1785832320000,NOISE-NR3,74469165-c65c-4435-a387-36920379578d,959234.31,6010383.42,Comfortable,66.8
1785832380000,NOISE-N,b291e7be-9f14-44ed-87c1-0f02b8ca35b3,958906.23,6010563.72,High,82.8
1785832380000,NOISE-E,7be9696e-9ace-4085-a81b-0b04c83955db,959045.15,6010445.49,High,84.1
1785832380000,NOISE-S,b543d03f-a7d0-4faa-8507-0b3e31081e0b,958885.54,6010297.7,Elevated,78.8
1785832380000,NOISE-W,49a1ac8f-b89d-4356-8260-a3e73765a98a,958749.58,6010415.93,High,80.5
1785832380000,NOISE-NR1,5c7eb3a5-3ace-49d5-b023-33009a594311,959160.42,6010678.99,Comfortable,66
1785832380000,NOISE-NR2,a7b30385-932d-4325-b84b-ae6bdcc359e3,958613.61,6010191.3,Comfortable,62.7
1785832380000,NOISE-NR3,74469165-c65c-4435-a387-36920379578d,959234.31,6010383.42,Comfortable,67.5
1785832440000,NOISE-N,b291e7be-9f14-44ed-87c1-0f02b8ca35b3,958906.23,6010563.72,High,81.9
1785832440000,NOISE-E,7be9696e-9ace-4085-a81b-0b04c83955db,959045.15,6010445.49,High,83.6
1785832440000,NOISE-S,b543d03f-a7d0-4faa-8507-0b3e31081e0b,958885.54,6010297.7,Elevated,78.6
1785832440000,NOISE-W,49a1ac8f-b89d-4356-8260-a3e73765a98a,958749.58,6010415.93,High,81.4
1785832440000,NOISE-NR1,5c7eb3a5-3ace-49d5-b023-33009a594311,959160.42,6010678.99,Comfortable,66.3
1785832440000,NOISE-NR2,a7b30385-932d-4325-b84b-ae6bdcc359e3,958613.61,6010191.3,Comfortable,62.9
1785832440000,NOISE-NR3,74469165-c65c-4435-a387-36920379578d,959234.31,6010383.42,Comfortable,67.8
1785832500000,NOISE-N,b291e7be-9f14-44ed-87c1-0f02b8ca35b3,958906.23,6010563.72,High,81.8
1785832500000,NOISE-E,7be9696e-9ace-4085-a81b-0b04c83955db,959045.15,6010445.49,High,83.7
1785832500000,NOISE-S,b543d03f-a7d0-4faa-8507-0b3e31081e0b,958885.54,6010297.7,Elevated,79.3
1785832500000,NOISE-W,49a1ac8f-b89d-4356-8260-a3e73765a98a,958749.58,6010415.93,High,80.9
1785832500000,NOISE-NR1,5c7eb3a5-3ace-49d5-b023-33009a594311,959160.42,6010678.99,Comfortable,66.6
1785832500000,NOISE-NR2,a7b30385-932d-4325-b84b-ae6bdcc359e3,958613.61,6010191.3,Comfortable,63.2
1785832500000,NOISE-NR3,74469165-c65c-4435-a387-36920379578d,959234.31,6010383.42,Comfortable,67.7
1785832560000,NOISE-N,b291e7be-9f14-44ed-87c1-0f02b8ca35b3,958906.23,6010563.72,High,81.7
1785832560000,NOISE-E,7be9696e-9ace-4085-a81b-0b04c83955db,959045.15,6010445.49,High,83.4
1785832560000,NOISE-S,b543d03f-a7d0-4faa-8507-0b3e31081e0b,958885.54,6010297.7,Elevated,78.9
1785832560000,NOISE-W,49a1ac8f-b89d-4356-8260-a3e73765a98a,958749.58,6010415.93,High,80.8
1785832560000,NOISE-NR1,5c7eb3a5-3ace-49d5-b023-33009a594311,959160.42,6010678.99,Comfortable,66.3
1785832560000,NOISE-NR2,a7b30385-932d-4325-b84b-ae6bdcc359e3,958613.61,6010191.3,Comfortable,63.1
1785832560000,NOISE-NR3,74469165-c65c-4435-a387-36920379578d,959234.31,6010383.42,Comfortable,67.8
1785832620000,NOISE-N,b291e7be-9f14-44ed-87c1-0f02b8ca35b3,958906.23,6010563.72,High,82
1785832620000,NOISE-E,7be9696e-9ace-4085-a81b-0b04c83955db,959045.15,6010445.49,High,83.8
1785832620000,NOISE-S,b543d03f-a7d0-4faa-8507-0b3e31081e0b,958885.54,6010297.7,Elevated,79.8
1785832620000,NOISE-W,49a1ac8f-b89d-4356-8260-a3e73765a98a,958749.58,6010415.93,High,80.3
1785832620000,NOISE-NR1,5c7eb3a5-3ace-49d5-b023-33009a594311,959160.42,6010678.99,Comfortable,66.4
1785832620000,NOISE-NR2,a7b30385-932d-4325-b84b-ae6bdcc359e3,958613.61,6010191.3,Comfortable,62.5
1785832620000,NOISE-NR3,74469165-c65c-4435-a387-36920379578d,959234.31,6010383.42,Comfortable,67.3
1785832680000,NOISE-N,b291e7be-9f14-44ed-87c1-0f02b8ca35b3,958906.23,6010563.72,High,81.5
1785832680000,NOISE-E,7be9696e-9ace-4085-a81b-0b04c83955db,959045.15,6010445.49,High,84.3
1785832680000,NOISE-S,b543d03f-a7d0-4faa-8507-0b3e31081e0b,958885.54,6010297.7,Elevated,80
1785832680000,NOISE-W,49a1ac8f-b89d-4356-8260-a3e73765a98a,958749.58,6010415.93,Elevated,79.7
1785832680000,NOISE-NR1,5c7eb3a5-3ace-49d5-b023-33009a594311,959160.42,6010678.99,Comfortable,67
1785832680000,NOISE-NR2,a7b30385-932d-4325-b84b-ae6bdcc359e3,958613.61,6010191.3,Comfortable,62.2
1785832680000,NOISE-NR3,74469165-c65c-4435-a387-36920379578d,959234.31,6010383.42,Comfortable,66.6
1785832740000,NOISE-N,b291e7be-9f14-44ed-87c1-0f02b8ca35b3,958906.23,6010563.72,High,82
1785832740000,NOISE-E,7be9696e-9ace-4085-a81b-0b04c83955db,959045.15,6010445.49,High,84.4
1785832740000,NOISE-S,b543d03f-a7d0-4faa-8507-0b3e31081e0b,958885.54,6010297.7,High,80.1
1785832740000,NOISE-W,49a1ac8f-b89d-4356-8260-a3e73765a98a,958749.58,6010415.93,High,80
1785832740000,NOISE-NR1,5c7eb3a5-3ace-49d5-b023-33009a594311,959160.42,6010678.99,Comfortable,66.6
1785832740000,NOISE-NR2,a7b30385-932d-4325-b84b-ae6bdcc359e3,958613.61,6010191.3,Comfortable,62.5
1785832740000,NOISE-NR3,74469165-c65c-4435-a387-36920379578d,959234.31,6010383.42,Comfortable,66.2
1785832800000,NOISE-N,b291e7be-9f14-44ed-87c1-0f02b8ca35b3,958906.23,6010563.72,High,81.2
1785832800000,NOISE-E,7be9696e-9ace-4085-a81b-0b04c83955db,959045.15,6010445.49,High,84.4
1785832800000,NOISE-S,b543d03f-a7d0-4faa-8507-0b3e31081e0b,958885.54,6010297.7,High,80.4
1785832800000,NOISE-W,49a1ac8f-b89d-4356-8260-a3e73765a98a,958749.58,6010415.93,High,80.5
1785832800000,NOISE-NR1,5c7eb3a5-3ace-49d5-b023-33009a594311,959160.42,6010678.99,Comfortable,66.9
1785832800000,NOISE-NR2,a7b30385-932d-4325-b84b-ae6bdcc359e3,958613.61,6010191.3,Comfortable,62.6
1785832800000,NOISE-NR3,74469165-c65c-4435-a387-36920379578d,959234.31,6010383.42,Comfortable,65.7
1785832860000,NOISE-N,b291e7be-9f14-44ed-87c1-0f02b8ca35b3,958906.23,6010563.72,High,81.3
1785832860000,NOISE-E,7be9696e-9ace-4085-a81b-0b04c83955db,959045.15,6010445.49,High,84.5
1785832860000,NOISE-S,b543d03f-a7d0-4faa-8507-0b3e31081e0b,958885.54,6010297.7,Elevated,79.8
1785832860000,NOISE-W,49a1ac8f-b89d-4356-8260-a3e73765a98a,958749.58,6010415.93,High,80.6
1785832860000,NOISE-NR1,5c7eb3a5-3ace-49d5-b023-33009a594311,959160.42,6010678.99,Comfortable,67.2
1785832860000,NOISE-NR2,a7b30385-932d-4325-b84b-ae6bdcc359e3,958613.61,6010191.3,Comfortable,62.4
1785832860000,NOISE-NR3,74469165-c65c-4435-a387-36920379578d,959234.31,6010383.42,Comfortable,66.5
1785832920000,NOISE-N,b291e7be-9f14-44ed-87c1-0f02b8ca35b3,958906.23,6010563.72,High,82
1785832920000,NOISE-E,7be9696e-9ace-4085-a81b-0b04c83955db,959045.15,6010445.49,High,84
1785832920000,NOISE-S,b543d03f-a7d0-4faa-8507-0b3e31081e0b,958885.54,6010297.7,High,80.2
1785832920000,NOISE-W,49a1ac8f-b89d-4356-8260-a3e73765a98a,958749.58,6010415.93,High,81.4
1785832920000,NOISE-NR1,5c7eb3a5-3ace-49d5-b023-33009a594311,959160.42,6010678.99,Comfortable,67.3
1785832920000,NOISE-NR2,a7b30385-932d-4325-b84b-ae6bdcc359e3,958613.61,6010191.3,Comfortable,61.8
1785832920000,NOISE-NR3,74469165-c65c-4435-a387-36920379578d,959234.31,6010383.42,Comfortable,67.2
1785832980000,NOISE-N,b291e7be-9f14-44ed-87c1-0f02b8ca35b3,958906.23,6010563.72,High,81.4
1785832980000,NOISE-E,7be9696e-9ace-4085-a81b-0b04c83955db,959045.15,6010445.49,High,83.4
1785832980000,NOISE-S,b543d03f-a7d0-4faa-8507-0b3e31081e0b,958885.54,6010297.7,High,80.6
1785832980000,NOISE-W,49a1ac8f-b89d-4356-8260-a3e73765a98a,958749.58,6010415.93,High,81.8
1785832980000,NOISE-NR1,5c7eb3a5-3ace-49d5-b023-33009a594311,959160.42,6010678.99,Comfortable,67.4
1785832980000,NOISE-NR2,a7b30385-932d-4325-b84b-ae6bdcc359e3,958613.61,6010191.3,Comfortable,62.9
1785832980000,NOISE-NR3,74469165-c65c-4435-a387-36920379578d,959234.31,6010383.42,Comfortable,67.1
1785833040000,NOISE-N,b291e7be-9f14-44ed-87c1-0f02b8ca35b3,958906.23,6010563.72,High,81.4
1785833040000,NOISE-E,7be9696e-9ace-4085-a81b-0b04c83955db,959045.15,6010445.49,High,83.6
1785833040000,NOISE-S,b543d03f-a7d0-4faa-8507-0b3e31081e0b,958885.54,6010297.7,High,80.3
1785833040000,NOISE-W,49a1ac8f-b89d-4356-8260-a3e73765a98a,958749.58,6010415.93,High,82.3
1785833040000,NOISE-NR1,5c7eb3a5-3ace-49d5-b023-33009a594311,959160.42,6010678.99,Comfortable,66.9
1785833040000,NOISE-NR2,a7b30385-932d-4325-b84b-ae6bdcc359e3,958613.61,6010191.3,Comfortable,63.3
1785833040000,NOISE-NR3,74469165-c65c-4435-a387-36920379578d,959234.31,6010383.42,Comfortable,67.1
1785833100000,NOISE-N,b291e7be-9f14-44ed-87c1-0f02b8ca35b3,958906.23,6010563.72,High,81.1
1785833100000,NOISE-E,7be9696e-9ace-4085-a81b-0b04c83955db,959045.15,6010445.49,High,83.2
1785833100000,NOISE-S,b543d03f-a7d0-4faa-8507-0b3e31081e0b,958885.54,6010297.7,Elevated,79.6
1785833100000,NOISE-W,49a1ac8f-b89d-4356-8260-a3e73765a98a,958749.58,6010415.93,High,82.6
1785833100000,NOISE-NR1,5c7eb3a5-3ace-49d5-b023-33009a594311,959160.42,6010678.99,Comfortable,67
1785833100000,NOISE-NR2,a7b30385-932d-4325-b84b-ae6bdcc359e3,958613.61,6010191.3,Comfortable,63
1785833100000,NOISE-NR3,74469165-c65c-4435-a387-36920379578d,959234.31,6010383.42,Comfortable,67.5
1785833160000,NOISE-N,b291e7be-9f14-44ed-87c1-0f02b8ca35b3,958906.23,6010563.72,High,81.8
1785833160000,NOISE-E,7be9696e-9ace-4085-a81b-0b04c83955db,959045.15,6010445.49,High,83.6
1785833160000,NOISE-S,b543d03f-a7d0-4faa-8507-0b3e31081e0b,958885.54,6010297.7,Elevated,80
1785833160000,NOISE-W,49a1ac8f-b89d-4356-8260-a3e73765a98a,958749.58,6010415.93,High,81.7
1785833160000,NOISE-NR1,5c7eb3a5-3ace-49d5-b023-33009a594311,959160.42,6010678.99,Comfortable,66.8
1785833160000,NOISE-NR2,a7b30385-932d-4325-b84b-ae6bdcc359e3,958613.61,6010191.3,Comfortable,63
1785833160000,NOISE-NR3,74469165-c65c-4435-a387-36920379578d,959234.31,6010383.42,Comfortable,66.8
1785833220000,NOISE-N,b291e7be-9f14-44ed-87c1-0f02b8ca35b3,958906.23,6010563.72,High,81.4
1785833220000,NOISE-E,7be9696e-9ace-4085-a81b-0b04c83955db,959045.15,6010445.49,High,83.1
1785833220000,NOISE-S,b543d03f-a7d0-4faa-8507-0b3e31081e0b,958885.54,6010297.7,High,80.7
1785833220000,NOISE-W,49a1ac8f-b89d-4356-8260-a3e73765a98a,958749.58,6010415.93,High,81.2
1785833220000,NOISE-NR1,5c7eb3a5-3ace-49d5-b023-33009a594311,959160.42,6010678.99,Comfortable,66
1785833220000,NOISE-NR2,a7b30385-932d-4325-b84b-ae6bdcc359e3,958613.61,6010191.3,Comfortable,62.7
1785833220000,NOISE-NR3,74469165-c65c-4435-a387-36920379578d,959234.31,6010383.42,Comfortable,67.4
1785833280000,NOISE-N,b291e7be-9f14-44ed-87c1-0f02b8ca35b3,958906.23,6010563.72,High,81
1785833280000,NOISE-E,7be9696e-9ace-4085-a81b-0b04c83955db,959045.15,6010445.49,High,82.6
1785833280000,NOISE-S,b543d03f-a7d0-4faa-8507-0b3e31081e0b,958885.54,6010297.7,Elevated,79.9
1785833280000,NOISE-W,49a1ac8f-b89d-4356-8260-a3e73765a98a,958749.58,6010415.93,High,81.4
1785833280000,NOISE-NR1,5c7eb3a5-3ace-49d5-b023-33009a594311,959160.42,6010678.99,Comfortable,66.4
1785833280000,NOISE-NR2,a7b30385-932d-4325-b84b-ae6bdcc359e3,958613.61,6010191.3,Comfortable,62.8
1785833280000,NOISE-NR3,74469165-c65c-4435-a387-36920379578d,959234.31,6010383.42,Comfortable,67
1785833340000,NOISE-N,b291e7be-9f14-44ed-87c1-0f02b8ca35b3,958906.23,6010563.72,High,81.4
1785833340000,NOISE-E,7be9696e-9ace-4085-a81b-0b04c83955db,959045.15,6010445.49,High,82.6
1785833340000,NOISE-S,b543d03f-a7d0-4faa-8507-0b3e31081e0b,958885.54,6010297.7,High,80.6
1785833340000,NOISE-W,49a1ac8f-b89d-4356-8260-a3e73765a98a,958749.58,6010415.93,High,80.8
1785833340000,NOISE-NR1,5c7eb3a5-3ace-49d5-b023-33009a594311,959160.42,6010678.99,Comfortable,65.8
1785833340000,NOISE-NR2,a7b30385-932d-4325-b84b-ae6bdcc359e3,958613.61,6010191.3,Comfortable,63.6
1785833340000,NOISE-NR3,74469165-c65c-4435-a387-36920379578d,959234.31,6010383.42,Comfortable,67
1785833400000,NOISE-N,b291e7be-9f14-44ed-87c1-0f02b8ca35b3,958906.23,6010563.72,High,80.9
1785833400000,NOISE-E,7be9696e-9ace-4085-a81b-0b04c83955db,959045.15,6010445.49,High,82.4
1785833400000,NOISE-S,b543d03f-a7d0-4faa-8507-0b3e31081e0b,958885.54,6010297.7,High,80.8
1785833400000,NOISE-W,49a1ac8f-b89d-4356-8260-a3e73765a98a,958749.58,6010415.93,High,80.9
1785833400000,NOISE-NR1,5c7eb3a5-3ace-49d5-b023-33009a594311,959160.42,6010678.99,Comfortable,65.7
1785833400000,NOISE-NR2,a7b30385-932d-4325-b84b-ae6bdcc359e3,958613.61,6010191.3,Comfortable,63.7
1785833400000,NOISE-NR3,74469165-c65c-4435-a387-36920379578d,959234.31,6010383.42,Comfortable,66.3
1785833460000,NOISE-N,b291e7be-9f14-44ed-87c1-0f02b8ca35b3,958906.23,6010563.72,High,81.3
1785833460000,NOISE-E,7be9696e-9ace-4085-a81b-0b04c83955db,959045.15,6010445.49,High,83.4
1785833460000,NOISE-S,b543d03f-a7d0-4faa-8507-0b3e31081e0b,958885.54,6010297.7,High,80.5
1785833460000,NOISE-W,49a1ac8f-b89d-4356-8260-a3e73765a98a,958749.58,6010415.93,High,80.3
1785833460000,NOISE-NR1,5c7eb3a5-3ace-49d5-b023-33009a594311,959160.42,6010678.99,Comfortable,66
1785833460000,NOISE-NR2,a7b30385-932d-4325-b84b-ae6bdcc359e3,958613.61,6010191.3,Comfortable,63.8
1785833460000,NOISE-NR3,74469165-c65c-4435-a387-36920379578d,959234.31,6010383.42,Comfortable,66.4
1785833520000,NOISE-N,b291e7be-9f14-44ed-87c1-0f02b8ca35b3,958906.23,6010563.72,High,82.2
1785833520000,NOISE-E,7be9696e-9ace-4085-a81b-0b04c83955db,959045.15,6010445.49,High,83.9
1785833520000,NOISE-S,b543d03f-a7d0-4faa-8507-0b3e31081e0b,958885.54,6010297.7,High,80.9
1785833520000,NOISE-W,49a1ac8f-b89d-4356-8260-a3e73765a98a,958749.58,6010415.93,High,81.2
1785833520000,NOISE-NR1,5c7eb3a5-3ace-49d5-b023-33009a594311,959160.42,6010678.99,Comfortable,66.5
1785833520000,NOISE-NR2,a7b30385-932d-4325-b84b-ae6bdcc359e3,958613.61,6010191.3,Comfortable,63.3
1785833520000,NOISE-NR3,74469165-c65c-4435-a387-36920379578d,959234.31,6010383.42,Comfortable,66.3
1785833580000,NOISE-N,b291e7be-9f14-44ed-87c1-0f02b8ca35b3,958906.23,6010563.72,High,81.7
1785833580000,NOISE-E,7be9696e-9ace-4085-a81b-0b04c83955db,959045.15,6010445.49,High,83.5
1785833580000,NOISE-S,b543d03f-a7d0-4faa-8507-0b3e31081e0b,958885.54,6010297.7,High,81.1
1785833580000,NOISE-W,49a1ac8f-b89d-4356-8260-a3e73765a98a,958749.58,6010415.93,High,81.2
1785833580000,NOISE-NR1,5c7eb3a5-3ace-49d5-b023-33009a594311,959160.42,6010678.99,Comfortable,65.8
1785833580000,NOISE-NR2,a7b30385-932d-4325-b84b-ae6bdcc359e3,958613.61,6010191.3,Comfortable,63.3
1785833580000,NOISE-NR3,74469165-c65c-4435-a387-36920379578d,959234.31,6010383.42,Comfortable,66.9
1785833640000,NOISE-N,b291e7be-9f14-44ed-87c1-0f02b8ca35b3,958906.23,6010563.72,High,82.1
1785833640000,NOISE-E,7be9696e-9ace-4085-a81b-0b04c83955db,959045.15,6010445.49,High,83.2
1785833640000,NOISE-S,b543d03f-a7d0-4faa-8507-0b3e31081e0b,958885.54,6010297.7,High,80.3
1785833640000,NOISE-W,49a1ac8f-b89d-4356-8260-a3e73765a98a,958749.58,6010415.93,High,81.3
1785833640000,NOISE-NR1,5c7eb3a5-3ace-49d5-b023-33009a594311,959160.42,6010678.99,Comfortable,66.3
1785833640000,NOISE-NR2,a7b30385-932d-4325-b84b-ae6bdcc359e3,958613.61,6010191.3,Comfortable,62.6
1785833640000,NOISE-NR3,74469165-c65c-4435-a387-36920379578d,959234.31,6010383.42,Comfortable,67
1785833700000,NOISE-N,b291e7be-9f14-44ed-87c1-0f02b8ca35b3,958906.23,6010563.72,High,81.6
1785833700000,NOISE-E,7be9696e-9ace-4085-a81b-0b04c83955db,959045.15,6010445.49,High,84
1785833700000,NOISE-S,b543d03f-a7d0-4faa-8507-0b3e31081e0b,958885.54,6010297.7,High,80.3
1785833700000,NOISE-W,49a1ac8f-b89d-4356-8260-a3e73765a98a,958749.58,6010415.93,High,81.7
1785833700000,NOISE-NR1,5c7eb3a5-3ace-49d5-b023-33009a594311,959160.42,6010678.99,Comfortable,66.7
1785833700000,NOISE-NR2,a7b30385-932d-4325-b84b-ae6bdcc359e3,958613.61,6010191.3,Comfortable,63.1
1785833700000,NOISE-NR3,74469165-c65c-4435-a387-36920379578d,959234.31,6010383.42,Comfortable,67.4
1785833760000,NOISE-N,b291e7be-9f14-44ed-87c1-0f02b8ca35b3,958906.23,6010563.72,High,81.8
1785833760000,NOISE-E,7be9696e-9ace-4085-a81b-0b04c83955db,959045.15,6010445.49,High,84.7
1785833760000,NOISE-S,b543d03f-a7d0-4faa-8507-0b3e31081e0b,958885.54,6010297.7,Elevated,79.7
1785833760000,NOISE-W,49a1ac8f-b89d-4356-8260-a3e73765a98a,958749.58,6010415.93,High,82.3
1785833760000,NOISE-NR1,5c7eb3a5-3ace-49d5-b023-33009a594311,959160.42,6010678.99,Comfortable,66.3
1785833760000,NOISE-NR2,a7b30385-932d-4325-b84b-ae6bdcc359e3,958613.61,6010191.3,Comfortable,63.8
1785833760000,NOISE-NR3,74469165-c65c-4435-a387-36920379578d,959234.31,6010383.42,Comfortable,67.8
1785833820000,NOISE-N,b291e7be-9f14-44ed-87c1-0f02b8ca35b3,958906.23,6010563.72,High,81.5
1785833820000,NOISE-E,7be9696e-9ace-4085-a81b-0b04c83955db,959045.15,6010445.49,High,84.5
1785833820000,NOISE-S,b543d03f-a7d0-4faa-8507-0b3e31081e0b,958885.54,6010297.7,Elevated,79.7
1785833820000,NOISE-W,49a1ac8f-b89d-4356-8260-a3e73765a98a,958749.58,6010415.93,High,82.2
1785833820000,NOISE-NR1,5c7eb3a5-3ace-49d5-b023-33009a594311,959160.42,6010678.99,Comfortable,65.9
1785833820000,NOISE-NR2,a7b30385-932d-4325-b84b-ae6bdcc359e3,958613.61,6010191.3,Comfortable,62.9
1785833820000,NOISE-NR3,74469165-c65c-4435-a387-36920379578d,959234.31,6010383.42,Comfortable,68.1
1785833880000,NOISE-N,b291e7be-9f14-44ed-87c1-0f02b8ca35b3,958906.23,6010563.72,High,82
1785833880000,NOISE-E,7be9696e-9ace-4085-a81b-0b04c83955db,959045.15,6010445.49,High,84.3
1785833880000,NOISE-S,b543d03f-a7d0-4faa-8507-0b3e31081e0b,958885.54,6010297.7,High,80.5
1785833880000,NOISE-W,49a1ac8f-b89d-4356-8260-a3e73765a98a,958749.58,6010415.93,High,81.3
1785833880000,NOISE-NR1,5c7eb3a5-3ace-49d5-b023-33009a594311,959160.42,6010678.99,Comfortable,65.9
1785833880000,NOISE-NR2,a7b30385-932d-4325-b84b-ae6bdcc359e3,958613.61,6010191.3,Comfortable,63
1785833880000,NOISE-NR3,74469165-c65c-4435-a387-36920379578d,959234.31,6010383.42,Comfortable,68.2
1785833940000,NOISE-N,b291e7be-9f14-44ed-87c1-0f02b8ca35b3,958906.23,6010563.72,High,81.2
1785833940000,NOISE-E,7be9696e-9ace-4085-a81b-0b04c83955db,959045.15,6010445.49,High,83.9
1785833940000,NOISE-S,b543d03f-a7d0-4faa-8507-0b3e31081e0b,958885.54,6010297.7,High,81.1
1785833940000,NOISE-W,49a1ac8f-b89d-4356-8260-a3e73765a98a,958749.58,6010415.93,High,80.7
1785833940000,NOISE-NR1,5c7eb3a5-3ace-49d5-b023-33009a594311,959160.42,6010678.99,Comfortable,66.6
1785833940000,NOISE-NR2,a7b30385-932d-4325-b84b-ae6bdcc359e3,958613.61,6010191.3,Comfortable,63.4
1785833940000,NOISE-NR3,74469165-c65c-4435-a387-36920379578d,959234.31,6010383.42,Comfortable,68.4
1785834000000,NOISE-N,b291e7be-9f14-44ed-87c1-0f02b8ca35b3,958906.23,6010563.72,High,80.7
1785834000000,NOISE-E,7be9696e-9ace-4085-a81b-0b04c83955db,959045.15,6010445.49,High,83.3
1785834000000,NOISE-S,b543d03f-a7d0-4faa-8507-0b3e31081e0b,958885.54,6010297.7,High,80.5
1785834000000,NOISE-W,49a1ac8f-b89d-4356-8260-a3e73765a98a,958749.58,6010415.93,High,80.9
1785834000000,NOISE-NR1,5c7eb3a5-3ace-49d5-b023-33009a594311,959160.42,6010678.99,Comfortable,65.9
1785834000000,NOISE-NR2,a7b30385-932d-4325-b84b-ae6bdcc359e3,958613.61,6010191.3,Comfortable,62.5
1785834000000,NOISE-NR3,74469165-c65c-4435-a387-36920379578d,959234.31,6010383.42,Comfortable,68.7
1785834060000,NOISE-N,b291e7be-9f14-44ed-87c1-0f02b8ca35b3,958906.23,6010563.72,High,81
1785834060000,NOISE-E,7be9696e-9ace-4085-a81b-0b04c83955db,959045.15,6010445.49,High,82.7
1785834060000,NOISE-S,b543d03f-a7d0-4faa-8507-0b3e31081e0b,958885.54,6010297.7,Elevated,79.9
1785834060000,NOISE-W,49a1ac8f-b89d-4356-8260-a3e73765a98a,958749.58,6010415.93,High,80.6
1785834060000,NOISE-NR1,5c7eb3a5-3ace-49d5-b023-33009a594311,959160.42,6010678.99,Comfortable,66
1785834060000,NOISE-NR2,a7b30385-932d-4325-b84b-ae6bdcc359e3,958613.61,6010191.3,Comfortable,63.3
1785834060000,NOISE-NR3,74469165-c65c-4435-a387-36920379578d,959234.31,6010383.42,Comfortable,68.4
1785834120000,NOISE-N,b291e7be-9f14-44ed-87c1-0f02b8ca35b3,958906.23,6010563.72,High,81.2
1785834120000,NOISE-E,7be9696e-9ace-4085-a81b-0b04c83955db,959045.15,6010445.49,High,82.7
1785834120000,NOISE-S,b543d03f-a7d0-4faa-8507-0b3e31081e0b,958885.54,6010297.7,Elevated,80
1785834120000,NOISE-W,49a1ac8f-b89d-4356-8260-a3e73765a98a,958749.58,6010415.93,High,81.3
1785834120000,NOISE-NR1,5c7eb3a5-3ace-49d5-b023-33009a594311,959160.42,6010678.99,Comfortable,65.4
1785834120000,NOISE-NR2,a7b30385-932d-4325-b84b-ae6bdcc359e3,958613.61,6010191.3,Comfortable,62.8
1785834120000,NOISE-NR3,74469165-c65c-4435-a387-36920379578d,959234.31,6010383.42,Comfortable,68.7
1785834180000,NOISE-N,b291e7be-9f14-44ed-87c1-0f02b8ca35b3,958906.23,6010563.72,High,81
1785834180000,NOISE-E,7be9696e-9ace-4085-a81b-0b04c83955db,959045.15,6010445.49,High,83.7
1785834180000,NOISE-S,b543d03f-a7d0-4faa-8507-0b3e31081e0b,958885.54,6010297.7,High,80.2
1785834180000,NOISE-W,49a1ac8f-b89d-4356-8260-a3e73765a98a,958749.58,6010415.93,High,80.7
1785834180000,NOISE-NR1,5c7eb3a5-3ace-49d5-b023-33009a594311,959160.42,6010678.99,Comfortable,65.3
1785834180000,NOISE-NR2,a7b30385-932d-4325-b84b-ae6bdcc359e3,958613.61,6010191.3,Comfortable,63.6
1785834180000,NOISE-NR3,74469165-c65c-4435-a387-36920379578d,959234.31,6010383.42,Comfortable,68.8
1785834240000,NOISE-N,b291e7be-9f14-44ed-87c1-0f02b8ca35b3,958906.23,6010563.72,High,81
1785834240000,NOISE-E,7be9696e-9ace-4085-a81b-0b04c83955db,959045.15,6010445.49,High,83.7
1785834240000,NOISE-S,b543d03f-a7d0-4faa-8507-0b3e31081e0b,958885.54,6010297.7,Elevated,79.4
1785834240000,NOISE-W,49a1ac8f-b89d-4356-8260-a3e73765a98a,958749.58,6010415.93,High,80.9
1785834240000,NOISE-NR1,5c7eb3a5-3ace-49d5-b023-33009a594311,959160.42,6010678.99,Comfortable,64.7
1785834240000,NOISE-NR2,a7b30385-932d-4325-b84b-ae6bdcc359e3,958613.61,6010191.3,Comfortable,63.1
1785834240000,NOISE-NR3,74469165-c65c-4435-a387-36920379578d,959234.31,6010383.42,Comfortable,68.5
1785834300000,NOISE-N,b291e7be-9f14-44ed-87c1-0f02b8ca35b3,958906.23,6010563.72,High,81.4
1785834300000,NOISE-E,7be9696e-9ace-4085-a81b-0b04c83955db,959045.15,6010445.49,High,83.4
1785834300000,NOISE-S,b543d03f-a7d0-4faa-8507-0b3e31081e0b,958885.54,6010297.7,Elevated,79.1
1785834300000,NOISE-W,49a1ac8f-b89d-4356-8260-a3e73765a98a,958749.58,6010415.93,High,80.2
1785834300000,NOISE-NR1,5c7eb3a5-3ace-49d5-b023-33009a594311,959160.42,6010678.99,Comfortable,65.5
1785834300000,NOISE-NR2,a7b30385-932d-4325-b84b-ae6bdcc359e3,958613.61,6010191.3,Comfortable,63.7
1785834300000,NOISE-NR3,74469165-c65c-4435-a387-36920379578d,959234.31,6010383.42,Comfortable,67.8
1785834360000,NOISE-N,b291e7be-9f14-44ed-87c1-0f02b8ca35b3,958906.23,6010563.72,High,82.2
1785834360000,NOISE-E,7be9696e-9ace-4085-a81b-0b04c83955db,959045.15,6010445.49,High,84.3
1785834360000,NOISE-S,b543d03f-a7d0-4faa-8507-0b3e31081e0b,958885.54,6010297.7,Elevated,79.3
1785834360000,NOISE-W,49a1ac8f-b89d-4356-8260-a3e73765a98a,958749.58,6010415.93,High,80.9
1785834360000,NOISE-NR1,5c7eb3a5-3ace-49d5-b023-33009a594311,959160.42,6010678.99,Comfortable,65
1785834360000,NOISE-NR2,a7b30385-932d-4325-b84b-ae6bdcc359e3,958613.61,6010191.3,Comfortable,63.4
1785834360000,NOISE-NR3,74469165-c65c-4435-a387-36920379578d,959234.31,6010383.42,Comfortable,68.4
1785834420000,NOISE-N,b291e7be-9f14-44ed-87c1-0f02b8ca35b3,958906.23,6010563.72,High,81.6
1785834420000,NOISE-E,7be9696e-9ace-4085-a81b-0b04c83955db,959045.15,6010445.49,High,83.8
1785834420000,NOISE-S,b543d03f-a7d0-4faa-8507-0b3e31081e0b,958885.54,6010297.7,High,80.2
1785834420000,NOISE-W,49a1ac8f-b89d-4356-8260-a3e73765a98a,958749.58,6010415.93,High,81.2
1785834420000,NOISE-NR1,5c7eb3a5-3ace-49d5-b023-33009a594311,959160.42,6010678.99,Comfortable,65
1785834420000,NOISE-NR2,a7b30385-932d-4325-b84b-ae6bdcc359e3,958613.61,6010191.3,Comfortable,63.8
1785834420000,NOISE-NR3,74469165-c65c-4435-a387-36920379578d,959234.31,6010383.42,Comfortable,68.4
1785834480000,NOISE-N,b291e7be-9f14-44ed-87c1-0f02b8ca35b3,958906.23,6010563.72,High,81.4
1785834480000,NOISE-E,7be9696e-9ace-4085-a81b-0b04c83955db,959045.15,6010445.49,High,83.5
1785834480000,NOISE-S,b543d03f-a7d0-4faa-8507-0b3e31081e0b,958885.54,6010297.7,High,80.2
1785834480000,NOISE-W,49a1ac8f-b89d-4356-8260-a3e73765a98a,958749.58,6010415.93,High,81.5
1785834480000,NOISE-NR1,5c7eb3a5-3ace-49d5-b023-33009a594311,959160.42,6010678.99,Comfortable,65
1785834480000,NOISE-NR2,a7b30385-932d-4325-b84b-ae6bdcc359e3,958613.61,6010191.3,Comfortable,63.1
1785834480000,NOISE-NR3,74469165-c65c-4435-a387-36920379578d,959234.31,6010383.42,Comfortable,68.8
1785834540000,NOISE-N,b291e7be-9f14-44ed-87c1-0f02b8ca35b3,958906.23,6010563.72,High,81.4
1785834540000,NOISE-E,7be9696e-9ace-4085-a81b-0b04c83955db,959045.15,6010445.49,High,82.9
1785834540000,NOISE-S,b543d03f-a7d0-4faa-8507-0b3e31081e0b,958885.54,6010297.7,Elevated,79.4
1785834540000,NOISE-W,49a1ac8f-b89d-4356-8260-a3e73765a98a,958749.58,6010415.93,High,80.6
1785834540000,NOISE-NR1,5c7eb3a5-3ace-49d5-b023-33009a594311,959160.42,6010678.99,Comfortable,65.6
1785834540000,NOISE-NR2,a7b30385-932d-4325-b84b-ae6bdcc359e3,958613.61,6010191.3,Comfortable,63.6
1785834540000,NOISE-NR3,74469165-c65c-4435-a387-36920379578d,959234.31,6010383.42,Comfortable,68.3
1785834600000,NOISE-N,b291e7be-9f14-44ed-87c1-0f02b8ca35b3,958906.23,6010563.72,High,82.2
1785834600000,NOISE-E,7be9696e-9ace-4085-a81b-0b04c83955db,959045.15,6010445.49,High,82.9
1785834600000,NOISE-S,b543d03f-a7d0-4faa-8507-0b3e31081e0b,958885.54,6010297.7,Elevated,79.7
1785834600000,NOISE-W,49a1ac8f-b89d-4356-8260-a3e73765a98a,958749.58,6010415.93,High,81
1785834600000,NOISE-NR1,5c7eb3a5-3ace-49d5-b023-33009a594311,959160.42,6010678.99,Comfortable,65.3
1785834600000,NOISE-NR2,a7b30385-932d-4325-b84b-ae6bdcc359e3,958613.61,6010191.3,Comfortable,64.2
1785834600000,NOISE-NR3,74469165-c65c-4435-a387-36920379578d,959234.31,6010383.42,Comfortable,67.3
1785834660000,NOISE-N,b291e7be-9f14-44ed-87c1-0f02b8ca35b3,958906.23,6010563.72,High,82
1785834660000,NOISE-E,7be9696e-9ace-4085-a81b-0b04c83955db,959045.15,6010445.49,High,83.3
1785834660000,NOISE-S,b543d03f-a7d0-4faa-8507-0b3e31081e0b,958885.54,6010297.7,Elevated,79.7
1785834660000,NOISE-W,49a1ac8f-b89d-4356-8260-a3e73765a98a,958749.58,6010415.93,High,80.8
1785834660000,NOISE-NR1,5c7eb3a5-3ace-49d5-b023-33009a594311,959160.42,6010678.99,Comfortable,64.9
1785834660000,NOISE-NR2,a7b30385-932d-4325-b84b-ae6bdcc359e3,958613.61,6010191.3,Comfortable,64.2
1785834660000,NOISE-NR3,74469165-c65c-4435-a387-36920379578d,959234.31,6010383.42,Comfortable,67.1
1785834720000,NOISE-N,b291e7be-9f14-44ed-87c1-0f02b8ca35b3,958906.23,6010563.72,High,82
1785834720000,NOISE-E,7be9696e-9ace-4085-a81b-0b04c83955db,959045.15,6010445.49,High,83.7
1785834720000,NOISE-S,b543d03f-a7d0-4faa-8507-0b3e31081e0b,958885.54,6010297.7,High,80.2
1785834720000,NOISE-W,49a1ac8f-b89d-4356-8260-a3e73765a98a,958749.58,6010415.93,High,80.2
1785834720000,NOISE-NR1,5c7eb3a5-3ace-49d5-b023-33009a594311,959160.42,6010678.99,Comfortable,64.4
1785834720000,NOISE-NR2,a7b30385-932d-4325-b84b-ae6bdcc359e3,958613.61,6010191.3,Comfortable,64
1785834720000,NOISE-NR3,74469165-c65c-4435-a387-36920379578d,959234.31,6010383.42,Comfortable,67.9
1785834780000,NOISE-N,b291e7be-9f14-44ed-87c1-0f02b8ca35b3,958906.23,6010563.72,High,81.7
1785834780000,NOISE-E,7be9696e-9ace-4085-a81b-0b04c83955db,959045.15,6010445.49,High,83.7
1785834780000,NOISE-S,b543d03f-a7d0-4faa-8507-0b3e31081e0b,958885.54,6010297.7,Elevated,79.6
1785834780000,NOISE-W,49a1ac8f-b89d-4356-8260-a3e73765a98a,958749.58,6010415.93,Elevated,79.8
1785834780000,NOISE-NR1,5c7eb3a5-3ace-49d5-b023-33009a594311,959160.42,6010678.99,Comfortable,65
1785834780000,NOISE-NR2,a7b30385-932d-4325-b84b-ae6bdcc359e3,958613.61,6010191.3,Comfortable,63.5
1785834780000,NOISE-NR3,74469165-c65c-4435-a387-36920379578d,959234.31,6010383.42,Comfortable,68.3
1785834840000,NOISE-N,b291e7be-9f14-44ed-87c1-0f02b8ca35b3,958906.23,6010563.72,High,82
1785834840000,NOISE-E,7be9696e-9ace-4085-a81b-0b04c83955db,959045.15,6010445.49,High,83
1785834840000,NOISE-S,b543d03f-a7d0-4faa-8507-0b3e31081e0b,958885.54,6010297.7,Elevated,79.7
1785834840000,NOISE-W,49a1ac8f-b89d-4356-8260-a3e73765a98a,958749.58,6010415.93,Elevated,79.4
1785834840000,NOISE-NR1,5c7eb3a5-3ace-49d5-b023-33009a594311,959160.42,6010678.99,Comfortable,64.7
1785834840000,NOISE-NR2,a7b30385-932d-4325-b84b-ae6bdcc359e3,958613.61,6010191.3,Comfortable,62.8
1785834840000,NOISE-NR3,74469165-c65c-4435-a387-36920379578d,959234.31,6010383.42,Comfortable,68.5
1785834900000,NOISE-N,b291e7be-9f14-44ed-87c1-0f02b8ca35b3,958906.23,6010563.72,High,82
1785834900000,NOISE-E,7be9696e-9ace-4085-a81b-0b04c83955db,959045.15,6010445.49,High,83.9
1785834900000,NOISE-S,b543d03f-a7d0-4faa-8507-0b3e31081e0b,958885.54,6010297.7,Elevated,79.3
1785834900000,NOISE-W,49a1ac8f-b89d-4356-8260-a3e73765a98a,958749.58,6010415.93,Elevated,79.9
1785834900000,NOISE-NR1,5c7eb3a5-3ace-49d5-b023-33009a594311,959160.42,6010678.99,Comfortable,65.8
1785834900000,NOISE-NR2,a7b30385-932d-4325-b84b-ae6bdcc359e3,958613.61,6010191.3,Comfortable,62.1
1785834900000,NOISE-NR3,74469165-c65c-4435-a387-36920379578d,959234.31,6010383.42,Comfortable,67.5
1785834960000,NOISE-N,b291e7be-9f14-44ed-87c1-0f02b8ca35b3,958906.23,6010563.72,High,81.5
1785834960000,NOISE-E,7be9696e-9ace-4085-a81b-0b04c83955db,959045.15,6010445.49,High,83.9
1785834960000,NOISE-S,b543d03f-a7d0-4faa-8507-0b3e31081e0b,958885.54,6010297.7,Elevated,79.7
1785834960000,NOISE-W,49a1ac8f-b89d-4356-8260-a3e73765a98a,958749.58,6010415.93,High,80.6
1785834960000,NOISE-NR1,5c7eb3a5-3ace-49d5-b023-33009a594311,959160.42,6010678.99,Comfortable,65.5
1785834960000,NOISE-NR2,a7b30385-932d-4325-b84b-ae6bdcc359e3,958613.61,6010191.3,Comfortable,62.4
1785834960000,NOISE-NR3,74469165-c65c-4435-a387-36920379578d,959234.31,6010383.42,Comfortable,67.6
1785835020000,NOISE-N,b291e7be-9f14-44ed-87c1-0f02b8ca35b3,958906.23,6010563.72,High,81.2
1785835020000,NOISE-E,7be9696e-9ace-4085-a81b-0b04c83955db,959045.15,6010445.49,High,83.7
1785835020000,NOISE-S,b543d03f-a7d0-4faa-8507-0b3e31081e0b,958885.54,6010297.7,Elevated,79.4
1785835020000,NOISE-W,49a1ac8f-b89d-4356-8260-a3e73765a98a,958749.58,6010415.93,High,81.4
1785835020000,NOISE-NR1,5c7eb3a5-3ace-49d5-b023-33009a594311,959160.42,6010678.99,Comfortable,66.3
1785835020000,NOISE-NR2,a7b30385-932d-4325-b84b-ae6bdcc359e3,958613.61,6010191.3,Comfortable,62.5
1785835020000,NOISE-NR3,74469165-c65c-4435-a387-36920379578d,959234.31,6010383.42,Comfortable,66.7
1785835080000,NOISE-N,b291e7be-9f14-44ed-87c1-0f02b8ca35b3,958906.23,6010563.72,High,80.7
1785835080000,NOISE-E,7be9696e-9ace-4085-a81b-0b04c83955db,959045.15,6010445.49,High,84.5
1785835080000,NOISE-S,b543d03f-a7d0-4faa-8507-0b3e31081e0b,958885.54,6010297.7,High,80.2
1785835080000,NOISE-W,49a1ac8f-b89d-4356-8260-a3e73765a98a,958749.58,6010415.93,High,81.4
1785835080000,NOISE-NR1,5c7eb3a5-3ace-49d5-b023-33009a594311,959160.42,6010678.99,Comfortable,66
1785835080000,NOISE-NR2,a7b30385-932d-4325-b84b-ae6bdcc359e3,958613.61,6010191.3,Comfortable,63
1785835080000,NOISE-NR3,74469165-c65c-4435-a387-36920379578d,959234.31,6010383.42,Comfortable,67.2
1785835140000,NOISE-N,b291e7be-9f14-44ed-87c1-0f02b8ca35b3,958906.23,6010563.72,High,81.3
1785835140000,NOISE-E,7be9696e-9ace-4085-a81b-0b04c83955db,959045.15,6010445.49,High,84.3
1785835140000,NOISE-S,b543d03f-a7d0-4faa-8507-0b3e31081e0b,958885.54,6010297.7,High,80.7
1785835140000,NOISE-W,49a1ac8f-b89d-4356-8260-a3e73765a98a,958749.58,6010415.93,High,80.7
1785835140000,NOISE-NR1,5c7eb3a5-3ace-49d5-b023-33009a594311,959160.42,6010678.99,Comfortable,65.4
1785835140000,NOISE-NR2,a7b30385-932d-4325-b84b-ae6bdcc359e3,958613.61,6010191.3,Comfortable,62.9
1785835140000,NOISE-NR3,74469165-c65c-4435-a387-36920379578d,959234.31,6010383.42,Comfortable,67.4
1785835200000,NOISE-N,b291e7be-9f14-44ed-87c1-0f02b8ca35b3,958906.23,6010563.72,High,81
1785835200000,NOISE-E,7be9696e-9ace-4085-a81b-0b04c83955db,959045.15,6010445.49,High,84.7
1785835200000,NOISE-S,b543d03f-a7d0-4faa-8507-0b3e31081e0b,958885.54,6010297.7,High,80.2
1785835200000,NOISE-W,49a1ac8f-b89d-4356-8260-a3e73765a98a,958749.58,6010415.93,High,80.2
1785835200000,NOISE-NR1,5c7eb3a5-3ace-49d5-b023-33009a594311,959160.42,6010678.99,Comfortable,66.3
1785835200000,NOISE-NR2,a7b30385-932d-4325-b84b-ae6bdcc359e3,958613.61,6010191.3,Comfortable,63.6
1785835200000,NOISE-NR3,74469165-c65c-4435-a387-36920379578d,959234.31,6010383.42,Comfortable,67.2
1785835260000,NOISE-N,b291e7be-9f14-44ed-87c1-0f02b8ca35b3,958906.23,6010563.72,High,80.8
1785835260000,NOISE-E,7be9696e-9ace-4085-a81b-0b04c83955db,959045.15,6010445.49,High,84.4
1785835260000,NOISE-S,b543d03f-a7d0-4faa-8507-0b3e31081e0b,958885.54,6010297.7,High,80.6
1785835260000,NOISE-W,49a1ac8f-b89d-4356-8260-a3e73765a98a,958749.58,6010415.93,Elevated,79.6
1785835260000,NOISE-NR1,5c7eb3a5-3ace-49d5-b023-33009a594311,959160.42,6010678.99,Comfortable,65.8
1785835260000,NOISE-NR2,a7b30385-932d-4325-b84b-ae6bdcc359e3,958613.61,6010191.3,Comfortable,63.4
1785835260000,NOISE-NR3,74469165-c65c-4435-a387-36920379578d,959234.31,6010383.42,Comfortable,67.5
1785835320000,NOISE-N,b291e7be-9f14-44ed-87c1-0f02b8ca35b3,958906.23,6010563.72,High,80.3
1785835320000,NOISE-E,7be9696e-9ace-4085-a81b-0b04c83955db,959045.15,6010445.49,High,84.5
1785835320000,NOISE-S,b543d03f-a7d0-4faa-8507-0b3e31081e0b,958885.54,6010297.7,Elevated,79.8
1785835320000,NOISE-W,49a1ac8f-b89d-4356-8260-a3e73765a98a,958749.58,6010415.93,High,80.7
1785835320000,NOISE-NR1,5c7eb3a5-3ace-49d5-b023-33009a594311,959160.42,6010678.99,Comfortable,65.2
1785835320000,NOISE-NR2,a7b30385-932d-4325-b84b-ae6bdcc359e3,958613.61,6010191.3,Comfortable,63.6
1785835320000,NOISE-NR3,74469165-c65c-4435-a387-36920379578d,959234.31,6010383.42,Comfortable,67.6
1785835380000,NOISE-N,b291e7be-9f14-44ed-87c1-0f02b8ca35b3,958906.23,6010563.72,High,80.3
1785835380000,NOISE-E,7be9696e-9ace-4085-a81b-0b04c83955db,959045.15,6010445.49,High,83.9
1785835380000,NOISE-S,b543d03f-a7d0-4faa-8507-0b3e31081e0b,958885.54,6010297.7,Elevated,80
1785835380000,NOISE-W,49a1ac8f-b89d-4356-8260-a3e73765a98a,958749.58,6010415.93,High,81.3
1785835380000,NOISE-NR1,5c7eb3a5-3ace-49d5-b023-33009a594311,959160.42,6010678.99,Comfortable,66.1
1785835380000,NOISE-NR2,a7b30385-932d-4325-b84b-ae6bdcc359e3,958613.61,6010191.3,Comfortable,63.6
1785835380000,NOISE-NR3,74469165-c65c-4435-a387-36920379578d,959234.31,6010383.42,Comfortable,67.2
1785835440000,NOISE-N,b291e7be-9f14-44ed-87c1-0f02b8ca35b3,958906.23,6010563.72,High,80.8
1785835440000,NOISE-E,7be9696e-9ace-4085-a81b-0b04c83955db,959045.15,6010445.49,High,83.4
1785835440000,NOISE-S,b543d03f-a7d0-4faa-8507-0b3e31081e0b,958885.54,6010297.7,High,80.3
1785835440000,NOISE-W,49a1ac8f-b89d-4356-8260-a3e73765a98a,958749.58,6010415.93,High,81.7
1785835440000,NOISE-NR1,5c7eb3a5-3ace-49d5-b023-33009a594311,959160.42,6010678.99,Comfortable,66.7
1785835440000,NOISE-NR2,a7b30385-932d-4325-b84b-ae6bdcc359e3,958613.61,6010191.3,Comfortable,63.7
1785835440000,NOISE-NR3,74469165-c65c-4435-a387-36920379578d,959234.31,6010383.42,Comfortable,67.9
1785835500000,NOISE-N,b291e7be-9f14-44ed-87c1-0f02b8ca35b3,958906.23,6010563.72,High,80.8
1785835500000,NOISE-E,7be9696e-9ace-4085-a81b-0b04c83955db,959045.15,6010445.49,High,83.4
1785835500000,NOISE-S,b543d03f-a7d0-4faa-8507-0b3e31081e0b,958885.54,6010297.7,Elevated,79.8
1785835500000,NOISE-W,49a1ac8f-b89d-4356-8260-a3e73765a98a,958749.58,6010415.93,High,81.9
1785835500000,NOISE-NR1,5c7eb3a5-3ace-49d5-b023-33009a594311,959160.42,6010678.99,Comfortable,66.8
1785835500000,NOISE-NR2,a7b30385-932d-4325-b84b-ae6bdcc359e3,958613.61,6010191.3,Comfortable,62.8
1785835500000,NOISE-NR3,74469165-c65c-4435-a387-36920379578d,959234.31,6010383.42,Comfortable,67.3
1785835560000,NOISE-N,b291e7be-9f14-44ed-87c1-0f02b8ca35b3,958906.23,6010563.72,High,80.3
1785835560000,NOISE-E,7be9696e-9ace-4085-a81b-0b04c83955db,959045.15,6010445.49,High,83
1785835560000,NOISE-S,b543d03f-a7d0-4faa-8507-0b3e31081e0b,958885.54,6010297.7,Elevated,79.9
1785835560000,NOISE-W,49a1ac8f-b89d-4356-8260-a3e73765a98a,958749.58,6010415.93,High,81.7
1785835560000,NOISE-NR1,5c7eb3a5-3ace-49d5-b023-33009a594311,959160.42,6010678.99,Comfortable,67.1
1785835560000,NOISE-NR2,a7b30385-932d-4325-b84b-ae6bdcc359e3,958613.61,6010191.3,Comfortable,63.2
1785835560000,NOISE-NR3,74469165-c65c-4435-a387-36920379578d,959234.31,6010383.42,Comfortable,67.1
1785835620000,NOISE-N,b291e7be-9f14-44ed-87c1-0f02b8ca35b3,958906.23,6010563.72,High,80.1
1785835620000,NOISE-E,7be9696e-9ace-4085-a81b-0b04c83955db,959045.15,6010445.49,High,82.6
1785835620000,NOISE-S,b543d03f-a7d0-4faa-8507-0b3e31081e0b,958885.54,6010297.7,Elevated,80
1785835620000,NOISE-W,49a1ac8f-b89d-4356-8260-a3e73765a98a,958749.58,6010415.93,High,81.7
1785835620000,NOISE-NR1,5c7eb3a5-3ace-49d5-b023-33009a594311,959160.42,6010678.99,Comfortable,67
1785835620000,NOISE-NR2,a7b30385-932d-4325-b84b-ae6bdcc359e3,958613.61,6010191.3,Comfortable,63.5
1785835620000,NOISE-NR3,74469165-c65c-4435-a387-36920379578d,959234.31,6010383.42,Comfortable,67.2
1785835680000,NOISE-N,b291e7be-9f14-44ed-87c1-0f02b8ca35b3,958906.23,6010563.72,High,80.8
1785835680000,NOISE-E,7be9696e-9ace-4085-a81b-0b04c83955db,959045.15,6010445.49,High,82.7
1785835680000,NOISE-S,b543d03f-a7d0-4faa-8507-0b3e31081e0b,958885.54,6010297.7,Elevated,79.5
1785835680000,NOISE-W,49a1ac8f-b89d-4356-8260-a3e73765a98a,958749.58,6010415.93,High,80.9
1785835680000,NOISE-NR1,5c7eb3a5-3ace-49d5-b023-33009a594311,959160.42,6010678.99,Comfortable,67.6
1785835680000,NOISE-NR2,a7b30385-932d-4325-b84b-ae6bdcc359e3,958613.61,6010191.3,Comfortable,63.1
1785835680000,NOISE-NR3,74469165-c65c-4435-a387-36920379578d,959234.31,6010383.42,Comfortable,67.4
1785835740000,NOISE-N,b291e7be-9f14-44ed-87c1-0f02b8ca35b3,958906.23,6010563.72,High,80.8
1785835740000,NOISE-E,7be9696e-9ace-4085-a81b-0b04c83955db,959045.15,6010445.49,High,82.8
1785835740000,NOISE-S,b543d03f-a7d0-4faa-8507-0b3e31081e0b,958885.54,6010297.7,Elevated,78.9
1785835740000,NOISE-W,49a1ac8f-b89d-4356-8260-a3e73765a98a,958749.58,6010415.93,High,81.6
1785835740000,NOISE-NR1,5c7eb3a5-3ace-49d5-b023-33009a594311,959160.42,6010678.99,Comfortable,66.5
1785835740000,NOISE-NR2,a7b30385-932d-4325-b84b-ae6bdcc359e3,958613.61,6010191.3,Comfortable,63.2
1785835740000,NOISE-NR3,74469165-c65c-4435-a387-36920379578d,959234.31,6010383.42,Comfortable,66.8
1785835800000,NOISE-N,b291e7be-9f14-44ed-87c1-0f02b8ca35b3,958906.23,6010563.72,High,81.7
1785835800000,NOISE-E,7be9696e-9ace-4085-a81b-0b04c83955db,959045.15,6010445.49,High,83.5
1785835800000,NOISE-S,b543d03f-a7d0-4faa-8507-0b3e31081e0b,958885.54,6010297.7,Elevated,79.7
1785835800000,NOISE-W,49a1ac8f-b89d-4356-8260-a3e73765a98a,958749.58,6010415.93,High,81.5
1785835800000,NOISE-NR1,5c7eb3a5-3ace-49d5-b023-33009a594311,959160.42,6010678.99,Comfortable,65.9
1785835800000,NOISE-NR2,a7b30385-932d-4325-b84b-ae6bdcc359e3,958613.61,6010191.3,Comfortable,63.7
1785835800000,NOISE-NR3,74469165-c65c-4435-a387-36920379578d,959234.31,6010383.42,Comfortable,67.2
1785835860000,NOISE-N,b291e7be-9f14-44ed-87c1-0f02b8ca35b3,958906.23,6010563.72,High,81.9
1785835860000,NOISE-E,7be9696e-9ace-4085-a81b-0b04c83955db,959045.15,6010445.49,High,84.2
1785835860000,NOISE-S,b543d03f-a7d0-4faa-8507-0b3e31081e0b,958885.54,6010297.7,Elevated,79.9
1785835860000,NOISE-W,49a1ac8f-b89d-4356-8260-a3e73765a98a,958749.58,6010415.93,High,82.1
1785835860000,NOISE-NR1,5c7eb3a5-3ace-49d5-b023-33009a594311,959160.42,6010678.99,Comfortable,66.2
1785835860000,NOISE-NR2,a7b30385-932d-4325-b84b-ae6bdcc359e3,958613.61,6010191.3,Comfortable,63.1
1785835860000,NOISE-NR3,74469165-c65c-4435-a387-36920379578d,959234.31,6010383.42,Comfortable,67.8
1785835920000,NOISE-N,b291e7be-9f14-44ed-87c1-0f02b8ca35b3,958906.23,6010563.72,High,82.2
1785835920000,NOISE-E,7be9696e-9ace-4085-a81b-0b04c83955db,959045.15,6010445.49,High,84.2
1785835920000,NOISE-S,b543d03f-a7d0-4faa-8507-0b3e31081e0b,958885.54,6010297.7,Elevated,79.9
1785835920000,NOISE-W,49a1ac8f-b89d-4356-8260-a3e73765a98a,958749.58,6010415.93,High,81
1785835920000,NOISE-NR1,5c7eb3a5-3ace-49d5-b023-33009a594311,959160.42,6010678.99,Comfortable,66.2
1785835920000,NOISE-NR2,a7b30385-932d-4325-b84b-ae6bdcc359e3,958613.61,6010191.3,Comfortable,63.4
1785835920000,NOISE-NR3,74469165-c65c-4435-a387-36920379578d,959234.31,6010383.42,Comfortable,67.2
1785835980000,NOISE-N,b291e7be-9f14-44ed-87c1-0f02b8ca35b3,958906.23,6010563.72,High,82.6
1785835980000,NOISE-E,7be9696e-9ace-4085-a81b-0b04c83955db,959045.15,6010445.49,High,84.3
1785835980000,NOISE-S,b543d03f-a7d0-4faa-8507-0b3e31081e0b,958885.54,6010297.7,High,80.2
1785835980000,NOISE-W,49a1ac8f-b89d-4356-8260-a3e73765a98a,958749.58,6010415.93,High,80.3
1785835980000,NOISE-NR1,5c7eb3a5-3ace-49d5-b023-33009a594311,959160.42,6010678.99,Comfortable,65.6
1785835980000,NOISE-NR2,a7b30385-932d-4325-b84b-ae6bdcc359e3,958613.61,6010191.3,Comfortable,64.1
1785835980000,NOISE-NR3,74469165-c65c-4435-a387-36920379578d,959234.31,6010383.42,Comfortable,67.7
1785836040000,NOISE-N,b291e7be-9f14-44ed-87c1-0f02b8ca35b3,958906.23,6010563.72,High,83.2
1785836040000,NOISE-E,7be9696e-9ace-4085-a81b-0b04c83955db,959045.15,6010445.49,High,84.5
1785836040000,NOISE-S,b543d03f-a7d0-4faa-8507-0b3e31081e0b,958885.54,6010297.7,Elevated,79.5
1785836040000,NOISE-W,49a1ac8f-b89d-4356-8260-a3e73765a98a,958749.58,6010415.93,High,80.5
1785836040000,NOISE-NR1,5c7eb3a5-3ace-49d5-b023-33009a594311,959160.42,6010678.99,Comfortable,66.2
1785836040000,NOISE-NR2,a7b30385-932d-4325-b84b-ae6bdcc359e3,958613.61,6010191.3,Comfortable,64.2
1785836040000,NOISE-NR3,74469165-c65c-4435-a387-36920379578d,959234.31,6010383.42,Comfortable,67.6
1785836100000,NOISE-N,b291e7be-9f14-44ed-87c1-0f02b8ca35b3,958906.23,6010563.72,High,82.9
1785836100000,NOISE-E,7be9696e-9ace-4085-a81b-0b04c83955db,959045.15,6010445.49,High,84.3
1785836100000,NOISE-S,b543d03f-a7d0-4faa-8507-0b3e31081e0b,958885.54,6010297.7,Elevated,79.1
1785836100000,NOISE-W,49a1ac8f-b89d-4356-8260-a3e73765a98a,958749.58,6010415.93,High,81.1
1785836100000,NOISE-NR1,5c7eb3a5-3ace-49d5-b023-33009a594311,959160.42,6010678.99,Comfortable,66.8
1785836100000,NOISE-NR2,a7b30385-932d-4325-b84b-ae6bdcc359e3,958613.61,6010191.3,Comfortable,64.6
1785836100000,NOISE-NR3,74469165-c65c-4435-a387-36920379578d,959234.31,6010383.42,Comfortable,66.9
1785836160000,NOISE-N,b291e7be-9f14-44ed-87c1-0f02b8ca35b3,958906.23,6010563.72,High,82.5
1785836160000,NOISE-E,7be9696e-9ace-4085-a81b-0b04c83955db,959045.15,6010445.49,High,83.5
1785836160000,NOISE-S,b543d03f-a7d0-4faa-8507-0b3e31081e0b,958885.54,6010297.7,Elevated,78.7
1785836160000,NOISE-W,49a1ac8f-b89d-4356-8260-a3e73765a98a,958749.58,6010415.93,High,81.7
1785836160000,NOISE-NR1,5c7eb3a5-3ace-49d5-b023-33009a594311,959160.42,6010678.99,Comfortable,66.8
1785836160000,NOISE-NR2,a7b30385-932d-4325-b84b-ae6bdcc359e3,958613.61,6010191.3,Comfortable,64.3
1785836160000,NOISE-NR3,74469165-c65c-4435-a387-36920379578d,959234.31,6010383.42,Comfortable,67.1
1785836220000,NOISE-N,b291e7be-9f14-44ed-87c1-0f02b8ca35b3,958906.23,6010563.72,High,82.8
1785836220000,NOISE-E,7be9696e-9ace-4085-a81b-0b04c83955db,959045.15,6010445.49,High,84
1785836220000,NOISE-S,b543d03f-a7d0-4faa-8507-0b3e31081e0b,958885.54,6010297.7,Elevated,78.6
1785836220000,NOISE-W,49a1ac8f-b89d-4356-8260-a3e73765a98a,958749.58,6010415.93,High,81.7
1785836220000,NOISE-NR1,5c7eb3a5-3ace-49d5-b023-33009a594311,959160.42,6010678.99,Comfortable,67.3
1785836220000,NOISE-NR2,a7b30385-932d-4325-b84b-ae6bdcc359e3,958613.61,6010191.3,Comfortable,64.8
1785836220000,NOISE-NR3,74469165-c65c-4435-a387-36920379578d,959234.31,6010383.42,Comfortable,66.7
1785836280000,NOISE-N,b291e7be-9f14-44ed-87c1-0f02b8ca35b3,958906.23,6010563.72,High,82.7
1785836280000,NOISE-E,7be9696e-9ace-4085-a81b-0b04c83955db,959045.15,6010445.49,High,84.6
1785836280000,NOISE-S,b543d03f-a7d0-4faa-8507-0b3e31081e0b,958885.54,6010297.7,Elevated,78.4
1785836280000,NOISE-W,49a1ac8f-b89d-4356-8260-a3e73765a98a,958749.58,6010415.93,High,81.5
1785836280000,NOISE-NR1,5c7eb3a5-3ace-49d5-b023-33009a594311,959160.42,6010678.99,Comfortable,66.6
1785836280000,NOISE-NR2,a7b30385-932d-4325-b84b-ae6bdcc359e3,958613.61,6010191.3,Comfortable,64.5
1785836280000,NOISE-NR3,74469165-c65c-4435-a387-36920379578d,959234.31,6010383.42,Comfortable,66.3
1785836340000,NOISE-N,b291e7be-9f14-44ed-87c1-0f02b8ca35b3,958906.23,6010563.72,High,81.9
1785836340000,NOISE-E,7be9696e-9ace-4085-a81b-0b04c83955db,959045.15,6010445.49,High,83.9
1785836340000,NOISE-S,b543d03f-a7d0-4faa-8507-0b3e31081e0b,958885.54,6010297.7,Elevated,78.6
1785836340000,NOISE-W,49a1ac8f-b89d-4356-8260-a3e73765a98a,958749.58,6010415.93,High,80.9
1785836340000,NOISE-NR1,5c7eb3a5-3ace-49d5-b023-33009a594311,959160.42,6010678.99,Comfortable,66.9
1785836340000,NOISE-NR2,a7b30385-932d-4325-b84b-ae6bdcc359e3,958613.61,6010191.3,Comfortable,63.7
1785836340000,NOISE-NR3,74469165-c65c-4435-a387-36920379578d,959234.31,6010383.42,Comfortable,66.9
1785836400000,NOISE-N,b291e7be-9f14-44ed-87c1-0f02b8ca35b3,958906.23,6010563.72,High,82.3
1785836400000,NOISE-E,7be9696e-9ace-4085-a81b-0b04c83955db,959045.15,6010445.49,High,83.1
1785836400000,NOISE-S,b543d03f-a7d0-4faa-8507-0b3e31081e0b,958885.54,6010297.7,Elevated,79.2
1785836400000,NOISE-W,49a1ac8f-b89d-4356-8260-a3e73765a98a,958749.58,6010415.93,High,81.4
1785836400000,NOISE-NR1,5c7eb3a5-3ace-49d5-b023-33009a594311,959160.42,6010678.99,Comfortable,66.6
1785836400000,NOISE-NR2,a7b30385-932d-4325-b84b-ae6bdcc359e3,958613.61,6010191.3,Comfortable,63.4
1785836400000,NOISE-NR3,74469165-c65c-4435-a387-36920379578d,959234.31,6010383.42,Comfortable,66.8
1785836460000,NOISE-N,b291e7be-9f14-44ed-87c1-0f02b8ca35b3,958906.23,6010563.72,High,82.2
1785836460000,NOISE-E,7be9696e-9ace-4085-a81b-0b04c83955db,959045.15,6010445.49,High,83.3
1785836460000,NOISE-S,b543d03f-a7d0-4faa-8507-0b3e31081e0b,958885.54,6010297.7,Elevated,79.9
1785836460000,NOISE-W,49a1ac8f-b89d-4356-8260-a3e73765a98a,958749.58,6010415.93,High,81.9
1785836460000,NOISE-NR1,5c7eb3a5-3ace-49d5-b023-33009a594311,959160.42,6010678.99,Comfortable,66.3
1785836460000,NOISE-NR2,a7b30385-932d-4325-b84b-ae6bdcc359e3,958613.61,6010191.3,Comfortable,63.2
1785836460000,NOISE-NR3,74469165-c65c-4435-a387-36920379578d,959234.31,6010383.42,Comfortable,67.5
1785836520000,NOISE-N,b291e7be-9f14-44ed-87c1-0f02b8ca35b3,958906.23,6010563.72,High,82.4
1785836520000,NOISE-E,7be9696e-9ace-4085-a81b-0b04c83955db,959045.15,6010445.49,High,84.2
1785836520000,NOISE-S,b543d03f-a7d0-4faa-8507-0b3e31081e0b,958885.54,6010297.7,High,80.1
1785836520000,NOISE-W,49a1ac8f-b89d-4356-8260-a3e73765a98a,958749.58,6010415.93,High,82.1
1785836520000,NOISE-NR1,5c7eb3a5-3ace-49d5-b023-33009a594311,959160.42,6010678.99,Comfortable,65.5
1785836520000,NOISE-NR2,a7b30385-932d-4325-b84b-ae6bdcc359e3,958613.61,6010191.3,Comfortable,63.8
1785836520000,NOISE-NR3,74469165-c65c-4435-a387-36920379578d,959234.31,6010383.42,Comfortable,67.7
1785836580000,NOISE-N,b291e7be-9f14-44ed-87c1-0f02b8ca35b3,958906.23,6010563.72,High,82.7
1785836580000,NOISE-E,7be9696e-9ace-4085-a81b-0b04c83955db,959045.15,6010445.49,High,83.6
1785836580000,NOISE-S,b543d03f-a7d0-4faa-8507-0b3e31081e0b,958885.54,6010297.7,Elevated,79.8
1785836580000,NOISE-W,49a1ac8f-b89d-4356-8260-a3e73765a98a,958749.58,6010415.93,High,81.3
1785836580000,NOISE-NR1,5c7eb3a5-3ace-49d5-b023-33009a594311,959160.42,6010678.99,Comfortable,66.1
1785836580000,NOISE-NR2,a7b30385-932d-4325-b84b-ae6bdcc359e3,958613.61,6010191.3,Comfortable,62.8
1785836580000,NOISE-NR3,74469165-c65c-4435-a387-36920379578d,959234.31,6010383.42,Comfortable,66.7
1785836640000,NOISE-N,b291e7be-9f14-44ed-87c1-0f02b8ca35b3,958906.23,6010563.72,High,82
1785836640000,NOISE-E,7be9696e-9ace-4085-a81b-0b04c83955db,959045.15,6010445.49,High,84.3
1785836640000,NOISE-S,b543d03f-a7d0-4faa-8507-0b3e31081e0b,958885.54,6010297.7,Elevated,79.6
1785836640000,NOISE-W,49a1ac8f-b89d-4356-8260-a3e73765a98a,958749.58,6010415.93,High,81.5
1785836640000,NOISE-NR1,5c7eb3a5-3ace-49d5-b023-33009a594311,959160.42,6010678.99,Comfortable,66.5
1785836640000,NOISE-NR2,a7b30385-932d-4325-b84b-ae6bdcc359e3,958613.61,6010191.3,Comfortable,62.5
1785836640000,NOISE-NR3,74469165-c65c-4435-a387-36920379578d,959234.31,6010383.42,Comfortable,66.9
1785836700000,NOISE-N,b291e7be-9f14-44ed-87c1-0f02b8ca35b3,958906.23,6010563.72,High,81.8
1785836700000,NOISE-E,7be9696e-9ace-4085-a81b-0b04c83955db,959045.15,6010445.49,High,84.3
1785836700000,NOISE-S,b543d03f-a7d0-4faa-8507-0b3e31081e0b,958885.54,6010297.7,High,80.3
1785836700000,NOISE-W,49a1ac8f-b89d-4356-8260-a3e73765a98a,958749.58,6010415.93,High,82.1
1785836700000,NOISE-NR1,5c7eb3a5-3ace-49d5-b023-33009a594311,959160.42,6010678.99,Comfortable,65.6
1785836700000,NOISE-NR2,a7b30385-932d-4325-b84b-ae6bdcc359e3,958613.61,6010191.3,Comfortable,62.8
1785836700000,NOISE-NR3,74469165-c65c-4435-a387-36920379578d,959234.31,6010383.42,Comfortable,67.7
1785836760000,NOISE-N,b291e7be-9f14-44ed-87c1-0f02b8ca35b3,958906.23,6010563.72,High,81.5
1785836760000,NOISE-E,7be9696e-9ace-4085-a81b-0b04c83955db,959045.15,6010445.49,High,84.1
1785836760000,NOISE-S,b543d03f-a7d0-4faa-8507-0b3e31081e0b,958885.54,6010297.7,Elevated,79.5
1785836760000,NOISE-W,49a1ac8f-b89d-4356-8260-a3e73765a98a,958749.58,6010415.93,High,81.5
1785836760000,NOISE-NR1,5c7eb3a5-3ace-49d5-b023-33009a594311,959160.42,6010678.99,Comfortable,65.2
1785836760000,NOISE-NR2,a7b30385-932d-4325-b84b-ae6bdcc359e3,958613.61,6010191.3,Comfortable,62.9
1785836760000,NOISE-NR3,74469165-c65c-4435-a387-36920379578d,959234.31,6010383.42,Comfortable,67.2
1785836820000,NOISE-N,b291e7be-9f14-44ed-87c1-0f02b8ca35b3,958906.23,6010563.72,High,81.4
1785836820000,NOISE-E,7be9696e-9ace-4085-a81b-0b04c83955db,959045.15,6010445.49,High,83.5
1785836820000,NOISE-S,b543d03f-a7d0-4faa-8507-0b3e31081e0b,958885.54,6010297.7,High,80
1785836820000,NOISE-W,49a1ac8f-b89d-4356-8260-a3e73765a98a,958749.58,6010415.93,High,81.3
1785836820000,NOISE-NR1,5c7eb3a5-3ace-49d5-b023-33009a594311,959160.42,6010678.99,Comfortable,65.2
1785836820000,NOISE-NR2,a7b30385-932d-4325-b84b-ae6bdcc359e3,958613.61,6010191.3,Comfortable,63.5
1785836820000,NOISE-NR3,74469165-c65c-4435-a387-36920379578d,959234.31,6010383.42,Comfortable,67.7
1785836880000,NOISE-N,b291e7be-9f14-44ed-87c1-0f02b8ca35b3,958906.23,6010563.72,High,81.8
1785836880000,NOISE-E,7be9696e-9ace-4085-a81b-0b04c83955db,959045.15,6010445.49,High,83.1
1785836880000,NOISE-S,b543d03f-a7d0-4faa-8507-0b3e31081e0b,958885.54,6010297.7,Elevated,79.5
1785836880000,NOISE-W,49a1ac8f-b89d-4356-8260-a3e73765a98a,958749.58,6010415.93,High,81
1785836880000,NOISE-NR1,5c7eb3a5-3ace-49d5-b023-33009a594311,959160.42,6010678.99,Comfortable,65.5
1785836880000,NOISE-NR2,a7b30385-932d-4325-b84b-ae6bdcc359e3,958613.61,6010191.3,Comfortable,62.6
1785836880000,NOISE-NR3,74469165-c65c-4435-a387-36920379578d,959234.31,6010383.42,Comfortable,67.1
1785836940000,NOISE-N,b291e7be-9f14-44ed-87c1-0f02b8ca35b3,958906.23,6010563.72,High,82.5
1785836940000,NOISE-E,7be9696e-9ace-4085-a81b-0b04c83955db,959045.15,6010445.49,High,83.8
1785836940000,NOISE-S,b543d03f-a7d0-4faa-8507-0b3e31081e0b,958885.54,6010297.7,High,80
1785836940000,NOISE-W,49a1ac8f-b89d-4356-8260-a3e73765a98a,958749.58,6010415.93,High,80.4
1785836940000,NOISE-NR1,5c7eb3a5-3ace-49d5-b023-33009a594311,959160.42,6010678.99,Comfortable,65
1785836940000,NOISE-NR2,a7b30385-932d-4325-b84b-ae6bdcc359e3,958613.61,6010191.3,Comfortable,63.4
1785836940000,NOISE-NR3,74469165-c65c-4435-a387-36920379578d,959234.31,6010383.42,Comfortable,67.4
1785837000000,NOISE-N,b291e7be-9f14-44ed-87c1-0f02b8ca35b3,958906.23,6010563.72,High,82
1785837000000,NOISE-E,7be9696e-9ace-4085-a81b-0b04c83955db,959045.15,6010445.49,High,84.2
1785837000000,NOISE-S,b543d03f-a7d0-4faa-8507-0b3e31081e0b,958885.54,6010297.7,High,80.3
1785837000000,NOISE-W,49a1ac8f-b89d-4356-8260-a3e73765a98a,958749.58,6010415.93,High,81
1785837000000,NOISE-NR1,5c7eb3a5-3ace-49d5-b023-33009a594311,959160.42,6010678.99,Comfortable,64.6
1785837000000,NOISE-NR2,a7b30385-932d-4325-b84b-ae6bdcc359e3,958613.61,6010191.3,Comfortable,62.9
1785837000000,NOISE-NR3,74469165-c65c-4435-a387-36920379578d,959234.31,6010383.42,Comfortable,66.8
1785837060000,NOISE-N,b291e7be-9f14-44ed-87c1-0f02b8ca35b3,958906.23,6010563.72,High,81.4
1785837060000,NOISE-E,7be9696e-9ace-4085-a81b-0b04c83955db,959045.15,6010445.49,High,84.5
1785837060000,NOISE-S,b543d03f-a7d0-4faa-8507-0b3e31081e0b,958885.54,6010297.7,High,80.8
1785837060000,NOISE-W,49a1ac8f-b89d-4356-8260-a3e73765a98a,958749.58,6010415.93,High,80.5
1785837060000,NOISE-NR1,5c7eb3a5-3ace-49d5-b023-33009a594311,959160.42,6010678.99,Comfortable,64.7
1785837060000,NOISE-NR2,a7b30385-932d-4325-b84b-ae6bdcc359e3,958613.61,6010191.3,Comfortable,63.6
1785837060000,NOISE-NR3,74469165-c65c-4435-a387-36920379578d,959234.31,6010383.42,Comfortable,66.3
1785837120000,NOISE-N,b291e7be-9f14-44ed-87c1-0f02b8ca35b3,958906.23,6010563.72,High,82.3
1785837120000,NOISE-E,7be9696e-9ace-4085-a81b-0b04c83955db,959045.15,6010445.49,High,83.7
1785837120000,NOISE-S,b543d03f-a7d0-4faa-8507-0b3e31081e0b,958885.54,6010297.7,High,80.2
1785837120000,NOISE-W,49a1ac8f-b89d-4356-8260-a3e73765a98a,958749.58,6010415.93,High,80.3
1785837120000,NOISE-NR1,5c7eb3a5-3ace-49d5-b023-33009a594311,959160.42,6010678.99,Comfortable,65.8
1785837120000,NOISE-NR2,a7b30385-932d-4325-b84b-ae6bdcc359e3,958613.61,6010191.3,Comfortable,64.2
1785837120000,NOISE-NR3,74469165-c65c-4435-a387-36920379578d,959234.31,6010383.42,Comfortable,66.1
1785837180000,NOISE-N,b291e7be-9f14-44ed-87c1-0f02b8ca35b3,958906.23,6010563.72,High,82.5
1785837180000,NOISE-E,7be9696e-9ace-4085-a81b-0b04c83955db,959045.15,6010445.49,High,84.1
1785837180000,NOISE-S,b543d03f-a7d0-4faa-8507-0b3e31081e0b,958885.54,6010297.7,High,80.5
1785837180000,NOISE-W,49a1ac8f-b89d-4356-8260-a3e73765a98a,958749.58,6010415.93,High,80.4
1785837180000,NOISE-NR1,5c7eb3a5-3ace-49d5-b023-33009a594311,959160.42,6010678.99,Comfortable,65.7
1785837180000,NOISE-NR2,a7b30385-932d-4325-b84b-ae6bdcc359e3,958613.61,6010191.3,Comfortable,63.4
1785837180000,NOISE-NR3,74469165-c65c-4435-a387-36920379578d,959234.31,6010383.42,Comfortable,67
1785837240000,NOISE-N,b291e7be-9f14-44ed-87c1-0f02b8ca35b3,958906.23,6010563.72,High,83.1
1785837240000,NOISE-E,7be9696e-9ace-4085-a81b-0b04c83955db,959045.15,6010445.49,High,84.4
1785837240000,NOISE-S,b543d03f-a7d0-4faa-8507-0b3e31081e0b,958885.54,6010297.7,High,80.5
1785837240000,NOISE-W,49a1ac8f-b89d-4356-8260-a3e73765a98a,958749.58,6010415.93,High,80.8
1785837240000,NOISE-NR1,5c7eb3a5-3ace-49d5-b023-33009a594311,959160.42,6010678.99,Comfortable,65.9
1785837240000,NOISE-NR2,a7b30385-932d-4325-b84b-ae6bdcc359e3,958613.61,6010191.3,Comfortable,63.8
1785837240000,NOISE-NR3,74469165-c65c-4435-a387-36920379578d,959234.31,6010383.42,Comfortable,67.4
1785837300000,NOISE-N,b291e7be-9f14-44ed-87c1-0f02b8ca35b3,958906.23,6010563.72,High,83.4
1785837300000,NOISE-E,7be9696e-9ace-4085-a81b-0b04c83955db,959045.15,6010445.49,Excessive,85
1785837300000,NOISE-S,b543d03f-a7d0-4faa-8507-0b3e31081e0b,958885.54,6010297.7,High,80.4
1785837300000,NOISE-W,49a1ac8f-b89d-4356-8260-a3e73765a98a,958749.58,6010415.93,High,81
1785837300000,NOISE-NR1,5c7eb3a5-3ace-49d5-b023-33009a594311,959160.42,6010678.99,Comfortable,66
1785837300000,NOISE-NR2,a7b30385-932d-4325-b84b-ae6bdcc359e3,958613.61,6010191.3,Comfortable,62.9
1785837300000,NOISE-NR3,74469165-c65c-4435-a387-36920379578d,959234.31,6010383.42,Comfortable,66.8
1785837360000,NOISE-N,b291e7be-9f14-44ed-87c1-0f02b8ca35b3,958906.23,6010563.72,High,82.8
1785837360000,NOISE-E,7be9696e-9ace-4085-a81b-0b04c83955db,959045.15,6010445.49,Excessive,85.5
1785837360000,NOISE-S,b543d03f-a7d0-4faa-8507-0b3e31081e0b,958885.54,6010297.7,Elevated,79.9
1785837360000,NOISE-W,49a1ac8f-b89d-4356-8260-a3e73765a98a,958749.58,6010415.93,High,80.9
1785837360000,NOISE-NR1,5c7eb3a5-3ace-49d5-b023-33009a594311,959160.42,6010678.99,Comfortable,66.5
1785837360000,NOISE-NR2,a7b30385-932d-4325-b84b-ae6bdcc359e3,958613.61,6010191.3,Comfortable,62.6
1785837360000,NOISE-NR3,74469165-c65c-4435-a387-36920379578d,959234.31,6010383.42,Comfortable,66.5
1785837420000,NOISE-N,b291e7be-9f14-44ed-87c1-0f02b8ca35b3,958906.23,6010563.72,High,82
1785837420000,NOISE-E,7be9696e-9ace-4085-a81b-0b04c83955db,959045.15,6010445.49,Excessive,85.4
1785837420000,NOISE-S,b543d03f-a7d0-4faa-8507-0b3e31081e0b,958885.54,6010297.7,Elevated,80
1785837420000,NOISE-W,49a1ac8f-b89d-4356-8260-a3e73765a98a,958749.58,6010415.93,High,80.7
1785837420000,NOISE-NR1,5c7eb3a5-3ace-49d5-b023-33009a594311,959160.42,6010678.99,Comfortable,66.7
1785837420000,NOISE-NR2,a7b30385-932d-4325-b84b-ae6bdcc359e3,958613.61,6010191.3,Comfortable,62.1
1785837420000,NOISE-NR3,74469165-c65c-4435-a387-36920379578d,959234.31,6010383.42,Comfortable,66.4
1785837480000,NOISE-N,b291e7be-9f14-44ed-87c1-0f02b8ca35b3,958906.23,6010563.72,High,81.6
1785837480000,NOISE-E,7be9696e-9ace-4085-a81b-0b04c83955db,959045.15,6010445.49,Excessive,85.3
1785837480000,NOISE-S,b543d03f-a7d0-4faa-8507-0b3e31081e0b,958885.54,6010297.7,High,80.5
1785837480000,NOISE-W,49a1ac8f-b89d-4356-8260-a3e73765a98a,958749.58,6010415.93,High,80.5
1785837480000,NOISE-NR1,5c7eb3a5-3ace-49d5-b023-33009a594311,959160.42,6010678.99,Comfortable,66.6
1785837480000,NOISE-NR2,a7b30385-932d-4325-b84b-ae6bdcc359e3,958613.61,6010191.3,Comfortable,61.6
1785837480000,NOISE-NR3,74469165-c65c-4435-a387-36920379578d,959234.31,6010383.42,Comfortable,66.3
1785837540000,NOISE-N,b291e7be-9f14-44ed-87c1-0f02b8ca35b3,958906.23,6010563.72,High,82.4
1785837540000,NOISE-E,7be9696e-9ace-4085-a81b-0b04c83955db,959045.15,6010445.49,High,84.3
1785837540000,NOISE-S,b543d03f-a7d0-4faa-8507-0b3e31081e0b,958885.54,6010297.7,High,80.2
1785837540000,NOISE-W,49a1ac8f-b89d-4356-8260-a3e73765a98a,958749.58,6010415.93,High,80.1
1785837540000,NOISE-NR1,5c7eb3a5-3ace-49d5-b023-33009a594311,959160.42,6010678.99,Comfortable,66
1785837540000,NOISE-NR2,a7b30385-932d-4325-b84b-ae6bdcc359e3,958613.61,6010191.3,Comfortable,62
1785837540000,NOISE-NR3,74469165-c65c-4435-a387-36920379578d,959234.31,6010383.42,Comfortable,66.3
1785837600000,NOISE-N,b291e7be-9f14-44ed-87c1-0f02b8ca35b3,958906.23,6010563.72,Elevated,78.5
1785837600000,NOISE-E,7be9696e-9ace-4085-a81b-0b04c83955db,959045.15,6010445.49,High,80.3
1785837600000,NOISE-S,b543d03f-a7d0-4faa-8507-0b3e31081e0b,958885.54,6010297.7,Elevated,76.6
1785837600000,NOISE-W,49a1ac8f-b89d-4356-8260-a3e73765a98a,958749.58,6010415.93,Elevated,77.8
1785837600000,NOISE-NR1,5c7eb3a5-3ace-49d5-b023-33009a594311,959160.42,6010678.99,Comfortable,64.7
1785837600000,NOISE-NR2,a7b30385-932d-4325-b84b-ae6bdcc359e3,958613.61,6010191.3,Comfortable,61
1785837600000,NOISE-NR3,74469165-c65c-4435-a387-36920379578d,959234.31,6010383.42,Comfortable,64.5
1785837660000,NOISE-N,b291e7be-9f14-44ed-87c1-0f02b8ca35b3,958906.23,6010563.72,Elevated,76.7
1785837660000,NOISE-E,7be9696e-9ace-4085-a81b-0b04c83955db,959045.15,6010445.49,Elevated,77.7
1785837660000,NOISE-S,b543d03f-a7d0-4faa-8507-0b3e31081e0b,958885.54,6010297.7,Elevated,75
1785837660000,NOISE-W,49a1ac8f-b89d-4356-8260-a3e73765a98a,958749.58,6010415.93,Elevated,75.8
1785837660000,NOISE-NR1,5c7eb3a5-3ace-49d5-b023-33009a594311,959160.42,6010678.99,Comfortable,62.8
1785837660000,NOISE-NR2,a7b30385-932d-4325-b84b-ae6bdcc359e3,958613.61,6010191.3,Comfortable,59.1
1785837660000,NOISE-NR3,74469165-c65c-4435-a387-36920379578d,959234.31,6010383.42,Comfortable,63.5
1785837720000,NOISE-N,b291e7be-9f14-44ed-87c1-0f02b8ca35b3,958906.23,6010563.72,Elevated,74.3
1785837720000,NOISE-E,7be9696e-9ace-4085-a81b-0b04c83955db,959045.15,6010445.49,Elevated,76.6
1785837720000,NOISE-S,b543d03f-a7d0-4faa-8507-0b3e31081e0b,958885.54,6010297.7,Elevated,72.6
1785837720000,NOISE-W,49a1ac8f-b89d-4356-8260-a3e73765a98a,958749.58,6010415.93,Elevated,74.4
1785837720000,NOISE-NR1,5c7eb3a5-3ace-49d5-b023-33009a594311,959160.42,6010678.99,Comfortable,60.8
1785837720000,NOISE-NR2,a7b30385-932d-4325-b84b-ae6bdcc359e3,958613.61,6010191.3,Comfortable,59
1785837720000,NOISE-NR3,74469165-c65c-4435-a387-36920379578d,959234.31,6010383.42,Comfortable,62.6
1785837780000,NOISE-N,b291e7be-9f14-44ed-87c1-0f02b8ca35b3,958906.23,6010563.72,Elevated,72.9
1785837780000,NOISE-E,7be9696e-9ace-4085-a81b-0b04c83955db,959045.15,6010445.49,Elevated,74.4
1785837780000,NOISE-S,b543d03f-a7d0-4faa-8507-0b3e31081e0b,958885.54,6010297.7,Elevated,70.8
1785837780000,NOISE-W,49a1ac8f-b89d-4356-8260-a3e73765a98a,958749.58,6010415.93,Elevated,73.1
1785837780000,NOISE-NR1,5c7eb3a5-3ace-49d5-b023-33009a594311,959160.42,6010678.99,Comfortable,59.5
1785837780000,NOISE-NR2,a7b30385-932d-4325-b84b-ae6bdcc359e3,958613.61,6010191.3,Comfortable,58.3
1785837780000,NOISE-NR3,74469165-c65c-4435-a387-36920379578d,959234.31,6010383.42,Comfortable,61
1785837840000,NOISE-N,b291e7be-9f14-44ed-87c1-0f02b8ca35b3,958906.23,6010563.72,Elevated,71.8
1785837840000,NOISE-E,7be9696e-9ace-4085-a81b-0b04c83955db,959045.15,6010445.49,Elevated,74
1785837840000,NOISE-S,b543d03f-a7d0-4faa-8507-0b3e31081e0b,958885.54,6010297.7,Elevated,70.8
1785837840000,NOISE-W,49a1ac8f-b89d-4356-8260-a3e73765a98a,958749.58,6010415.93,Elevated,72.6
1785837840000,NOISE-NR1,5c7eb3a5-3ace-49d5-b023-33009a594311,959160.42,6010678.99,Comfortable,59.4
1785837840000,NOISE-NR2,a7b30385-932d-4325-b84b-ae6bdcc359e3,958613.61,6010191.3,Comfortable,57
1785837840000,NOISE-NR3,74469165-c65c-4435-a387-36920379578d,959234.31,6010383.42,Comfortable,59.9
1785837900000,NOISE-N,b291e7be-9f14-44ed-87c1-0f02b8ca35b3,958906.23,6010563.72,Elevated,70.8
1785837900000,NOISE-E,7be9696e-9ace-4085-a81b-0b04c83955db,959045.15,6010445.49,Elevated,72.9
1785837900000,NOISE-S,b543d03f-a7d0-4faa-8507-0b3e31081e0b,958885.54,6010297.7,Comfortable,69.6
1785837900000,NOISE-W,49a1ac8f-b89d-4356-8260-a3e73765a98a,958749.58,6010415.93,Elevated,71.3
1785837900000,NOISE-NR1,5c7eb3a5-3ace-49d5-b023-33009a594311,959160.42,6010678.99,Comfortable,59.2
1785837900000,NOISE-NR2,a7b30385-932d-4325-b84b-ae6bdcc359e3,958613.61,6010191.3,Comfortable,57.4
1785837900000,NOISE-NR3,74469165-c65c-4435-a387-36920379578d,959234.31,6010383.42,Comfortable,59.1
1785837960000,NOISE-N,b291e7be-9f14-44ed-87c1-0f02b8ca35b3,958906.23,6010563.72,Elevated,70.6
1785837960000,NOISE-E,7be9696e-9ace-4085-a81b-0b04c83955db,959045.15,6010445.49,Elevated,71.8
1785837960000,NOISE-S,b543d03f-a7d0-4faa-8507-0b3e31081e0b,958885.54,6010297.7,Comfortable,69
1785837960000,NOISE-W,49a1ac8f-b89d-4356-8260-a3e73765a98a,958749.58,6010415.93,Elevated,70.3
1785837960000,NOISE-NR1,5c7eb3a5-3ace-49d5-b023-33009a594311,959160.42,6010678.99,Comfortable,58.7
1785837960000,NOISE-NR2,a7b30385-932d-4325-b84b-ae6bdcc359e3,958613.61,6010191.3,Comfortable,56.5
1785837960000,NOISE-NR3,74469165-c65c-4435-a387-36920379578d,959234.31,6010383.42,Comfortable,59.5
1785838020000,NOISE-N,b291e7be-9f14-44ed-87c1-0f02b8ca35b3,958906.23,6010563.72,Elevated,70.2
1785838020000,NOISE-E,7be9696e-9ace-4085-a81b-0b04c83955db,959045.15,6010445.49,Elevated,72.4
1785838020000,NOISE-S,b543d03f-a7d0-4faa-8507-0b3e31081e0b,958885.54,6010297.7,Comfortable,68.9
1785838020000,NOISE-W,49a1ac8f-b89d-4356-8260-a3e73765a98a,958749.58,6010415.93,Elevated,70.3
1785838020000,NOISE-NR1,5c7eb3a5-3ace-49d5-b023-33009a594311,959160.42,6010678.99,Comfortable,57.8
1785838020000,NOISE-NR2,a7b30385-932d-4325-b84b-ae6bdcc359e3,958613.61,6010191.3,Comfortable,55.7
1785838020000,NOISE-NR3,74469165-c65c-4435-a387-36920379578d,959234.31,6010383.42,Comfortable,59
1785838080000,NOISE-N,b291e7be-9f14-44ed-87c1-0f02b8ca35b3,958906.23,6010563.72,Comfortable,69.7
1785838080000,NOISE-E,7be9696e-9ace-4085-a81b-0b04c83955db,959045.15,6010445.49,Elevated,72.4
1785838080000,NOISE-S,b543d03f-a7d0-4faa-8507-0b3e31081e0b,958885.54,6010297.7,Comfortable,68.7
1785838080000,NOISE-W,49a1ac8f-b89d-4356-8260-a3e73765a98a,958749.58,6010415.93,Elevated,70.3
1785838080000,NOISE-NR1,5c7eb3a5-3ace-49d5-b023-33009a594311,959160.42,6010678.99,Comfortable,57.2
1785838080000,NOISE-NR2,a7b30385-932d-4325-b84b-ae6bdcc359e3,958613.61,6010191.3,Comfortable,55.6
1785838080000,NOISE-NR3,74469165-c65c-4435-a387-36920379578d,959234.31,6010383.42,Comfortable,59.1
1785838140000,NOISE-N,b291e7be-9f14-44ed-87c1-0f02b8ca35b3,958906.23,6010563.72,Comfortable,68.9
1785838140000,NOISE-E,7be9696e-9ace-4085-a81b-0b04c83955db,959045.15,6010445.49,Elevated,71.3
1785838140000,NOISE-S,b543d03f-a7d0-4faa-8507-0b3e31081e0b,958885.54,6010297.7,Comfortable,68.8
1785838140000,NOISE-W,49a1ac8f-b89d-4356-8260-a3e73765a98a,958749.58,6010415.93,Comfortable,69.6
1785838140000,NOISE-NR1,5c7eb3a5-3ace-49d5-b023-33009a594311,959160.42,6010678.99,Comfortable,57.2
1785838140000,NOISE-NR2,a7b30385-932d-4325-b84b-ae6bdcc359e3,958613.61,6010191.3,Comfortable,55.5
1785838140000,NOISE-NR3,74469165-c65c-4435-a387-36920379578d,959234.31,6010383.42,Comfortable,59.4
1785838200000,NOISE-N,b291e7be-9f14-44ed-87c1-0f02b8ca35b3,958906.23,6010563.72,Comfortable,69
1785838200000,NOISE-E,7be9696e-9ace-4085-a81b-0b04c83955db,959045.15,6010445.49,Elevated,71.6
1785838200000,NOISE-S,b543d03f-a7d0-4faa-8507-0b3e31081e0b,958885.54,6010297.7,Comfortable,67.9
1785838200000,NOISE-W,49a1ac8f-b89d-4356-8260-a3e73765a98a,958749.58,6010415.93,Comfortable,69.4
1785838200000,NOISE-NR1,5c7eb3a5-3ace-49d5-b023-33009a594311,959160.42,6010678.99,Comfortable,56.9
1785838200000,NOISE-NR2,a7b30385-932d-4325-b84b-ae6bdcc359e3,958613.61,6010191.3,Comfortable,56.1
1785838200000,NOISE-NR3,74469165-c65c-4435-a387-36920379578d,959234.31,6010383.42,Comfortable,59.1
1785838260000,NOISE-N,b291e7be-9f14-44ed-87c1-0f02b8ca35b3,958906.23,6010563.72,Comfortable,69.5
1785838260000,NOISE-E,7be9696e-9ace-4085-a81b-0b04c83955db,959045.15,6010445.49,Elevated,71.4
1785838260000,NOISE-S,b543d03f-a7d0-4faa-8507-0b3e31081e0b,958885.54,6010297.7,Comfortable,67.8
1785838260000,NOISE-W,49a1ac8f-b89d-4356-8260-a3e73765a98a,958749.58,6010415.93,Comfortable,69.4
1785838260000,NOISE-NR1,5c7eb3a5-3ace-49d5-b023-33009a594311,959160.42,6010678.99,Comfortable,57
1785838260000,NOISE-NR2,a7b30385-932d-4325-b84b-ae6bdcc359e3,958613.61,6010191.3,Comfortable,56.8
1785838260000,NOISE-NR3,74469165-c65c-4435-a387-36920379578d,959234.31,6010383.42,Comfortable,59
1785838320000,NOISE-N,b291e7be-9f14-44ed-87c1-0f02b8ca35b3,958906.23,6010563.72,Comfortable,69.6
1785838320000,NOISE-E,7be9696e-9ace-4085-a81b-0b04c83955db,959045.15,6010445.49,Elevated,71.5
1785838320000,NOISE-S,b543d03f-a7d0-4faa-8507-0b3e31081e0b,958885.54,6010297.7,Comfortable,67.9
1785838320000,NOISE-W,49a1ac8f-b89d-4356-8260-a3e73765a98a,958749.58,6010415.93,Comfortable,69.9
1785838320000,NOISE-NR1,5c7eb3a5-3ace-49d5-b023-33009a594311,959160.42,6010678.99,Comfortable,58
1785838320000,NOISE-NR2,a7b30385-932d-4325-b84b-ae6bdcc359e3,958613.61,6010191.3,Comfortable,57.2
1785838320000,NOISE-NR3,74469165-c65c-4435-a387-36920379578d,959234.31,6010383.42,Comfortable,58.4
1785838380000,NOISE-N,b291e7be-9f14-44ed-87c1-0f02b8ca35b3,958906.23,6010563.72,Comfortable,69.4
1785838380000,NOISE-E,7be9696e-9ace-4085-a81b-0b04c83955db,959045.15,6010445.49,Elevated,70.7
1785838380000,NOISE-S,b543d03f-a7d0-4faa-8507-0b3e31081e0b,958885.54,6010297.7,Comfortable,68
1785838380000,NOISE-W,49a1ac8f-b89d-4356-8260-a3e73765a98a,958749.58,6010415.93,Comfortable,69
1785838380000,NOISE-NR1,5c7eb3a5-3ace-49d5-b023-33009a594311,959160.42,6010678.99,Comfortable,57.4
1785838380000,NOISE-NR2,a7b30385-932d-4325-b84b-ae6bdcc359e3,958613.61,6010191.3,Comfortable,56.3
1785838380000,NOISE-NR3,74469165-c65c-4435-a387-36920379578d,959234.31,6010383.42,Comfortable,57.8
1785838440000,NOISE-N,b291e7be-9f14-44ed-87c1-0f02b8ca35b3,958906.23,6010563.72,Comfortable,69.7
1785838440000,NOISE-E,7be9696e-9ace-4085-a81b-0b04c83955db,959045.15,6010445.49,Elevated,70.5
1785838440000,NOISE-S,b543d03f-a7d0-4faa-8507-0b3e31081e0b,958885.54,6010297.7,Comfortable,68.3
1785838440000,NOISE-W,49a1ac8f-b89d-4356-8260-a3e73765a98a,958749.58,6010415.93,Comfortable,69.4
1785838440000,NOISE-NR1,5c7eb3a5-3ace-49d5-b023-33009a594311,959160.42,6010678.99,Comfortable,57.1
1785838440000,NOISE-NR2,a7b30385-932d-4325-b84b-ae6bdcc359e3,958613.61,6010191.3,Comfortable,57
1785838440000,NOISE-NR3,74469165-c65c-4435-a387-36920379578d,959234.31,6010383.42,Comfortable,57.9
1785838500000,NOISE-N,b291e7be-9f14-44ed-87c1-0f02b8ca35b3,958906.23,6010563.72,Elevated,70.1
1785838500000,NOISE-E,7be9696e-9ace-4085-a81b-0b04c83955db,959045.15,6010445.49,Elevated,70
1785838500000,NOISE-S,b543d03f-a7d0-4faa-8507-0b3e31081e0b,958885.54,6010297.7,Comfortable,68.1
1785838500000,NOISE-W,49a1ac8f-b89d-4356-8260-a3e73765a98a,958749.58,6010415.93,Comfortable,69.6
1785838500000,NOISE-NR1,5c7eb3a5-3ace-49d5-b023-33009a594311,959160.42,6010678.99,Comfortable,57.2
1785838500000,NOISE-NR2,a7b30385-932d-4325-b84b-ae6bdcc359e3,958613.61,6010191.3,Comfortable,56.8
1785838500000,NOISE-NR3,74469165-c65c-4435-a387-36920379578d,959234.31,6010383.42,Comfortable,59
1785838560000,NOISE-N,b291e7be-9f14-44ed-87c1-0f02b8ca35b3,958906.23,6010563.72,Comfortable,69.5
1785838560000,NOISE-E,7be9696e-9ace-4085-a81b-0b04c83955db,959045.15,6010445.49,Comfortable,69.6
1785838560000,NOISE-S,b543d03f-a7d0-4faa-8507-0b3e31081e0b,958885.54,6010297.7,Comfortable,68.5
1785838560000,NOISE-W,49a1ac8f-b89d-4356-8260-a3e73765a98a,958749.58,6010415.93,Comfortable,69
1785838560000,NOISE-NR1,5c7eb3a5-3ace-49d5-b023-33009a594311,959160.42,6010678.99,Comfortable,56.7
1785838560000,NOISE-NR2,a7b30385-932d-4325-b84b-ae6bdcc359e3,958613.61,6010191.3,Comfortable,56.8
1785838560000,NOISE-NR3,74469165-c65c-4435-a387-36920379578d,959234.31,6010383.42,Comfortable,58.8
1785838620000,NOISE-N,b291e7be-9f14-44ed-87c1-0f02b8ca35b3,958906.23,6010563.72,Comfortable,69.4
1785838620000,NOISE-E,7be9696e-9ace-4085-a81b-0b04c83955db,959045.15,6010445.49,Elevated,70.5
1785838620000,NOISE-S,b543d03f-a7d0-4faa-8507-0b3e31081e0b,958885.54,6010297.7,Comfortable,68.5
1785838620000,NOISE-W,49a1ac8f-b89d-4356-8260-a3e73765a98a,958749.58,6010415.93,Comfortable,68.7
1785838620000,NOISE-NR1,5c7eb3a5-3ace-49d5-b023-33009a594311,959160.42,6010678.99,Comfortable,57.7
1785838620000,NOISE-NR2,a7b30385-932d-4325-b84b-ae6bdcc359e3,958613.61,6010191.3,Comfortable,55.9
1785838620000,NOISE-NR3,74469165-c65c-4435-a387-36920379578d,959234.31,6010383.42,Comfortable,59.5
1785838680000,NOISE-N,b291e7be-9f14-44ed-87c1-0f02b8ca35b3,958906.23,6010563.72,Elevated,70.1
1785838680000,NOISE-E,7be9696e-9ace-4085-a81b-0b04c83955db,959045.15,6010445.49,Elevated,70.2
1785838680000,NOISE-S,b543d03f-a7d0-4faa-8507-0b3e31081e0b,958885.54,6010297.7,Comfortable,68.5
1785838680000,NOISE-W,49a1ac8f-b89d-4356-8260-a3e73765a98a,958749.58,6010415.93,Comfortable,68.3
1785838680000,NOISE-NR1,5c7eb3a5-3ace-49d5-b023-33009a594311,959160.42,6010678.99,Comfortable,57.4
1785838680000,NOISE-NR2,a7b30385-932d-4325-b84b-ae6bdcc359e3,958613.61,6010191.3,Comfortable,56.3
1785838680000,NOISE-NR3,74469165-c65c-4435-a387-36920379578d,959234.31,6010383.42,Comfortable,59.3
1785838740000,NOISE-N,b291e7be-9f14-44ed-87c1-0f02b8ca35b3,958906.23,6010563.72,Elevated,70
1785838740000,NOISE-E,7be9696e-9ace-4085-a81b-0b04c83955db,959045.15,6010445.49,Elevated,70.1
1785838740000,NOISE-S,b543d03f-a7d0-4faa-8507-0b3e31081e0b,958885.54,6010297.7,Comfortable,68.7
1785838740000,NOISE-W,49a1ac8f-b89d-4356-8260-a3e73765a98a,958749.58,6010415.93,Comfortable,68
1785838740000,NOISE-NR1,5c7eb3a5-3ace-49d5-b023-33009a594311,959160.42,6010678.99,Comfortable,58.1
1785838740000,NOISE-NR2,a7b30385-932d-4325-b84b-ae6bdcc359e3,958613.61,6010191.3,Comfortable,55.5
1785838740000,NOISE-NR3,74469165-c65c-4435-a387-36920379578d,959234.31,6010383.42,Comfortable,59.9
1785838800000,NOISE-N,b291e7be-9f14-44ed-87c1-0f02b8ca35b3,958906.23,6010563.72,Comfortable,69.1
1785838800000,NOISE-E,7be9696e-9ace-4085-a81b-0b04c83955db,959045.15,6010445.49,Elevated,70.6
1785838800000,NOISE-S,b543d03f-a7d0-4faa-8507-0b3e31081e0b,958885.54,6010297.7,Comfortable,68.9
1785838800000,NOISE-W,49a1ac8f-b89d-4356-8260-a3e73765a98a,958749.58,6010415.93,Comfortable,68
1785838800000,NOISE-NR1,5c7eb3a5-3ace-49d5-b023-33009a594311,959160.42,6010678.99,Comfortable,57.5
1785838800000,NOISE-NR2,a7b30385-932d-4325-b84b-ae6bdcc359e3,958613.61,6010191.3,Comfortable,54.9
1785838800000,NOISE-NR3,74469165-c65c-4435-a387-36920379578d,959234.31,6010383.42,Comfortable,59.2
1785838860000,NOISE-N,b291e7be-9f14-44ed-87c1-0f02b8ca35b3,958906.23,6010563.72,Comfortable,69.1
1785838860000,NOISE-E,7be9696e-9ace-4085-a81b-0b04c83955db,959045.15,6010445.49,Elevated,71.3
1785838860000,NOISE-S,b543d03f-a7d0-4faa-8507-0b3e31081e0b,958885.54,6010297.7,Comfortable,67.9
1785838860000,NOISE-W,49a1ac8f-b89d-4356-8260-a3e73765a98a,958749.58,6010415.93,Comfortable,68.7
1785838860000,NOISE-NR1,5c7eb3a5-3ace-49d5-b023-33009a594311,959160.42,6010678.99,Comfortable,58.4
1785838860000,NOISE-NR2,a7b30385-932d-4325-b84b-ae6bdcc359e3,958613.61,6010191.3,Comfortable,54.6
1785838860000,NOISE-NR3,74469165-c65c-4435-a387-36920379578d,959234.31,6010383.42,Comfortable,59.5
1785838920000,NOISE-N,b291e7be-9f14-44ed-87c1-0f02b8ca35b3,958906.23,6010563.72,Comfortable,69.8
1785838920000,NOISE-E,7be9696e-9ace-4085-a81b-0b04c83955db,959045.15,6010445.49,Elevated,71.2
1785838920000,NOISE-S,b543d03f-a7d0-4faa-8507-0b3e31081e0b,958885.54,6010297.7,Comfortable,68.2
1785838920000,NOISE-W,49a1ac8f-b89d-4356-8260-a3e73765a98a,958749.58,6010415.93,Comfortable,69.3
1785838920000,NOISE-NR1,5c7eb3a5-3ace-49d5-b023-33009a594311,959160.42,6010678.99,Comfortable,58.8
1785838920000,NOISE-NR2,a7b30385-932d-4325-b84b-ae6bdcc359e3,958613.61,6010191.3,Comfortable,54.5
1785838920000,NOISE-NR3,74469165-c65c-4435-a387-36920379578d,959234.31,6010383.42,Comfortable,59.3
1785838980000,NOISE-N,b291e7be-9f14-44ed-87c1-0f02b8ca35b3,958906.23,6010563.72,Elevated,70.1
1785838980000,NOISE-E,7be9696e-9ace-4085-a81b-0b04c83955db,959045.15,6010445.49,Elevated,71.3
1785838980000,NOISE-S,b543d03f-a7d0-4faa-8507-0b3e31081e0b,958885.54,6010297.7,Comfortable,68.6
1785838980000,NOISE-W,49a1ac8f-b89d-4356-8260-a3e73765a98a,958749.58,6010415.93,Comfortable,69.6
1785838980000,NOISE-NR1,5c7eb3a5-3ace-49d5-b023-33009a594311,959160.42,6010678.99,Comfortable,59.2
1785838980000,NOISE-NR2,a7b30385-932d-4325-b84b-ae6bdcc359e3,958613.61,6010191.3,Comfortable,54.6
1785838980000,NOISE-NR3,74469165-c65c-4435-a387-36920379578d,959234.31,6010383.42,Comfortable,58.7
1785839040000,NOISE-N,b291e7be-9f14-44ed-87c1-0f02b8ca35b3,958906.23,6010563.72,Comfortable,69.2
1785839040000,NOISE-E,7be9696e-9ace-4085-a81b-0b04c83955db,959045.15,6010445.49,Elevated,71.3
1785839040000,NOISE-S,b543d03f-a7d0-4faa-8507-0b3e31081e0b,958885.54,6010297.7,Comfortable,68.9
1785839040000,NOISE-W,49a1ac8f-b89d-4356-8260-a3e73765a98a,958749.58,6010415.93,Comfortable,68.8
1785839040000,NOISE-NR1,5c7eb3a5-3ace-49d5-b023-33009a594311,959160.42,6010678.99,Comfortable,58.6
1785839040000,NOISE-NR2,a7b30385-932d-4325-b84b-ae6bdcc359e3,958613.61,6010191.3,Comfortable,54.5
1785839040000,NOISE-NR3,74469165-c65c-4435-a387-36920379578d,959234.31,6010383.42,Comfortable,59.1
1785839100000,NOISE-N,b291e7be-9f14-44ed-87c1-0f02b8ca35b3,958906.23,6010563.72,Comfortable,69.7
1785839100000,NOISE-E,7be9696e-9ace-4085-a81b-0b04c83955db,959045.15,6010445.49,Elevated,71.3
1785839100000,NOISE-S,b543d03f-a7d0-4faa-8507-0b3e31081e0b,958885.54,6010297.7,Comfortable,69.2
1785839100000,NOISE-W,49a1ac8f-b89d-4356-8260-a3e73765a98a,958749.58,6010415.93,Comfortable,68.1
1785839100000,NOISE-NR1,5c7eb3a5-3ace-49d5-b023-33009a594311,959160.42,6010678.99,Comfortable,58.5
1785839100000,NOISE-NR2,a7b30385-932d-4325-b84b-ae6bdcc359e3,958613.61,6010191.3,Comfortable,54.6
1785839100000,NOISE-NR3,74469165-c65c-4435-a387-36920379578d,959234.31,6010383.42,Comfortable,59.8
1785839160000,NOISE-N,b291e7be-9f14-44ed-87c1-0f02b8ca35b3,958906.23,6010563.72,Comfortable,69.5
1785839160000,NOISE-E,7be9696e-9ace-4085-a81b-0b04c83955db,959045.15,6010445.49,Elevated,71
1785839160000,NOISE-S,b543d03f-a7d0-4faa-8507-0b3e31081e0b,958885.54,6010297.7,Comfortable,68.3
1785839160000,NOISE-W,49a1ac8f-b89d-4356-8260-a3e73765a98a,958749.58,6010415.93,Comfortable,69
1785839160000,NOISE-NR1,5c7eb3a5-3ace-49d5-b023-33009a594311,959160.42,6010678.99,Comfortable,58.3
1785839160000,NOISE-NR2,a7b30385-932d-4325-b84b-ae6bdcc359e3,958613.61,6010191.3,Comfortable,54.5
1785839160000,NOISE-NR3,74469165-c65c-4435-a387-36920379578d,959234.31,6010383.42,Comfortable,60.4
1785839220000,NOISE-N,b291e7be-9f14-44ed-87c1-0f02b8ca35b3,958906.23,6010563.72,Comfortable,69.8
1785839220000,NOISE-E,7be9696e-9ace-4085-a81b-0b04c83955db,959045.15,6010445.49,Elevated,71.4
1785839220000,NOISE-S,b543d03f-a7d0-4faa-8507-0b3e31081e0b,958885.54,6010297.7,Comfortable,68.4
1785839220000,NOISE-W,49a1ac8f-b89d-4356-8260-a3e73765a98a,958749.58,6010415.93,Comfortable,68.7
1785839220000,NOISE-NR1,5c7eb3a5-3ace-49d5-b023-33009a594311,959160.42,6010678.99,Comfortable,58.3
1785839220000,NOISE-NR2,a7b30385-932d-4325-b84b-ae6bdcc359e3,958613.61,6010191.3,Comfortable,54.6
1785839220000,NOISE-NR3,74469165-c65c-4435-a387-36920379578d,959234.31,6010383.42,Comfortable,60.8
1785839280000,NOISE-N,b291e7be-9f14-44ed-87c1-0f02b8ca35b3,958906.23,6010563.72,Elevated,70.4
1785839280000,NOISE-E,7be9696e-9ace-4085-a81b-0b04c83955db,959045.15,6010445.49,Elevated,70.4
1785839280000,NOISE-S,b543d03f-a7d0-4faa-8507-0b3e31081e0b,958885.54,6010297.7,Comfortable,68.8
1785839280000,NOISE-W,49a1ac8f-b89d-4356-8260-a3e73765a98a,958749.58,6010415.93,Comfortable,68.7
1785839280000,NOISE-NR1,5c7eb3a5-3ace-49d5-b023-33009a594311,959160.42,6010678.99,Comfortable,58.6
1785839280000,NOISE-NR2,a7b30385-932d-4325-b84b-ae6bdcc359e3,958613.61,6010191.3,Comfortable,55.4
1785839280000,NOISE-NR3,74469165-c65c-4435-a387-36920379578d,959234.31,6010383.42,Comfortable,60.9
1785839340000,NOISE-N,b291e7be-9f14-44ed-87c1-0f02b8ca35b3,958906.23,6010563.72,Comfortable,69.6
1785839340000,NOISE-E,7be9696e-9ace-4085-a81b-0b04c83955db,959045.15,6010445.49,Elevated,70.3
1785839340000,NOISE-S,b543d03f-a7d0-4faa-8507-0b3e31081e0b,958885.54,6010297.7,Comfortable,68.9
1785839340000,NOISE-W,49a1ac8f-b89d-4356-8260-a3e73765a98a,958749.58,6010415.93,Comfortable,67.9
1785839340000,NOISE-NR1,5c7eb3a5-3ace-49d5-b023-33009a594311,959160.42,6010678.99,Comfortable,58
1785839340000,NOISE-NR2,a7b30385-932d-4325-b84b-ae6bdcc359e3,958613.61,6010191.3,Comfortable,55.4
1785839340000,NOISE-NR3,74469165-c65c-4435-a387-36920379578d,959234.31,6010383.42,Comfortable,60.2
1785839400000,NOISE-N,b291e7be-9f14-44ed-87c1-0f02b8ca35b3,958906.23,6010563.72,Elevated,70.3
1785839400000,NOISE-E,7be9696e-9ace-4085-a81b-0b04c83955db,959045.15,6010445.49,Elevated,70.1
1785839400000,NOISE-S,b543d03f-a7d0-4faa-8507-0b3e31081e0b,958885.54,6010297.7,Comfortable,69
1785839400000,NOISE-W,49a1ac8f-b89d-4356-8260-a3e73765a98a,958749.58,6010415.93,Comfortable,68.7
1785839400000,NOISE-NR1,5c7eb3a5-3ace-49d5-b023-33009a594311,959160.42,6010678.99,Comfortable,58.5
1785839400000,NOISE-NR2,a7b30385-932d-4325-b84b-ae6bdcc359e3,958613.61,6010191.3,Comfortable,55.5
1785839400000,NOISE-NR3,74469165-c65c-4435-a387-36920379578d,959234.31,6010383.42,Comfortable,59.1
1785839460000,NOISE-N,b291e7be-9f14-44ed-87c1-0f02b8ca35b3,958906.23,6010563.72,Comfortable,69.6
1785839460000,NOISE-E,7be9696e-9ace-4085-a81b-0b04c83955db,959045.15,6010445.49,Elevated,70.6
1785839460000,NOISE-S,b543d03f-a7d0-4faa-8507-0b3e31081e0b,958885.54,6010297.7,Comfortable,69
1785839460000,NOISE-W,49a1ac8f-b89d-4356-8260-a3e73765a98a,958749.58,6010415.93,Comfortable,69.1
1785839460000,NOISE-NR1,5c7eb3a5-3ace-49d5-b023-33009a594311,959160.42,6010678.99,Comfortable,58.1
1785839460000,NOISE-NR2,a7b30385-932d-4325-b84b-ae6bdcc359e3,958613.61,6010191.3,Comfortable,55.1
1785839460000,NOISE-NR3,74469165-c65c-4435-a387-36920379578d,959234.31,6010383.42,Comfortable,58.5
1785839520000,NOISE-N,b291e7be-9f14-44ed-87c1-0f02b8ca35b3,958906.23,6010563.72,Elevated,70.1
1785839520000,NOISE-E,7be9696e-9ace-4085-a81b-0b04c83955db,959045.15,6010445.49,Elevated,70.8
1785839520000,NOISE-S,b543d03f-a7d0-4faa-8507-0b3e31081e0b,958885.54,6010297.7,Comfortable,68.9
1785839520000,NOISE-W,49a1ac8f-b89d-4356-8260-a3e73765a98a,958749.58,6010415.93,Comfortable,68.2
1785839520000,NOISE-NR1,5c7eb3a5-3ace-49d5-b023-33009a594311,959160.42,6010678.99,Comfortable,58.7
1785839520000,NOISE-NR2,a7b30385-932d-4325-b84b-ae6bdcc359e3,958613.61,6010191.3,Comfortable,55.5
1785839520000,NOISE-NR3,74469165-c65c-4435-a387-36920379578d,959234.31,6010383.42,Comfortable,58
1785839580000,NOISE-N,b291e7be-9f14-44ed-87c1-0f02b8ca35b3,958906.23,6010563.72,Elevated,70.5
1785839580000,NOISE-E,7be9696e-9ace-4085-a81b-0b04c83955db,959045.15,6010445.49,Elevated,70.3
1785839580000,NOISE-S,b543d03f-a7d0-4faa-8507-0b3e31081e0b,958885.54,6010297.7,Comfortable,68.7
1785839580000,NOISE-W,49a1ac8f-b89d-4356-8260-a3e73765a98a,958749.58,6010415.93,Comfortable,68.2
1785839580000,NOISE-NR1,5c7eb3a5-3ace-49d5-b023-33009a594311,959160.42,6010678.99,Comfortable,58.9
1785839580000,NOISE-NR2,a7b30385-932d-4325-b84b-ae6bdcc359e3,958613.61,6010191.3,Comfortable,55.9
1785839580000,NOISE-NR3,74469165-c65c-4435-a387-36920379578d,959234.31,6010383.42,Comfortable,57.5
1785839640000,NOISE-N,b291e7be-9f14-44ed-87c1-0f02b8ca35b3,958906.23,6010563.72,Elevated,70.3
1785839640000,NOISE-E,7be9696e-9ace-4085-a81b-0b04c83955db,959045.15,6010445.49,Elevated,71
1785839640000,NOISE-S,b543d03f-a7d0-4faa-8507-0b3e31081e0b,958885.54,6010297.7,Comfortable,68.5
1785839640000,NOISE-W,49a1ac8f-b89d-4356-8260-a3e73765a98a,958749.58,6010415.93,Comfortable,68.9
1785839640000,NOISE-NR1,5c7eb3a5-3ace-49d5-b023-33009a594311,959160.42,6010678.99,Comfortable,58.9
1785839640000,NOISE-NR2,a7b30385-932d-4325-b84b-ae6bdcc359e3,958613.61,6010191.3,Comfortable,56.2
1785839640000,NOISE-NR3,74469165-c65c-4435-a387-36920379578d,959234.31,6010383.42,Comfortable,57.1
1785839700000,NOISE-N,b291e7be-9f14-44ed-87c1-0f02b8ca35b3,958906.23,6010563.72,Elevated,70.3
1785839700000,NOISE-E,7be9696e-9ace-4085-a81b-0b04c83955db,959045.15,6010445.49,Elevated,71.3
1785839700000,NOISE-S,b543d03f-a7d0-4faa-8507-0b3e31081e0b,958885.54,6010297.7,Comfortable,67.5
1785839700000,NOISE-W,49a1ac8f-b89d-4356-8260-a3e73765a98a,958749.58,6010415.93,Comfortable,69.1
1785839700000,NOISE-NR1,5c7eb3a5-3ace-49d5-b023-33009a594311,959160.42,6010678.99,Comfortable,58.1
1785839700000,NOISE-NR2,a7b30385-932d-4325-b84b-ae6bdcc359e3,958613.61,6010191.3,Comfortable,55.8
1785839700000,NOISE-NR3,74469165-c65c-4435-a387-36920379578d,959234.31,6010383.42,Comfortable,57.1
1785839760000,NOISE-N,b291e7be-9f14-44ed-87c1-0f02b8ca35b3,958906.23,6010563.72,Elevated,70.4
1785839760000,NOISE-E,7be9696e-9ace-4085-a81b-0b04c83955db,959045.15,6010445.49,Elevated,71.4
1785839760000,NOISE-S,b543d03f-a7d0-4faa-8507-0b3e31081e0b,958885.54,6010297.7,Comfortable,67.7
1785839760000,NOISE-W,49a1ac8f-b89d-4356-8260-a3e73765a98a,958749.58,6010415.93,Comfortable,68.6
1785839760000,NOISE-NR1,5c7eb3a5-3ace-49d5-b023-33009a594311,959160.42,6010678.99,Comfortable,58.3
1785839760000,NOISE-NR2,a7b30385-932d-4325-b84b-ae6bdcc359e3,958613.61,6010191.3,Comfortable,56
1785839760000,NOISE-NR3,74469165-c65c-4435-a387-36920379578d,959234.31,6010383.42,Comfortable,57.6
1785839820000,NOISE-N,b291e7be-9f14-44ed-87c1-0f02b8ca35b3,958906.23,6010563.72,Elevated,70.4
1785839820000,NOISE-E,7be9696e-9ace-4085-a81b-0b04c83955db,959045.15,6010445.49,Elevated,71.8
1785839820000,NOISE-S,b543d03f-a7d0-4faa-8507-0b3e31081e0b,958885.54,6010297.7,Comfortable,67.3
1785839820000,NOISE-W,49a1ac8f-b89d-4356-8260-a3e73765a98a,958749.58,6010415.93,Comfortable,68.6
1785839820000,NOISE-NR1,5c7eb3a5-3ace-49d5-b023-33009a594311,959160.42,6010678.99,Comfortable,57.7
1785839820000,NOISE-NR2,a7b30385-932d-4325-b84b-ae6bdcc359e3,958613.61,6010191.3,Comfortable,55.9
1785839820000,NOISE-NR3,74469165-c65c-4435-a387-36920379578d,959234.31,6010383.42,Comfortable,57.9
1785839880000,NOISE-N,b291e7be-9f14-44ed-87c1-0f02b8ca35b3,958906.23,6010563.72,Comfortable,69.9
1785839880000,NOISE-E,7be9696e-9ace-4085-a81b-0b04c83955db,959045.15,6010445.49,Elevated,71.8
1785839880000,NOISE-S,b543d03f-a7d0-4faa-8507-0b3e31081e0b,958885.54,6010297.7,Comfortable,68
1785839880000,NOISE-W,49a1ac8f-b89d-4356-8260-a3e73765a98a,958749.58,6010415.93,Comfortable,68.3
1785839880000,NOISE-NR1,5c7eb3a5-3ace-49d5-b023-33009a594311,959160.42,6010678.99,Comfortable,57.5
1785839880000,NOISE-NR2,a7b30385-932d-4325-b84b-ae6bdcc359e3,958613.61,6010191.3,Comfortable,55.7
1785839880000,NOISE-NR3,74469165-c65c-4435-a387-36920379578d,959234.31,6010383.42,Comfortable,58.7
1785839940000,NOISE-N,b291e7be-9f14-44ed-87c1-0f02b8ca35b3,958906.23,6010563.72,Elevated,70.3
1785839940000,NOISE-E,7be9696e-9ace-4085-a81b-0b04c83955db,959045.15,6010445.49,Elevated,71.1
1785839940000,NOISE-S,b543d03f-a7d0-4faa-8507-0b3e31081e0b,958885.54,6010297.7,Comfortable,68.4
1785839940000,NOISE-W,49a1ac8f-b89d-4356-8260-a3e73765a98a,958749.58,6010415.93,Comfortable,68.9
1785839940000,NOISE-NR1,5c7eb3a5-3ace-49d5-b023-33009a594311,959160.42,6010678.99,Comfortable,57.9
1785839940000,NOISE-NR2,a7b30385-932d-4325-b84b-ae6bdcc359e3,958613.61,6010191.3,Comfortable,55.5
1785839940000,NOISE-NR3,74469165-c65c-4435-a387-36920379578d,959234.31,6010383.42,Comfortable,59.1
1785840000000,NOISE-N,b291e7be-9f14-44ed-87c1-0f02b8ca35b3,958906.23,6010563.72,Comfortable,69.4
1785840000000,NOISE-E,7be9696e-9ace-4085-a81b-0b04c83955db,959045.15,6010445.49,Elevated,71.3
1785840000000,NOISE-S,b543d03f-a7d0-4faa-8507-0b3e31081e0b,958885.54,6010297.7,Comfortable,68.7
1785840000000,NOISE-W,49a1ac8f-b89d-4356-8260-a3e73765a98a,958749.58,6010415.93,Comfortable,68.2
1785840000000,NOISE-NR1,5c7eb3a5-3ace-49d5-b023-33009a594311,959160.42,6010678.99,Comfortable,57.3
1785840000000,NOISE-NR2,a7b30385-932d-4325-b84b-ae6bdcc359e3,958613.61,6010191.3,Comfortable,55.4
1785840000000,NOISE-NR3,74469165-c65c-4435-a387-36920379578d,959234.31,6010383.42,Comfortable,59.9
1785840060000,NOISE-N,b291e7be-9f14-44ed-87c1-0f02b8ca35b3,958906.23,6010563.72,Comfortable,69.6
1785840060000,NOISE-E,7be9696e-9ace-4085-a81b-0b04c83955db,959045.15,6010445.49,Elevated,71.7
1785840060000,NOISE-S,b543d03f-a7d0-4faa-8507-0b3e31081e0b,958885.54,6010297.7,Comfortable,68.5
1785840060000,NOISE-W,49a1ac8f-b89d-4356-8260-a3e73765a98a,958749.58,6010415.93,Comfortable,68.1
1785840060000,NOISE-NR1,5c7eb3a5-3ace-49d5-b023-33009a594311,959160.42,6010678.99,Comfortable,56.7
1785840060000,NOISE-NR2,a7b30385-932d-4325-b84b-ae6bdcc359e3,958613.61,6010191.3,Comfortable,54.9
1785840060000,NOISE-NR3,74469165-c65c-4435-a387-36920379578d,959234.31,6010383.42,Comfortable,59.2
1785840120000,NOISE-N,b291e7be-9f14-44ed-87c1-0f02b8ca35b3,958906.23,6010563.72,Elevated,70
1785840120000,NOISE-E,7be9696e-9ace-4085-a81b-0b04c83955db,959045.15,6010445.49,Elevated,72
1785840120000,NOISE-S,b543d03f-a7d0-4faa-8507-0b3e31081e0b,958885.54,6010297.7,Comfortable,68.9
1785840120000,NOISE-W,49a1ac8f-b89d-4356-8260-a3e73765a98a,958749.58,6010415.93,Comfortable,68.6
1785840120000,NOISE-NR1,5c7eb3a5-3ace-49d5-b023-33009a594311,959160.42,6010678.99,Comfortable,56.9
1785840120000,NOISE-NR2,a7b30385-932d-4325-b84b-ae6bdcc359e3,958613.61,6010191.3,Comfortable,55.5
1785840120000,NOISE-NR3,74469165-c65c-4435-a387-36920379578d,959234.31,6010383.42,Comfortable,60
1785840180000,NOISE-N,b291e7be-9f14-44ed-87c1-0f02b8ca35b3,958906.23,6010563.72,Elevated,70.4
1785840180000,NOISE-E,7be9696e-9ace-4085-a81b-0b04c83955db,959045.15,6010445.49,Elevated,72.1
1785840180000,NOISE-S,b543d03f-a7d0-4faa-8507-0b3e31081e0b,958885.54,6010297.7,Comfortable,68.6
1785840180000,NOISE-W,49a1ac8f-b89d-4356-8260-a3e73765a98a,958749.58,6010415.93,Comfortable,68.9
1785840180000,NOISE-NR1,5c7eb3a5-3ace-49d5-b023-33009a594311,959160.42,6010678.99,Comfortable,57.4
1785840180000,NOISE-NR2,a7b30385-932d-4325-b84b-ae6bdcc359e3,958613.61,6010191.3,Comfortable,56.3
1785840180000,NOISE-NR3,74469165-c65c-4435-a387-36920379578d,959234.31,6010383.42,Comfortable,60.2
1785840240000,NOISE-N,b291e7be-9f14-44ed-87c1-0f02b8ca35b3,958906.23,6010563.72,Elevated,70.2
1785840240000,NOISE-E,7be9696e-9ace-4085-a81b-0b04c83955db,959045.15,6010445.49,Elevated,72.5
1785840240000,NOISE-S,b543d03f-a7d0-4faa-8507-0b3e31081e0b,958885.54,6010297.7,Comfortable,68.1
1785840240000,NOISE-W,49a1ac8f-b89d-4356-8260-a3e73765a98a,958749.58,6010415.93,Comfortable,69.3
1785840240000,NOISE-NR1,5c7eb3a5-3ace-49d5-b023-33009a594311,959160.42,6010678.99,Comfortable,56.8
1785840240000,NOISE-NR2,a7b30385-932d-4325-b84b-ae6bdcc359e3,958613.61,6010191.3,Comfortable,56.2
1785840240000,NOISE-NR3,74469165-c65c-4435-a387-36920379578d,959234.31,6010383.42,Comfortable,60.7
1785840300000,NOISE-N,b291e7be-9f14-44ed-87c1-0f02b8ca35b3,958906.23,6010563.72,Elevated,70.5
1785840300000,NOISE-E,7be9696e-9ace-4085-a81b-0b04c83955db,959045.15,6010445.49,Elevated,72
1785840300000,NOISE-S,b543d03f-a7d0-4faa-8507-0b3e31081e0b,958885.54,6010297.7,Comfortable,68.1
1785840300000,NOISE-W,49a1ac8f-b89d-4356-8260-a3e73765a98a,958749.58,6010415.93,Comfortable,69.1
1785840300000,NOISE-NR1,5c7eb3a5-3ace-49d5-b023-33009a594311,959160.42,6010678.99,Comfortable,56.4
1785840300000,NOISE-NR2,a7b30385-932d-4325-b84b-ae6bdcc359e3,958613.61,6010191.3,Comfortable,56.4
1785840300000,NOISE-NR3,74469165-c65c-4435-a387-36920379578d,959234.31,6010383.42,Comfortable,60.6
1785840360000,NOISE-N,b291e7be-9f14-44ed-87c1-0f02b8ca35b3,958906.23,6010563.72,Elevated,70.1
1785840360000,NOISE-E,7be9696e-9ace-4085-a81b-0b04c83955db,959045.15,6010445.49,Elevated,71.6
1785840360000,NOISE-S,b543d03f-a7d0-4faa-8507-0b3e31081e0b,958885.54,6010297.7,Comfortable,67.6
1785840360000,NOISE-W,49a1ac8f-b89d-4356-8260-a3e73765a98a,958749.58,6010415.93,Comfortable,68.8
1785840360000,NOISE-NR1,5c7eb3a5-3ace-49d5-b023-33009a594311,959160.42,6010678.99,Comfortable,56.1
1785840360000,NOISE-NR2,a7b30385-932d-4325-b84b-ae6bdcc359e3,958613.61,6010191.3,Comfortable,55.7
1785840360000,NOISE-NR3,74469165-c65c-4435-a387-36920379578d,959234.31,6010383.42,Comfortable,59.6
1785840420000,NOISE-N,b291e7be-9f14-44ed-87c1-0f02b8ca35b3,958906.23,6010563.72,Elevated,70.3
1785840420000,NOISE-E,7be9696e-9ace-4085-a81b-0b04c83955db,959045.15,6010445.49,Elevated,71.2
1785840420000,NOISE-S,b543d03f-a7d0-4faa-8507-0b3e31081e0b,958885.54,6010297.7,Comfortable,67.9
1785840420000,NOISE-W,49a1ac8f-b89d-4356-8260-a3e73765a98a,958749.58,6010415.93,Comfortable,68.5
1785840420000,NOISE-NR1,5c7eb3a5-3ace-49d5-b023-33009a594311,959160.42,6010678.99,Comfortable,56.4
1785840420000,NOISE-NR2,a7b30385-932d-4325-b84b-ae6bdcc359e3,958613.61,6010191.3,Comfortable,56
1785840420000,NOISE-NR3,74469165-c65c-4435-a387-36920379578d,959234.31,6010383.42,Comfortable,58.9
1785840480000,NOISE-N,b291e7be-9f14-44ed-87c1-0f02b8ca35b3,958906.23,6010563.72,Comfortable,69.3
1785840480000,NOISE-E,7be9696e-9ace-4085-a81b-0b04c83955db,959045.15,6010445.49,Elevated,70.9
1785840480000,NOISE-S,b543d03f-a7d0-4faa-8507-0b3e31081e0b,958885.54,6010297.7,Comfortable,68.2
1785840480000,NOISE-W,49a1ac8f-b89d-4356-8260-a3e73765a98a,958749.58,6010415.93,Comfortable,68.9
1785840480000,NOISE-NR1,5c7eb3a5-3ace-49d5-b023-33009a594311,959160.42,6010678.99,Comfortable,57.3
1785840480000,NOISE-NR2,a7b30385-932d-4325-b84b-ae6bdcc359e3,958613.61,6010191.3,Comfortable,55.8
1785840480000,NOISE-NR3,74469165-c65c-4435-a387-36920379578d,959234.31,6010383.42,Comfortable,59.7
1785840540000,NOISE-N,b291e7be-9f14-44ed-87c1-0f02b8ca35b3,958906.23,6010563.72,Comfortable,68.6
1785840540000,NOISE-E,7be9696e-9ace-4085-a81b-0b04c83955db,959045.15,6010445.49,Elevated,71.2
1785840540000,NOISE-S,b543d03f-a7d0-4faa-8507-0b3e31081e0b,958885.54,6010297.7,Comfortable,68.2
1785840540000,NOISE-W,49a1ac8f-b89d-4356-8260-a3e73765a98a,958749.58,6010415.93,Comfortable,69.3
1785840540000,NOISE-NR1,5c7eb3a5-3ace-49d5-b023-33009a594311,959160.42,6010678.99,Comfortable,57.1
1785840540000,NOISE-NR2,a7b30385-932d-4325-b84b-ae6bdcc359e3,958613.61,6010191.3,Comfortable,56
1785840540000,NOISE-NR3,74469165-c65c-4435-a387-36920379578d,959234.31,6010383.42,Comfortable,60
1785840600000,NOISE-N,b291e7be-9f14-44ed-87c1-0f02b8ca35b3,958906.23,6010563.72,Comfortable,69.2
1785840600000,NOISE-E,7be9696e-9ace-4085-a81b-0b04c83955db,959045.15,6010445.49,Elevated,70.9
1785840600000,NOISE-S,b543d03f-a7d0-4faa-8507-0b3e31081e0b,958885.54,6010297.7,Comfortable,67.6
1785840600000,NOISE-W,49a1ac8f-b89d-4356-8260-a3e73765a98a,958749.58,6010415.93,Comfortable,69.5
1785840600000,NOISE-NR1,5c7eb3a5-3ace-49d5-b023-33009a594311,959160.42,6010678.99,Comfortable,58.1
1785840600000,NOISE-NR2,a7b30385-932d-4325-b84b-ae6bdcc359e3,958613.61,6010191.3,Comfortable,55.9
1785840600000,NOISE-NR3,74469165-c65c-4435-a387-36920379578d,959234.31,6010383.42,Comfortable,59.6
1785840660000,NOISE-N,b291e7be-9f14-44ed-87c1-0f02b8ca35b3,958906.23,6010563.72,Comfortable,69.3
1785840660000,NOISE-E,7be9696e-9ace-4085-a81b-0b04c83955db,959045.15,6010445.49,Elevated,71.4
1785840660000,NOISE-S,b543d03f-a7d0-4faa-8507-0b3e31081e0b,958885.54,6010297.7,Comfortable,67.9
1785840660000,NOISE-W,49a1ac8f-b89d-4356-8260-a3e73765a98a,958749.58,6010415.93,Comfortable,69.7
1785840660000,NOISE-NR1,5c7eb3a5-3ace-49d5-b023-33009a594311,959160.42,6010678.99,Comfortable,57.4
1785840660000,NOISE-NR2,a7b30385-932d-4325-b84b-ae6bdcc359e3,958613.61,6010191.3,Comfortable,55.2
1785840660000,NOISE-NR3,74469165-c65c-4435-a387-36920379578d,959234.31,6010383.42,Comfortable,60
1785840720000,NOISE-N,b291e7be-9f14-44ed-87c1-0f02b8ca35b3,958906.23,6010563.72,Comfortable,68.9
1785840720000,NOISE-E,7be9696e-9ace-4085-a81b-0b04c83955db,959045.15,6010445.49,Elevated,72
1785840720000,NOISE-S,b543d03f-a7d0-4faa-8507-0b3e31081e0b,958885.54,6010297.7,Comfortable,67.9
1785840720000,NOISE-W,49a1ac8f-b89d-4356-8260-a3e73765a98a,958749.58,6010415.93,Comfortable,69.6
1785840720000,NOISE-NR1,5c7eb3a5-3ace-49d5-b023-33009a594311,959160.42,6010678.99,Comfortable,57.9
1785840720000,NOISE-NR2,a7b30385-932d-4325-b84b-ae6bdcc359e3,958613.61,6010191.3,Comfortable,55.2
1785840720000,NOISE-NR3,74469165-c65c-4435-a387-36920379578d,959234.31,6010383.42,Comfortable,59.1
1785840780000,NOISE-N,b291e7be-9f14-44ed-87c1-0f02b8ca35b3,958906.23,6010563.72,Comfortable,69.2
1785840780000,NOISE-E,7be9696e-9ace-4085-a81b-0b04c83955db,959045.15,6010445.49,Elevated,71.8
1785840780000,NOISE-S,b543d03f-a7d0-4faa-8507-0b3e31081e0b,958885.54,6010297.7,Comfortable,67.1
1785840780000,NOISE-W,49a1ac8f-b89d-4356-8260-a3e73765a98a,958749.58,6010415.93,Comfortable,68.6
1785840780000,NOISE-NR1,5c7eb3a5-3ace-49d5-b023-33009a594311,959160.42,6010678.99,Comfortable,57.7
1785840780000,NOISE-NR2,a7b30385-932d-4325-b84b-ae6bdcc359e3,958613.61,6010191.3,Comfortable,55.7
1785840780000,NOISE-NR3,74469165-c65c-4435-a387-36920379578d,959234.31,6010383.42,Comfortable,59
1785840840000,NOISE-N,b291e7be-9f14-44ed-87c1-0f02b8ca35b3,958906.23,6010563.72,Comfortable,68.7
1785840840000,NOISE-E,7be9696e-9ace-4085-a81b-0b04c83955db,959045.15,6010445.49,Elevated,71.5
1785840840000,NOISE-S,b543d03f-a7d0-4faa-8507-0b3e31081e0b,958885.54,6010297.7,Comfortable,67.2
1785840840000,NOISE-W,49a1ac8f-b89d-4356-8260-a3e73765a98a,958749.58,6010415.93,Comfortable,68.3
1785840840000,NOISE-NR1,5c7eb3a5-3ace-49d5-b023-33009a594311,959160.42,6010678.99,Comfortable,58
1785840840000,NOISE-NR2,a7b30385-932d-4325-b84b-ae6bdcc359e3,958613.61,6010191.3,Comfortable,55.5
1785840840000,NOISE-NR3,74469165-c65c-4435-a387-36920379578d,959234.31,6010383.42,Comfortable,59.7
1785840900000,NOISE-N,b291e7be-9f14-44ed-87c1-0f02b8ca35b3,958906.23,6010563.72,Comfortable,68.5
1785840900000,NOISE-E,7be9696e-9ace-4085-a81b-0b04c83955db,959045.15,6010445.49,Elevated,71.4
1785840900000,NOISE-S,b543d03f-a7d0-4faa-8507-0b3e31081e0b,958885.54,6010297.7,Comfortable,67.5
1785840900000,NOISE-W,49a1ac8f-b89d-4356-8260-a3e73765a98a,958749.58,6010415.93,Comfortable,67.7
1785840900000,NOISE-NR1,5c7eb3a5-3ace-49d5-b023-33009a594311,959160.42,6010678.99,Comfortable,58.5
1785840900000,NOISE-NR2,a7b30385-932d-4325-b84b-ae6bdcc359e3,958613.61,6010191.3,Comfortable,55.6
1785840900000,NOISE-NR3,74469165-c65c-4435-a387-36920379578d,959234.31,6010383.42,Comfortable,59.4
1785840960000,NOISE-N,b291e7be-9f14-44ed-87c1-0f02b8ca35b3,958906.23,6010563.72,Comfortable,67.9
1785840960000,NOISE-E,7be9696e-9ace-4085-a81b-0b04c83955db,959045.15,6010445.49,Elevated,71.6
1785840960000,NOISE-S,b543d03f-a7d0-4faa-8507-0b3e31081e0b,958885.54,6010297.7,Comfortable,67.5
1785840960000,NOISE-W,49a1ac8f-b89d-4356-8260-a3e73765a98a,958749.58,6010415.93,Comfortable,68.6
1785840960000,NOISE-NR1,5c7eb3a5-3ace-49d5-b023-33009a594311,959160.42,6010678.99,Comfortable,59
1785840960000,NOISE-NR2,a7b30385-932d-4325-b84b-ae6bdcc359e3,958613.61,6010191.3,Comfortable,55.9
1785840960000,NOISE-NR3,74469165-c65c-4435-a387-36920379578d,959234.31,6010383.42,Comfortable,59.9
1785841020000,NOISE-N,b291e7be-9f14-44ed-87c1-0f02b8ca35b3,958906.23,6010563.72,Comfortable,67.4
1785841020000,NOISE-E,7be9696e-9ace-4085-a81b-0b04c83955db,959045.15,6010445.49,Elevated,71.3
1785841020000,NOISE-S,b543d03f-a7d0-4faa-8507-0b3e31081e0b,958885.54,6010297.7,Comfortable,68.2
1785841020000,NOISE-W,49a1ac8f-b89d-4356-8260-a3e73765a98a,958749.58,6010415.93,Comfortable,69
1785841020000,NOISE-NR1,5c7eb3a5-3ace-49d5-b023-33009a594311,959160.42,6010678.99,Comfortable,58.6
1785841020000,NOISE-NR2,a7b30385-932d-4325-b84b-ae6bdcc359e3,958613.61,6010191.3,Comfortable,56.2
1785841020000,NOISE-NR3,74469165-c65c-4435-a387-36920379578d,959234.31,6010383.42,Comfortable,60.3
1785841080000,NOISE-N,b291e7be-9f14-44ed-87c1-0f02b8ca35b3,958906.23,6010563.72,Comfortable,67.9
1785841080000,NOISE-E,7be9696e-9ace-4085-a81b-0b04c83955db,959045.15,6010445.49,Elevated,70.4
1785841080000,NOISE-S,b543d03f-a7d0-4faa-8507-0b3e31081e0b,958885.54,6010297.7,Comfortable,67.9
1785841080000,NOISE-W,49a1ac8f-b89d-4356-8260-a3e73765a98a,958749.58,6010415.93,Comfortable,68.1
1785841080000,NOISE-NR1,5c7eb3a5-3ace-49d5-b023-33009a594311,959160.42,6010678.99,Comfortable,58.2
1785841080000,NOISE-NR2,a7b30385-932d-4325-b84b-ae6bdcc359e3,958613.61,6010191.3,Comfortable,56.1
1785841080000,NOISE-NR3,74469165-c65c-4435-a387-36920379578d,959234.31,6010383.42,Comfortable,60.3
1785841140000,NOISE-N,b291e7be-9f14-44ed-87c1-0f02b8ca35b3,958906.23,6010563.72,Comfortable,68.3
1785841140000,NOISE-E,7be9696e-9ace-4085-a81b-0b04c83955db,959045.15,6010445.49,Elevated,70.2
1785841140000,NOISE-S,b543d03f-a7d0-4faa-8507-0b3e31081e0b,958885.54,6010297.7,Comfortable,67.6
1785841140000,NOISE-W,49a1ac8f-b89d-4356-8260-a3e73765a98a,958749.58,6010415.93,Comfortable,67.8
1785841140000,NOISE-NR1,5c7eb3a5-3ace-49d5-b023-33009a594311,959160.42,6010678.99,Comfortable,58.2
1785841140000,NOISE-NR2,a7b30385-932d-4325-b84b-ae6bdcc359e3,958613.61,6010191.3,Comfortable,56.1
1785841140000,NOISE-NR3,74469165-c65c-4435-a387-36920379578d,959234.31,6010383.42,Comfortable,60.5
1785841200000,NOISE-N,b291e7be-9f14-44ed-87c1-0f02b8ca35b3,958906.23,6010563.72,Elevated,71.3
1785841200000,NOISE-E,7be9696e-9ace-4085-a81b-0b04c83955db,959045.15,6010445.49,Elevated,73.4
1785841200000,NOISE-S,b543d03f-a7d0-4faa-8507-0b3e31081e0b,958885.54,6010297.7,Elevated,71.4
1785841200000,NOISE-W,49a1ac8f-b89d-4356-8260-a3e73765a98a,958749.58,6010415.93,Elevated,70.8
1785841200000,NOISE-NR1,5c7eb3a5-3ace-49d5-b023-33009a594311,959160.42,6010678.99,Comfortable,60.1
1785841200000,NOISE-NR2,a7b30385-932d-4325-b84b-ae6bdcc359e3,958613.61,6010191.3,Comfortable,57.4
1785841200000,NOISE-NR3,74469165-c65c-4435-a387-36920379578d,959234.31,6010383.42,Comfortable,62.7
1785841260000,NOISE-N,b291e7be-9f14-44ed-87c1-0f02b8ca35b3,958906.23,6010563.72,Elevated,73.2
1785841260000,NOISE-E,7be9696e-9ace-4085-a81b-0b04c83955db,959045.15,6010445.49,Elevated,76.6
1785841260000,NOISE-S,b543d03f-a7d0-4faa-8507-0b3e31081e0b,958885.54,6010297.7,Elevated,73
1785841260000,NOISE-W,49a1ac8f-b89d-4356-8260-a3e73765a98a,958749.58,6010415.93,Elevated,73.2
1785841260000,NOISE-NR1,5c7eb3a5-3ace-49d5-b023-33009a594311,959160.42,6010678.99,Comfortable,62
1785841260000,NOISE-NR2,a7b30385-932d-4325-b84b-ae6bdcc359e3,958613.61,6010191.3,Comfortable,58
1785841260000,NOISE-NR3,74469165-c65c-4435-a387-36920379578d,959234.31,6010383.42,Comfortable,64
1785841320000,NOISE-N,b291e7be-9f14-44ed-87c1-0f02b8ca35b3,958906.23,6010563.72,Elevated,75.8
1785841320000,NOISE-E,7be9696e-9ace-4085-a81b-0b04c83955db,959045.15,6010445.49,Elevated,79
1785841320000,NOISE-S,b543d03f-a7d0-4faa-8507-0b3e31081e0b,958885.54,6010297.7,Elevated,75.3
1785841320000,NOISE-W,49a1ac8f-b89d-4356-8260-a3e73765a98a,958749.58,6010415.93,Elevated,75
1785841320000,NOISE-NR1,5c7eb3a5-3ace-49d5-b023-33009a594311,959160.42,6010678.99,Comfortable,62.6
1785841320000,NOISE-NR2,a7b30385-932d-4325-b84b-ae6bdcc359e3,958613.61,6010191.3,Comfortable,58.9
1785841320000,NOISE-NR3,74469165-c65c-4435-a387-36920379578d,959234.31,6010383.42,Comfortable,64.4
1785841380000,NOISE-N,b291e7be-9f14-44ed-87c1-0f02b8ca35b3,958906.23,6010563.72,Elevated,76.5
1785841380000,NOISE-E,7be9696e-9ace-4085-a81b-0b04c83955db,959045.15,6010445.49,High,80.6
1785841380000,NOISE-S,b543d03f-a7d0-4faa-8507-0b3e31081e0b,958885.54,6010297.7,Elevated,77.3
1785841380000,NOISE-W,49a1ac8f-b89d-4356-8260-a3e73765a98a,958749.58,6010415.93,Elevated,76.5
1785841380000,NOISE-NR1,5c7eb3a5-3ace-49d5-b023-33009a594311,959160.42,6010678.99,Comfortable,64
1785841380000,NOISE-NR2,a7b30385-932d-4325-b84b-ae6bdcc359e3,958613.61,6010191.3,Comfortable,59.7
1785841380000,NOISE-NR3,74469165-c65c-4435-a387-36920379578d,959234.31,6010383.42,Comfortable,65.3
1785841440000,NOISE-N,b291e7be-9f14-44ed-87c1-0f02b8ca35b3,958906.23,6010563.72,Elevated,77.9
1785841440000,NOISE-E,7be9696e-9ace-4085-a81b-0b04c83955db,959045.15,6010445.49,High,81.7
1785841440000,NOISE-S,b543d03f-a7d0-4faa-8507-0b3e31081e0b,958885.54,6010297.7,Elevated,78.4
1785841440000,NOISE-W,49a1ac8f-b89d-4356-8260-a3e73765a98a,958749.58,6010415.93,Elevated,77.4
1785841440000,NOISE-NR1,5c7eb3a5-3ace-49d5-b023-33009a594311,959160.42,6010678.99,Comfortable,64.3
1785841440000,NOISE-NR2,a7b30385-932d-4325-b84b-ae6bdcc359e3,958613.61,6010191.3,Comfortable,60.5
1785841440000,NOISE-NR3,74469165-c65c-4435-a387-36920379578d,959234.31,6010383.42,Comfortable,66
1785841500000,NOISE-N,b291e7be-9f14-44ed-87c1-0f02b8ca35b3,958906.23,6010563.72,Elevated,78.8
1785841500000,NOISE-E,7be9696e-9ace-4085-a81b-0b04c83955db,959045.15,6010445.49,High,81.7
1785841500000,NOISE-S,b543d03f-a7d0-4faa-8507-0b3e31081e0b,958885.54,6010297.7,Elevated,78.3
1785841500000,NOISE-W,49a1ac8f-b89d-4356-8260-a3e73765a98a,958749.58,6010415.93,Elevated,79.1
1785841500000,NOISE-NR1,5c7eb3a5-3ace-49d5-b023-33009a594311,959160.42,6010678.99,Comfortable,64.4
1785841500000,NOISE-NR2,a7b30385-932d-4325-b84b-ae6bdcc359e3,958613.61,6010191.3,Comfortable,61
1785841500000,NOISE-NR3,74469165-c65c-4435-a387-36920379578d,959234.31,6010383.42,Comfortable,65.9
1785841560000,NOISE-N,b291e7be-9f14-44ed-87c1-0f02b8ca35b3,958906.23,6010563.72,Elevated,78.8
1785841560000,NOISE-E,7be9696e-9ace-4085-a81b-0b04c83955db,959045.15,6010445.49,High,81.8
1785841560000,NOISE-S,b543d03f-a7d0-4faa-8507-0b3e31081e0b,958885.54,6010297.7,Elevated,79.2
1785841560000,NOISE-W,49a1ac8f-b89d-4356-8260-a3e73765a98a,958749.58,6010415.93,High,80.3
1785841560000,NOISE-NR1,5c7eb3a5-3ace-49d5-b023-33009a594311,959160.42,6010678.99,Comfortable,65.4
1785841560000,NOISE-NR2,a7b30385-932d-4325-b84b-ae6bdcc359e3,958613.61,6010191.3,Comfortable,61.3
1785841560000,NOISE-NR3,74469165-c65c-4435-a387-36920379578d,959234.31,6010383.42,Comfortable,66.7
1785841620000,NOISE-N,b291e7be-9f14-44ed-87c1-0f02b8ca35b3,958906.23,6010563.72,Elevated,79.2
1785841620000,NOISE-E,7be9696e-9ace-4085-a81b-0b04c83955db,959045.15,6010445.49,High,81.9
1785841620000,NOISE-S,b543d03f-a7d0-4faa-8507-0b3e31081e0b,958885.54,6010297.7,Elevated,79.1
1785841620000,NOISE-W,49a1ac8f-b89d-4356-8260-a3e73765a98a,958749.58,6010415.93,High,80.7
1785841620000,NOISE-NR1,5c7eb3a5-3ace-49d5-b023-33009a594311,959160.42,6010678.99,Comfortable,65.6
1785841620000,NOISE-NR2,a7b30385-932d-4325-b84b-ae6bdcc359e3,958613.61,6010191.3,Comfortable,61.1
1785841620000,NOISE-NR3,74469165-c65c-4435-a387-36920379578d,959234.31,6010383.42,Comfortable,67.5
1785841680000,NOISE-N,b291e7be-9f14-44ed-87c1-0f02b8ca35b3,958906.23,6010563.72,Elevated,79.8
1785841680000,NOISE-E,7be9696e-9ace-4085-a81b-0b04c83955db,959045.15,6010445.49,High,81.6
1785841680000,NOISE-S,b543d03f-a7d0-4faa-8507-0b3e31081e0b,958885.54,6010297.7,Elevated,78.8
1785841680000,NOISE-W,49a1ac8f-b89d-4356-8260-a3e73765a98a,958749.58,6010415.93,High,80.8
1785841680000,NOISE-NR1,5c7eb3a5-3ace-49d5-b023-33009a594311,959160.42,6010678.99,Comfortable,66.1
1785841680000,NOISE-NR2,a7b30385-932d-4325-b84b-ae6bdcc359e3,958613.61,6010191.3,Comfortable,62
1785841680000,NOISE-NR3,74469165-c65c-4435-a387-36920379578d,959234.31,6010383.42,Comfortable,67.2
1785841740000,NOISE-N,b291e7be-9f14-44ed-87c1-0f02b8ca35b3,958906.23,6010563.72,High,80.7
1785841740000,NOISE-E,7be9696e-9ace-4085-a81b-0b04c83955db,959045.15,6010445.49,High,82.3
1785841740000,NOISE-S,b543d03f-a7d0-4faa-8507-0b3e31081e0b,958885.54,6010297.7,Elevated,78.7
1785841740000,NOISE-W,49a1ac8f-b89d-4356-8260-a3e73765a98a,958749.58,6010415.93,High,80.5
1785841740000,NOISE-NR1,5c7eb3a5-3ace-49d5-b023-33009a594311,959160.42,6010678.99,Comfortable,66.7
1785841740000,NOISE-NR2,a7b30385-932d-4325-b84b-ae6bdcc359e3,958613.61,6010191.3,Comfortable,62.5
1785841740000,NOISE-NR3,74469165-c65c-4435-a387-36920379578d,959234.31,6010383.42,Comfortable,66.5
1785841800000,NOISE-N,b291e7be-9f14-44ed-87c1-0f02b8ca35b3,958906.23,6010563.72,High,81.4
1785841800000,NOISE-E,7be9696e-9ace-4085-a81b-0b04c83955db,959045.15,6010445.49,High,82.2
1785841800000,NOISE-S,b543d03f-a7d0-4faa-8507-0b3e31081e0b,958885.54,6010297.7,Elevated,79.6
1785841800000,NOISE-W,49a1ac8f-b89d-4356-8260-a3e73765a98a,958749.58,6010415.93,High,81.1
1785841800000,NOISE-NR1,5c7eb3a5-3ace-49d5-b023-33009a594311,959160.42,6010678.99,Comfortable,66.2
1785841800000,NOISE-NR2,a7b30385-932d-4325-b84b-ae6bdcc359e3,958613.61,6010191.3,Comfortable,63.2
1785841800000,NOISE-NR3,74469165-c65c-4435-a387-36920379578d,959234.31,6010383.42,Comfortable,67.2
1785841860000,NOISE-N,b291e7be-9f14-44ed-87c1-0f02b8ca35b3,958906.23,6010563.72,High,81.1
1785841860000,NOISE-E,7be9696e-9ace-4085-a81b-0b04c83955db,959045.15,6010445.49,High,82.7
1785841860000,NOISE-S,b543d03f-a7d0-4faa-8507-0b3e31081e0b,958885.54,6010297.7,Elevated,79.7
1785841860000,NOISE-W,49a1ac8f-b89d-4356-8260-a3e73765a98a,958749.58,6010415.93,High,81
1785841860000,NOISE-NR1,5c7eb3a5-3ace-49d5-b023-33009a594311,959160.42,6010678.99,Comfortable,66.7
1785841860000,NOISE-NR2,a7b30385-932d-4325-b84b-ae6bdcc359e3,958613.61,6010191.3,Comfortable,63.9
1785841860000,NOISE-NR3,74469165-c65c-4435-a387-36920379578d,959234.31,6010383.42,Comfortable,67.3
1785841920000,NOISE-N,b291e7be-9f14-44ed-87c1-0f02b8ca35b3,958906.23,6010563.72,High,82
1785841920000,NOISE-E,7be9696e-9ace-4085-a81b-0b04c83955db,959045.15,6010445.49,High,82.3
1785841920000,NOISE-S,b543d03f-a7d0-4faa-8507-0b3e31081e0b,958885.54,6010297.7,Elevated,79.4
1785841920000,NOISE-W,49a1ac8f-b89d-4356-8260-a3e73765a98a,958749.58,6010415.93,High,81
1785841920000,NOISE-NR1,5c7eb3a5-3ace-49d5-b023-33009a594311,959160.42,6010678.99,Comfortable,67.1
1785841920000,NOISE-NR2,a7b30385-932d-4325-b84b-ae6bdcc359e3,958613.61,6010191.3,Comfortable,63.9
1785841920000,NOISE-NR3,74469165-c65c-4435-a387-36920379578d,959234.31,6010383.42,Comfortable,67
1785841980000,NOISE-N,b291e7be-9f14-44ed-87c1-0f02b8ca35b3,958906.23,6010563.72,High,82.1
1785841980000,NOISE-E,7be9696e-9ace-4085-a81b-0b04c83955db,959045.15,6010445.49,High,83.2
1785841980000,NOISE-S,b543d03f-a7d0-4faa-8507-0b3e31081e0b,958885.54,6010297.7,Elevated,79.9
1785841980000,NOISE-W,49a1ac8f-b89d-4356-8260-a3e73765a98a,958749.58,6010415.93,High,81
1785841980000,NOISE-NR1,5c7eb3a5-3ace-49d5-b023-33009a594311,959160.42,6010678.99,Comfortable,66.7
1785841980000,NOISE-NR2,a7b30385-932d-4325-b84b-ae6bdcc359e3,958613.61,6010191.3,Comfortable,62.9
1785841980000,NOISE-NR3,74469165-c65c-4435-a387-36920379578d,959234.31,6010383.42,Comfortable,66.6
1785842040000,NOISE-N,b291e7be-9f14-44ed-87c1-0f02b8ca35b3,958906.23,6010563.72,High,82.3
1785842040000,NOISE-E,7be9696e-9ace-4085-a81b-0b04c83955db,959045.15,6010445.49,High,83.6
1785842040000,NOISE-S,b543d03f-a7d0-4faa-8507-0b3e31081e0b,958885.54,6010297.7,Elevated,79.4
1785842040000,NOISE-W,49a1ac8f-b89d-4356-8260-a3e73765a98a,958749.58,6010415.93,High,80.6
1785842040000,NOISE-NR1,5c7eb3a5-3ace-49d5-b023-33009a594311,959160.42,6010678.99,Comfortable,66.1
1785842040000,NOISE-NR2,a7b30385-932d-4325-b84b-ae6bdcc359e3,958613.61,6010191.3,Comfortable,62.7
1785842040000,NOISE-NR3,74469165-c65c-4435-a387-36920379578d,959234.31,6010383.42,Comfortable,67.4
1785842100000,NOISE-N,b291e7be-9f14-44ed-87c1-0f02b8ca35b3,958906.23,6010563.72,High,81.9
1785842100000,NOISE-E,7be9696e-9ace-4085-a81b-0b04c83955db,959045.15,6010445.49,High,83.2
1785842100000,NOISE-S,b543d03f-a7d0-4faa-8507-0b3e31081e0b,958885.54,6010297.7,Elevated,79.1
1785842100000,NOISE-W,49a1ac8f-b89d-4356-8260-a3e73765a98a,958749.58,6010415.93,High,80.6
1785842100000,NOISE-NR1,5c7eb3a5-3ace-49d5-b023-33009a594311,959160.42,6010678.99,Comfortable,66.6
1785842100000,NOISE-NR2,a7b30385-932d-4325-b84b-ae6bdcc359e3,958613.61,6010191.3,Comfortable,62.4
1785842100000,NOISE-NR3,74469165-c65c-4435-a387-36920379578d,959234.31,6010383.42,Comfortable,66.7
1785842160000,NOISE-N,b291e7be-9f14-44ed-87c1-0f02b8ca35b3,958906.23,6010563.72,High,82.2
1785842160000,NOISE-E,7be9696e-9ace-4085-a81b-0b04c83955db,959045.15,6010445.49,High,83.6
1785842160000,NOISE-S,b543d03f-a7d0-4faa-8507-0b3e31081e0b,958885.54,6010297.7,Elevated,78.5
1785842160000,NOISE-W,49a1ac8f-b89d-4356-8260-a3e73765a98a,958749.58,6010415.93,High,81.2
1785842160000,NOISE-NR1,5c7eb3a5-3ace-49d5-b023-33009a594311,959160.42,6010678.99,Comfortable,66.1
1785842160000,NOISE-NR2,a7b30385-932d-4325-b84b-ae6bdcc359e3,958613.61,6010191.3,Comfortable,61.9
1785842160000,NOISE-NR3,74469165-c65c-4435-a387-36920379578d,959234.31,6010383.42,Comfortable,67.2
1785842220000,NOISE-N,b291e7be-9f14-44ed-87c1-0f02b8ca35b3,958906.23,6010563.72,High,82
1785842220000,NOISE-E,7be9696e-9ace-4085-a81b-0b04c83955db,959045.15,6010445.49,High,84
1785842220000,NOISE-S,b543d03f-a7d0-4faa-8507-0b3e31081e0b,958885.54,6010297.7,Elevated,78.7
1785842220000,NOISE-W,49a1ac8f-b89d-4356-8260-a3e73765a98a,958749.58,6010415.93,High,80.6
1785842220000,NOISE-NR1,5c7eb3a5-3ace-49d5-b023-33009a594311,959160.42,6010678.99,Comfortable,65.5
1785842220000,NOISE-NR2,a7b30385-932d-4325-b84b-ae6bdcc359e3,958613.61,6010191.3,Comfortable,61.8
1785842220000,NOISE-NR3,74469165-c65c-4435-a387-36920379578d,959234.31,6010383.42,Comfortable,67
1785842280000,NOISE-N,b291e7be-9f14-44ed-87c1-0f02b8ca35b3,958906.23,6010563.72,High,82.5
1785842280000,NOISE-E,7be9696e-9ace-4085-a81b-0b04c83955db,959045.15,6010445.49,High,84.3
1785842280000,NOISE-S,b543d03f-a7d0-4faa-8507-0b3e31081e0b,958885.54,6010297.7,Elevated,78.7
1785842280000,NOISE-W,49a1ac8f-b89d-4356-8260-a3e73765a98a,958749.58,6010415.93,High,80.2
1785842280000,NOISE-NR1,5c7eb3a5-3ace-49d5-b023-33009a594311,959160.42,6010678.99,Comfortable,65.8
1785842280000,NOISE-NR2,a7b30385-932d-4325-b84b-ae6bdcc359e3,958613.61,6010191.3,Comfortable,61.9
1785842280000,NOISE-NR3,74469165-c65c-4435-a387-36920379578d,959234.31,6010383.42,Comfortable,66.9
1785842340000,NOISE-N,b291e7be-9f14-44ed-87c1-0f02b8ca35b3,958906.23,6010563.72,High,81.7
1785842340000,NOISE-E,7be9696e-9ace-4085-a81b-0b04c83955db,959045.15,6010445.49,High,83.7
1785842340000,NOISE-S,b543d03f-a7d0-4faa-8507-0b3e31081e0b,958885.54,6010297.7,Elevated,79.1
1785842340000,NOISE-W,49a1ac8f-b89d-4356-8260-a3e73765a98a,958749.58,6010415.93,High,80.3
1785842340000,NOISE-NR1,5c7eb3a5-3ace-49d5-b023-33009a594311,959160.42,6010678.99,Comfortable,65.6
1785842340000,NOISE-NR2,a7b30385-932d-4325-b84b-ae6bdcc359e3,958613.61,6010191.3,Comfortable,62.2
1785842340000,NOISE-NR3,74469165-c65c-4435-a387-36920379578d,959234.31,6010383.42,Comfortable,66.2
1785842400000,NOISE-N,b291e7be-9f14-44ed-87c1-0f02b8ca35b3,958906.23,6010563.72,High,81.5
1785842400000,NOISE-E,7be9696e-9ace-4085-a81b-0b04c83955db,959045.15,6010445.49,High,83.5
1785842400000,NOISE-S,b543d03f-a7d0-4faa-8507-0b3e31081e0b,958885.54,6010297.7,Elevated,79.5
1785842400000,NOISE-W,49a1ac8f-b89d-4356-8260-a3e73765a98a,958749.58,6010415.93,High,80.6
1785842400000,NOISE-NR1,5c7eb3a5-3ace-49d5-b023-33009a594311,959160.42,6010678.99,Comfortable,66.2
1785842400000,NOISE-NR2,a7b30385-932d-4325-b84b-ae6bdcc359e3,958613.61,6010191.3,Comfortable,62.4
1785842400000,NOISE-NR3,74469165-c65c-4435-a387-36920379578d,959234.31,6010383.42,Comfortable,66.9
1785842460000,NOISE-N,b291e7be-9f14-44ed-87c1-0f02b8ca35b3,958906.23,6010563.72,High,81.8
1785842460000,NOISE-E,7be9696e-9ace-4085-a81b-0b04c83955db,959045.15,6010445.49,High,84.3
1785842460000,NOISE-S,b543d03f-a7d0-4faa-8507-0b3e31081e0b,958885.54,6010297.7,High,80.2
1785842460000,NOISE-W,49a1ac8f-b89d-4356-8260-a3e73765a98a,958749.58,6010415.93,High,80
1785842460000,NOISE-NR1,5c7eb3a5-3ace-49d5-b023-33009a594311,959160.42,6010678.99,Comfortable,66.7
1785842460000,NOISE-NR2,a7b30385-932d-4325-b84b-ae6bdcc359e3,958613.61,6010191.3,Comfortable,62.7
1785842460000,NOISE-NR3,74469165-c65c-4435-a387-36920379578d,959234.31,6010383.42,Comfortable,67.7
1785842520000,NOISE-N,b291e7be-9f14-44ed-87c1-0f02b8ca35b3,958906.23,6010563.72,High,82.6
1785842520000,NOISE-E,7be9696e-9ace-4085-a81b-0b04c83955db,959045.15,6010445.49,High,83.7
1785842520000,NOISE-S,b543d03f-a7d0-4faa-8507-0b3e31081e0b,958885.54,6010297.7,High,80.7
1785842520000,NOISE-W,49a1ac8f-b89d-4356-8260-a3e73765a98a,958749.58,6010415.93,High,81
1785842520000,NOISE-NR1,5c7eb3a5-3ace-49d5-b023-33009a594311,959160.42,6010678.99,Comfortable,66.9
1785842520000,NOISE-NR2,a7b30385-932d-4325-b84b-ae6bdcc359e3,958613.61,6010191.3,Comfortable,63.4
1785842520000,NOISE-NR3,74469165-c65c-4435-a387-36920379578d,959234.31,6010383.42,Comfortable,67.6
1785842580000,NOISE-N,b291e7be-9f14-44ed-87c1-0f02b8ca35b3,958906.23,6010563.72,High,82.5
1785842580000,NOISE-E,7be9696e-9ace-4085-a81b-0b04c83955db,959045.15,6010445.49,High,84.3
1785842580000,NOISE-S,b543d03f-a7d0-4faa-8507-0b3e31081e0b,958885.54,6010297.7,High,80.4
1785842580000,NOISE-W,49a1ac8f-b89d-4356-8260-a3e73765a98a,958749.58,6010415.93,High,81.1
1785842580000,NOISE-NR1,5c7eb3a5-3ace-49d5-b023-33009a594311,959160.42,6010678.99,Comfortable,66.8
1785842580000,NOISE-NR2,a7b30385-932d-4325-b84b-ae6bdcc359e3,958613.61,6010191.3,Comfortable,64.1
1785842580000,NOISE-NR3,74469165-c65c-4435-a387-36920379578d,959234.31,6010383.42,Comfortable,66.6
1785842640000,NOISE-N,b291e7be-9f14-44ed-87c1-0f02b8ca35b3,958906.23,6010563.72,High,83.1
1785842640000,NOISE-E,7be9696e-9ace-4085-a81b-0b04c83955db,959045.15,6010445.49,High,84.8
1785842640000,NOISE-S,b543d03f-a7d0-4faa-8507-0b3e31081e0b,958885.54,6010297.7,High,80.3
1785842640000,NOISE-W,49a1ac8f-b89d-4356-8260-a3e73765a98a,958749.58,6010415.93,High,80.8
1785842640000,NOISE-NR1,5c7eb3a5-3ace-49d5-b023-33009a594311,959160.42,6010678.99,Comfortable,66.6
1785842640000,NOISE-NR2,a7b30385-932d-4325-b84b-ae6bdcc359e3,958613.61,6010191.3,Comfortable,63.1
1785842640000,NOISE-NR3,74469165-c65c-4435-a387-36920379578d,959234.31,6010383.42,Comfortable,67.1
1785842700000,NOISE-N,b291e7be-9f14-44ed-87c1-0f02b8ca35b3,958906.23,6010563.72,High,83.5
1785842700000,NOISE-E,7be9696e-9ace-4085-a81b-0b04c83955db,959045.15,6010445.49,High,83.9
1785842700000,NOISE-S,b543d03f-a7d0-4faa-8507-0b3e31081e0b,958885.54,6010297.7,High,80.5
1785842700000,NOISE-W,49a1ac8f-b89d-4356-8260-a3e73765a98a,958749.58,6010415.93,High,80.2
1785842700000,NOISE-NR1,5c7eb3a5-3ace-49d5-b023-33009a594311,959160.42,6010678.99,Comfortable,66.3
1785842700000,NOISE-NR2,a7b30385-932d-4325-b84b-ae6bdcc359e3,958613.61,6010191.3,Comfortable,63.8
1785842700000,NOISE-NR3,74469165-c65c-4435-a387-36920379578d,959234.31,6010383.42,Comfortable,66.5
1785842760000,NOISE-N,b291e7be-9f14-44ed-87c1-0f02b8ca35b3,958906.23,6010563.72,High,82.6
1785842760000,NOISE-E,7be9696e-9ace-4085-a81b-0b04c83955db,959045.15,6010445.49,High,84.3
1785842760000,NOISE-S,b543d03f-a7d0-4faa-8507-0b3e31081e0b,958885.54,6010297.7,High,80.4
1785842760000,NOISE-W,49a1ac8f-b89d-4356-8260-a3e73765a98a,958749.58,6010415.93,Elevated,79.8
1785842760000,NOISE-NR1,5c7eb3a5-3ace-49d5-b023-33009a594311,959160.42,6010678.99,Comfortable,66.3
1785842760000,NOISE-NR2,a7b30385-932d-4325-b84b-ae6bdcc359e3,958613.61,6010191.3,Comfortable,63
1785842760000,NOISE-NR3,74469165-c65c-4435-a387-36920379578d,959234.31,6010383.42,Comfortable,67
1785842820000,NOISE-N,b291e7be-9f14-44ed-87c1-0f02b8ca35b3,958906.23,6010563.72,High,81.9
1785842820000,NOISE-E,7be9696e-9ace-4085-a81b-0b04c83955db,959045.15,6010445.49,High,84.2
1785842820000,NOISE-S,b543d03f-a7d0-4faa-8507-0b3e31081e0b,958885.54,6010297.7,High,80.1
1785842820000,NOISE-W,49a1ac8f-b89d-4356-8260-a3e73765a98a,958749.58,6010415.93,High,80.7
1785842820000,NOISE-NR1,5c7eb3a5-3ace-49d5-b023-33009a594311,959160.42,6010678.99,Comfortable,65.5
1785842820000,NOISE-NR2,a7b30385-932d-4325-b84b-ae6bdcc359e3,958613.61,6010191.3,Comfortable,62.8
1785842820000,NOISE-NR3,74469165-c65c-4435-a387-36920379578d,959234.31,6010383.42,Comfortable,67.8
1785842880000,NOISE-N,b291e7be-9f14-44ed-87c1-0f02b8ca35b3,958906.23,6010563.72,High,82.3
1785842880000,NOISE-E,7be9696e-9ace-4085-a81b-0b04c83955db,959045.15,6010445.49,High,84.8
1785842880000,NOISE-S,b543d03f-a7d0-4faa-8507-0b3e31081e0b,958885.54,6010297.7,Elevated,79.9
1785842880000,NOISE-W,49a1ac8f-b89d-4356-8260-a3e73765a98a,958749.58,6010415.93,High,80.6
1785842880000,NOISE-NR1,5c7eb3a5-3ace-49d5-b023-33009a594311,959160.42,6010678.99,Comfortable,65.9
1785842880000,NOISE-NR2,a7b30385-932d-4325-b84b-ae6bdcc359e3,958613.61,6010191.3,Comfortable,62.7
1785842880000,NOISE-NR3,74469165-c65c-4435-a387-36920379578d,959234.31,6010383.42,Comfortable,68
1785842940000,NOISE-N,b291e7be-9f14-44ed-87c1-0f02b8ca35b3,958906.23,6010563.72,High,82.3
1785842940000,NOISE-E,7be9696e-9ace-4085-a81b-0b04c83955db,959045.15,6010445.49,High,84.4
1785842940000,NOISE-S,b543d03f-a7d0-4faa-8507-0b3e31081e0b,958885.54,6010297.7,High,80.7
1785842940000,NOISE-W,49a1ac8f-b89d-4356-8260-a3e73765a98a,958749.58,6010415.93,High,80.7
1785842940000,NOISE-NR1,5c7eb3a5-3ace-49d5-b023-33009a594311,959160.42,6010678.99,Comfortable,66.4
1785842940000,NOISE-NR2,a7b30385-932d-4325-b84b-ae6bdcc359e3,958613.61,6010191.3,Comfortable,62.7
1785842940000,NOISE-NR3,74469165-c65c-4435-a387-36920379578d,959234.31,6010383.42,Comfortable,67.7
1785843000000,NOISE-N,b291e7be-9f14-44ed-87c1-0f02b8ca35b3,958906.23,6010563.72,High,81.7
1785843000000,NOISE-E,7be9696e-9ace-4085-a81b-0b04c83955db,959045.15,6010445.49,High,85
1785843000000,NOISE-S,b543d03f-a7d0-4faa-8507-0b3e31081e0b,958885.54,6010297.7,High,80.3
1785843000000,NOISE-W,49a1ac8f-b89d-4356-8260-a3e73765a98a,958749.58,6010415.93,High,80.3
1785843000000,NOISE-NR1,5c7eb3a5-3ace-49d5-b023-33009a594311,959160.42,6010678.99,Comfortable,66.3
1785843000000,NOISE-NR2,a7b30385-932d-4325-b84b-ae6bdcc359e3,958613.61,6010191.3,Comfortable,63.1
1785843000000,NOISE-NR3,74469165-c65c-4435-a387-36920379578d,959234.31,6010383.42,Comfortable,67.2
1785843060000,NOISE-N,b291e7be-9f14-44ed-87c1-0f02b8ca35b3,958906.23,6010563.72,High,81.3
1785843060000,NOISE-E,7be9696e-9ace-4085-a81b-0b04c83955db,959045.15,6010445.49,Excessive,85.5
1785843060000,NOISE-S,b543d03f-a7d0-4faa-8507-0b3e31081e0b,958885.54,6010297.7,Elevated,80
1785843060000,NOISE-W,49a1ac8f-b89d-4356-8260-a3e73765a98a,958749.58,6010415.93,High,81.2
1785843060000,NOISE-NR1,5c7eb3a5-3ace-49d5-b023-33009a594311,959160.42,6010678.99,Comfortable,66.5
1785843060000,NOISE-NR2,a7b30385-932d-4325-b84b-ae6bdcc359e3,958613.61,6010191.3,Comfortable,62.6
1785843060000,NOISE-NR3,74469165-c65c-4435-a387-36920379578d,959234.31,6010383.42,Comfortable,67.2
1785843120000,NOISE-N,b291e7be-9f14-44ed-87c1-0f02b8ca35b3,958906.23,6010563.72,High,82
1785843120000,NOISE-E,7be9696e-9ace-4085-a81b-0b04c83955db,959045.15,6010445.49,Excessive,85.3
1785843120000,NOISE-S,b543d03f-a7d0-4faa-8507-0b3e31081e0b,958885.54,6010297.7,Elevated,79.8
1785843120000,NOISE-W,49a1ac8f-b89d-4356-8260-a3e73765a98a,958749.58,6010415.93,High,81.5
1785843120000,NOISE-NR1,5c7eb3a5-3ace-49d5-b023-33009a594311,959160.42,6010678.99,Comfortable,67
1785843120000,NOISE-NR2,a7b30385-932d-4325-b84b-ae6bdcc359e3,958613.61,6010191.3,Comfortable,63.4
1785843120000,NOISE-NR3,74469165-c65c-4435-a387-36920379578d,959234.31,6010383.42,Comfortable,67.5
1785843180000,NOISE-N,b291e7be-9f14-44ed-87c1-0f02b8ca35b3,958906.23,6010563.72,High,82.8
1785843180000,NOISE-E,7be9696e-9ace-4085-a81b-0b04c83955db,959045.15,6010445.49,High,84.5
1785843180000,NOISE-S,b543d03f-a7d0-4faa-8507-0b3e31081e0b,958885.54,6010297.7,High,80.2
1785843180000,NOISE-W,49a1ac8f-b89d-4356-8260-a3e73765a98a,958749.58,6010415.93,High,81.5
1785843180000,NOISE-NR1,5c7eb3a5-3ace-49d5-b023-33009a594311,959160.42,6010678.99,Comfortable,66.9
1785843180000,NOISE-NR2,a7b30385-932d-4325-b84b-ae6bdcc359e3,958613.61,6010191.3,Comfortable,62.9
1785843180000,NOISE-NR3,74469165-c65c-4435-a387-36920379578d,959234.31,6010383.42,Comfortable,66.8
1785843240000,NOISE-N,b291e7be-9f14-44ed-87c1-0f02b8ca35b3,958906.23,6010563.72,High,83.2
1785843240000,NOISE-E,7be9696e-9ace-4085-a81b-0b04c83955db,959045.15,6010445.49,High,84.6
1785843240000,NOISE-S,b543d03f-a7d0-4faa-8507-0b3e31081e0b,958885.54,6010297.7,High,80.6
1785843240000,NOISE-W,49a1ac8f-b89d-4356-8260-a3e73765a98a,958749.58,6010415.93,High,81.3
1785843240000,NOISE-NR1,5c7eb3a5-3ace-49d5-b023-33009a594311,959160.42,6010678.99,Comfortable,66
1785843240000,NOISE-NR2,a7b30385-932d-4325-b84b-ae6bdcc359e3,958613.61,6010191.3,Comfortable,63.3
1785843240000,NOISE-NR3,74469165-c65c-4435-a387-36920379578d,959234.31,6010383.42,Comfortable,66.6
1785843300000,NOISE-N,b291e7be-9f14-44ed-87c1-0f02b8ca35b3,958906.23,6010563.72,High,83.6
1785843300000,NOISE-E,7be9696e-9ace-4085-a81b-0b04c83955db,959045.15,6010445.49,Excessive,85.2
1785843300000,NOISE-S,b543d03f-a7d0-4faa-8507-0b3e31081e0b,958885.54,6010297.7,High,80.2
1785843300000,NOISE-W,49a1ac8f-b89d-4356-8260-a3e73765a98a,958749.58,6010415.93,High,81.8
1785843300000,NOISE-NR1,5c7eb3a5-3ace-49d5-b023-33009a594311,959160.42,6010678.99,Comfortable,66
1785843300000,NOISE-NR2,a7b30385-932d-4325-b84b-ae6bdcc359e3,958613.61,6010191.3,Comfortable,63.7
1785843300000,NOISE-NR3,74469165-c65c-4435-a387-36920379578d,959234.31,6010383.42,Comfortable,66.3
1785843360000,NOISE-N,b291e7be-9f14-44ed-87c1-0f02b8ca35b3,958906.23,6010563.72,High,82.7
1785843360000,NOISE-E,7be9696e-9ace-4085-a81b-0b04c83955db,959045.15,6010445.49,Excessive,85.1
1785843360000,NOISE-S,b543d03f-a7d0-4faa-8507-0b3e31081e0b,958885.54,6010297.7,High,80.7
1785843360000,NOISE-W,49a1ac8f-b89d-4356-8260-a3e73765a98a,958749.58,6010415.93,High,81.8
1785843360000,NOISE-NR1,5c7eb3a5-3ace-49d5-b023-33009a594311,959160.42,6010678.99,Comfortable,65.9
1785843360000,NOISE-NR2,a7b30385-932d-4325-b84b-ae6bdcc359e3,958613.61,6010191.3,Comfortable,63.3
1785843360000,NOISE-NR3,74469165-c65c-4435-a387-36920379578d,959234.31,6010383.42,Comfortable,66.6
1785843420000,NOISE-N,b291e7be-9f14-44ed-87c1-0f02b8ca35b3,958906.23,6010563.72,High,81.9
1785843420000,NOISE-E,7be9696e-9ace-4085-a81b-0b04c83955db,959045.15,6010445.49,High,84.5
1785843420000,NOISE-S,b543d03f-a7d0-4faa-8507-0b3e31081e0b,958885.54,6010297.7,High,80.5
1785843420000,NOISE-W,49a1ac8f-b89d-4356-8260-a3e73765a98a,958749.58,6010415.93,High,82.3
1785843420000,NOISE-NR1,5c7eb3a5-3ace-49d5-b023-33009a594311,959160.42,6010678.99,Comfortable,66.4
1785843420000,NOISE-NR2,a7b30385-932d-4325-b84b-ae6bdcc359e3,958613.61,6010191.3,Comfortable,63.2
1785843420000,NOISE-NR3,74469165-c65c-4435-a387-36920379578d,959234.31,6010383.42,Comfortable,66
1785843480000,NOISE-N,b291e7be-9f14-44ed-87c1-0f02b8ca35b3,958906.23,6010563.72,High,81.7
1785843480000,NOISE-E,7be9696e-9ace-4085-a81b-0b04c83955db,959045.15,6010445.49,High,84.9
1785843480000,NOISE-S,b543d03f-a7d0-4faa-8507-0b3e31081e0b,958885.54,6010297.7,High,80.8
1785843480000,NOISE-W,49a1ac8f-b89d-4356-8260-a3e73765a98a,958749.58,6010415.93,High,81.3
1785843480000,NOISE-NR1,5c7eb3a5-3ace-49d5-b023-33009a594311,959160.42,6010678.99,Comfortable,65.9
1785843480000,NOISE-NR2,a7b30385-932d-4325-b84b-ae6bdcc359e3,958613.61,6010191.3,Comfortable,63.2
1785843480000,NOISE-NR3,74469165-c65c-4435-a387-36920379578d,959234.31,6010383.42,Comfortable,65.6
1785843540000,NOISE-N,b291e7be-9f14-44ed-87c1-0f02b8ca35b3,958906.23,6010563.72,High,81.9
1785843540000,NOISE-E,7be9696e-9ace-4085-a81b-0b04c83955db,959045.15,6010445.49,High,84.1
1785843540000,NOISE-S,b543d03f-a7d0-4faa-8507-0b3e31081e0b,958885.54,6010297.7,High,81.2
1785843540000,NOISE-W,49a1ac8f-b89d-4356-8260-a3e73765a98a,958749.58,6010415.93,High,81.9
1785843540000,NOISE-NR1,5c7eb3a5-3ace-49d5-b023-33009a594311,959160.42,6010678.99,Comfortable,66
1785843540000,NOISE-NR2,a7b30385-932d-4325-b84b-ae6bdcc359e3,958613.61,6010191.3,Comfortable,62.8
1785843540000,NOISE-NR3,74469165-c65c-4435-a387-36920379578d,959234.31,6010383.42,Comfortable,66.1
1785843600000,NOISE-N,b291e7be-9f14-44ed-87c1-0f02b8ca35b3,958906.23,6010563.72,High,82.6
1785843600000,NOISE-E,7be9696e-9ace-4085-a81b-0b04c83955db,959045.15,6010445.49,High,83.9
1785843600000,NOISE-S,b543d03f-a7d0-4faa-8507-0b3e31081e0b,958885.54,6010297.7,High,80.5
1785843600000,NOISE-W,49a1ac8f-b89d-4356-8260-a3e73765a98a,958749.58,6010415.93,High,82.2
1785843600000,NOISE-NR1,5c7eb3a5-3ace-49d5-b023-33009a594311,959160.42,6010678.99,Comfortable,66.3
1785843600000,NOISE-NR2,a7b30385-932d-4325-b84b-ae6bdcc359e3,958613.61,6010191.3,Comfortable,62.9
1785843600000,NOISE-NR3,74469165-c65c-4435-a387-36920379578d,959234.31,6010383.42,Comfortable,67
1785843660000,NOISE-N,b291e7be-9f14-44ed-87c1-0f02b8ca35b3,958906.23,6010563.72,High,81.9
1785843660000,NOISE-E,7be9696e-9ace-4085-a81b-0b04c83955db,959045.15,6010445.49,High,83.1
1785843660000,NOISE-S,b543d03f-a7d0-4faa-8507-0b3e31081e0b,958885.54,6010297.7,High,80.1
1785843660000,NOISE-W,49a1ac8f-b89d-4356-8260-a3e73765a98a,958749.58,6010415.93,High,82.2
1785843660000,NOISE-NR1,5c7eb3a5-3ace-49d5-b023-33009a594311,959160.42,6010678.99,Comfortable,66.8
1785843660000,NOISE-NR2,a7b30385-932d-4325-b84b-ae6bdcc359e3,958613.61,6010191.3,Comfortable,62.2
1785843660000,NOISE-NR3,74469165-c65c-4435-a387-36920379578d,959234.31,6010383.42,Comfortable,66.7
1785843720000,NOISE-N,b291e7be-9f14-44ed-87c1-0f02b8ca35b3,958906.23,6010563.72,High,82.2
1785843720000,NOISE-E,7be9696e-9ace-4085-a81b-0b04c83955db,959045.15,6010445.49,High,83.4
1785843720000,NOISE-S,b543d03f-a7d0-4faa-8507-0b3e31081e0b,958885.54,6010297.7,Elevated,79.7
1785843720000,NOISE-W,49a1ac8f-b89d-4356-8260-a3e73765a98a,958749.58,6010415.93,High,81.9
1785843720000,NOISE-NR1,5c7eb3a5-3ace-49d5-b023-33009a594311,959160.42,6010678.99,Comfortable,66.1
1785843720000,NOISE-NR2,a7b30385-932d-4325-b84b-ae6bdcc359e3,958613.61,6010191.3,Comfortable,62.8
1785843720000,NOISE-NR3,74469165-c65c-4435-a387-36920379578d,959234.31,6010383.42,Comfortable,66.5
1785843780000,NOISE-N,b291e7be-9f14-44ed-87c1-0f02b8ca35b3,958906.23,6010563.72,High,81.5
1785843780000,NOISE-E,7be9696e-9ace-4085-a81b-0b04c83955db,959045.15,6010445.49,High,84
1785843780000,NOISE-S,b543d03f-a7d0-4faa-8507-0b3e31081e0b,958885.54,6010297.7,High,80.2
1785843780000,NOISE-W,49a1ac8f-b89d-4356-8260-a3e73765a98a,958749.58,6010415.93,High,81.7
1785843780000,NOISE-NR1,5c7eb3a5-3ace-49d5-b023-33009a594311,959160.42,6010678.99,Comfortable,65.6
1785843780000,NOISE-NR2,a7b30385-932d-4325-b84b-ae6bdcc359e3,958613.61,6010191.3,Comfortable,63.4
1785843780000,NOISE-NR3,74469165-c65c-4435-a387-36920379578d,959234.31,6010383.42,Comfortable,66.2
1785843840000,NOISE-N,b291e7be-9f14-44ed-87c1-0f02b8ca35b3,958906.23,6010563.72,High,82
1785843840000,NOISE-E,7be9696e-9ace-4085-a81b-0b04c83955db,959045.15,6010445.49,High,84.2
1785843840000,NOISE-S,b543d03f-a7d0-4faa-8507-0b3e31081e0b,958885.54,6010297.7,High,81
1785843840000,NOISE-W,49a1ac8f-b89d-4356-8260-a3e73765a98a,958749.58,6010415.93,High,80.9
1785843840000,NOISE-NR1,5c7eb3a5-3ace-49d5-b023-33009a594311,959160.42,6010678.99,Comfortable,66.3
1785843840000,NOISE-NR2,a7b30385-932d-4325-b84b-ae6bdcc359e3,958613.61,6010191.3,Comfortable,62.5
1785843840000,NOISE-NR3,74469165-c65c-4435-a387-36920379578d,959234.31,6010383.42,Comfortable,66.1
1785843900000,NOISE-N,b291e7be-9f14-44ed-87c1-0f02b8ca35b3,958906.23,6010563.72,High,82.7
1785843900000,NOISE-E,7be9696e-9ace-4085-a81b-0b04c83955db,959045.15,6010445.49,High,84.9
1785843900000,NOISE-S,b543d03f-a7d0-4faa-8507-0b3e31081e0b,958885.54,6010297.7,High,80.4
1785843900000,NOISE-W,49a1ac8f-b89d-4356-8260-a3e73765a98a,958749.58,6010415.93,High,80.9
1785843900000,NOISE-NR1,5c7eb3a5-3ace-49d5-b023-33009a594311,959160.42,6010678.99,Comfortable,66.8
1785843900000,NOISE-NR2,a7b30385-932d-4325-b84b-ae6bdcc359e3,958613.61,6010191.3,Comfortable,62.6
1785843900000,NOISE-NR3,74469165-c65c-4435-a387-36920379578d,959234.31,6010383.42,Comfortable,66.9
1785843960000,NOISE-N,b291e7be-9f14-44ed-87c1-0f02b8ca35b3,958906.23,6010563.72,High,83.2
1785843960000,NOISE-E,7be9696e-9ace-4085-a81b-0b04c83955db,959045.15,6010445.49,High,84.1
1785843960000,NOISE-S,b543d03f-a7d0-4faa-8507-0b3e31081e0b,958885.54,6010297.7,High,80.1
1785843960000,NOISE-W,49a1ac8f-b89d-4356-8260-a3e73765a98a,958749.58,6010415.93,High,81.6
1785843960000,NOISE-NR1,5c7eb3a5-3ace-49d5-b023-33009a594311,959160.42,6010678.99,Comfortable,66.1
1785843960000,NOISE-NR2,a7b30385-932d-4325-b84b-ae6bdcc359e3,958613.61,6010191.3,Comfortable,63.1
1785843960000,NOISE-NR3,74469165-c65c-4435-a387-36920379578d,959234.31,6010383.42,Comfortable,66.5
1785844020000,NOISE-N,b291e7be-9f14-44ed-87c1-0f02b8ca35b3,958906.23,6010563.72,High,83.5
1785844020000,NOISE-E,7be9696e-9ace-4085-a81b-0b04c83955db,959045.15,6010445.49,High,84.5
1785844020000,NOISE-S,b543d03f-a7d0-4faa-8507-0b3e31081e0b,958885.54,6010297.7,Elevated,80
1785844020000,NOISE-W,49a1ac8f-b89d-4356-8260-a3e73765a98a,958749.58,6010415.93,High,81.3
1785844020000,NOISE-NR1,5c7eb3a5-3ace-49d5-b023-33009a594311,959160.42,6010678.99,Comfortable,65.7
1785844020000,NOISE-NR2,a7b30385-932d-4325-b84b-ae6bdcc359e3,958613.61,6010191.3,Comfortable,63.6
1785844020000,NOISE-NR3,74469165-c65c-4435-a387-36920379578d,959234.31,6010383.42,Comfortable,66
1785844080000,NOISE-N,b291e7be-9f14-44ed-87c1-0f02b8ca35b3,958906.23,6010563.72,High,83.2
1785844080000,NOISE-E,7be9696e-9ace-4085-a81b-0b04c83955db,959045.15,6010445.49,High,84.6
1785844080000,NOISE-S,b543d03f-a7d0-4faa-8507-0b3e31081e0b,958885.54,6010297.7,Elevated,79.5
1785844080000,NOISE-W,49a1ac8f-b89d-4356-8260-a3e73765a98a,958749.58,6010415.93,High,81.5
1785844080000,NOISE-NR1,5c7eb3a5-3ace-49d5-b023-33009a594311,959160.42,6010678.99,Comfortable,65.1
1785844080000,NOISE-NR2,a7b30385-932d-4325-b84b-ae6bdcc359e3,958613.61,6010191.3,Comfortable,64
1785844080000,NOISE-NR3,74469165-c65c-4435-a387-36920379578d,959234.31,6010383.42,Comfortable,65.5
1785844140000,NOISE-N,b291e7be-9f14-44ed-87c1-0f02b8ca35b3,958906.23,6010563.72,High,83.5
1785844140000,NOISE-E,7be9696e-9ace-4085-a81b-0b04c83955db,959045.15,6010445.49,High,84.6
1785844140000,NOISE-S,b543d03f-a7d0-4faa-8507-0b3e31081e0b,958885.54,6010297.7,Elevated,79.2
1785844140000,NOISE-W,49a1ac8f-b89d-4356-8260-a3e73765a98a,958749.58,6010415.93,High,81.8
1785844140000,NOISE-NR1,5c7eb3a5-3ace-49d5-b023-33009a594311,959160.42,6010678.99,Comfortable,66.1
1785844140000,NOISE-NR2,a7b30385-932d-4325-b84b-ae6bdcc359e3,958613.61,6010191.3,Comfortable,63.1
1785844140000,NOISE-NR3,74469165-c65c-4435-a387-36920379578d,959234.31,6010383.42,Comfortable,66.4
1785844200000,NOISE-N,b291e7be-9f14-44ed-87c1-0f02b8ca35b3,958906.23,6010563.72,High,83.2
1785844200000,NOISE-E,7be9696e-9ace-4085-a81b-0b04c83955db,959045.15,6010445.49,High,84.4
1785844200000,NOISE-S,b543d03f-a7d0-4faa-8507-0b3e31081e0b,958885.54,6010297.7,Elevated,78.8
1785844200000,NOISE-W,49a1ac8f-b89d-4356-8260-a3e73765a98a,958749.58,6010415.93,High,82.1
1785844200000,NOISE-NR1,5c7eb3a5-3ace-49d5-b023-33009a594311,959160.42,6010678.99,Comfortable,66.1
1785844200000,NOISE-NR2,a7b30385-932d-4325-b84b-ae6bdcc359e3,958613.61,6010191.3,Comfortable,62.9
1785844200000,NOISE-NR3,74469165-c65c-4435-a387-36920379578d,959234.31,6010383.42,Comfortable,67
1785844260000,NOISE-N,b291e7be-9f14-44ed-87c1-0f02b8ca35b3,958906.23,6010563.72,High,83.5
1785844260000,NOISE-E,7be9696e-9ace-4085-a81b-0b04c83955db,959045.15,6010445.49,High,83.6
1785844260000,NOISE-S,b543d03f-a7d0-4faa-8507-0b3e31081e0b,958885.54,6010297.7,Elevated,79.5
1785844260000,NOISE-W,49a1ac8f-b89d-4356-8260-a3e73765a98a,958749.58,6010415.93,High,82.3
1785844260000,NOISE-NR1,5c7eb3a5-3ace-49d5-b023-33009a594311,959160.42,6010678.99,Comfortable,66.1
1785844260000,NOISE-NR2,a7b30385-932d-4325-b84b-ae6bdcc359e3,958613.61,6010191.3,Comfortable,62.8
1785844260000,NOISE-NR3,74469165-c65c-4435-a387-36920379578d,959234.31,6010383.42,Comfortable,67.2
1785844320000,NOISE-N,b291e7be-9f14-44ed-87c1-0f02b8ca35b3,958906.23,6010563.72,High,83
1785844320000,NOISE-E,7be9696e-9ace-4085-a81b-0b04c83955db,959045.15,6010445.49,High,83.1
1785844320000,NOISE-S,b543d03f-a7d0-4faa-8507-0b3e31081e0b,958885.54,6010297.7,High,80.1
1785844320000,NOISE-W,49a1ac8f-b89d-4356-8260-a3e73765a98a,958749.58,6010415.93,High,82.5
1785844320000,NOISE-NR1,5c7eb3a5-3ace-49d5-b023-33009a594311,959160.42,6010678.99,Comfortable,65.4
1785844320000,NOISE-NR2,a7b30385-932d-4325-b84b-ae6bdcc359e3,958613.61,6010191.3,Comfortable,63.4
1785844320000,NOISE-NR3,74469165-c65c-4435-a387-36920379578d,959234.31,6010383.42,Comfortable,67.8
1785844380000,NOISE-N,b291e7be-9f14-44ed-87c1-0f02b8ca35b3,958906.23,6010563.72,High,82.8
1785844380000,NOISE-E,7be9696e-9ace-4085-a81b-0b04c83955db,959045.15,6010445.49,High,84.1
1785844380000,NOISE-S,b543d03f-a7d0-4faa-8507-0b3e31081e0b,958885.54,6010297.7,High,80
1785844380000,NOISE-W,49a1ac8f-b89d-4356-8260-a3e73765a98a,958749.58,6010415.93,High,82.1
1785844380000,NOISE-NR1,5c7eb3a5-3ace-49d5-b023-33009a594311,959160.42,6010678.99,Comfortable,65.4
1785844380000,NOISE-NR2,a7b30385-932d-4325-b84b-ae6bdcc359e3,958613.61,6010191.3,Comfortable,64
1785844380000,NOISE-NR3,74469165-c65c-4435-a387-36920379578d,959234.31,6010383.42,Comfortable,68.2
1785844440000,NOISE-N,b291e7be-9f14-44ed-87c1-0f02b8ca35b3,958906.23,6010563.72,High,83.4
1785844440000,NOISE-E,7be9696e-9ace-4085-a81b-0b04c83955db,959045.15,6010445.49,High,83.9
1785844440000,NOISE-S,b543d03f-a7d0-4faa-8507-0b3e31081e0b,958885.54,6010297.7,High,80.1
1785844440000,NOISE-W,49a1ac8f-b89d-4356-8260-a3e73765a98a,958749.58,6010415.93,High,81.2
1785844440000,NOISE-NR1,5c7eb3a5-3ace-49d5-b023-33009a594311,959160.42,6010678.99,Comfortable,65
1785844440000,NOISE-NR2,a7b30385-932d-4325-b84b-ae6bdcc359e3,958613.61,6010191.3,Comfortable,64.4
1785844440000,NOISE-NR3,74469165-c65c-4435-a387-36920379578d,959234.31,6010383.42,Comfortable,67.8
1785844500000,NOISE-N,b291e7be-9f14-44ed-87c1-0f02b8ca35b3,958906.23,6010563.72,High,83.6
1785844500000,NOISE-E,7be9696e-9ace-4085-a81b-0b04c83955db,959045.15,6010445.49,High,84.6
1785844500000,NOISE-S,b543d03f-a7d0-4faa-8507-0b3e31081e0b,958885.54,6010297.7,High,80.8
1785844500000,NOISE-W,49a1ac8f-b89d-4356-8260-a3e73765a98a,958749.58,6010415.93,High,81.2
1785844500000,NOISE-NR1,5c7eb3a5-3ace-49d5-b023-33009a594311,959160.42,6010678.99,Comfortable,65.7
1785844500000,NOISE-NR2,a7b30385-932d-4325-b84b-ae6bdcc359e3,958613.61,6010191.3,Comfortable,63.9
1785844500000,NOISE-NR3,74469165-c65c-4435-a387-36920379578d,959234.31,6010383.42,Comfortable,67.9
1785844560000,NOISE-N,b291e7be-9f14-44ed-87c1-0f02b8ca35b3,958906.23,6010563.72,High,83.6
1785844560000,NOISE-E,7be9696e-9ace-4085-a81b-0b04c83955db,959045.15,6010445.49,High,83.7
1785844560000,NOISE-S,b543d03f-a7d0-4faa-8507-0b3e31081e0b,958885.54,6010297.7,Elevated,79.9
1785844560000,NOISE-W,49a1ac8f-b89d-4356-8260-a3e73765a98a,958749.58,6010415.93,High,81.9
1785844560000,NOISE-NR1,5c7eb3a5-3ace-49d5-b023-33009a594311,959160.42,6010678.99,Comfortable,65.6
1785844560000,NOISE-NR2,a7b30385-932d-4325-b84b-ae6bdcc359e3,958613.61,6010191.3,Comfortable,63.6
1785844560000,NOISE-NR3,74469165-c65c-4435-a387-36920379578d,959234.31,6010383.42,Comfortable,67
1785844620000,NOISE-N,b291e7be-9f14-44ed-87c1-0f02b8ca35b3,958906.23,6010563.72,High,82.8
1785844620000,NOISE-E,7be9696e-9ace-4085-a81b-0b04c83955db,959045.15,6010445.49,High,83.8
1785844620000,NOISE-S,b543d03f-a7d0-4faa-8507-0b3e31081e0b,958885.54,6010297.7,Elevated,79.2
1785844620000,NOISE-W,49a1ac8f-b89d-4356-8260-a3e73765a98a,958749.58,6010415.93,High,82.2
1785844620000,NOISE-NR1,5c7eb3a5-3ace-49d5-b023-33009a594311,959160.42,6010678.99,Comfortable,66
1785844620000,NOISE-NR2,a7b30385-932d-4325-b84b-ae6bdcc359e3,958613.61,6010191.3,Comfortable,63.1
1785844620000,NOISE-NR3,74469165-c65c-4435-a387-36920379578d,959234.31,6010383.42,Comfortable,67.3
1785844680000,NOISE-N,b291e7be-9f14-44ed-87c1-0f02b8ca35b3,958906.23,6010563.72,High,82.5
1785844680000,NOISE-E,7be9696e-9ace-4085-a81b-0b04c83955db,959045.15,6010445.49,High,83.1
1785844680000,NOISE-S,b543d03f-a7d0-4faa-8507-0b3e31081e0b,958885.54,6010297.7,Elevated,78.8
1785844680000,NOISE-W,49a1ac8f-b89d-4356-8260-a3e73765a98a,958749.58,6010415.93,High,81.5
1785844680000,NOISE-NR1,5c7eb3a5-3ace-49d5-b023-33009a594311,959160.42,6010678.99,Comfortable,65.2
1785844680000,NOISE-NR2,a7b30385-932d-4325-b84b-ae6bdcc359e3,958613.61,6010191.3,Comfortable,62.7
1785844680000,NOISE-NR3,74469165-c65c-4435-a387-36920379578d,959234.31,6010383.42,Comfortable,67.7
1785844740000,NOISE-N,b291e7be-9f14-44ed-87c1-0f02b8ca35b3,958906.23,6010563.72,High,81.9
1785844740000,NOISE-E,7be9696e-9ace-4085-a81b-0b04c83955db,959045.15,6010445.49,High,83.6
1785844740000,NOISE-S,b543d03f-a7d0-4faa-8507-0b3e31081e0b,958885.54,6010297.7,Elevated,79.6
1785844740000,NOISE-W,49a1ac8f-b89d-4356-8260-a3e73765a98a,958749.58,6010415.93,High,81.3
1785844740000,NOISE-NR1,5c7eb3a5-3ace-49d5-b023-33009a594311,959160.42,6010678.99,Comfortable,65.6
1785844740000,NOISE-NR2,a7b30385-932d-4325-b84b-ae6bdcc359e3,958613.61,6010191.3,Comfortable,63.5
1785844740000,NOISE-NR3,74469165-c65c-4435-a387-36920379578d,959234.31,6010383.42,Comfortable,67.9
1785844800000,NOISE-N,b291e7be-9f14-44ed-87c1-0f02b8ca35b3,958906.23,6010563.72,High,81.7
1785844800000,NOISE-E,7be9696e-9ace-4085-a81b-0b04c83955db,959045.15,6010445.49,High,84.5
1785844800000,NOISE-S,b543d03f-a7d0-4faa-8507-0b3e31081e0b,958885.54,6010297.7,High,80.3
1785844800000,NOISE-W,49a1ac8f-b89d-4356-8260-a3e73765a98a,958749.58,6010415.93,High,81.2
1785844800000,NOISE-NR1,5c7eb3a5-3ace-49d5-b023-33009a594311,959160.42,6010678.99,Comfortable,66
1785844800000,NOISE-NR2,a7b30385-932d-4325-b84b-ae6bdcc359e3,958613.61,6010191.3,Comfortable,63.4
1785844800000,NOISE-NR3,74469165-c65c-4435-a387-36920379578d,959234.31,6010383.42,Comfortable,67.2
1785844860000,NOISE-N,b291e7be-9f14-44ed-87c1-0f02b8ca35b3,958906.23,6010563.72,High,81.7
1785844860000,NOISE-E,7be9696e-9ace-4085-a81b-0b04c83955db,959045.15,6010445.49,High,84.8
1785844860000,NOISE-S,b543d03f-a7d0-4faa-8507-0b3e31081e0b,958885.54,6010297.7,High,80.8
1785844860000,NOISE-W,49a1ac8f-b89d-4356-8260-a3e73765a98a,958749.58,6010415.93,High,81.6
1785844860000,NOISE-NR1,5c7eb3a5-3ace-49d5-b023-33009a594311,959160.42,6010678.99,Comfortable,66
1785844860000,NOISE-NR2,a7b30385-932d-4325-b84b-ae6bdcc359e3,958613.61,6010191.3,Comfortable,62.9
1785844860000,NOISE-NR3,74469165-c65c-4435-a387-36920379578d,959234.31,6010383.42,Comfortable,67.2
1785844920000,NOISE-N,b291e7be-9f14-44ed-87c1-0f02b8ca35b3,958906.23,6010563.72,High,81.8
1785844920000,NOISE-E,7be9696e-9ace-4085-a81b-0b04c83955db,959045.15,6010445.49,High,83.9
1785844920000,NOISE-S,b543d03f-a7d0-4faa-8507-0b3e31081e0b,958885.54,6010297.7,High,81.4
1785844920000,NOISE-W,49a1ac8f-b89d-4356-8260-a3e73765a98a,958749.58,6010415.93,High,80.9
1785844920000,NOISE-NR1,5c7eb3a5-3ace-49d5-b023-33009a594311,959160.42,6010678.99,Comfortable,65.7
1785844920000,NOISE-NR2,a7b30385-932d-4325-b84b-ae6bdcc359e3,958613.61,6010191.3,Comfortable,62.9
1785844920000,NOISE-NR3,74469165-c65c-4435-a387-36920379578d,959234.31,6010383.42,Comfortable,67.6
1785844980000,NOISE-N,b291e7be-9f14-44ed-87c1-0f02b8ca35b3,958906.23,6010563.72,High,82
1785844980000,NOISE-E,7be9696e-9ace-4085-a81b-0b04c83955db,959045.15,6010445.49,High,83.3
1785844980000,NOISE-S,b543d03f-a7d0-4faa-8507-0b3e31081e0b,958885.54,6010297.7,High,81.8
1785844980000,NOISE-W,49a1ac8f-b89d-4356-8260-a3e73765a98a,958749.58,6010415.93,High,80.8
1785844980000,NOISE-NR1,5c7eb3a5-3ace-49d5-b023-33009a594311,959160.42,6010678.99,Comfortable,65.1
1785844980000,NOISE-NR2,a7b30385-932d-4325-b84b-ae6bdcc359e3,958613.61,6010191.3,Comfortable,63.4
1785844980000,NOISE-NR3,74469165-c65c-4435-a387-36920379578d,959234.31,6010383.42,Comfortable,66.9
1785845040000,NOISE-N,b291e7be-9f14-44ed-87c1-0f02b8ca35b3,958906.23,6010563.72,High,81.8
1785845040000,NOISE-E,7be9696e-9ace-4085-a81b-0b04c83955db,959045.15,6010445.49,High,83
1785845040000,NOISE-S,b543d03f-a7d0-4faa-8507-0b3e31081e0b,958885.54,6010297.7,High,81
1785845040000,NOISE-W,49a1ac8f-b89d-4356-8260-a3e73765a98a,958749.58,6010415.93,High,80.5
1785845040000,NOISE-NR1,5c7eb3a5-3ace-49d5-b023-33009a594311,959160.42,6010678.99,Comfortable,65.2
1785845040000,NOISE-NR2,a7b30385-932d-4325-b84b-ae6bdcc359e3,958613.61,6010191.3,Comfortable,62.7
1785845040000,NOISE-NR3,74469165-c65c-4435-a387-36920379578d,959234.31,6010383.42,Comfortable,67.3
1785845100000,NOISE-N,b291e7be-9f14-44ed-87c1-0f02b8ca35b3,958906.23,6010563.72,High,82.4
1785845100000,NOISE-E,7be9696e-9ace-4085-a81b-0b04c83955db,959045.15,6010445.49,High,82.8
1785845100000,NOISE-S,b543d03f-a7d0-4faa-8507-0b3e31081e0b,958885.54,6010297.7,High,80.3
1785845100000,NOISE-W,49a1ac8f-b89d-4356-8260-a3e73765a98a,958749.58,6010415.93,High,80.4
1785845100000,NOISE-NR1,5c7eb3a5-3ace-49d5-b023-33009a594311,959160.42,6010678.99,Comfortable,65.7
1785845100000,NOISE-NR2,a7b30385-932d-4325-b84b-ae6bdcc359e3,958613.61,6010191.3,Comfortable,63.3
1785845100000,NOISE-NR3,74469165-c65c-4435-a387-36920379578d,959234.31,6010383.42,Comfortable,67
1785845160000,NOISE-N,b291e7be-9f14-44ed-87c1-0f02b8ca35b3,958906.23,6010563.72,High,82.5
1785845160000,NOISE-E,7be9696e-9ace-4085-a81b-0b04c83955db,959045.15,6010445.49,High,82.8
1785845160000,NOISE-S,b543d03f-a7d0-4faa-8507-0b3e31081e0b,958885.54,6010297.7,High,80
1785845160000,NOISE-W,49a1ac8f-b89d-4356-8260-a3e73765a98a,958749.58,6010415.93,High,80.8
1785845160000,NOISE-NR1,5c7eb3a5-3ace-49d5-b023-33009a594311,959160.42,6010678.99,Comfortable,65.5
1785845160000,NOISE-NR2,a7b30385-932d-4325-b84b-ae6bdcc359e3,958613.61,6010191.3,Comfortable,64
1785845160000,NOISE-NR3,74469165-c65c-4435-a387-36920379578d,959234.31,6010383.42,Comfortable,66.8
1785845220000,NOISE-N,b291e7be-9f14-44ed-87c1-0f02b8ca35b3,958906.23,6010563.72,High,82.3
1785845220000,NOISE-E,7be9696e-9ace-4085-a81b-0b04c83955db,959045.15,6010445.49,High,83.5
1785845220000,NOISE-S,b543d03f-a7d0-4faa-8507-0b3e31081e0b,958885.54,6010297.7,High,80.3
1785845220000,NOISE-W,49a1ac8f-b89d-4356-8260-a3e73765a98a,958749.58,6010415.93,High,80.2
1785845220000,NOISE-NR1,5c7eb3a5-3ace-49d5-b023-33009a594311,959160.42,6010678.99,Comfortable,65.7
1785845220000,NOISE-NR2,a7b30385-932d-4325-b84b-ae6bdcc359e3,958613.61,6010191.3,Comfortable,64.2
1785845220000,NOISE-NR3,74469165-c65c-4435-a387-36920379578d,959234.31,6010383.42,Comfortable,66.5
1785845280000,NOISE-N,b291e7be-9f14-44ed-87c1-0f02b8ca35b3,958906.23,6010563.72,High,82.3
1785845280000,NOISE-E,7be9696e-9ace-4085-a81b-0b04c83955db,959045.15,6010445.49,High,83.2
1785845280000,NOISE-S,b543d03f-a7d0-4faa-8507-0b3e31081e0b,958885.54,6010297.7,High,80.6
1785845280000,NOISE-W,49a1ac8f-b89d-4356-8260-a3e73765a98a,958749.58,6010415.93,High,80.2
1785845280000,NOISE-NR1,5c7eb3a5-3ace-49d5-b023-33009a594311,959160.42,6010678.99,Comfortable,66.1
1785845280000,NOISE-NR2,a7b30385-932d-4325-b84b-ae6bdcc359e3,958613.61,6010191.3,Comfortable,64.4
1785845280000,NOISE-NR3,74469165-c65c-4435-a387-36920379578d,959234.31,6010383.42,Comfortable,66
1785845340000,NOISE-N,b291e7be-9f14-44ed-87c1-0f02b8ca35b3,958906.23,6010563.72,High,81.6
1785845340000,NOISE-E,7be9696e-9ace-4085-a81b-0b04c83955db,959045.15,6010445.49,High,84.1
1785845340000,NOISE-S,b543d03f-a7d0-4faa-8507-0b3e31081e0b,958885.54,6010297.7,High,80.7
1785845340000,NOISE-W,49a1ac8f-b89d-4356-8260-a3e73765a98a,958749.58,6010415.93,Elevated,79.7
1785845340000,NOISE-NR1,5c7eb3a5-3ace-49d5-b023-33009a594311,959160.42,6010678.99,Comfortable,65.6
1785845340000,NOISE-NR2,a7b30385-932d-4325-b84b-ae6bdcc359e3,958613.61,6010191.3,Comfortable,64.5
1785845340000,NOISE-NR3,74469165-c65c-4435-a387-36920379578d,959234.31,6010383.42,Comfortable,65.5
1785845400000,NOISE-N,b291e7be-9f14-44ed-87c1-0f02b8ca35b3,958906.23,6010563.72,High,82.3
1785845400000,NOISE-E,7be9696e-9ace-4085-a81b-0b04c83955db,959045.15,6010445.49,High,84.4
1785845400000,NOISE-S,b543d03f-a7d0-4faa-8507-0b3e31081e0b,958885.54,6010297.7,High,80.2
1785845400000,NOISE-W,49a1ac8f-b89d-4356-8260-a3e73765a98a,958749.58,6010415.93,High,80.4
1785845400000,NOISE-NR1,5c7eb3a5-3ace-49d5-b023-33009a594311,959160.42,6010678.99,Comfortable,66.1
1785845400000,NOISE-NR2,a7b30385-932d-4325-b84b-ae6bdcc359e3,958613.61,6010191.3,Comfortable,63.3
1785845400000,NOISE-NR3,74469165-c65c-4435-a387-36920379578d,959234.31,6010383.42,Comfortable,66.2
1785845460000,NOISE-N,b291e7be-9f14-44ed-87c1-0f02b8ca35b3,958906.23,6010563.72,High,81.9
1785845460000,NOISE-E,7be9696e-9ace-4085-a81b-0b04c83955db,959045.15,6010445.49,High,84.2
1785845460000,NOISE-S,b543d03f-a7d0-4faa-8507-0b3e31081e0b,958885.54,6010297.7,High,80.1
1785845460000,NOISE-W,49a1ac8f-b89d-4356-8260-a3e73765a98a,958749.58,6010415.93,High,80.4
1785845460000,NOISE-NR1,5c7eb3a5-3ace-49d5-b023-33009a594311,959160.42,6010678.99,Comfortable,65.3
1785845460000,NOISE-NR2,a7b30385-932d-4325-b84b-ae6bdcc359e3,958613.61,6010191.3,Comfortable,63.4
1785845460000,NOISE-NR3,74469165-c65c-4435-a387-36920379578d,959234.31,6010383.42,Comfortable,66.4
1785845520000,NOISE-N,b291e7be-9f14-44ed-87c1-0f02b8ca35b3,958906.23,6010563.72,High,82.4
1785845520000,NOISE-E,7be9696e-9ace-4085-a81b-0b04c83955db,959045.15,6010445.49,High,83.8
1785845520000,NOISE-S,b543d03f-a7d0-4faa-8507-0b3e31081e0b,958885.54,6010297.7,High,80.8
1785845520000,NOISE-W,49a1ac8f-b89d-4356-8260-a3e73765a98a,958749.58,6010415.93,Elevated,79.9
1785845520000,NOISE-NR1,5c7eb3a5-3ace-49d5-b023-33009a594311,959160.42,6010678.99,Comfortable,65.6
1785845520000,NOISE-NR2,a7b30385-932d-4325-b84b-ae6bdcc359e3,958613.61,6010191.3,Comfortable,63.4
1785845520000,NOISE-NR3,74469165-c65c-4435-a387-36920379578d,959234.31,6010383.42,Comfortable,66.3
1785845580000,NOISE-N,b291e7be-9f14-44ed-87c1-0f02b8ca35b3,958906.23,6010563.72,High,81.8
1785845580000,NOISE-E,7be9696e-9ace-4085-a81b-0b04c83955db,959045.15,6010445.49,High,83.6
1785845580000,NOISE-S,b543d03f-a7d0-4faa-8507-0b3e31081e0b,958885.54,6010297.7,High,80.3
1785845580000,NOISE-W,49a1ac8f-b89d-4356-8260-a3e73765a98a,958749.58,6010415.93,High,80.3
1785845580000,NOISE-NR1,5c7eb3a5-3ace-49d5-b023-33009a594311,959160.42,6010678.99,Comfortable,66
1785845580000,NOISE-NR2,a7b30385-932d-4325-b84b-ae6bdcc359e3,958613.61,6010191.3,Comfortable,62.6
1785845580000,NOISE-NR3,74469165-c65c-4435-a387-36920379578d,959234.31,6010383.42,Comfortable,65.8
1785845640000,NOISE-N,b291e7be-9f14-44ed-87c1-0f02b8ca35b3,958906.23,6010563.72,High,82.4
1785845640000,NOISE-E,7be9696e-9ace-4085-a81b-0b04c83955db,959045.15,6010445.49,High,83.3
1785845640000,NOISE-S,b543d03f-a7d0-4faa-8507-0b3e31081e0b,958885.54,6010297.7,High,80.9
1785845640000,NOISE-W,49a1ac8f-b89d-4356-8260-a3e73765a98a,958749.58,6010415.93,High,80.6
1785845640000,NOISE-NR1,5c7eb3a5-3ace-49d5-b023-33009a594311,959160.42,6010678.99,Comfortable,65.7
1785845640000,NOISE-NR2,a7b30385-932d-4325-b84b-ae6bdcc359e3,958613.61,6010191.3,Comfortable,63.5
1785845640000,NOISE-NR3,74469165-c65c-4435-a387-36920379578d,959234.31,6010383.42,Comfortable,66.2
1785845700000,NOISE-N,b291e7be-9f14-44ed-87c1-0f02b8ca35b3,958906.23,6010563.72,High,82.1
1785845700000,NOISE-E,7be9696e-9ace-4085-a81b-0b04c83955db,959045.15,6010445.49,High,83.6
1785845700000,NOISE-S,b543d03f-a7d0-4faa-8507-0b3e31081e0b,958885.54,6010297.7,High,81.3
1785845700000,NOISE-W,49a1ac8f-b89d-4356-8260-a3e73765a98a,958749.58,6010415.93,High,81
1785845700000,NOISE-NR1,5c7eb3a5-3ace-49d5-b023-33009a594311,959160.42,6010678.99,Comfortable,65.8
1785845700000,NOISE-NR2,a7b30385-932d-4325-b84b-ae6bdcc359e3,958613.61,6010191.3,Comfortable,64.2
1785845700000,NOISE-NR3,74469165-c65c-4435-a387-36920379578d,959234.31,6010383.42,Comfortable,66.3
1785845760000,NOISE-N,b291e7be-9f14-44ed-87c1-0f02b8ca35b3,958906.23,6010563.72,High,81.4
1785845760000,NOISE-E,7be9696e-9ace-4085-a81b-0b04c83955db,959045.15,6010445.49,High,83.1
1785845760000,NOISE-S,b543d03f-a7d0-4faa-8507-0b3e31081e0b,958885.54,6010297.7,High,81.2
1785845760000,NOISE-W,49a1ac8f-b89d-4356-8260-a3e73765a98a,958749.58,6010415.93,High,80.7
1785845760000,NOISE-NR1,5c7eb3a5-3ace-49d5-b023-33009a594311,959160.42,6010678.99,Comfortable,66
1785845760000,NOISE-NR2,a7b30385-932d-4325-b84b-ae6bdcc359e3,958613.61,6010191.3,Comfortable,63.2
1785845760000,NOISE-NR3,74469165-c65c-4435-a387-36920379578d,959234.31,6010383.42,Comfortable,66
1785845820000,NOISE-N,b291e7be-9f14-44ed-87c1-0f02b8ca35b3,958906.23,6010563.72,High,81.3
1785845820000,NOISE-E,7be9696e-9ace-4085-a81b-0b04c83955db,959045.15,6010445.49,High,83.5
1785845820000,NOISE-S,b543d03f-a7d0-4faa-8507-0b3e31081e0b,958885.54,6010297.7,High,80.2
1785845820000,NOISE-W,49a1ac8f-b89d-4356-8260-a3e73765a98a,958749.58,6010415.93,High,80.9
1785845820000,NOISE-NR1,5c7eb3a5-3ace-49d5-b023-33009a594311,959160.42,6010678.99,Comfortable,65.8
1785845820000,NOISE-NR2,a7b30385-932d-4325-b84b-ae6bdcc359e3,958613.61,6010191.3,Comfortable,63.3
1785845820000,NOISE-NR3,74469165-c65c-4435-a387-36920379578d,959234.31,6010383.42,Comfortable,66.6
1785845880000,NOISE-N,b291e7be-9f14-44ed-87c1-0f02b8ca35b3,958906.23,6010563.72,High,82
1785845880000,NOISE-E,7be9696e-9ace-4085-a81b-0b04c83955db,959045.15,6010445.49,High,83.9
1785845880000,NOISE-S,b543d03f-a7d0-4faa-8507-0b3e31081e0b,958885.54,6010297.7,Elevated,79.7
1785845880000,NOISE-W,49a1ac8f-b89d-4356-8260-a3e73765a98a,958749.58,6010415.93,High,80.8
1785845880000,NOISE-NR1,5c7eb3a5-3ace-49d5-b023-33009a594311,959160.42,6010678.99,Comfortable,65.9
1785845880000,NOISE-NR2,a7b30385-932d-4325-b84b-ae6bdcc359e3,958613.61,6010191.3,Comfortable,63
1785845880000,NOISE-NR3,74469165-c65c-4435-a387-36920379578d,959234.31,6010383.42,Comfortable,67.5
1785845940000,NOISE-N,b291e7be-9f14-44ed-87c1-0f02b8ca35b3,958906.23,6010563.72,High,82.3
1785845940000,NOISE-E,7be9696e-9ace-4085-a81b-0b04c83955db,959045.15,6010445.49,High,83.7
1785845940000,NOISE-S,b543d03f-a7d0-4faa-8507-0b3e31081e0b,958885.54,6010297.7,High,80.4
1785845940000,NOISE-W,49a1ac8f-b89d-4356-8260-a3e73765a98a,958749.58,6010415.93,High,81.4
1785845940000,NOISE-NR1,5c7eb3a5-3ace-49d5-b023-33009a594311,959160.42,6010678.99,Comfortable,65.3
1785845940000,NOISE-NR2,a7b30385-932d-4325-b84b-ae6bdcc359e3,958613.61,6010191.3,Comfortable,62.2
1785845940000,NOISE-NR3,74469165-c65c-4435-a387-36920379578d,959234.31,6010383.42,Comfortable,67.7
1785846000000,NOISE-N,b291e7be-9f14-44ed-87c1-0f02b8ca35b3,958906.23,6010563.72,High,82.4
1785846000000,NOISE-E,7be9696e-9ace-4085-a81b-0b04c83955db,959045.15,6010445.49,High,84.5
1785846000000,NOISE-S,b543d03f-a7d0-4faa-8507-0b3e31081e0b,958885.54,6010297.7,High,80.8
1785846000000,NOISE-W,49a1ac8f-b89d-4356-8260-a3e73765a98a,958749.58,6010415.93,High,81.6
1785846000000,NOISE-NR1,5c7eb3a5-3ace-49d5-b023-33009a594311,959160.42,6010678.99,Comfortable,65.4
1785846000000,NOISE-NR2,a7b30385-932d-4325-b84b-ae6bdcc359e3,958613.61,6010191.3,Comfortable,62.6
1785846000000,NOISE-NR3,74469165-c65c-4435-a387-36920379578d,959234.31,6010383.42,Comfortable,67.7
1785846060000,NOISE-N,b291e7be-9f14-44ed-87c1-0f02b8ca35b3,958906.23,6010563.72,High,82
1785846060000,NOISE-E,7be9696e-9ace-4085-a81b-0b04c83955db,959045.15,6010445.49,Excessive,85
1785846060000,NOISE-S,b543d03f-a7d0-4faa-8507-0b3e31081e0b,958885.54,6010297.7,High,80.4
1785846060000,NOISE-W,49a1ac8f-b89d-4356-8260-a3e73765a98a,958749.58,6010415.93,High,81.1
1785846060000,NOISE-NR1,5c7eb3a5-3ace-49d5-b023-33009a594311,959160.42,6010678.99,Comfortable,65.8
1785846060000,NOISE-NR2,a7b30385-932d-4325-b84b-ae6bdcc359e3,958613.61,6010191.3,Comfortable,62.6
1785846060000,NOISE-NR3,74469165-c65c-4435-a387-36920379578d,959234.31,6010383.42,Comfortable,68.3
1785846120000,NOISE-N,b291e7be-9f14-44ed-87c1-0f02b8ca35b3,958906.23,6010563.72,High,81.6
1785846120000,NOISE-E,7be9696e-9ace-4085-a81b-0b04c83955db,959045.15,6010445.49,High,84.8
1785846120000,NOISE-S,b543d03f-a7d0-4faa-8507-0b3e31081e0b,958885.54,6010297.7,High,80.7
1785846120000,NOISE-W,49a1ac8f-b89d-4356-8260-a3e73765a98a,958749.58,6010415.93,High,81.3
1785846120000,NOISE-NR1,5c7eb3a5-3ace-49d5-b023-33009a594311,959160.42,6010678.99,Comfortable,66.1
1785846120000,NOISE-NR2,a7b30385-932d-4325-b84b-ae6bdcc359e3,958613.61,6010191.3,Comfortable,62.6
1785846120000,NOISE-NR3,74469165-c65c-4435-a387-36920379578d,959234.31,6010383.42,Comfortable,68.7
1785846180000,NOISE-N,b291e7be-9f14-44ed-87c1-0f02b8ca35b3,958906.23,6010563.72,High,81.9
1785846180000,NOISE-E,7be9696e-9ace-4085-a81b-0b04c83955db,959045.15,6010445.49,High,84.9
1785846180000,NOISE-S,b543d03f-a7d0-4faa-8507-0b3e31081e0b,958885.54,6010297.7,High,81.2
1785846180000,NOISE-W,49a1ac8f-b89d-4356-8260-a3e73765a98a,958749.58,6010415.93,High,80.6
1785846180000,NOISE-NR1,5c7eb3a5-3ace-49d5-b023-33009a594311,959160.42,6010678.99,Comfortable,66.4
1785846180000,NOISE-NR2,a7b30385-932d-4325-b84b-ae6bdcc359e3,958613.61,6010191.3,Comfortable,62.9
1785846180000,NOISE-NR3,74469165-c65c-4435-a387-36920379578d,959234.31,6010383.42,Comfortable,68
1785846240000,NOISE-N,b291e7be-9f14-44ed-87c1-0f02b8ca35b3,958906.23,6010563.72,High,82.6
1785846240000,NOISE-E,7be9696e-9ace-4085-a81b-0b04c83955db,959045.15,6010445.49,High,84.3
1785846240000,NOISE-S,b543d03f-a7d0-4faa-8507-0b3e31081e0b,958885.54,6010297.7,High,81.5
1785846240000,NOISE-W,49a1ac8f-b89d-4356-8260-a3e73765a98a,958749.58,6010415.93,High,80.8
1785846240000,NOISE-NR1,5c7eb3a5-3ace-49d5-b023-33009a594311,959160.42,6010678.99,Comfortable,66.9
1785846240000,NOISE-NR2,a7b30385-932d-4325-b84b-ae6bdcc359e3,958613.61,6010191.3,Comfortable,62.5
1785846240000,NOISE-NR3,74469165-c65c-4435-a387-36920379578d,959234.31,6010383.42,Comfortable,67.2
1785846300000,NOISE-N,b291e7be-9f14-44ed-87c1-0f02b8ca35b3,958906.23,6010563.72,High,81.9
1785846300000,NOISE-E,7be9696e-9ace-4085-a81b-0b04c83955db,959045.15,6010445.49,High,84.3
1785846300000,NOISE-S,b543d03f-a7d0-4faa-8507-0b3e31081e0b,958885.54,6010297.7,High,81.4
1785846300000,NOISE-W,49a1ac8f-b89d-4356-8260-a3e73765a98a,958749.58,6010415.93,High,80.7
1785846300000,NOISE-NR1,5c7eb3a5-3ace-49d5-b023-33009a594311,959160.42,6010678.99,Comfortable,66.7
1785846300000,NOISE-NR2,a7b30385-932d-4325-b84b-ae6bdcc359e3,958613.61,6010191.3,Comfortable,63
1785846300000,NOISE-NR3,74469165-c65c-4435-a387-36920379578d,959234.31,6010383.42,Comfortable,66.6
1785846360000,NOISE-N,b291e7be-9f14-44ed-87c1-0f02b8ca35b3,958906.23,6010563.72,High,81.5
1785846360000,NOISE-E,7be9696e-9ace-4085-a81b-0b04c83955db,959045.15,6010445.49,High,84.6
1785846360000,NOISE-S,b543d03f-a7d0-4faa-8507-0b3e31081e0b,958885.54,6010297.7,High,81.5
1785846360000,NOISE-W,49a1ac8f-b89d-4356-8260-a3e73765a98a,958749.58,6010415.93,High,81.4
1785846360000,NOISE-NR1,5c7eb3a5-3ace-49d5-b023-33009a594311,959160.42,6010678.99,Comfortable,67
1785846360000,NOISE-NR2,a7b30385-932d-4325-b84b-ae6bdcc359e3,958613.61,6010191.3,Comfortable,62.7
1785846360000,NOISE-NR3,74469165-c65c-4435-a387-36920379578d,959234.31,6010383.42,Comfortable,67.3
1785846420000,NOISE-N,b291e7be-9f14-44ed-87c1-0f02b8ca35b3,958906.23,6010563.72,High,81.1
1785846420000,NOISE-E,7be9696e-9ace-4085-a81b-0b04c83955db,959045.15,6010445.49,High,83.9
1785846420000,NOISE-S,b543d03f-a7d0-4faa-8507-0b3e31081e0b,958885.54,6010297.7,High,80.8
1785846420000,NOISE-W,49a1ac8f-b89d-4356-8260-a3e73765a98a,958749.58,6010415.93,High,81.9
1785846420000,NOISE-NR1,5c7eb3a5-3ace-49d5-b023-33009a594311,959160.42,6010678.99,Comfortable,66.6
1785846420000,NOISE-NR2,a7b30385-932d-4325-b84b-ae6bdcc359e3,958613.61,6010191.3,Comfortable,63.1
1785846420000,NOISE-NR3,74469165-c65c-4435-a387-36920379578d,959234.31,6010383.42,Comfortable,67.7
1785846480000,NOISE-N,b291e7be-9f14-44ed-87c1-0f02b8ca35b3,958906.23,6010563.72,High,80.9
1785846480000,NOISE-E,7be9696e-9ace-4085-a81b-0b04c83955db,959045.15,6010445.49,High,83.8
1785846480000,NOISE-S,b543d03f-a7d0-4faa-8507-0b3e31081e0b,958885.54,6010297.7,Elevated,79.9
1785846480000,NOISE-W,49a1ac8f-b89d-4356-8260-a3e73765a98a,958749.58,6010415.93,High,81
1785846480000,NOISE-NR1,5c7eb3a5-3ace-49d5-b023-33009a594311,959160.42,6010678.99,Comfortable,66
1785846480000,NOISE-NR2,a7b30385-932d-4325-b84b-ae6bdcc359e3,958613.61,6010191.3,Comfortable,62.5
1785846480000,NOISE-NR3,74469165-c65c-4435-a387-36920379578d,959234.31,6010383.42,Comfortable,67.7
1785846540000,NOISE-N,b291e7be-9f14-44ed-87c1-0f02b8ca35b3,958906.23,6010563.72,High,80.7
1785846540000,NOISE-E,7be9696e-9ace-4085-a81b-0b04c83955db,959045.15,6010445.49,High,83.7
1785846540000,NOISE-S,b543d03f-a7d0-4faa-8507-0b3e31081e0b,958885.54,6010297.7,High,80.2
1785846540000,NOISE-W,49a1ac8f-b89d-4356-8260-a3e73765a98a,958749.58,6010415.93,High,81.8
1785846540000,NOISE-NR1,5c7eb3a5-3ace-49d5-b023-33009a594311,959160.42,6010678.99,Comfortable,66.6
1785846540000,NOISE-NR2,a7b30385-932d-4325-b84b-ae6bdcc359e3,958613.61,6010191.3,Comfortable,61.9
1785846540000,NOISE-NR3,74469165-c65c-4435-a387-36920379578d,959234.31,6010383.42,Comfortable,66.7
1785846600000,NOISE-N,b291e7be-9f14-44ed-87c1-0f02b8ca35b3,958906.23,6010563.72,High,80.9
1785846600000,NOISE-E,7be9696e-9ace-4085-a81b-0b04c83955db,959045.15,6010445.49,High,83.5
1785846600000,NOISE-S,b543d03f-a7d0-4faa-8507-0b3e31081e0b,958885.54,6010297.7,High,80.2
1785846600000,NOISE-W,49a1ac8f-b89d-4356-8260-a3e73765a98a,958749.58,6010415.93,High,82.1
1785846600000,NOISE-NR1,5c7eb3a5-3ace-49d5-b023-33009a594311,959160.42,6010678.99,Comfortable,65.9
1785846600000,NOISE-NR2,a7b30385-932d-4325-b84b-ae6bdcc359e3,958613.61,6010191.3,Comfortable,63
1785846600000,NOISE-NR3,74469165-c65c-4435-a387-36920379578d,959234.31,6010383.42,Comfortable,66.4
1785846660000,NOISE-N,b291e7be-9f14-44ed-87c1-0f02b8ca35b3,958906.23,6010563.72,High,80.7
1785846660000,NOISE-E,7be9696e-9ace-4085-a81b-0b04c83955db,959045.15,6010445.49,High,84
1785846660000,NOISE-S,b543d03f-a7d0-4faa-8507-0b3e31081e0b,958885.54,6010297.7,High,80.8
1785846660000,NOISE-W,49a1ac8f-b89d-4356-8260-a3e73765a98a,958749.58,6010415.93,High,81.2
1785846660000,NOISE-NR1,5c7eb3a5-3ace-49d5-b023-33009a594311,959160.42,6010678.99,Comfortable,65.2
1785846660000,NOISE-NR2,a7b30385-932d-4325-b84b-ae6bdcc359e3,958613.61,6010191.3,Comfortable,63.3
1785846660000,NOISE-NR3,74469165-c65c-4435-a387-36920379578d,959234.31,6010383.42,Comfortable,66.5
1785846720000,NOISE-N,b291e7be-9f14-44ed-87c1-0f02b8ca35b3,958906.23,6010563.72,High,80.6
1785846720000,NOISE-E,7be9696e-9ace-4085-a81b-0b04c83955db,959045.15,6010445.49,High,83.8
1785846720000,NOISE-S,b543d03f-a7d0-4faa-8507-0b3e31081e0b,958885.54,6010297.7,High,80.8
1785846720000,NOISE-W,49a1ac8f-b89d-4356-8260-a3e73765a98a,958749.58,6010415.93,High,81
1785846720000,NOISE-NR1,5c7eb3a5-3ace-49d5-b023-33009a594311,959160.42,6010678.99,Comfortable,65.4
1785846720000,NOISE-NR2,a7b30385-932d-4325-b84b-ae6bdcc359e3,958613.61,6010191.3,Comfortable,62.9
1785846720000,NOISE-NR3,74469165-c65c-4435-a387-36920379578d,959234.31,6010383.42,Comfortable,67.3
1785846780000,NOISE-N,b291e7be-9f14-44ed-87c1-0f02b8ca35b3,958906.23,6010563.72,High,81.1
1785846780000,NOISE-E,7be9696e-9ace-4085-a81b-0b04c83955db,959045.15,6010445.49,High,84.5
1785846780000,NOISE-S,b543d03f-a7d0-4faa-8507-0b3e31081e0b,958885.54,6010297.7,High,80.9
1785846780000,NOISE-W,49a1ac8f-b89d-4356-8260-a3e73765a98a,958749.58,6010415.93,High,80.5
1785846780000,NOISE-NR1,5c7eb3a5-3ace-49d5-b023-33009a594311,959160.42,6010678.99,Comfortable,65.2
1785846780000,NOISE-NR2,a7b30385-932d-4325-b84b-ae6bdcc359e3,958613.61,6010191.3,Comfortable,62.7
1785846780000,NOISE-NR3,74469165-c65c-4435-a387-36920379578d,959234.31,6010383.42,Comfortable,67.1
1785846840000,NOISE-N,b291e7be-9f14-44ed-87c1-0f02b8ca35b3,958906.23,6010563.72,High,81.2
1785846840000,NOISE-E,7be9696e-9ace-4085-a81b-0b04c83955db,959045.15,6010445.49,High,84.6
1785846840000,NOISE-S,b543d03f-a7d0-4faa-8507-0b3e31081e0b,958885.54,6010297.7,High,80.4
1785846840000,NOISE-W,49a1ac8f-b89d-4356-8260-a3e73765a98a,958749.58,6010415.93,High,80.2
1785846840000,NOISE-NR1,5c7eb3a5-3ace-49d5-b023-33009a594311,959160.42,6010678.99,Comfortable,64.8
1785846840000,NOISE-NR2,a7b30385-932d-4325-b84b-ae6bdcc359e3,958613.61,6010191.3,Comfortable,63.1
1785846840000,NOISE-NR3,74469165-c65c-4435-a387-36920379578d,959234.31,6010383.42,Comfortable,67.3
1785846900000,NOISE-N,b291e7be-9f14-44ed-87c1-0f02b8ca35b3,958906.23,6010563.72,High,81
1785846900000,NOISE-E,7be9696e-9ace-4085-a81b-0b04c83955db,959045.15,6010445.49,High,83.9
1785846900000,NOISE-S,b543d03f-a7d0-4faa-8507-0b3e31081e0b,958885.54,6010297.7,High,80.3
1785846900000,NOISE-W,49a1ac8f-b89d-4356-8260-a3e73765a98a,958749.58,6010415.93,High,80.7
1785846900000,NOISE-NR1,5c7eb3a5-3ace-49d5-b023-33009a594311,959160.42,6010678.99,Comfortable,65.5
1785846900000,NOISE-NR2,a7b30385-932d-4325-b84b-ae6bdcc359e3,958613.61,6010191.3,Comfortable,62.7
1785846900000,NOISE-NR3,74469165-c65c-4435-a387-36920379578d,959234.31,6010383.42,Comfortable,67.7
1785846960000,NOISE-N,b291e7be-9f14-44ed-87c1-0f02b8ca35b3,958906.23,6010563.72,High,81.7
1785846960000,NOISE-E,7be9696e-9ace-4085-a81b-0b04c83955db,959045.15,6010445.49,High,84.3
1785846960000,NOISE-S,b543d03f-a7d0-4faa-8507-0b3e31081e0b,958885.54,6010297.7,High,80.9
1785846960000,NOISE-W,49a1ac8f-b89d-4356-8260-a3e73765a98a,958749.58,6010415.93,High,80.4
1785846960000,NOISE-NR1,5c7eb3a5-3ace-49d5-b023-33009a594311,959160.42,6010678.99,Comfortable,65.3
1785846960000,NOISE-NR2,a7b30385-932d-4325-b84b-ae6bdcc359e3,958613.61,6010191.3,Comfortable,63.2
1785846960000,NOISE-NR3,74469165-c65c-4435-a387-36920379578d,959234.31,6010383.42,Comfortable,67.4
1785847020000,NOISE-N,b291e7be-9f14-44ed-87c1-0f02b8ca35b3,958906.23,6010563.72,High,81.2
1785847020000,NOISE-E,7be9696e-9ace-4085-a81b-0b04c83955db,959045.15,6010445.49,High,84.4
1785847020000,NOISE-S,b543d03f-a7d0-4faa-8507-0b3e31081e0b,958885.54,6010297.7,High,81.3
1785847020000,NOISE-W,49a1ac8f-b89d-4356-8260-a3e73765a98a,958749.58,6010415.93,High,81.3
1785847020000,NOISE-NR1,5c7eb3a5-3ace-49d5-b023-33009a594311,959160.42,6010678.99,Comfortable,65
1785847020000,NOISE-NR2,a7b30385-932d-4325-b84b-ae6bdcc359e3,958613.61,6010191.3,Comfortable,63.6
1785847020000,NOISE-NR3,74469165-c65c-4435-a387-36920379578d,959234.31,6010383.42,Comfortable,67.5
1785847080000,NOISE-N,b291e7be-9f14-44ed-87c1-0f02b8ca35b3,958906.23,6010563.72,High,82.2
1785847080000,NOISE-E,7be9696e-9ace-4085-a81b-0b04c83955db,959045.15,6010445.49,Excessive,85.1
1785847080000,NOISE-S,b543d03f-a7d0-4faa-8507-0b3e31081e0b,958885.54,6010297.7,High,80.8
1785847080000,NOISE-W,49a1ac8f-b89d-4356-8260-a3e73765a98a,958749.58,6010415.93,High,80.8
1785847080000,NOISE-NR1,5c7eb3a5-3ace-49d5-b023-33009a594311,959160.42,6010678.99,Comfortable,65.9
1785847080000,NOISE-NR2,a7b30385-932d-4325-b84b-ae6bdcc359e3,958613.61,6010191.3,Comfortable,63.5
1785847080000,NOISE-NR3,74469165-c65c-4435-a387-36920379578d,959234.31,6010383.42,Comfortable,68.1
1785847140000,NOISE-N,b291e7be-9f14-44ed-87c1-0f02b8ca35b3,958906.23,6010563.72,High,81.8
1785847140000,NOISE-E,7be9696e-9ace-4085-a81b-0b04c83955db,959045.15,6010445.49,High,84.8
1785847140000,NOISE-S,b543d03f-a7d0-4faa-8507-0b3e31081e0b,958885.54,6010297.7,High,81.4
1785847140000,NOISE-W,49a1ac8f-b89d-4356-8260-a3e73765a98a,958749.58,6010415.93,High,80.2
1785847140000,NOISE-NR1,5c7eb3a5-3ace-49d5-b023-33009a594311,959160.42,6010678.99,Comfortable,65.5
1785847140000,NOISE-NR2,a7b30385-932d-4325-b84b-ae6bdcc359e3,958613.61,6010191.3,Comfortable,62.6
1785847140000,NOISE-NR3,74469165-c65c-4435-a387-36920379578d,959234.31,6010383.42,Comfortable,67.3
1785847200000,NOISE-N,b291e7be-9f14-44ed-87c1-0f02b8ca35b3,958906.23,6010563.72,High,82.6
1785847200000,NOISE-E,7be9696e-9ace-4085-a81b-0b04c83955db,959045.15,6010445.49,High,83.8
1785847200000,NOISE-S,b543d03f-a7d0-4faa-8507-0b3e31081e0b,958885.54,6010297.7,High,80.7
1785847200000,NOISE-W,49a1ac8f-b89d-4356-8260-a3e73765a98a,958749.58,6010415.93,Elevated,79.8
1785847200000,NOISE-NR1,5c7eb3a5-3ace-49d5-b023-33009a594311,959160.42,6010678.99,Comfortable,64.9
1785847200000,NOISE-NR2,a7b30385-932d-4325-b84b-ae6bdcc359e3,958613.61,6010191.3,Comfortable,63.2
1785847200000,NOISE-NR3,74469165-c65c-4435-a387-36920379578d,959234.31,6010383.42,Comfortable,67.7
1785847260000,NOISE-N,b291e7be-9f14-44ed-87c1-0f02b8ca35b3,958906.23,6010563.72,High,82
1785847260000,NOISE-E,7be9696e-9ace-4085-a81b-0b04c83955db,959045.15,6010445.49,High,84.5
1785847260000,NOISE-S,b543d03f-a7d0-4faa-8507-0b3e31081e0b,958885.54,6010297.7,High,81.2
1785847260000,NOISE-W,49a1ac8f-b89d-4356-8260-a3e73765a98a,958749.58,6010415.93,High,80.1
1785847260000,NOISE-NR1,5c7eb3a5-3ace-49d5-b023-33009a594311,959160.42,6010678.99,Comfortable,65.2
1785847260000,NOISE-NR2,a7b30385-932d-4325-b84b-ae6bdcc359e3,958613.61,6010191.3,Comfortable,62.5
1785847260000,NOISE-NR3,74469165-c65c-4435-a387-36920379578d,959234.31,6010383.42,Comfortable,67.1
1785847320000,NOISE-N,b291e7be-9f14-44ed-87c1-0f02b8ca35b3,958906.23,6010563.72,High,81.4
1785847320000,NOISE-E,7be9696e-9ace-4085-a81b-0b04c83955db,959045.15,6010445.49,High,84.3
1785847320000,NOISE-S,b543d03f-a7d0-4faa-8507-0b3e31081e0b,958885.54,6010297.7,High,80.6
1785847320000,NOISE-W,49a1ac8f-b89d-4356-8260-a3e73765a98a,958749.58,6010415.93,High,80.3
1785847320000,NOISE-NR1,5c7eb3a5-3ace-49d5-b023-33009a594311,959160.42,6010678.99,Comfortable,66
1785847320000,NOISE-NR2,a7b30385-932d-4325-b84b-ae6bdcc359e3,958613.61,6010191.3,Comfortable,62.5
1785847320000,NOISE-NR3,74469165-c65c-4435-a387-36920379578d,959234.31,6010383.42,Comfortable,67.7
1785847380000,NOISE-N,b291e7be-9f14-44ed-87c1-0f02b8ca35b3,958906.23,6010563.72,High,81.6
1785847380000,NOISE-E,7be9696e-9ace-4085-a81b-0b04c83955db,959045.15,6010445.49,High,85
1785847380000,NOISE-S,b543d03f-a7d0-4faa-8507-0b3e31081e0b,958885.54,6010297.7,High,80.2
1785847380000,NOISE-W,49a1ac8f-b89d-4356-8260-a3e73765a98a,958749.58,6010415.93,High,80.6
1785847380000,NOISE-NR1,5c7eb3a5-3ace-49d5-b023-33009a594311,959160.42,6010678.99,Comfortable,66.6
1785847380000,NOISE-NR2,a7b30385-932d-4325-b84b-ae6bdcc359e3,958613.61,6010191.3,Comfortable,62.6
1785847380000,NOISE-NR3,74469165-c65c-4435-a387-36920379578d,959234.31,6010383.42,Comfortable,68.1
1785847440000,NOISE-N,b291e7be-9f14-44ed-87c1-0f02b8ca35b3,958906.23,6010563.72,High,81.2
1785847440000,NOISE-E,7be9696e-9ace-4085-a81b-0b04c83955db,959045.15,6010445.49,Excessive,85.1
1785847440000,NOISE-S,b543d03f-a7d0-4faa-8507-0b3e31081e0b,958885.54,6010297.7,Elevated,79.4
1785847440000,NOISE-W,49a1ac8f-b89d-4356-8260-a3e73765a98a,958749.58,6010415.93,High,80.5
1785847440000,NOISE-NR1,5c7eb3a5-3ace-49d5-b023-33009a594311,959160.42,6010678.99,Comfortable,67
1785847440000,NOISE-NR2,a7b30385-932d-4325-b84b-ae6bdcc359e3,958613.61,6010191.3,Comfortable,62.9
1785847440000,NOISE-NR3,74469165-c65c-4435-a387-36920379578d,959234.31,6010383.42,Comfortable,68.4
1785847500000,NOISE-N,b291e7be-9f14-44ed-87c1-0f02b8ca35b3,958906.23,6010563.72,High,81.5
1785847500000,NOISE-E,7be9696e-9ace-4085-a81b-0b04c83955db,959045.15,6010445.49,High,84.3
1785847500000,NOISE-S,b543d03f-a7d0-4faa-8507-0b3e31081e0b,958885.54,6010297.7,Elevated,79.7
1785847500000,NOISE-W,49a1ac8f-b89d-4356-8260-a3e73765a98a,958749.58,6010415.93,Elevated,79.9
1785847500000,NOISE-NR1,5c7eb3a5-3ace-49d5-b023-33009a594311,959160.42,6010678.99,Comfortable,66.6
1785847500000,NOISE-NR2,a7b30385-932d-4325-b84b-ae6bdcc359e3,958613.61,6010191.3,Comfortable,62.1
1785847500000,NOISE-NR3,74469165-c65c-4435-a387-36920379578d,959234.31,6010383.42,Comfortable,68.5
1785847560000,NOISE-N,b291e7be-9f14-44ed-87c1-0f02b8ca35b3,958906.23,6010563.72,High,81.2
1785847560000,NOISE-E,7be9696e-9ace-4085-a81b-0b04c83955db,959045.15,6010445.49,High,84.1
1785847560000,NOISE-S,b543d03f-a7d0-4faa-8507-0b3e31081e0b,958885.54,6010297.7,High,80.3
1785847560000,NOISE-W,49a1ac8f-b89d-4356-8260-a3e73765a98a,958749.58,6010415.93,Elevated,79.6
1785847560000,NOISE-NR1,5c7eb3a5-3ace-49d5-b023-33009a594311,959160.42,6010678.99,Comfortable,66.2
1785847560000,NOISE-NR2,a7b30385-932d-4325-b84b-ae6bdcc359e3,958613.61,6010191.3,Comfortable,62.6
1785847560000,NOISE-NR3,74469165-c65c-4435-a387-36920379578d,959234.31,6010383.42,Comfortable,68.7
1785847620000,NOISE-N,b291e7be-9f14-44ed-87c1-0f02b8ca35b3,958906.23,6010563.72,High,81.2
1785847620000,NOISE-E,7be9696e-9ace-4085-a81b-0b04c83955db,959045.15,6010445.49,High,84
1785847620000,NOISE-S,b543d03f-a7d0-4faa-8507-0b3e31081e0b,958885.54,6010297.7,High,80.7
1785847620000,NOISE-W,49a1ac8f-b89d-4356-8260-a3e73765a98a,958749.58,6010415.93,High,80.1
1785847620000,NOISE-NR1,5c7eb3a5-3ace-49d5-b023-33009a594311,959160.42,6010678.99,Comfortable,66.6
1785847620000,NOISE-NR2,a7b30385-932d-4325-b84b-ae6bdcc359e3,958613.61,6010191.3,Comfortable,62
1785847620000,NOISE-NR3,74469165-c65c-4435-a387-36920379578d,959234.31,6010383.42,Comfortable,68.9
1785847680000,NOISE-N,b291e7be-9f14-44ed-87c1-0f02b8ca35b3,958906.23,6010563.72,High,82.1
1785847680000,NOISE-E,7be9696e-9ace-4085-a81b-0b04c83955db,959045.15,6010445.49,High,84.1
1785847680000,NOISE-S,b543d03f-a7d0-4faa-8507-0b3e31081e0b,958885.54,6010297.7,High,80.4
1785847680000,NOISE-W,49a1ac8f-b89d-4356-8260-a3e73765a98a,958749.58,6010415.93,High,80.6
1785847680000,NOISE-NR1,5c7eb3a5-3ace-49d5-b023-33009a594311,959160.42,6010678.99,Comfortable,66.6
1785847680000,NOISE-NR2,a7b30385-932d-4325-b84b-ae6bdcc359e3,958613.61,6010191.3,Comfortable,61.5
1785847680000,NOISE-NR3,74469165-c65c-4435-a387-36920379578d,959234.31,6010383.42,Comfortable,68.6
1785847740000,NOISE-N,b291e7be-9f14-44ed-87c1-0f02b8ca35b3,958906.23,6010563.72,High,81.5
1785847740000,NOISE-E,7be9696e-9ace-4085-a81b-0b04c83955db,959045.15,6010445.49,High,83.9
1785847740000,NOISE-S,b543d03f-a7d0-4faa-8507-0b3e31081e0b,958885.54,6010297.7,High,81
1785847740000,NOISE-W,49a1ac8f-b89d-4356-8260-a3e73765a98a,958749.58,6010415.93,High,81.1
1785847740000,NOISE-NR1,5c7eb3a5-3ace-49d5-b023-33009a594311,959160.42,6010678.99,Comfortable,65.8
1785847740000,NOISE-NR2,a7b30385-932d-4325-b84b-ae6bdcc359e3,958613.61,6010191.3,Comfortable,61.1
1785847740000,NOISE-NR3,74469165-c65c-4435-a387-36920379578d,959234.31,6010383.42,Comfortable,68.4
1785847800000,NOISE-N,b291e7be-9f14-44ed-87c1-0f02b8ca35b3,958906.23,6010563.72,High,81.6
1785847800000,NOISE-E,7be9696e-9ace-4085-a81b-0b04c83955db,959045.15,6010445.49,High,84.6
1785847800000,NOISE-S,b543d03f-a7d0-4faa-8507-0b3e31081e0b,958885.54,6010297.7,High,80.2
1785847800000,NOISE-W,49a1ac8f-b89d-4356-8260-a3e73765a98a,958749.58,6010415.93,High,81.4
1785847800000,NOISE-NR1,5c7eb3a5-3ace-49d5-b023-33009a594311,959160.42,6010678.99,Comfortable,65.3
1785847800000,NOISE-NR2,a7b30385-932d-4325-b84b-ae6bdcc359e3,958613.61,6010191.3,Comfortable,61.3
1785847800000,NOISE-NR3,74469165-c65c-4435-a387-36920379578d,959234.31,6010383.42,Comfortable,67.3
1785847860000,NOISE-N,b291e7be-9f14-44ed-87c1-0f02b8ca35b3,958906.23,6010563.72,High,82.1
1785847860000,NOISE-E,7be9696e-9ace-4085-a81b-0b04c83955db,959045.15,6010445.49,High,83.7
1785847860000,NOISE-S,b543d03f-a7d0-4faa-8507-0b3e31081e0b,958885.54,6010297.7,High,80.8
1785847860000,NOISE-W,49a1ac8f-b89d-4356-8260-a3e73765a98a,958749.58,6010415.93,High,80.7
1785847860000,NOISE-NR1,5c7eb3a5-3ace-49d5-b023-33009a594311,959160.42,6010678.99,Comfortable,65.3
1785847860000,NOISE-NR2,a7b30385-932d-4325-b84b-ae6bdcc359e3,958613.61,6010191.3,Comfortable,61
1785847860000,NOISE-NR3,74469165-c65c-4435-a387-36920379578d,959234.31,6010383.42,Comfortable,66.9
1785847920000,NOISE-N,b291e7be-9f14-44ed-87c1-0f02b8ca35b3,958906.23,6010563.72,High,82.4
1785847920000,NOISE-E,7be9696e-9ace-4085-a81b-0b04c83955db,959045.15,6010445.49,High,83.5
1785847920000,NOISE-S,b543d03f-a7d0-4faa-8507-0b3e31081e0b,958885.54,6010297.7,Elevated,79.9
1785847920000,NOISE-W,49a1ac8f-b89d-4356-8260-a3e73765a98a,958749.58,6010415.93,High,81.5
1785847920000,NOISE-NR1,5c7eb3a5-3ace-49d5-b023-33009a594311,959160.42,6010678.99,Comfortable,66.3
1785847920000,NOISE-NR2,a7b30385-932d-4325-b84b-ae6bdcc359e3,958613.61,6010191.3,Comfortable,61.4
1785847920000,NOISE-NR3,74469165-c65c-4435-a387-36920379578d,959234.31,6010383.42,Comfortable,67.7
1785847980000,NOISE-N,b291e7be-9f14-44ed-87c1-0f02b8ca35b3,958906.23,6010563.72,High,82.3
1785847980000,NOISE-E,7be9696e-9ace-4085-a81b-0b04c83955db,959045.15,6010445.49,High,83.9
1785847980000,NOISE-S,b543d03f-a7d0-4faa-8507-0b3e31081e0b,958885.54,6010297.7,High,80.6
1785847980000,NOISE-W,49a1ac8f-b89d-4356-8260-a3e73765a98a,958749.58,6010415.93,High,82.1
1785847980000,NOISE-NR1,5c7eb3a5-3ace-49d5-b023-33009a594311,959160.42,6010678.99,Comfortable,66.2
1785847980000,NOISE-NR2,a7b30385-932d-4325-b84b-ae6bdcc359e3,958613.61,6010191.3,Comfortable,61.9
1785847980000,NOISE-NR3,74469165-c65c-4435-a387-36920379578d,959234.31,6010383.42,Comfortable,67.9
1785848040000,NOISE-N,b291e7be-9f14-44ed-87c1-0f02b8ca35b3,958906.23,6010563.72,High,82.1
1785848040000,NOISE-E,7be9696e-9ace-4085-a81b-0b04c83955db,959045.15,6010445.49,High,83.7
1785848040000,NOISE-S,b543d03f-a7d0-4faa-8507-0b3e31081e0b,958885.54,6010297.7,High,81.2
1785848040000,NOISE-W,49a1ac8f-b89d-4356-8260-a3e73765a98a,958749.58,6010415.93,High,81.6
1785848040000,NOISE-NR1,5c7eb3a5-3ace-49d5-b023-33009a594311,959160.42,6010678.99,Comfortable,66.2
1785848040000,NOISE-NR2,a7b30385-932d-4325-b84b-ae6bdcc359e3,958613.61,6010191.3,Comfortable,62.9
1785848040000,NOISE-NR3,74469165-c65c-4435-a387-36920379578d,959234.31,6010383.42,Comfortable,67.5
1785848100000,NOISE-N,b291e7be-9f14-44ed-87c1-0f02b8ca35b3,958906.23,6010563.72,High,82.7
1785848100000,NOISE-E,7be9696e-9ace-4085-a81b-0b04c83955db,959045.15,6010445.49,High,83.5
1785848100000,NOISE-S,b543d03f-a7d0-4faa-8507-0b3e31081e0b,958885.54,6010297.7,High,80.7
1785848100000,NOISE-W,49a1ac8f-b89d-4356-8260-a3e73765a98a,958749.58,6010415.93,High,82.1
1785848100000,NOISE-NR1,5c7eb3a5-3ace-49d5-b023-33009a594311,959160.42,6010678.99,Comfortable,66.4
1785848100000,NOISE-NR2,a7b30385-932d-4325-b84b-ae6bdcc359e3,958613.61,6010191.3,Comfortable,63.1
1785848100000,NOISE-NR3,74469165-c65c-4435-a387-36920379578d,959234.31,6010383.42,Comfortable,67.6
1785848160000,NOISE-N,b291e7be-9f14-44ed-87c1-0f02b8ca35b3,958906.23,6010563.72,High,82.2
1785848160000,NOISE-E,7be9696e-9ace-4085-a81b-0b04c83955db,959045.15,6010445.49,High,84.1
1785848160000,NOISE-S,b543d03f-a7d0-4faa-8507-0b3e31081e0b,958885.54,6010297.7,High,80.3
1785848160000,NOISE-W,49a1ac8f-b89d-4356-8260-a3e73765a98a,958749.58,6010415.93,High,81.5
1785848160000,NOISE-NR1,5c7eb3a5-3ace-49d5-b023-33009a594311,959160.42,6010678.99,Comfortable,65.6
1785848160000,NOISE-NR2,a7b30385-932d-4325-b84b-ae6bdcc359e3,958613.61,6010191.3,Comfortable,62.8
1785848160000,NOISE-NR3,74469165-c65c-4435-a387-36920379578d,959234.31,6010383.42,Comfortable,66.8
1785848220000,NOISE-N,b291e7be-9f14-44ed-87c1-0f02b8ca35b3,958906.23,6010563.72,High,82.6
1785848220000,NOISE-E,7be9696e-9ace-4085-a81b-0b04c83955db,959045.15,6010445.49,High,84.6
1785848220000,NOISE-S,b543d03f-a7d0-4faa-8507-0b3e31081e0b,958885.54,6010297.7,High,80.4
1785848220000,NOISE-W,49a1ac8f-b89d-4356-8260-a3e73765a98a,958749.58,6010415.93,High,81
1785848220000,NOISE-NR1,5c7eb3a5-3ace-49d5-b023-33009a594311,959160.42,6010678.99,Comfortable,66.3
1785848220000,NOISE-NR2,a7b30385-932d-4325-b84b-ae6bdcc359e3,958613.61,6010191.3,Comfortable,63.5
1785848220000,NOISE-NR3,74469165-c65c-4435-a387-36920379578d,959234.31,6010383.42,Comfortable,66.2
1785848280000,NOISE-N,b291e7be-9f14-44ed-87c1-0f02b8ca35b3,958906.23,6010563.72,High,82.9
1785848280000,NOISE-E,7be9696e-9ace-4085-a81b-0b04c83955db,959045.15,6010445.49,High,84.7
1785848280000,NOISE-S,b543d03f-a7d0-4faa-8507-0b3e31081e0b,958885.54,6010297.7,High,80.1
1785848280000,NOISE-W,49a1ac8f-b89d-4356-8260-a3e73765a98a,958749.58,6010415.93,High,81.1
1785848280000,NOISE-NR1,5c7eb3a5-3ace-49d5-b023-33009a594311,959160.42,6010678.99,Comfortable,66.8
1785848280000,NOISE-NR2,a7b30385-932d-4325-b84b-ae6bdcc359e3,958613.61,6010191.3,Comfortable,63.5
1785848280000,NOISE-NR3,74469165-c65c-4435-a387-36920379578d,959234.31,6010383.42,Comfortable,66
1785848340000,NOISE-N,b291e7be-9f14-44ed-87c1-0f02b8ca35b3,958906.23,6010563.72,High,82.7
1785848340000,NOISE-E,7be9696e-9ace-4085-a81b-0b04c83955db,959045.15,6010445.49,High,84.5
1785848340000,NOISE-S,b543d03f-a7d0-4faa-8507-0b3e31081e0b,958885.54,6010297.7,High,80.8
1785848340000,NOISE-W,49a1ac8f-b89d-4356-8260-a3e73765a98a,958749.58,6010415.93,High,81.8
1785848340000,NOISE-NR1,5c7eb3a5-3ace-49d5-b023-33009a594311,959160.42,6010678.99,Comfortable,67.3
1785848340000,NOISE-NR2,a7b30385-932d-4325-b84b-ae6bdcc359e3,958613.61,6010191.3,Comfortable,63.6
1785848340000,NOISE-NR3,74469165-c65c-4435-a387-36920379578d,959234.31,6010383.42,Comfortable,65.8
1785848400000,NOISE-N,b291e7be-9f14-44ed-87c1-0f02b8ca35b3,958906.23,6010563.72,High,83.1
1785848400000,NOISE-E,7be9696e-9ace-4085-a81b-0b04c83955db,959045.15,6010445.49,High,84
1785848400000,NOISE-S,b543d03f-a7d0-4faa-8507-0b3e31081e0b,958885.54,6010297.7,High,81.3
1785848400000,NOISE-W,49a1ac8f-b89d-4356-8260-a3e73765a98a,958749.58,6010415.93,High,81.3
1785848400000,NOISE-NR1,5c7eb3a5-3ace-49d5-b023-33009a594311,959160.42,6010678.99,Comfortable,66.7
1785848400000,NOISE-NR2,a7b30385-932d-4325-b84b-ae6bdcc359e3,958613.61,6010191.3,Comfortable,63.1
1785848400000,NOISE-NR3,74469165-c65c-4435-a387-36920379578d,959234.31,6010383.42,Comfortable,65.3
1785848460000,NOISE-N,b291e7be-9f14-44ed-87c1-0f02b8ca35b3,958906.23,6010563.72,High,82.2
1785848460000,NOISE-E,7be9696e-9ace-4085-a81b-0b04c83955db,959045.15,6010445.49,High,84.5
1785848460000,NOISE-S,b543d03f-a7d0-4faa-8507-0b3e31081e0b,958885.54,6010297.7,High,81.2
1785848460000,NOISE-W,49a1ac8f-b89d-4356-8260-a3e73765a98a,958749.58,6010415.93,High,80.5
1785848460000,NOISE-NR1,5c7eb3a5-3ace-49d5-b023-33009a594311,959160.42,6010678.99,Comfortable,67.1
1785848460000,NOISE-NR2,a7b30385-932d-4325-b84b-ae6bdcc359e3,958613.61,6010191.3,Comfortable,63
1785848460000,NOISE-NR3,74469165-c65c-4435-a387-36920379578d,959234.31,6010383.42,Comfortable,65.7
1785848520000,NOISE-N,b291e7be-9f14-44ed-87c1-0f02b8ca35b3,958906.23,6010563.72,High,82.2
1785848520000,NOISE-E,7be9696e-9ace-4085-a81b-0b04c83955db,959045.15,6010445.49,High,83.9
1785848520000,NOISE-S,b543d03f-a7d0-4faa-8507-0b3e31081e0b,958885.54,6010297.7,High,81.3
1785848520000,NOISE-W,49a1ac8f-b89d-4356-8260-a3e73765a98a,958749.58,6010415.93,High,80.6
1785848520000,NOISE-NR1,5c7eb3a5-3ace-49d5-b023-33009a594311,959160.42,6010678.99,Comfortable,67.2
1785848520000,NOISE-NR2,a7b30385-932d-4325-b84b-ae6bdcc359e3,958613.61,6010191.3,Comfortable,62.8
1785848520000,NOISE-NR3,74469165-c65c-4435-a387-36920379578d,959234.31,6010383.42,Comfortable,66.8
1785848580000,NOISE-N,b291e7be-9f14-44ed-87c1-0f02b8ca35b3,958906.23,6010563.72,High,82.7
1785848580000,NOISE-E,7be9696e-9ace-4085-a81b-0b04c83955db,959045.15,6010445.49,High,84.1
1785848580000,NOISE-S,b543d03f-a7d0-4faa-8507-0b3e31081e0b,958885.54,6010297.7,High,81.4
1785848580000,NOISE-W,49a1ac8f-b89d-4356-8260-a3e73765a98a,958749.58,6010415.93,High,80.7
1785848580000,NOISE-NR1,5c7eb3a5-3ace-49d5-b023-33009a594311,959160.42,6010678.99,Comfortable,67.4
1785848580000,NOISE-NR2,a7b30385-932d-4325-b84b-ae6bdcc359e3,958613.61,6010191.3,Comfortable,62.3
1785848580000,NOISE-NR3,74469165-c65c-4435-a387-36920379578d,959234.31,6010383.42,Comfortable,66.1
1785848640000,NOISE-N,b291e7be-9f14-44ed-87c1-0f02b8ca35b3,958906.23,6010563.72,High,82.4
1785848640000,NOISE-E,7be9696e-9ace-4085-a81b-0b04c83955db,959045.15,6010445.49,High,84.5
1785848640000,NOISE-S,b543d03f-a7d0-4faa-8507-0b3e31081e0b,958885.54,6010297.7,High,80.3
1785848640000,NOISE-W,49a1ac8f-b89d-4356-8260-a3e73765a98a,958749.58,6010415.93,Elevated,80
1785848640000,NOISE-NR1,5c7eb3a5-3ace-49d5-b023-33009a594311,959160.42,6010678.99,Comfortable,67.5
1785848640000,NOISE-NR2,a7b30385-932d-4325-b84b-ae6bdcc359e3,958613.61,6010191.3,Comfortable,61.9
1785848640000,NOISE-NR3,74469165-c65c-4435-a387-36920379578d,959234.31,6010383.42,Comfortable,66.3
1785848700000,NOISE-N,b291e7be-9f14-44ed-87c1-0f02b8ca35b3,958906.23,6010563.72,High,82.3
1785848700000,NOISE-E,7be9696e-9ace-4085-a81b-0b04c83955db,959045.15,6010445.49,Excessive,85.1
1785848700000,NOISE-S,b543d03f-a7d0-4faa-8507-0b3e31081e0b,958885.54,6010297.7,High,80.8
1785848700000,NOISE-W,49a1ac8f-b89d-4356-8260-a3e73765a98a,958749.58,6010415.93,High,81
1785848700000,NOISE-NR1,5c7eb3a5-3ace-49d5-b023-33009a594311,959160.42,6010678.99,Comfortable,67.4
1785848700000,NOISE-NR2,a7b30385-932d-4325-b84b-ae6bdcc359e3,958613.61,6010191.3,Comfortable,62.6
1785848700000,NOISE-NR3,74469165-c65c-4435-a387-36920379578d,959234.31,6010383.42,Comfortable,65.8
1785848760000,NOISE-N,b291e7be-9f14-44ed-87c1-0f02b8ca35b3,958906.23,6010563.72,High,82.3
1785848760000,NOISE-E,7be9696e-9ace-4085-a81b-0b04c83955db,959045.15,6010445.49,Excessive,85.4
1785848760000,NOISE-S,b543d03f-a7d0-4faa-8507-0b3e31081e0b,958885.54,6010297.7,Elevated,79.9
1785848760000,NOISE-W,49a1ac8f-b89d-4356-8260-a3e73765a98a,958749.58,6010415.93,High,80.8
1785848760000,NOISE-NR1,5c7eb3a5-3ace-49d5-b023-33009a594311,959160.42,6010678.99,Comfortable,66.8
1785848760000,NOISE-NR2,a7b30385-932d-4325-b84b-ae6bdcc359e3,958613.61,6010191.3,Comfortable,63.4
1785848760000,NOISE-NR3,74469165-c65c-4435-a387-36920379578d,959234.31,6010383.42,Comfortable,66.1
1785848820000,NOISE-N,b291e7be-9f14-44ed-87c1-0f02b8ca35b3,958906.23,6010563.72,High,82.4
1785848820000,NOISE-E,7be9696e-9ace-4085-a81b-0b04c83955db,959045.15,6010445.49,High,84.6
1785848820000,NOISE-S,b543d03f-a7d0-4faa-8507-0b3e31081e0b,958885.54,6010297.7,High,80.6
1785848820000,NOISE-W,49a1ac8f-b89d-4356-8260-a3e73765a98a,958749.58,6010415.93,High,80.6
1785848820000,NOISE-NR1,5c7eb3a5-3ace-49d5-b023-33009a594311,959160.42,6010678.99,Comfortable,67.4
1785848820000,NOISE-NR2,a7b30385-932d-4325-b84b-ae6bdcc359e3,958613.61,6010191.3,Comfortable,62.9
1785848820000,NOISE-NR3,74469165-c65c-4435-a387-36920379578d,959234.31,6010383.42,Comfortable,66.7
1785848880000,NOISE-N,b291e7be-9f14-44ed-87c1-0f02b8ca35b3,958906.23,6010563.72,High,82.4
1785848880000,NOISE-E,7be9696e-9ace-4085-a81b-0b04c83955db,959045.15,6010445.49,High,83.9
1785848880000,NOISE-S,b543d03f-a7d0-4faa-8507-0b3e31081e0b,958885.54,6010297.7,High,80.3
1785848880000,NOISE-W,49a1ac8f-b89d-4356-8260-a3e73765a98a,958749.58,6010415.93,High,80.9
1785848880000,NOISE-NR1,5c7eb3a5-3ace-49d5-b023-33009a594311,959160.42,6010678.99,Comfortable,67.6
1785848880000,NOISE-NR2,a7b30385-932d-4325-b84b-ae6bdcc359e3,958613.61,6010191.3,Comfortable,62.6
1785848880000,NOISE-NR3,74469165-c65c-4435-a387-36920379578d,959234.31,6010383.42,Comfortable,66.4
1785848940000,NOISE-N,b291e7be-9f14-44ed-87c1-0f02b8ca35b3,958906.23,6010563.72,High,82.9
1785848940000,NOISE-E,7be9696e-9ace-4085-a81b-0b04c83955db,959045.15,6010445.49,High,83.5
1785848940000,NOISE-S,b543d03f-a7d0-4faa-8507-0b3e31081e0b,958885.54,6010297.7,High,80.4
1785848940000,NOISE-W,49a1ac8f-b89d-4356-8260-a3e73765a98a,958749.58,6010415.93,High,80.2
1785848940000,NOISE-NR1,5c7eb3a5-3ace-49d5-b023-33009a594311,959160.42,6010678.99,Comfortable,67.5
1785848940000,NOISE-NR2,a7b30385-932d-4325-b84b-ae6bdcc359e3,958613.61,6010191.3,Comfortable,62.7
1785848940000,NOISE-NR3,74469165-c65c-4435-a387-36920379578d,959234.31,6010383.42,Comfortable,67.3
1785849000000,NOISE-N,b291e7be-9f14-44ed-87c1-0f02b8ca35b3,958906.23,6010563.72,High,83.4
1785849000000,NOISE-E,7be9696e-9ace-4085-a81b-0b04c83955db,959045.15,6010445.49,High,83.5
1785849000000,NOISE-S,b543d03f-a7d0-4faa-8507-0b3e31081e0b,958885.54,6010297.7,Elevated,79.9
1785849000000,NOISE-W,49a1ac8f-b89d-4356-8260-a3e73765a98a,958749.58,6010415.93,Elevated,79.9
1785849000000,NOISE-NR1,5c7eb3a5-3ace-49d5-b023-33009a594311,959160.42,6010678.99,Comfortable,67.9
1785849000000,NOISE-NR2,a7b30385-932d-4325-b84b-ae6bdcc359e3,958613.61,6010191.3,Comfortable,62.2
1785849000000,NOISE-NR3,74469165-c65c-4435-a387-36920379578d,959234.31,6010383.42,Comfortable,66.5
1785849060000,NOISE-N,b291e7be-9f14-44ed-87c1-0f02b8ca35b3,958906.23,6010563.72,High,83.7
1785849060000,NOISE-E,7be9696e-9ace-4085-a81b-0b04c83955db,959045.15,6010445.49,High,84.1
1785849060000,NOISE-S,b543d03f-a7d0-4faa-8507-0b3e31081e0b,958885.54,6010297.7,Elevated,79.9
1785849060000,NOISE-W,49a1ac8f-b89d-4356-8260-a3e73765a98a,958749.58,6010415.93,High,80.9
1785849060000,NOISE-NR1,5c7eb3a5-3ace-49d5-b023-33009a594311,959160.42,6010678.99,Comfortable,67.6
1785849060000,NOISE-NR2,a7b30385-932d-4325-b84b-ae6bdcc359e3,958613.61,6010191.3,Comfortable,62
1785849060000,NOISE-NR3,74469165-c65c-4435-a387-36920379578d,959234.31,6010383.42,Comfortable,66.2
1785849120000,NOISE-N,b291e7be-9f14-44ed-87c1-0f02b8ca35b3,958906.23,6010563.72,High,83.2
1785849120000,NOISE-E,7be9696e-9ace-4085-a81b-0b04c83955db,959045.15,6010445.49,High,83.9
1785849120000,NOISE-S,b543d03f-a7d0-4faa-8507-0b3e31081e0b,958885.54,6010297.7,High,80.3
1785849120000,NOISE-W,49a1ac8f-b89d-4356-8260-a3e73765a98a,958749.58,6010415.93,High,80.3
1785849120000,NOISE-NR1,5c7eb3a5-3ace-49d5-b023-33009a594311,959160.42,6010678.99,Comfortable,68
1785849120000,NOISE-NR2,a7b30385-932d-4325-b84b-ae6bdcc359e3,958613.61,6010191.3,Comfortable,62
1785849120000,NOISE-NR3,74469165-c65c-4435-a387-36920379578d,959234.31,6010383.42,Comfortable,67.1
1785849180000,NOISE-N,b291e7be-9f14-44ed-87c1-0f02b8ca35b3,958906.23,6010563.72,High,83.4
1785849180000,NOISE-E,7be9696e-9ace-4085-a81b-0b04c83955db,959045.15,6010445.49,High,84.3
1785849180000,NOISE-S,b543d03f-a7d0-4faa-8507-0b3e31081e0b,958885.54,6010297.7,Elevated,79.4
1785849180000,NOISE-W,49a1ac8f-b89d-4356-8260-a3e73765a98a,958749.58,6010415.93,High,80.5
1785849180000,NOISE-NR1,5c7eb3a5-3ace-49d5-b023-33009a594311,959160.42,6010678.99,Comfortable,66.8
1785849180000,NOISE-NR2,a7b30385-932d-4325-b84b-ae6bdcc359e3,958613.61,6010191.3,Comfortable,61.6
1785849180000,NOISE-NR3,74469165-c65c-4435-a387-36920379578d,959234.31,6010383.42,Comfortable,66.8
1785849240000,NOISE-N,b291e7be-9f14-44ed-87c1-0f02b8ca35b3,958906.23,6010563.72,High,82.8
1785849240000,NOISE-E,7be9696e-9ace-4085-a81b-0b04c83955db,959045.15,6010445.49,High,83.4
1785849240000,NOISE-S,b543d03f-a7d0-4faa-8507-0b3e31081e0b,958885.54,6010297.7,Elevated,79.7
1785849240000,NOISE-W,49a1ac8f-b89d-4356-8260-a3e73765a98a,958749.58,6010415.93,High,80.7
1785849240000,NOISE-NR1,5c7eb3a5-3ace-49d5-b023-33009a594311,959160.42,6010678.99,Comfortable,67.2
1785849240000,NOISE-NR2,a7b30385-932d-4325-b84b-ae6bdcc359e3,958613.61,6010191.3,Comfortable,62.5
1785849240000,NOISE-NR3,74469165-c65c-4435-a387-36920379578d,959234.31,6010383.42,Comfortable,66.5
1785849300000,NOISE-N,b291e7be-9f14-44ed-87c1-0f02b8ca35b3,958906.23,6010563.72,High,82.3
1785849300000,NOISE-E,7be9696e-9ace-4085-a81b-0b04c83955db,959045.15,6010445.49,High,83.4
1785849300000,NOISE-S,b543d03f-a7d0-4faa-8507-0b3e31081e0b,958885.54,6010297.7,High,80.3
1785849300000,NOISE-W,49a1ac8f-b89d-4356-8260-a3e73765a98a,958749.58,6010415.93,High,80.7
1785849300000,NOISE-NR1,5c7eb3a5-3ace-49d5-b023-33009a594311,959160.42,6010678.99,Comfortable,67.4
1785849300000,NOISE-NR2,a7b30385-932d-4325-b84b-ae6bdcc359e3,958613.61,6010191.3,Comfortable,63.2
1785849300000,NOISE-NR3,74469165-c65c-4435-a387-36920379578d,959234.31,6010383.42,Comfortable,66.3
1785849360000,NOISE-N,b291e7be-9f14-44ed-87c1-0f02b8ca35b3,958906.23,6010563.72,High,82.9
1785849360000,NOISE-E,7be9696e-9ace-4085-a81b-0b04c83955db,959045.15,6010445.49,High,83.9
1785849360000,NOISE-S,b543d03f-a7d0-4faa-8507-0b3e31081e0b,958885.54,6010297.7,Elevated,79.7
1785849360000,NOISE-W,49a1ac8f-b89d-4356-8260-a3e73765a98a,958749.58,6010415.93,High,80.7
1785849360000,NOISE-NR1,5c7eb3a5-3ace-49d5-b023-33009a594311,959160.42,6010678.99,Comfortable,67.1
1785849360000,NOISE-NR2,a7b30385-932d-4325-b84b-ae6bdcc359e3,958613.61,6010191.3,Comfortable,63.6
1785849360000,NOISE-NR3,74469165-c65c-4435-a387-36920379578d,959234.31,6010383.42,Comfortable,67
1785849420000,NOISE-N,b291e7be-9f14-44ed-87c1-0f02b8ca35b3,958906.23,6010563.72,High,83.1
1785849420000,NOISE-E,7be9696e-9ace-4085-a81b-0b04c83955db,959045.15,6010445.49,High,83.5
1785849420000,NOISE-S,b543d03f-a7d0-4faa-8507-0b3e31081e0b,958885.54,6010297.7,High,80.2
1785849420000,NOISE-W,49a1ac8f-b89d-4356-8260-a3e73765a98a,958749.58,6010415.93,High,80.7
1785849420000,NOISE-NR1,5c7eb3a5-3ace-49d5-b023-33009a594311,959160.42,6010678.99,Comfortable,67.2
1785849420000,NOISE-NR2,a7b30385-932d-4325-b84b-ae6bdcc359e3,958613.61,6010191.3,Comfortable,64.1
1785849420000,NOISE-NR3,74469165-c65c-4435-a387-36920379578d,959234.31,6010383.42,Comfortable,66.7
1785849480000,NOISE-N,b291e7be-9f14-44ed-87c1-0f02b8ca35b3,958906.23,6010563.72,High,82.1
1785849480000,NOISE-E,7be9696e-9ace-4085-a81b-0b04c83955db,959045.15,6010445.49,High,83.3
1785849480000,NOISE-S,b543d03f-a7d0-4faa-8507-0b3e31081e0b,958885.54,6010297.7,Elevated,79.9
1785849480000,NOISE-W,49a1ac8f-b89d-4356-8260-a3e73765a98a,958749.58,6010415.93,High,81.1
1785849480000,NOISE-NR1,5c7eb3a5-3ace-49d5-b023-33009a594311,959160.42,6010678.99,Comfortable,66.2
1785849480000,NOISE-NR2,a7b30385-932d-4325-b84b-ae6bdcc359e3,958613.61,6010191.3,Comfortable,63.2
1785849480000,NOISE-NR3,74469165-c65c-4435-a387-36920379578d,959234.31,6010383.42,Comfortable,67
1785849540000,NOISE-N,b291e7be-9f14-44ed-87c1-0f02b8ca35b3,958906.23,6010563.72,High,82.8
1785849540000,NOISE-E,7be9696e-9ace-4085-a81b-0b04c83955db,959045.15,6010445.49,High,83.2
1785849540000,NOISE-S,b543d03f-a7d0-4faa-8507-0b3e31081e0b,958885.54,6010297.7,High,80.4
1785849540000,NOISE-W,49a1ac8f-b89d-4356-8260-a3e73765a98a,958749.58,6010415.93,High,80.7
1785849540000,NOISE-NR1,5c7eb3a5-3ace-49d5-b023-33009a594311,959160.42,6010678.99,Comfortable,65.5
1785849540000,NOISE-NR2,a7b30385-932d-4325-b84b-ae6bdcc359e3,958613.61,6010191.3,Comfortable,62.6
1785849540000,NOISE-NR3,74469165-c65c-4435-a387-36920379578d,959234.31,6010383.42,Comfortable,66.8
1785849600000,NOISE-N,b291e7be-9f14-44ed-87c1-0f02b8ca35b3,958906.23,6010563.72,High,83.2
1785849600000,NOISE-E,7be9696e-9ace-4085-a81b-0b04c83955db,959045.15,6010445.49,High,83.1
1785849600000,NOISE-S,b543d03f-a7d0-4faa-8507-0b3e31081e0b,958885.54,6010297.7,Elevated,79.8
1785849600000,NOISE-W,49a1ac8f-b89d-4356-8260-a3e73765a98a,958749.58,6010415.93,High,81.2
1785849600000,NOISE-NR1,5c7eb3a5-3ace-49d5-b023-33009a594311,959160.42,6010678.99,Comfortable,65.3
1785849600000,NOISE-NR2,a7b30385-932d-4325-b84b-ae6bdcc359e3,958613.61,6010191.3,Comfortable,62.4
1785849600000,NOISE-NR3,74469165-c65c-4435-a387-36920379578d,959234.31,6010383.42,Comfortable,66.5
1785849660000,NOISE-N,b291e7be-9f14-44ed-87c1-0f02b8ca35b3,958906.23,6010563.72,High,83.2
1785849660000,NOISE-E,7be9696e-9ace-4085-a81b-0b04c83955db,959045.15,6010445.49,High,83.7
1785849660000,NOISE-S,b543d03f-a7d0-4faa-8507-0b3e31081e0b,958885.54,6010297.7,High,80.4
1785849660000,NOISE-W,49a1ac8f-b89d-4356-8260-a3e73765a98a,958749.58,6010415.93,High,80.3
1785849660000,NOISE-NR1,5c7eb3a5-3ace-49d5-b023-33009a594311,959160.42,6010678.99,Comfortable,64.7
1785849660000,NOISE-NR2,a7b30385-932d-4325-b84b-ae6bdcc359e3,958613.61,6010191.3,Comfortable,62.7
1785849660000,NOISE-NR3,74469165-c65c-4435-a387-36920379578d,959234.31,6010383.42,Comfortable,67.2
1785849720000,NOISE-N,b291e7be-9f14-44ed-87c1-0f02b8ca35b3,958906.23,6010563.72,High,83.2
1785849720000,NOISE-E,7be9696e-9ace-4085-a81b-0b04c83955db,959045.15,6010445.49,High,83.5
1785849720000,NOISE-S,b543d03f-a7d0-4faa-8507-0b3e31081e0b,958885.54,6010297.7,High,80.6
1785849720000,NOISE-W,49a1ac8f-b89d-4356-8260-a3e73765a98a,958749.58,6010415.93,High,80.5
1785849720000,NOISE-NR1,5c7eb3a5-3ace-49d5-b023-33009a594311,959160.42,6010678.99,Comfortable,64.5
1785849720000,NOISE-NR2,a7b30385-932d-4325-b84b-ae6bdcc359e3,958613.61,6010191.3,Comfortable,62.8
1785849720000,NOISE-NR3,74469165-c65c-4435-a387-36920379578d,959234.31,6010383.42,Comfortable,67.3
1785849780000,NOISE-N,b291e7be-9f14-44ed-87c1-0f02b8ca35b3,958906.23,6010563.72,High,82.2
1785849780000,NOISE-E,7be9696e-9ace-4085-a81b-0b04c83955db,959045.15,6010445.49,High,83.4
1785849780000,NOISE-S,b543d03f-a7d0-4faa-8507-0b3e31081e0b,958885.54,6010297.7,High,80.8
1785849780000,NOISE-W,49a1ac8f-b89d-4356-8260-a3e73765a98a,958749.58,6010415.93,High,80.5
1785849780000,NOISE-NR1,5c7eb3a5-3ace-49d5-b023-33009a594311,959160.42,6010678.99,Comfortable,65.4
1785849780000,NOISE-NR2,a7b30385-932d-4325-b84b-ae6bdcc359e3,958613.61,6010191.3,Comfortable,63.1
1785849780000,NOISE-NR3,74469165-c65c-4435-a387-36920379578d,959234.31,6010383.42,Comfortable,67.3
1785849840000,NOISE-N,b291e7be-9f14-44ed-87c1-0f02b8ca35b3,958906.23,6010563.72,High,81.4
1785849840000,NOISE-E,7be9696e-9ace-4085-a81b-0b04c83955db,959045.15,6010445.49,High,83.4
1785849840000,NOISE-S,b543d03f-a7d0-4faa-8507-0b3e31081e0b,958885.54,6010297.7,High,80
1785849840000,NOISE-W,49a1ac8f-b89d-4356-8260-a3e73765a98a,958749.58,6010415.93,High,80.5
1785849840000,NOISE-NR1,5c7eb3a5-3ace-49d5-b023-33009a594311,959160.42,6010678.99,Comfortable,65.2
1785849840000,NOISE-NR2,a7b30385-932d-4325-b84b-ae6bdcc359e3,958613.61,6010191.3,Comfortable,62.6
1785849840000,NOISE-NR3,74469165-c65c-4435-a387-36920379578d,959234.31,6010383.42,Comfortable,67.3
1785849900000,NOISE-N,b291e7be-9f14-44ed-87c1-0f02b8ca35b3,958906.23,6010563.72,High,81
1785849900000,NOISE-E,7be9696e-9ace-4085-a81b-0b04c83955db,959045.15,6010445.49,High,83
1785849900000,NOISE-S,b543d03f-a7d0-4faa-8507-0b3e31081e0b,958885.54,6010297.7,High,80.8
1785849900000,NOISE-W,49a1ac8f-b89d-4356-8260-a3e73765a98a,958749.58,6010415.93,High,81
1785849900000,NOISE-NR1,5c7eb3a5-3ace-49d5-b023-33009a594311,959160.42,6010678.99,Comfortable,65.8
1785849900000,NOISE-NR2,a7b30385-932d-4325-b84b-ae6bdcc359e3,958613.61,6010191.3,Comfortable,62.1
1785849900000,NOISE-NR3,74469165-c65c-4435-a387-36920379578d,959234.31,6010383.42,Comfortable,66.6
1785849960000,NOISE-N,b291e7be-9f14-44ed-87c1-0f02b8ca35b3,958906.23,6010563.72,High,81.7
1785849960000,NOISE-E,7be9696e-9ace-4085-a81b-0b04c83955db,959045.15,6010445.49,High,83.3
1785849960000,NOISE-S,b543d03f-a7d0-4faa-8507-0b3e31081e0b,958885.54,6010297.7,High,80.4
1785849960000,NOISE-W,49a1ac8f-b89d-4356-8260-a3e73765a98a,958749.58,6010415.93,High,81.5
1785849960000,NOISE-NR1,5c7eb3a5-3ace-49d5-b023-33009a594311,959160.42,6010678.99,Comfortable,66.5
1785849960000,NOISE-NR2,a7b30385-932d-4325-b84b-ae6bdcc359e3,958613.61,6010191.3,Comfortable,61.7
1785849960000,NOISE-NR3,74469165-c65c-4435-a387-36920379578d,959234.31,6010383.42,Comfortable,66.5
1785850020000,NOISE-N,b291e7be-9f14-44ed-87c1-0f02b8ca35b3,958906.23,6010563.72,High,81.3
1785850020000,NOISE-E,7be9696e-9ace-4085-a81b-0b04c83955db,959045.15,6010445.49,High,83.9
1785850020000,NOISE-S,b543d03f-a7d0-4faa-8507-0b3e31081e0b,958885.54,6010297.7,High,80.4
1785850020000,NOISE-W,49a1ac8f-b89d-4356-8260-a3e73765a98a,958749.58,6010415.93,High,82.1
1785850020000,NOISE-NR1,5c7eb3a5-3ace-49d5-b023-33009a594311,959160.42,6010678.99,Comfortable,66.2
1785850020000,NOISE-NR2,a7b30385-932d-4325-b84b-ae6bdcc359e3,958613.61,6010191.3,Comfortable,61.9
1785850020000,NOISE-NR3,74469165-c65c-4435-a387-36920379578d,959234.31,6010383.42,Comfortable,65.9
1785850080000,NOISE-N,b291e7be-9f14-44ed-87c1-0f02b8ca35b3,958906.23,6010563.72,High,81.2
1785850080000,NOISE-E,7be9696e-9ace-4085-a81b-0b04c83955db,959045.15,6010445.49,High,84.3
1785850080000,NOISE-S,b543d03f-a7d0-4faa-8507-0b3e31081e0b,958885.54,6010297.7,High,80.2
1785850080000,NOISE-W,49a1ac8f-b89d-4356-8260-a3e73765a98a,958749.58,6010415.93,High,81.5
1785850080000,NOISE-NR1,5c7eb3a5-3ace-49d5-b023-33009a594311,959160.42,6010678.99,Comfortable,66.1
1785850080000,NOISE-NR2,a7b30385-932d-4325-b84b-ae6bdcc359e3,958613.61,6010191.3,Comfortable,62.6
1785850080000,NOISE-NR3,74469165-c65c-4435-a387-36920379578d,959234.31,6010383.42,Comfortable,65.4
1785850140000,NOISE-N,b291e7be-9f14-44ed-87c1-0f02b8ca35b3,958906.23,6010563.72,High,81.9
1785850140000,NOISE-E,7be9696e-9ace-4085-a81b-0b04c83955db,959045.15,6010445.49,High,83.8
1785850140000,NOISE-S,b543d03f-a7d0-4faa-8507-0b3e31081e0b,958885.54,6010297.7,Elevated,79.9
1785850140000,NOISE-W,49a1ac8f-b89d-4356-8260-a3e73765a98a,958749.58,6010415.93,High,81.3
1785850140000,NOISE-NR1,5c7eb3a5-3ace-49d5-b023-33009a594311,959160.42,6010678.99,Comfortable,66.7
1785850140000,NOISE-NR2,a7b30385-932d-4325-b84b-ae6bdcc359e3,958613.61,6010191.3,Comfortable,62.6
1785850140000,NOISE-NR3,74469165-c65c-4435-a387-36920379578d,959234.31,6010383.42,Comfortable,65.5
1785850200000,NOISE-N,b291e7be-9f14-44ed-87c1-0f02b8ca35b3,958906.23,6010563.72,High,81.5
1785850200000,NOISE-E,7be9696e-9ace-4085-a81b-0b04c83955db,959045.15,6010445.49,High,83.3
1785850200000,NOISE-S,b543d03f-a7d0-4faa-8507-0b3e31081e0b,958885.54,6010297.7,High,80
1785850200000,NOISE-W,49a1ac8f-b89d-4356-8260-a3e73765a98a,958749.58,6010415.93,High,81.6
1785850200000,NOISE-NR1,5c7eb3a5-3ace-49d5-b023-33009a594311,959160.42,6010678.99,Comfortable,65.7
1785850200000,NOISE-NR2,a7b30385-932d-4325-b84b-ae6bdcc359e3,958613.61,6010191.3,Comfortable,63.4
1785850200000,NOISE-NR3,74469165-c65c-4435-a387-36920379578d,959234.31,6010383.42,Comfortable,66.4
1785850260000,NOISE-N,b291e7be-9f14-44ed-87c1-0f02b8ca35b3,958906.23,6010563.72,High,82
1785850260000,NOISE-E,7be9696e-9ace-4085-a81b-0b04c83955db,959045.15,6010445.49,High,83.4
1785850260000,NOISE-S,b543d03f-a7d0-4faa-8507-0b3e31081e0b,958885.54,6010297.7,High,80.5
1785850260000,NOISE-W,49a1ac8f-b89d-4356-8260-a3e73765a98a,958749.58,6010415.93,High,82
1785850260000,NOISE-NR1,5c7eb3a5-3ace-49d5-b023-33009a594311,959160.42,6010678.99,Comfortable,65.2
1785850260000,NOISE-NR2,a7b30385-932d-4325-b84b-ae6bdcc359e3,958613.61,6010191.3,Comfortable,63
1785850260000,NOISE-NR3,74469165-c65c-4435-a387-36920379578d,959234.31,6010383.42,Comfortable,66
1785850320000,NOISE-N,b291e7be-9f14-44ed-87c1-0f02b8ca35b3,958906.23,6010563.72,High,82.1
1785850320000,NOISE-E,7be9696e-9ace-4085-a81b-0b04c83955db,959045.15,6010445.49,High,84.3
1785850320000,NOISE-S,b543d03f-a7d0-4faa-8507-0b3e31081e0b,958885.54,6010297.7,High,81.1
1785850320000,NOISE-W,49a1ac8f-b89d-4356-8260-a3e73765a98a,958749.58,6010415.93,High,81.4
1785850320000,NOISE-NR1,5c7eb3a5-3ace-49d5-b023-33009a594311,959160.42,6010678.99,Comfortable,64.7
1785850320000,NOISE-NR2,a7b30385-932d-4325-b84b-ae6bdcc359e3,958613.61,6010191.3,Comfortable,63.1
1785850320000,NOISE-NR3,74469165-c65c-4435-a387-36920379578d,959234.31,6010383.42,Comfortable,66.2
1785850380000,NOISE-N,b291e7be-9f14-44ed-87c1-0f02b8ca35b3,958906.23,6010563.72,High,81.7
1785850380000,NOISE-E,7be9696e-9ace-4085-a81b-0b04c83955db,959045.15,6010445.49,High,83.6
1785850380000,NOISE-S,b543d03f-a7d0-4faa-8507-0b3e31081e0b,958885.54,6010297.7,High,81.5
1785850380000,NOISE-W,49a1ac8f-b89d-4356-8260-a3e73765a98a,958749.58,6010415.93,High,81.4
1785850380000,NOISE-NR1,5c7eb3a5-3ace-49d5-b023-33009a594311,959160.42,6010678.99,Comfortable,64.9
1785850380000,NOISE-NR2,a7b30385-932d-4325-b84b-ae6bdcc359e3,958613.61,6010191.3,Comfortable,63.8
1785850380000,NOISE-NR3,74469165-c65c-4435-a387-36920379578d,959234.31,6010383.42,Comfortable,66.4
1785850440000,NOISE-N,b291e7be-9f14-44ed-87c1-0f02b8ca35b3,958906.23,6010563.72,High,81.7
1785850440000,NOISE-E,7be9696e-9ace-4085-a81b-0b04c83955db,959045.15,6010445.49,High,84.2
1785850440000,NOISE-S,b543d03f-a7d0-4faa-8507-0b3e31081e0b,958885.54,6010297.7,High,80.7
1785850440000,NOISE-W,49a1ac8f-b89d-4356-8260-a3e73765a98a,958749.58,6010415.93,High,80.9
1785850440000,NOISE-NR1,5c7eb3a5-3ace-49d5-b023-33009a594311,959160.42,6010678.99,Comfortable,64.8
1785850440000,NOISE-NR2,a7b30385-932d-4325-b84b-ae6bdcc359e3,958613.61,6010191.3,Comfortable,63.7
1785850440000,NOISE-NR3,74469165-c65c-4435-a387-36920379578d,959234.31,6010383.42,Comfortable,67.2
1785850500000,NOISE-N,b291e7be-9f14-44ed-87c1-0f02b8ca35b3,958906.23,6010563.72,High,81.5
1785850500000,NOISE-E,7be9696e-9ace-4085-a81b-0b04c83955db,959045.15,6010445.49,High,83.9
1785850500000,NOISE-S,b543d03f-a7d0-4faa-8507-0b3e31081e0b,958885.54,6010297.7,High,80.1
1785850500000,NOISE-W,49a1ac8f-b89d-4356-8260-a3e73765a98a,958749.58,6010415.93,High,80.2
1785850500000,NOISE-NR1,5c7eb3a5-3ace-49d5-b023-33009a594311,959160.42,6010678.99,Comfortable,64.8
1785850500000,NOISE-NR2,a7b30385-932d-4325-b84b-ae6bdcc359e3,958613.61,6010191.3,Comfortable,64
1785850500000,NOISE-NR3,74469165-c65c-4435-a387-36920379578d,959234.31,6010383.42,Comfortable,66.5
1785850560000,NOISE-N,b291e7be-9f14-44ed-87c1-0f02b8ca35b3,958906.23,6010563.72,High,81.2
1785850560000,NOISE-E,7be9696e-9ace-4085-a81b-0b04c83955db,959045.15,6010445.49,High,83.9
1785850560000,NOISE-S,b543d03f-a7d0-4faa-8507-0b3e31081e0b,958885.54,6010297.7,High,80.8
1785850560000,NOISE-W,49a1ac8f-b89d-4356-8260-a3e73765a98a,958749.58,6010415.93,High,81.1
1785850560000,NOISE-NR1,5c7eb3a5-3ace-49d5-b023-33009a594311,959160.42,6010678.99,Comfortable,65.5
1785850560000,NOISE-NR2,a7b30385-932d-4325-b84b-ae6bdcc359e3,958613.61,6010191.3,Comfortable,63
1785850560000,NOISE-NR3,74469165-c65c-4435-a387-36920379578d,959234.31,6010383.42,Comfortable,66.3
1785850620000,NOISE-N,b291e7be-9f14-44ed-87c1-0f02b8ca35b3,958906.23,6010563.72,High,81
1785850620000,NOISE-E,7be9696e-9ace-4085-a81b-0b04c83955db,959045.15,6010445.49,High,83.8
1785850620000,NOISE-S,b543d03f-a7d0-4faa-8507-0b3e31081e0b,958885.54,6010297.7,Elevated,79.8
1785850620000,NOISE-W,49a1ac8f-b89d-4356-8260-a3e73765a98a,958749.58,6010415.93,High,81.8
1785850620000,NOISE-NR1,5c7eb3a5-3ace-49d5-b023-33009a594311,959160.42,6010678.99,Comfortable,65.8
1785850620000,NOISE-NR2,a7b30385-932d-4325-b84b-ae6bdcc359e3,958613.61,6010191.3,Comfortable,63.5
1785850620000,NOISE-NR3,74469165-c65c-4435-a387-36920379578d,959234.31,6010383.42,Comfortable,66.7
1785850680000,NOISE-N,b291e7be-9f14-44ed-87c1-0f02b8ca35b3,958906.23,6010563.72,High,81
1785850680000,NOISE-E,7be9696e-9ace-4085-a81b-0b04c83955db,959045.15,6010445.49,High,83.6
1785850680000,NOISE-S,b543d03f-a7d0-4faa-8507-0b3e31081e0b,958885.54,6010297.7,Elevated,79.6
1785850680000,NOISE-W,49a1ac8f-b89d-4356-8260-a3e73765a98a,958749.58,6010415.93,High,82.3
1785850680000,NOISE-NR1,5c7eb3a5-3ace-49d5-b023-33009a594311,959160.42,6010678.99,Comfortable,65.2
1785850680000,NOISE-NR2,a7b30385-932d-4325-b84b-ae6bdcc359e3,958613.61,6010191.3,Comfortable,62.7
1785850680000,NOISE-NR3,74469165-c65c-4435-a387-36920379578d,959234.31,6010383.42,Comfortable,66.6
1785850740000,NOISE-N,b291e7be-9f14-44ed-87c1-0f02b8ca35b3,958906.23,6010563.72,High,81.5
1785850740000,NOISE-E,7be9696e-9ace-4085-a81b-0b04c83955db,959045.15,6010445.49,High,83
1785850740000,NOISE-S,b543d03f-a7d0-4faa-8507-0b3e31081e0b,958885.54,6010297.7,Elevated,79.9
1785850740000,NOISE-W,49a1ac8f-b89d-4356-8260-a3e73765a98a,958749.58,6010415.93,High,82.6
1785850740000,NOISE-NR1,5c7eb3a5-3ace-49d5-b023-33009a594311,959160.42,6010678.99,Comfortable,65.6
1785850740000,NOISE-NR2,a7b30385-932d-4325-b84b-ae6bdcc359e3,958613.61,6010191.3,Comfortable,62.2
1785850740000,NOISE-NR3,74469165-c65c-4435-a387-36920379578d,959234.31,6010383.42,Comfortable,66.6
1785850800000,NOISE-N,b291e7be-9f14-44ed-87c1-0f02b8ca35b3,958906.23,6010563.72,High,82.4
1785850800000,NOISE-E,7be9696e-9ace-4085-a81b-0b04c83955db,959045.15,6010445.49,High,83
1785850800000,NOISE-S,b543d03f-a7d0-4faa-8507-0b3e31081e0b,958885.54,6010297.7,High,80.1
1785850800000,NOISE-W,49a1ac8f-b89d-4356-8260-a3e73765a98a,958749.58,6010415.93,High,82.7
1785850800000,NOISE-NR1,5c7eb3a5-3ace-49d5-b023-33009a594311,959160.42,6010678.99,Comfortable,65.4
1785850800000,NOISE-NR2,a7b30385-932d-4325-b84b-ae6bdcc359e3,958613.61,6010191.3,Comfortable,62.7
1785850800000,NOISE-NR3,74469165-c65c-4435-a387-36920379578d,959234.31,6010383.42,Comfortable,65.9
1785850860000,NOISE-N,b291e7be-9f14-44ed-87c1-0f02b8ca35b3,958906.23,6010563.72,High,81.7
1785850860000,NOISE-E,7be9696e-9ace-4085-a81b-0b04c83955db,959045.15,6010445.49,High,83.7
1785850860000,NOISE-S,b543d03f-a7d0-4faa-8507-0b3e31081e0b,958885.54,6010297.7,High,80.5
1785850860000,NOISE-W,49a1ac8f-b89d-4356-8260-a3e73765a98a,958749.58,6010415.93,High,82.3
1785850860000,NOISE-NR1,5c7eb3a5-3ace-49d5-b023-33009a594311,959160.42,6010678.99,Comfortable,66
1785850860000,NOISE-NR2,a7b30385-932d-4325-b84b-ae6bdcc359e3,958613.61,6010191.3,Comfortable,62
1785850860000,NOISE-NR3,74469165-c65c-4435-a387-36920379578d,959234.31,6010383.42,Comfortable,65.9
1785850920000,NOISE-N,b291e7be-9f14-44ed-87c1-0f02b8ca35b3,958906.23,6010563.72,High,82.2
1785850920000,NOISE-E,7be9696e-9ace-4085-a81b-0b04c83955db,959045.15,6010445.49,High,83.3
1785850920000,NOISE-S,b543d03f-a7d0-4faa-8507-0b3e31081e0b,958885.54,6010297.7,High,80.3
1785850920000,NOISE-W,49a1ac8f-b89d-4356-8260-a3e73765a98a,958749.58,6010415.93,High,82.1
1785850920000,NOISE-NR1,5c7eb3a5-3ace-49d5-b023-33009a594311,959160.42,6010678.99,Comfortable,66.3
1785850920000,NOISE-NR2,a7b30385-932d-4325-b84b-ae6bdcc359e3,958613.61,6010191.3,Comfortable,62.5
1785850920000,NOISE-NR3,74469165-c65c-4435-a387-36920379578d,959234.31,6010383.42,Comfortable,65.8
1785850980000,NOISE-N,b291e7be-9f14-44ed-87c1-0f02b8ca35b3,958906.23,6010563.72,High,82.6
1785850980000,NOISE-E,7be9696e-9ace-4085-a81b-0b04c83955db,959045.15,6010445.49,High,82.9
1785850980000,NOISE-S,b543d03f-a7d0-4faa-8507-0b3e31081e0b,958885.54,6010297.7,High,80.7
1785850980000,NOISE-W,49a1ac8f-b89d-4356-8260-a3e73765a98a,958749.58,6010415.93,High,82.5
1785850980000,NOISE-NR1,5c7eb3a5-3ace-49d5-b023-33009a594311,959160.42,6010678.99,Comfortable,66.7
1785850980000,NOISE-NR2,a7b30385-932d-4325-b84b-ae6bdcc359e3,958613.61,6010191.3,Comfortable,63.2
1785850980000,NOISE-NR3,74469165-c65c-4435-a387-36920379578d,959234.31,6010383.42,Comfortable,65.7
1785851040000,NOISE-N,b291e7be-9f14-44ed-87c1-0f02b8ca35b3,958906.23,6010563.72,High,82.8
1785851040000,NOISE-E,7be9696e-9ace-4085-a81b-0b04c83955db,959045.15,6010445.49,High,83.9
1785851040000,NOISE-S,b543d03f-a7d0-4faa-8507-0b3e31081e0b,958885.54,6010297.7,High,80.4
1785851040000,NOISE-W,49a1ac8f-b89d-4356-8260-a3e73765a98a,958749.58,6010415.93,High,81.4
1785851040000,NOISE-NR1,5c7eb3a5-3ace-49d5-b023-33009a594311,959160.42,6010678.99,Comfortable,66.9
1785851040000,NOISE-NR2,a7b30385-932d-4325-b84b-ae6bdcc359e3,958613.61,6010191.3,Comfortable,62.8
1785851040000,NOISE-NR3,74469165-c65c-4435-a387-36920379578d,959234.31,6010383.42,Comfortable,65.3
1785851100000,NOISE-N,b291e7be-9f14-44ed-87c1-0f02b8ca35b3,958906.23,6010563.72,High,83
1785851100000,NOISE-E,7be9696e-9ace-4085-a81b-0b04c83955db,959045.15,6010445.49,High,83.3
1785851100000,NOISE-S,b543d03f-a7d0-4faa-8507-0b3e31081e0b,958885.54,6010297.7,High,80.5
1785851100000,NOISE-W,49a1ac8f-b89d-4356-8260-a3e73765a98a,958749.58,6010415.93,High,81.9
1785851100000,NOISE-NR1,5c7eb3a5-3ace-49d5-b023-33009a594311,959160.42,6010678.99,Comfortable,67.4
1785851100000,NOISE-NR2,a7b30385-932d-4325-b84b-ae6bdcc359e3,958613.61,6010191.3,Comfortable,62.2
1785851100000,NOISE-NR3,74469165-c65c-4435-a387-36920379578d,959234.31,6010383.42,Comfortable,65.4
1785851160000,NOISE-N,b291e7be-9f14-44ed-87c1-0f02b8ca35b3,958906.23,6010563.72,High,83.5
1785851160000,NOISE-E,7be9696e-9ace-4085-a81b-0b04c83955db,959045.15,6010445.49,High,83.9
1785851160000,NOISE-S,b543d03f-a7d0-4faa-8507-0b3e31081e0b,958885.54,6010297.7,High,80.9
1785851160000,NOISE-W,49a1ac8f-b89d-4356-8260-a3e73765a98a,958749.58,6010415.93,High,80.9
1785851160000,NOISE-NR1,5c7eb3a5-3ace-49d5-b023-33009a594311,959160.42,6010678.99,Comfortable,67.1
1785851160000,NOISE-NR2,a7b30385-932d-4325-b84b-ae6bdcc359e3,958613.61,6010191.3,Comfortable,63
1785851160000,NOISE-NR3,74469165-c65c-4435-a387-36920379578d,959234.31,6010383.42,Comfortable,65.3
1785851220000,NOISE-N,b291e7be-9f14-44ed-87c1-0f02b8ca35b3,958906.23,6010563.72,High,83.1
1785851220000,NOISE-E,7be9696e-9ace-4085-a81b-0b04c83955db,959045.15,6010445.49,High,83.2
1785851220000,NOISE-S,b543d03f-a7d0-4faa-8507-0b3e31081e0b,958885.54,6010297.7,High,80.1
1785851220000,NOISE-W,49a1ac8f-b89d-4356-8260-a3e73765a98a,958749.58,6010415.93,High,80.6
1785851220000,NOISE-NR1,5c7eb3a5-3ace-49d5-b023-33009a594311,959160.42,6010678.99,Comfortable,67.3
1785851220000,NOISE-NR2,a7b30385-932d-4325-b84b-ae6bdcc359e3,958613.61,6010191.3,Comfortable,62.7
1785851220000,NOISE-NR3,74469165-c65c-4435-a387-36920379578d,959234.31,6010383.42,Comfortable,66.5
1785851280000,NOISE-N,b291e7be-9f14-44ed-87c1-0f02b8ca35b3,958906.23,6010563.72,High,82.9
1785851280000,NOISE-E,7be9696e-9ace-4085-a81b-0b04c83955db,959045.15,6010445.49,High,84.1
1785851280000,NOISE-S,b543d03f-a7d0-4faa-8507-0b3e31081e0b,958885.54,6010297.7,High,80
1785851280000,NOISE-W,49a1ac8f-b89d-4356-8260-a3e73765a98a,958749.58,6010415.93,High,80.3
1785851280000,NOISE-NR1,5c7eb3a5-3ace-49d5-b023-33009a594311,959160.42,6010678.99,Comfortable,67.4
1785851280000,NOISE-NR2,a7b30385-932d-4325-b84b-ae6bdcc359e3,958613.61,6010191.3,Comfortable,63.3
1785851280000,NOISE-NR3,74469165-c65c-4435-a387-36920379578d,959234.31,6010383.42,Comfortable,66.3
1785851340000,NOISE-N,b291e7be-9f14-44ed-87c1-0f02b8ca35b3,958906.23,6010563.72,High,83.4
1785851340000,NOISE-E,7be9696e-9ace-4085-a81b-0b04c83955db,959045.15,6010445.49,High,83.6
1785851340000,NOISE-S,b543d03f-a7d0-4faa-8507-0b3e31081e0b,958885.54,6010297.7,Elevated,79.8
1785851340000,NOISE-W,49a1ac8f-b89d-4356-8260-a3e73765a98a,958749.58,6010415.93,High,80.9
1785851340000,NOISE-NR1,5c7eb3a5-3ace-49d5-b023-33009a594311,959160.42,6010678.99,Comfortable,66.8
1785851340000,NOISE-NR2,a7b30385-932d-4325-b84b-ae6bdcc359e3,958613.61,6010191.3,Comfortable,63.3
1785851340000,NOISE-NR3,74469165-c65c-4435-a387-36920379578d,959234.31,6010383.42,Comfortable,66.2
1785851400000,NOISE-N,b291e7be-9f14-44ed-87c1-0f02b8ca35b3,958906.23,6010563.72,High,82.9
1785851400000,NOISE-E,7be9696e-9ace-4085-a81b-0b04c83955db,959045.15,6010445.49,High,83.6
1785851400000,NOISE-S,b543d03f-a7d0-4faa-8507-0b3e31081e0b,958885.54,6010297.7,High,80.1
1785851400000,NOISE-W,49a1ac8f-b89d-4356-8260-a3e73765a98a,958749.58,6010415.93,High,81.1
1785851400000,NOISE-NR1,5c7eb3a5-3ace-49d5-b023-33009a594311,959160.42,6010678.99,Comfortable,67.2
1785851400000,NOISE-NR2,a7b30385-932d-4325-b84b-ae6bdcc359e3,958613.61,6010191.3,Comfortable,63.4
1785851400000,NOISE-NR3,74469165-c65c-4435-a387-36920379578d,959234.31,6010383.42,Comfortable,67.2
1785851460000,NOISE-N,b291e7be-9f14-44ed-87c1-0f02b8ca35b3,958906.23,6010563.72,High,82.1
1785851460000,NOISE-E,7be9696e-9ace-4085-a81b-0b04c83955db,959045.15,6010445.49,High,83.7
1785851460000,NOISE-S,b543d03f-a7d0-4faa-8507-0b3e31081e0b,958885.54,6010297.7,High,80.6
1785851460000,NOISE-W,49a1ac8f-b89d-4356-8260-a3e73765a98a,958749.58,6010415.93,High,81.6
1785851460000,NOISE-NR1,5c7eb3a5-3ace-49d5-b023-33009a594311,959160.42,6010678.99,Comfortable,67.4
1785851460000,NOISE-NR2,a7b30385-932d-4325-b84b-ae6bdcc359e3,958613.61,6010191.3,Comfortable,63.4
1785851460000,NOISE-NR3,74469165-c65c-4435-a387-36920379578d,959234.31,6010383.42,Comfortable,67.6
1785851520000,NOISE-N,b291e7be-9f14-44ed-87c1-0f02b8ca35b3,958906.23,6010563.72,High,82.3
1785851520000,NOISE-E,7be9696e-9ace-4085-a81b-0b04c83955db,959045.15,6010445.49,High,83.1
1785851520000,NOISE-S,b543d03f-a7d0-4faa-8507-0b3e31081e0b,958885.54,6010297.7,High,80.6
1785851520000,NOISE-W,49a1ac8f-b89d-4356-8260-a3e73765a98a,958749.58,6010415.93,High,81.2
1785851520000,NOISE-NR1,5c7eb3a5-3ace-49d5-b023-33009a594311,959160.42,6010678.99,Comfortable,67.3
1785851520000,NOISE-NR2,a7b30385-932d-4325-b84b-ae6bdcc359e3,958613.61,6010191.3,Comfortable,62.8
1785851520000,NOISE-NR3,74469165-c65c-4435-a387-36920379578d,959234.31,6010383.42,Comfortable,67.4
1785851580000,NOISE-N,b291e7be-9f14-44ed-87c1-0f02b8ca35b3,958906.23,6010563.72,High,82.5
1785851580000,NOISE-E,7be9696e-9ace-4085-a81b-0b04c83955db,959045.15,6010445.49,High,83.2
1785851580000,NOISE-S,b543d03f-a7d0-4faa-8507-0b3e31081e0b,958885.54,6010297.7,High,80.1
1785851580000,NOISE-W,49a1ac8f-b89d-4356-8260-a3e73765a98a,958749.58,6010415.93,High,81.6
1785851580000,NOISE-NR1,5c7eb3a5-3ace-49d5-b023-33009a594311,959160.42,6010678.99,Comfortable,67.3
1785851580000,NOISE-NR2,a7b30385-932d-4325-b84b-ae6bdcc359e3,958613.61,6010191.3,Comfortable,63.6
1785851580000,NOISE-NR3,74469165-c65c-4435-a387-36920379578d,959234.31,6010383.42,Comfortable,67.7
1785851640000,NOISE-N,b291e7be-9f14-44ed-87c1-0f02b8ca35b3,958906.23,6010563.72,High,81.8
1785851640000,NOISE-E,7be9696e-9ace-4085-a81b-0b04c83955db,959045.15,6010445.49,High,83.1
1785851640000,NOISE-S,b543d03f-a7d0-4faa-8507-0b3e31081e0b,958885.54,6010297.7,Elevated,79.5
1785851640000,NOISE-W,49a1ac8f-b89d-4356-8260-a3e73765a98a,958749.58,6010415.93,High,81.1
1785851640000,NOISE-NR1,5c7eb3a5-3ace-49d5-b023-33009a594311,959160.42,6010678.99,Comfortable,67.6
1785851640000,NOISE-NR2,a7b30385-932d-4325-b84b-ae6bdcc359e3,958613.61,6010191.3,Comfortable,63.7
1785851640000,NOISE-NR3,74469165-c65c-4435-a387-36920379578d,959234.31,6010383.42,Comfortable,68
1785851700000,NOISE-N,b291e7be-9f14-44ed-87c1-0f02b8ca35b3,958906.23,6010563.72,High,81.3
1785851700000,NOISE-E,7be9696e-9ace-4085-a81b-0b04c83955db,959045.15,6010445.49,High,82.7
1785851700000,NOISE-S,b543d03f-a7d0-4faa-8507-0b3e31081e0b,958885.54,6010297.7,Elevated,79.6
1785851700000,NOISE-W,49a1ac8f-b89d-4356-8260-a3e73765a98a,958749.58,6010415.93,High,81
1785851700000,NOISE-NR1,5c7eb3a5-3ace-49d5-b023-33009a594311,959160.42,6010678.99,Comfortable,67.2
1785851700000,NOISE-NR2,a7b30385-932d-4325-b84b-ae6bdcc359e3,958613.61,6010191.3,Comfortable,64.3
1785851700000,NOISE-NR3,74469165-c65c-4435-a387-36920379578d,959234.31,6010383.42,Comfortable,68.1
1785851760000,NOISE-N,b291e7be-9f14-44ed-87c1-0f02b8ca35b3,958906.23,6010563.72,High,81.5
1785851760000,NOISE-E,7be9696e-9ace-4085-a81b-0b04c83955db,959045.15,6010445.49,High,83.5
1785851760000,NOISE-S,b543d03f-a7d0-4faa-8507-0b3e31081e0b,958885.54,6010297.7,Elevated,79.6
1785851760000,NOISE-W,49a1ac8f-b89d-4356-8260-a3e73765a98a,958749.58,6010415.93,High,81.6
1785851760000,NOISE-NR1,5c7eb3a5-3ace-49d5-b023-33009a594311,959160.42,6010678.99,Comfortable,67.5
1785851760000,NOISE-NR2,a7b30385-932d-4325-b84b-ae6bdcc359e3,958613.61,6010191.3,Comfortable,64.3
1785851760000,NOISE-NR3,74469165-c65c-4435-a387-36920379578d,959234.31,6010383.42,Comfortable,67.1
1785851820000,NOISE-N,b291e7be-9f14-44ed-87c1-0f02b8ca35b3,958906.23,6010563.72,High,81.5
1785851820000,NOISE-E,7be9696e-9ace-4085-a81b-0b04c83955db,959045.15,6010445.49,High,84.2
1785851820000,NOISE-S,b543d03f-a7d0-4faa-8507-0b3e31081e0b,958885.54,6010297.7,Elevated,80
1785851820000,NOISE-W,49a1ac8f-b89d-4356-8260-a3e73765a98a,958749.58,6010415.93,High,82
1785851820000,NOISE-NR1,5c7eb3a5-3ace-49d5-b023-33009a594311,959160.42,6010678.99,Comfortable,66.7
1785851820000,NOISE-NR2,a7b30385-932d-4325-b84b-ae6bdcc359e3,958613.61,6010191.3,Comfortable,63.7
1785851820000,NOISE-NR3,74469165-c65c-4435-a387-36920379578d,959234.31,6010383.42,Comfortable,67.1
1785851880000,NOISE-N,b291e7be-9f14-44ed-87c1-0f02b8ca35b3,958906.23,6010563.72,High,81.4
1785851880000,NOISE-E,7be9696e-9ace-4085-a81b-0b04c83955db,959045.15,6010445.49,High,84.5
1785851880000,NOISE-S,b543d03f-a7d0-4faa-8507-0b3e31081e0b,958885.54,6010297.7,High,80.6
1785851880000,NOISE-W,49a1ac8f-b89d-4356-8260-a3e73765a98a,958749.58,6010415.93,High,82.5
1785851880000,NOISE-NR1,5c7eb3a5-3ace-49d5-b023-33009a594311,959160.42,6010678.99,Comfortable,66.8
1785851880000,NOISE-NR2,a7b30385-932d-4325-b84b-ae6bdcc359e3,958613.61,6010191.3,Comfortable,63.8
1785851880000,NOISE-NR3,74469165-c65c-4435-a387-36920379578d,959234.31,6010383.42,Comfortable,66.8
1785851940000,NOISE-N,b291e7be-9f14-44ed-87c1-0f02b8ca35b3,958906.23,6010563.72,High,80.9
1785851940000,NOISE-E,7be9696e-9ace-4085-a81b-0b04c83955db,959045.15,6010445.49,High,84.9
1785851940000,NOISE-S,b543d03f-a7d0-4faa-8507-0b3e31081e0b,958885.54,6010297.7,High,80.5
1785851940000,NOISE-W,49a1ac8f-b89d-4356-8260-a3e73765a98a,958749.58,6010415.93,High,81.9
1785851940000,NOISE-NR1,5c7eb3a5-3ace-49d5-b023-33009a594311,959160.42,6010678.99,Comfortable,67.3
1785851940000,NOISE-NR2,a7b30385-932d-4325-b84b-ae6bdcc359e3,958613.61,6010191.3,Comfortable,63
1785851940000,NOISE-NR3,74469165-c65c-4435-a387-36920379578d,959234.31,6010383.42,Comfortable,66.3
1785852000000,NOISE-N,b291e7be-9f14-44ed-87c1-0f02b8ca35b3,958906.23,6010563.72,High,81
1785852000000,NOISE-E,7be9696e-9ace-4085-a81b-0b04c83955db,959045.15,6010445.49,High,84.7
1785852000000,NOISE-S,b543d03f-a7d0-4faa-8507-0b3e31081e0b,958885.54,6010297.7,High,80.2
1785852000000,NOISE-W,49a1ac8f-b89d-4356-8260-a3e73765a98a,958749.58,6010415.93,High,80.9
1785852000000,NOISE-NR1,5c7eb3a5-3ace-49d5-b023-33009a594311,959160.42,6010678.99,Comfortable,67.6
1785852000000,NOISE-NR2,a7b30385-932d-4325-b84b-ae6bdcc359e3,958613.61,6010191.3,Comfortable,62.6
1785852000000,NOISE-NR3,74469165-c65c-4435-a387-36920379578d,959234.31,6010383.42,Comfortable,65.7
1785852060000,NOISE-N,b291e7be-9f14-44ed-87c1-0f02b8ca35b3,958906.23,6010563.72,High,81
1785852060000,NOISE-E,7be9696e-9ace-4085-a81b-0b04c83955db,959045.15,6010445.49,High,83.7
1785852060000,NOISE-S,b543d03f-a7d0-4faa-8507-0b3e31081e0b,958885.54,6010297.7,High,80.4
1785852060000,NOISE-W,49a1ac8f-b89d-4356-8260-a3e73765a98a,958749.58,6010415.93,High,80.9
1785852060000,NOISE-NR1,5c7eb3a5-3ace-49d5-b023-33009a594311,959160.42,6010678.99,Comfortable,67.4
1785852060000,NOISE-NR2,a7b30385-932d-4325-b84b-ae6bdcc359e3,958613.61,6010191.3,Comfortable,62.7
1785852060000,NOISE-NR3,74469165-c65c-4435-a387-36920379578d,959234.31,6010383.42,Comfortable,66.3
1785852120000,NOISE-N,b291e7be-9f14-44ed-87c1-0f02b8ca35b3,958906.23,6010563.72,High,81.7
1785852120000,NOISE-E,7be9696e-9ace-4085-a81b-0b04c83955db,959045.15,6010445.49,High,83.8
1785852120000,NOISE-S,b543d03f-a7d0-4faa-8507-0b3e31081e0b,958885.54,6010297.7,High,80.9
1785852120000,NOISE-W,49a1ac8f-b89d-4356-8260-a3e73765a98a,958749.58,6010415.93,High,81.2
1785852120000,NOISE-NR1,5c7eb3a5-3ace-49d5-b023-33009a594311,959160.42,6010678.99,Comfortable,66.6
1785852120000,NOISE-NR2,a7b30385-932d-4325-b84b-ae6bdcc359e3,958613.61,6010191.3,Comfortable,63
1785852120000,NOISE-NR3,74469165-c65c-4435-a387-36920379578d,959234.31,6010383.42,Comfortable,66.2
1785852180000,NOISE-N,b291e7be-9f14-44ed-87c1-0f02b8ca35b3,958906.23,6010563.72,High,81.5
1785852180000,NOISE-E,7be9696e-9ace-4085-a81b-0b04c83955db,959045.15,6010445.49,High,83.4
1785852180000,NOISE-S,b543d03f-a7d0-4faa-8507-0b3e31081e0b,958885.54,6010297.7,High,80.3
1785852180000,NOISE-W,49a1ac8f-b89d-4356-8260-a3e73765a98a,958749.58,6010415.93,High,80.7
1785852180000,NOISE-NR1,5c7eb3a5-3ace-49d5-b023-33009a594311,959160.42,6010678.99,Comfortable,66.2
1785852180000,NOISE-NR2,a7b30385-932d-4325-b84b-ae6bdcc359e3,958613.61,6010191.3,Comfortable,62
1785852180000,NOISE-NR3,74469165-c65c-4435-a387-36920379578d,959234.31,6010383.42,Comfortable,66.3
1785852240000,NOISE-N,b291e7be-9f14-44ed-87c1-0f02b8ca35b3,958906.23,6010563.72,High,82.1
1785852240000,NOISE-E,7be9696e-9ace-4085-a81b-0b04c83955db,959045.15,6010445.49,High,83.2
1785852240000,NOISE-S,b543d03f-a7d0-4faa-8507-0b3e31081e0b,958885.54,6010297.7,High,80.7
1785852240000,NOISE-W,49a1ac8f-b89d-4356-8260-a3e73765a98a,958749.58,6010415.93,High,81.2
1785852240000,NOISE-NR1,5c7eb3a5-3ace-49d5-b023-33009a594311,959160.42,6010678.99,Comfortable,66
1785852240000,NOISE-NR2,a7b30385-932d-4325-b84b-ae6bdcc359e3,958613.61,6010191.3,Comfortable,62.8
1785852240000,NOISE-NR3,74469165-c65c-4435-a387-36920379578d,959234.31,6010383.42,Comfortable,65.9
1785852300000,NOISE-N,b291e7be-9f14-44ed-87c1-0f02b8ca35b3,958906.23,6010563.72,High,81
1785852300000,NOISE-E,7be9696e-9ace-4085-a81b-0b04c83955db,959045.15,6010445.49,High,83
1785852300000,NOISE-S,b543d03f-a7d0-4faa-8507-0b3e31081e0b,958885.54,6010297.7,High,80.2
1785852300000,NOISE-W,49a1ac8f-b89d-4356-8260-a3e73765a98a,958749.58,6010415.93,High,80.2
1785852300000,NOISE-NR1,5c7eb3a5-3ace-49d5-b023-33009a594311,959160.42,6010678.99,Comfortable,66.1
1785852300000,NOISE-NR2,a7b30385-932d-4325-b84b-ae6bdcc359e3,958613.61,6010191.3,Comfortable,63.4
1785852300000,NOISE-NR3,74469165-c65c-4435-a387-36920379578d,959234.31,6010383.42,Comfortable,66.3
1785852360000,NOISE-N,b291e7be-9f14-44ed-87c1-0f02b8ca35b3,958906.23,6010563.72,High,80.9
1785852360000,NOISE-E,7be9696e-9ace-4085-a81b-0b04c83955db,959045.15,6010445.49,High,83
1785852360000,NOISE-S,b543d03f-a7d0-4faa-8507-0b3e31081e0b,958885.54,6010297.7,Elevated,79.4
1785852360000,NOISE-W,49a1ac8f-b89d-4356-8260-a3e73765a98a,958749.58,6010415.93,Elevated,79.2
1785852360000,NOISE-NR1,5c7eb3a5-3ace-49d5-b023-33009a594311,959160.42,6010678.99,Comfortable,65.9
1785852360000,NOISE-NR2,a7b30385-932d-4325-b84b-ae6bdcc359e3,958613.61,6010191.3,Comfortable,62.5
1785852360000,NOISE-NR3,74469165-c65c-4435-a387-36920379578d,959234.31,6010383.42,Comfortable,65.4
1785852420000,NOISE-N,b291e7be-9f14-44ed-87c1-0f02b8ca35b3,958906.23,6010563.72,High,81
1785852420000,NOISE-E,7be9696e-9ace-4085-a81b-0b04c83955db,959045.15,6010445.49,High,83.1
1785852420000,NOISE-S,b543d03f-a7d0-4faa-8507-0b3e31081e0b,958885.54,6010297.7,Elevated,78.9
1785852420000,NOISE-W,49a1ac8f-b89d-4356-8260-a3e73765a98a,958749.58,6010415.93,Elevated,79.9
1785852420000,NOISE-NR1,5c7eb3a5-3ace-49d5-b023-33009a594311,959160.42,6010678.99,Comfortable,65
1785852420000,NOISE-NR2,a7b30385-932d-4325-b84b-ae6bdcc359e3,958613.61,6010191.3,Comfortable,62.5
1785852420000,NOISE-NR3,74469165-c65c-4435-a387-36920379578d,959234.31,6010383.42,Comfortable,65.6
1785852480000,NOISE-N,b291e7be-9f14-44ed-87c1-0f02b8ca35b3,958906.23,6010563.72,Elevated,79.9
1785852480000,NOISE-E,7be9696e-9ace-4085-a81b-0b04c83955db,959045.15,6010445.49,High,82
1785852480000,NOISE-S,b543d03f-a7d0-4faa-8507-0b3e31081e0b,958885.54,6010297.7,Elevated,77.8
1785852480000,NOISE-W,49a1ac8f-b89d-4356-8260-a3e73765a98a,958749.58,6010415.93,Elevated,79.5
1785852480000,NOISE-NR1,5c7eb3a5-3ace-49d5-b023-33009a594311,959160.42,6010678.99,Comfortable,65.5
1785852480000,NOISE-NR2,a7b30385-932d-4325-b84b-ae6bdcc359e3,958613.61,6010191.3,Comfortable,62.5
1785852480000,NOISE-NR3,74469165-c65c-4435-a387-36920379578d,959234.31,6010383.42,Comfortable,64.8
1785852540000,NOISE-N,b291e7be-9f14-44ed-87c1-0f02b8ca35b3,958906.23,6010563.72,High,80.2
1785852540000,NOISE-E,7be9696e-9ace-4085-a81b-0b04c83955db,959045.15,6010445.49,High,82.1
1785852540000,NOISE-S,b543d03f-a7d0-4faa-8507-0b3e31081e0b,958885.54,6010297.7,Elevated,78.1
1785852540000,NOISE-W,49a1ac8f-b89d-4356-8260-a3e73765a98a,958749.58,6010415.93,Elevated,78.6
1785852540000,NOISE-NR1,5c7eb3a5-3ace-49d5-b023-33009a594311,959160.42,6010678.99,Comfortable,65.7
1785852540000,NOISE-NR2,a7b30385-932d-4325-b84b-ae6bdcc359e3,958613.61,6010191.3,Comfortable,62.7
1785852540000,NOISE-NR3,74469165-c65c-4435-a387-36920379578d,959234.31,6010383.42,Comfortable,65
1785852600000,NOISE-N,b291e7be-9f14-44ed-87c1-0f02b8ca35b3,958906.23,6010563.72,Elevated,79.4
1785852600000,NOISE-E,7be9696e-9ace-4085-a81b-0b04c83955db,959045.15,6010445.49,High,82
1785852600000,NOISE-S,b543d03f-a7d0-4faa-8507-0b3e31081e0b,958885.54,6010297.7,Elevated,77.7
1785852600000,NOISE-W,49a1ac8f-b89d-4356-8260-a3e73765a98a,958749.58,6010415.93,Elevated,78.5
1785852600000,NOISE-NR1,5c7eb3a5-3ace-49d5-b023-33009a594311,959160.42,6010678.99,Comfortable,64.9
1785852600000,NOISE-NR2,a7b30385-932d-4325-b84b-ae6bdcc359e3,958613.61,6010191.3,Comfortable,62.6
1785852600000,NOISE-NR3,74469165-c65c-4435-a387-36920379578d,959234.31,6010383.42,Comfortable,65.5
1785852660000,NOISE-N,b291e7be-9f14-44ed-87c1-0f02b8ca35b3,958906.23,6010563.72,Elevated,79.3
1785852660000,NOISE-E,7be9696e-9ace-4085-a81b-0b04c83955db,959045.15,6010445.49,High,82.1
1785852660000,NOISE-S,b543d03f-a7d0-4faa-8507-0b3e31081e0b,958885.54,6010297.7,Elevated,77.8
1785852660000,NOISE-W,49a1ac8f-b89d-4356-8260-a3e73765a98a,958749.58,6010415.93,Elevated,77.9
1785852660000,NOISE-NR1,5c7eb3a5-3ace-49d5-b023-33009a594311,959160.42,6010678.99,Comfortable,64
1785852660000,NOISE-NR2,a7b30385-932d-4325-b84b-ae6bdcc359e3,958613.61,6010191.3,Comfortable,61.5
1785852660000,NOISE-NR3,74469165-c65c-4435-a387-36920379578d,959234.31,6010383.42,Comfortable,65.9
1785852720000,NOISE-N,b291e7be-9f14-44ed-87c1-0f02b8ca35b3,958906.23,6010563.72,Elevated,79.1
1785852720000,NOISE-E,7be9696e-9ace-4085-a81b-0b04c83955db,959045.15,6010445.49,High,81.1
1785852720000,NOISE-S,b543d03f-a7d0-4faa-8507-0b3e31081e0b,958885.54,6010297.7,Elevated,77.9
1785852720000,NOISE-W,49a1ac8f-b89d-4356-8260-a3e73765a98a,958749.58,6010415.93,Elevated,77.1
1785852720000,NOISE-NR1,5c7eb3a5-3ace-49d5-b023-33009a594311,959160.42,6010678.99,Comfortable,63.5
1785852720000,NOISE-NR2,a7b30385-932d-4325-b84b-ae6bdcc359e3,958613.61,6010191.3,Comfortable,61.7
1785852720000,NOISE-NR3,74469165-c65c-4435-a387-36920379578d,959234.31,6010383.42,Comfortable,65.3
1785852780000,NOISE-N,b291e7be-9f14-44ed-87c1-0f02b8ca35b3,958906.23,6010563.72,Elevated,79.2
1785852780000,NOISE-E,7be9696e-9ace-4085-a81b-0b04c83955db,959045.15,6010445.49,High,80.4
1785852780000,NOISE-S,b543d03f-a7d0-4faa-8507-0b3e31081e0b,958885.54,6010297.7,Elevated,77.8
1785852780000,NOISE-W,49a1ac8f-b89d-4356-8260-a3e73765a98a,958749.58,6010415.93,Elevated,77.6
1785852780000,NOISE-NR1,5c7eb3a5-3ace-49d5-b023-33009a594311,959160.42,6010678.99,Comfortable,63.7
1785852780000,NOISE-NR2,a7b30385-932d-4325-b84b-ae6bdcc359e3,958613.61,6010191.3,Comfortable,61.8
1785852780000,NOISE-NR3,74469165-c65c-4435-a387-36920379578d,959234.31,6010383.42,Comfortable,64.8
1785852840000,NOISE-N,b291e7be-9f14-44ed-87c1-0f02b8ca35b3,958906.23,6010563.72,Elevated,78.4
1785852840000,NOISE-E,7be9696e-9ace-4085-a81b-0b04c83955db,959045.15,6010445.49,High,80.5
1785852840000,NOISE-S,b543d03f-a7d0-4faa-8507-0b3e31081e0b,958885.54,6010297.7,Elevated,77.4
1785852840000,NOISE-W,49a1ac8f-b89d-4356-8260-a3e73765a98a,958749.58,6010415.93,Elevated,78.2
1785852840000,NOISE-NR1,5c7eb3a5-3ace-49d5-b023-33009a594311,959160.42,6010678.99,Comfortable,64.2
1785852840000,NOISE-NR2,a7b30385-932d-4325-b84b-ae6bdcc359e3,958613.61,6010191.3,Comfortable,61.4
1785852840000,NOISE-NR3,74469165-c65c-4435-a387-36920379578d,959234.31,6010383.42,Comfortable,64.5
1785852900000,NOISE-N,b291e7be-9f14-44ed-87c1-0f02b8ca35b3,958906.23,6010563.72,Elevated,78
1785852900000,NOISE-E,7be9696e-9ace-4085-a81b-0b04c83955db,959045.15,6010445.49,High,80.5
1785852900000,NOISE-S,b543d03f-a7d0-4faa-8507-0b3e31081e0b,958885.54,6010297.7,Elevated,77.1
1785852900000,NOISE-W,49a1ac8f-b89d-4356-8260-a3e73765a98a,958749.58,6010415.93,Elevated,77.8
1785852900000,NOISE-NR1,5c7eb3a5-3ace-49d5-b023-33009a594311,959160.42,6010678.99,Comfortable,63.8
1785852900000,NOISE-NR2,a7b30385-932d-4325-b84b-ae6bdcc359e3,958613.61,6010191.3,Comfortable,60.7
1785852900000,NOISE-NR3,74469165-c65c-4435-a387-36920379578d,959234.31,6010383.42,Comfortable,64.2
1785852960000,NOISE-N,b291e7be-9f14-44ed-87c1-0f02b8ca35b3,958906.23,6010563.72,Elevated,78.5
1785852960000,NOISE-E,7be9696e-9ace-4085-a81b-0b04c83955db,959045.15,6010445.49,High,80.8
1785852960000,NOISE-S,b543d03f-a7d0-4faa-8507-0b3e31081e0b,958885.54,6010297.7,Elevated,76.3
1785852960000,NOISE-W,49a1ac8f-b89d-4356-8260-a3e73765a98a,958749.58,6010415.93,Elevated,77.4
1785852960000,NOISE-NR1,5c7eb3a5-3ace-49d5-b023-33009a594311,959160.42,6010678.99,Comfortable,63.8
1785852960000,NOISE-NR2,a7b30385-932d-4325-b84b-ae6bdcc359e3,958613.61,6010191.3,Comfortable,60.4
1785852960000,NOISE-NR3,74469165-c65c-4435-a387-36920379578d,959234.31,6010383.42,Comfortable,63.5
1785853020000,NOISE-N,b291e7be-9f14-44ed-87c1-0f02b8ca35b3,958906.23,6010563.72,Elevated,77.8
1785853020000,NOISE-E,7be9696e-9ace-4085-a81b-0b04c83955db,959045.15,6010445.49,High,80.5
1785853020000,NOISE-S,b543d03f-a7d0-4faa-8507-0b3e31081e0b,958885.54,6010297.7,Elevated,76.4
1785853020000,NOISE-W,49a1ac8f-b89d-4356-8260-a3e73765a98a,958749.58,6010415.93,Elevated,76.8
1785853020000,NOISE-NR1,5c7eb3a5-3ace-49d5-b023-33009a594311,959160.42,6010678.99,Comfortable,62.8
1785853020000,NOISE-NR2,a7b30385-932d-4325-b84b-ae6bdcc359e3,958613.61,6010191.3,Comfortable,59.9
1785853020000,NOISE-NR3,74469165-c65c-4435-a387-36920379578d,959234.31,6010383.42,Comfortable,64.4
1785853080000,NOISE-N,b291e7be-9f14-44ed-87c1-0f02b8ca35b3,958906.23,6010563.72,Elevated,76.8
1785853080000,NOISE-E,7be9696e-9ace-4085-a81b-0b04c83955db,959045.15,6010445.49,Elevated,79.8
1785853080000,NOISE-S,b543d03f-a7d0-4faa-8507-0b3e31081e0b,958885.54,6010297.7,Elevated,75.7
1785853080000,NOISE-W,49a1ac8f-b89d-4356-8260-a3e73765a98a,958749.58,6010415.93,Elevated,76.1
1785853080000,NOISE-NR1,5c7eb3a5-3ace-49d5-b023-33009a594311,959160.42,6010678.99,Comfortable,62.7
1785853080000,NOISE-NR2,a7b30385-932d-4325-b84b-ae6bdcc359e3,958613.61,6010191.3,Comfortable,60.2
1785853080000,NOISE-NR3,74469165-c65c-4435-a387-36920379578d,959234.31,6010383.42,Comfortable,63.6
1785853140000,NOISE-N,b291e7be-9f14-44ed-87c1-0f02b8ca35b3,958906.23,6010563.72,Elevated,76.9
1785853140000,NOISE-E,7be9696e-9ace-4085-a81b-0b04c83955db,959045.15,6010445.49,Elevated,78.8
1785853140000,NOISE-S,b543d03f-a7d0-4faa-8507-0b3e31081e0b,958885.54,6010297.7,Elevated,76
1785853140000,NOISE-W,49a1ac8f-b89d-4356-8260-a3e73765a98a,958749.58,6010415.93,Elevated,76.5
1785853140000,NOISE-NR1,5c7eb3a5-3ace-49d5-b023-33009a594311,959160.42,6010678.99,Comfortable,62.9
1785853140000,NOISE-NR2,a7b30385-932d-4325-b84b-ae6bdcc359e3,958613.61,6010191.3,Comfortable,59.6
1785853140000,NOISE-NR3,74469165-c65c-4435-a387-36920379578d,959234.31,6010383.42,Comfortable,63.7
1785853200000,NOISE-N,b291e7be-9f14-44ed-87c1-0f02b8ca35b3,958906.23,6010563.72,Elevated,76.6
1785853200000,NOISE-E,7be9696e-9ace-4085-a81b-0b04c83955db,959045.15,6010445.49,Elevated,79.3
1785853200000,NOISE-S,b543d03f-a7d0-4faa-8507-0b3e31081e0b,958885.54,6010297.7,Elevated,75
1785853200000,NOISE-W,49a1ac8f-b89d-4356-8260-a3e73765a98a,958749.58,6010415.93,Elevated,75.7
1785853200000,NOISE-NR1,5c7eb3a5-3ace-49d5-b023-33009a594311,959160.42,6010678.99,Comfortable,63.5
1785853200000,NOISE-NR2,a7b30385-932d-4325-b84b-ae6bdcc359e3,958613.61,6010191.3,Comfortable,60.1
1785853200000,NOISE-NR3,74469165-c65c-4435-a387-36920379578d,959234.31,6010383.42,Comfortable,63
1785853260000,NOISE-N,b291e7be-9f14-44ed-87c1-0f02b8ca35b3,958906.23,6010563.72,Elevated,76.7
1785853260000,NOISE-E,7be9696e-9ace-4085-a81b-0b04c83955db,959045.15,6010445.49,Elevated,79.6
1785853260000,NOISE-S,b543d03f-a7d0-4faa-8507-0b3e31081e0b,958885.54,6010297.7,Elevated,74.8
1785853260000,NOISE-W,49a1ac8f-b89d-4356-8260-a3e73765a98a,958749.58,6010415.93,Elevated,75.6
1785853260000,NOISE-NR1,5c7eb3a5-3ace-49d5-b023-33009a594311,959160.42,6010678.99,Comfortable,63.9
1785853260000,NOISE-NR2,a7b30385-932d-4325-b84b-ae6bdcc359e3,958613.61,6010191.3,Comfortable,59.3
1785853260000,NOISE-NR3,74469165-c65c-4435-a387-36920379578d,959234.31,6010383.42,Comfortable,63.4
1785853320000,NOISE-N,b291e7be-9f14-44ed-87c1-0f02b8ca35b3,958906.23,6010563.72,Elevated,76.3
1785853320000,NOISE-E,7be9696e-9ace-4085-a81b-0b04c83955db,959045.15,6010445.49,Elevated,78.4
1785853320000,NOISE-S,b543d03f-a7d0-4faa-8507-0b3e31081e0b,958885.54,6010297.7,Elevated,74
1785853320000,NOISE-W,49a1ac8f-b89d-4356-8260-a3e73765a98a,958749.58,6010415.93,Elevated,75.8
1785853320000,NOISE-NR1,5c7eb3a5-3ace-49d5-b023-33009a594311,959160.42,6010678.99,Comfortable,64.1
1785853320000,NOISE-NR2,a7b30385-932d-4325-b84b-ae6bdcc359e3,958613.61,6010191.3,Comfortable,59.5
1785853320000,NOISE-NR3,74469165-c65c-4435-a387-36920379578d,959234.31,6010383.42,Comfortable,63.8
1785853380000,NOISE-N,b291e7be-9f14-44ed-87c1-0f02b8ca35b3,958906.23,6010563.72,Elevated,75.8
1785853380000,NOISE-E,7be9696e-9ace-4085-a81b-0b04c83955db,959045.15,6010445.49,Elevated,77.6
1785853380000,NOISE-S,b543d03f-a7d0-4faa-8507-0b3e31081e0b,958885.54,6010297.7,Elevated,74.2
1785853380000,NOISE-W,49a1ac8f-b89d-4356-8260-a3e73765a98a,958749.58,6010415.93,Elevated,75.2
1785853380000,NOISE-NR1,5c7eb3a5-3ace-49d5-b023-33009a594311,959160.42,6010678.99,Comfortable,63.8
1785853380000,NOISE-NR2,a7b30385-932d-4325-b84b-ae6bdcc359e3,958613.61,6010191.3,Comfortable,59
1785853380000,NOISE-NR3,74469165-c65c-4435-a387-36920379578d,959234.31,6010383.42,Comfortable,63.6
1785853440000,NOISE-N,b291e7be-9f14-44ed-87c1-0f02b8ca35b3,958906.23,6010563.72,Elevated,75.5
1785853440000,NOISE-E,7be9696e-9ace-4085-a81b-0b04c83955db,959045.15,6010445.49,Elevated,76.9
1785853440000,NOISE-S,b543d03f-a7d0-4faa-8507-0b3e31081e0b,958885.54,6010297.7,Elevated,73.3
1785853440000,NOISE-W,49a1ac8f-b89d-4356-8260-a3e73765a98a,958749.58,6010415.93,Elevated,75.1
1785853440000,NOISE-NR1,5c7eb3a5-3ace-49d5-b023-33009a594311,959160.42,6010678.99,Comfortable,63.7
1785853440000,NOISE-NR2,a7b30385-932d-4325-b84b-ae6bdcc359e3,958613.61,6010191.3,Comfortable,59.7
1785853440000,NOISE-NR3,74469165-c65c-4435-a387-36920379578d,959234.31,6010383.42,Comfortable,63
1785853500000,NOISE-N,b291e7be-9f14-44ed-87c1-0f02b8ca35b3,958906.23,6010563.72,Elevated,75.4
1785853500000,NOISE-E,7be9696e-9ace-4085-a81b-0b04c83955db,959045.15,6010445.49,Elevated,76.8
1785853500000,NOISE-S,b543d03f-a7d0-4faa-8507-0b3e31081e0b,958885.54,6010297.7,Elevated,73.4
1785853500000,NOISE-W,49a1ac8f-b89d-4356-8260-a3e73765a98a,958749.58,6010415.93,Elevated,74.2
1785853500000,NOISE-NR1,5c7eb3a5-3ace-49d5-b023-33009a594311,959160.42,6010678.99,Comfortable,63.8
1785853500000,NOISE-NR2,a7b30385-932d-4325-b84b-ae6bdcc359e3,958613.61,6010191.3,Comfortable,60.1
1785853500000,NOISE-NR3,74469165-c65c-4435-a387-36920379578d,959234.31,6010383.42,Comfortable,62.1
1785853560000,NOISE-N,b291e7be-9f14-44ed-87c1-0f02b8ca35b3,958906.23,6010563.72,Elevated,75.4
1785853560000,NOISE-E,7be9696e-9ace-4085-a81b-0b04c83955db,959045.15,6010445.49,Elevated,76.3
1785853560000,NOISE-S,b543d03f-a7d0-4faa-8507-0b3e31081e0b,958885.54,6010297.7,Elevated,73.6
1785853560000,NOISE-W,49a1ac8f-b89d-4356-8260-a3e73765a98a,958749.58,6010415.93,Elevated,74.4
1785853560000,NOISE-NR1,5c7eb3a5-3ace-49d5-b023-33009a594311,959160.42,6010678.99,Comfortable,63
1785853560000,NOISE-NR2,a7b30385-932d-4325-b84b-ae6bdcc359e3,958613.61,6010191.3,Comfortable,59.2
1785853560000,NOISE-NR3,74469165-c65c-4435-a387-36920379578d,959234.31,6010383.42,Comfortable,61.7
1785853620000,NOISE-N,b291e7be-9f14-44ed-87c1-0f02b8ca35b3,958906.23,6010563.72,Elevated,75.4
1785853620000,NOISE-E,7be9696e-9ace-4085-a81b-0b04c83955db,959045.15,6010445.49,Elevated,75.9
1785853620000,NOISE-S,b543d03f-a7d0-4faa-8507-0b3e31081e0b,958885.54,6010297.7,Elevated,73.1
1785853620000,NOISE-W,49a1ac8f-b89d-4356-8260-a3e73765a98a,958749.58,6010415.93,Elevated,74
1785853620000,NOISE-NR1,5c7eb3a5-3ace-49d5-b023-33009a594311,959160.42,6010678.99,Comfortable,62.4
1785853620000,NOISE-NR2,a7b30385-932d-4325-b84b-ae6bdcc359e3,958613.61,6010191.3,Comfortable,59
1785853620000,NOISE-NR3,74469165-c65c-4435-a387-36920379578d,959234.31,6010383.42,Comfortable,61.8
1785853680000,NOISE-N,b291e7be-9f14-44ed-87c1-0f02b8ca35b3,958906.23,6010563.72,Elevated,75.7
1785853680000,NOISE-E,7be9696e-9ace-4085-a81b-0b04c83955db,959045.15,6010445.49,Elevated,76.2
1785853680000,NOISE-S,b543d03f-a7d0-4faa-8507-0b3e31081e0b,958885.54,6010297.7,Elevated,72.2
1785853680000,NOISE-W,49a1ac8f-b89d-4356-8260-a3e73765a98a,958749.58,6010415.93,Elevated,73.8
1785853680000,NOISE-NR1,5c7eb3a5-3ace-49d5-b023-33009a594311,959160.42,6010678.99,Comfortable,62
1785853680000,NOISE-NR2,a7b30385-932d-4325-b84b-ae6bdcc359e3,958613.61,6010191.3,Comfortable,58.2
1785853680000,NOISE-NR3,74469165-c65c-4435-a387-36920379578d,959234.31,6010383.42,Comfortable,62.6
1785853740000,NOISE-N,b291e7be-9f14-44ed-87c1-0f02b8ca35b3,958906.23,6010563.72,Elevated,74.7
1785853740000,NOISE-E,7be9696e-9ace-4085-a81b-0b04c83955db,959045.15,6010445.49,Elevated,75.8
1785853740000,NOISE-S,b543d03f-a7d0-4faa-8507-0b3e31081e0b,958885.54,6010297.7,Elevated,72
1785853740000,NOISE-W,49a1ac8f-b89d-4356-8260-a3e73765a98a,958749.58,6010415.93,Elevated,73.7
1785853740000,NOISE-NR1,5c7eb3a5-3ace-49d5-b023-33009a594311,959160.42,6010678.99,Comfortable,60.9
1785853740000,NOISE-NR2,a7b30385-932d-4325-b84b-ae6bdcc359e3,958613.61,6010191.3,Comfortable,58
1785853740000,NOISE-NR3,74469165-c65c-4435-a387-36920379578d,959234.31,6010383.42,Comfortable,62.4
1785853800000,NOISE-N,b291e7be-9f14-44ed-87c1-0f02b8ca35b3,958906.23,6010563.72,Elevated,74.7
1785853800000,NOISE-E,7be9696e-9ace-4085-a81b-0b04c83955db,959045.15,6010445.49,Elevated,76.1
1785853800000,NOISE-S,b543d03f-a7d0-4faa-8507-0b3e31081e0b,958885.54,6010297.7,Elevated,72.5
1785853800000,NOISE-W,49a1ac8f-b89d-4356-8260-a3e73765a98a,958749.58,6010415.93,Elevated,72.6
1785853800000,NOISE-NR1,5c7eb3a5-3ace-49d5-b023-33009a594311,959160.42,6010678.99,Comfortable,61.4
1785853800000,NOISE-NR2,a7b30385-932d-4325-b84b-ae6bdcc359e3,958613.61,6010191.3,Comfortable,57.2
1785853800000,NOISE-NR3,74469165-c65c-4435-a387-36920379578d,959234.31,6010383.42,Comfortable,61.6
1785853860000,NOISE-N,b291e7be-9f14-44ed-87c1-0f02b8ca35b3,958906.23,6010563.72,Elevated,74.8
1785853860000,NOISE-E,7be9696e-9ace-4085-a81b-0b04c83955db,959045.15,6010445.49,Elevated,75.8
1785853860000,NOISE-S,b543d03f-a7d0-4faa-8507-0b3e31081e0b,958885.54,6010297.7,Elevated,72.4
1785853860000,NOISE-W,49a1ac8f-b89d-4356-8260-a3e73765a98a,958749.58,6010415.93,Elevated,71.9
1785853860000,NOISE-NR1,5c7eb3a5-3ace-49d5-b023-33009a594311,959160.42,6010678.99,Comfortable,61
1785853860000,NOISE-NR2,a7b30385-932d-4325-b84b-ae6bdcc359e3,958613.61,6010191.3,Comfortable,57.5
1785853860000,NOISE-NR3,74469165-c65c-4435-a387-36920379578d,959234.31,6010383.42,Comfortable,61.2
1785853920000,NOISE-N,b291e7be-9f14-44ed-87c1-0f02b8ca35b3,958906.23,6010563.72,Elevated,74.2
1785853920000,NOISE-E,7be9696e-9ace-4085-a81b-0b04c83955db,959045.15,6010445.49,Elevated,76.1
1785853920000,NOISE-S,b543d03f-a7d0-4faa-8507-0b3e31081e0b,958885.54,6010297.7,Elevated,72.2
1785853920000,NOISE-W,49a1ac8f-b89d-4356-8260-a3e73765a98a,958749.58,6010415.93,Elevated,71.2
1785853920000,NOISE-NR1,5c7eb3a5-3ace-49d5-b023-33009a594311,959160.42,6010678.99,Comfortable,61.1
1785853920000,NOISE-NR2,a7b30385-932d-4325-b84b-ae6bdcc359e3,958613.61,6010191.3,Comfortable,56.9
1785853920000,NOISE-NR3,74469165-c65c-4435-a387-36920379578d,959234.31,6010383.42,Comfortable,60.3
1785853980000,NOISE-N,b291e7be-9f14-44ed-87c1-0f02b8ca35b3,958906.23,6010563.72,Elevated,74
1785853980000,NOISE-E,7be9696e-9ace-4085-a81b-0b04c83955db,959045.15,6010445.49,Elevated,75.6
1785853980000,NOISE-S,b543d03f-a7d0-4faa-8507-0b3e31081e0b,958885.54,6010297.7,Elevated,72.3
1785853980000,NOISE-W,49a1ac8f-b89d-4356-8260-a3e73765a98a,958749.58,6010415.93,Elevated,71.2
1785853980000,NOISE-NR1,5c7eb3a5-3ace-49d5-b023-33009a594311,959160.42,6010678.99,Comfortable,60.4
1785853980000,NOISE-NR2,a7b30385-932d-4325-b84b-ae6bdcc359e3,958613.61,6010191.3,Comfortable,56.8
1785853980000,NOISE-NR3,74469165-c65c-4435-a387-36920379578d,959234.31,6010383.42,Comfortable,60.8
1785854040000,NOISE-N,b291e7be-9f14-44ed-87c1-0f02b8ca35b3,958906.23,6010563.72,Elevated,73
1785854040000,NOISE-E,7be9696e-9ace-4085-a81b-0b04c83955db,959045.15,6010445.49,Elevated,75.6
1785854040000,NOISE-S,b543d03f-a7d0-4faa-8507-0b3e31081e0b,958885.54,6010297.7,Elevated,72
1785854040000,NOISE-W,49a1ac8f-b89d-4356-8260-a3e73765a98a,958749.58,6010415.93,Elevated,70.6
1785854040000,NOISE-NR1,5c7eb3a5-3ace-49d5-b023-33009a594311,959160.42,6010678.99,Comfortable,60.2
1785854040000,NOISE-NR2,a7b30385-932d-4325-b84b-ae6bdcc359e3,958613.61,6010191.3,Comfortable,56.5
1785854040000,NOISE-NR3,74469165-c65c-4435-a387-36920379578d,959234.31,6010383.42,Comfortable,60.4
1785854100000,NOISE-N,b291e7be-9f14-44ed-87c1-0f02b8ca35b3,958906.23,6010563.72,Elevated,71.8
1785854100000,NOISE-E,7be9696e-9ace-4085-a81b-0b04c83955db,959045.15,6010445.49,Elevated,74.6
1785854100000,NOISE-S,b543d03f-a7d0-4faa-8507-0b3e31081e0b,958885.54,6010297.7,Elevated,70.9
1785854100000,NOISE-W,49a1ac8f-b89d-4356-8260-a3e73765a98a,958749.58,6010415.93,Elevated,70
1785854100000,NOISE-NR1,5c7eb3a5-3ace-49d5-b023-33009a594311,959160.42,6010678.99,Comfortable,60.3
1785854100000,NOISE-NR2,a7b30385-932d-4325-b84b-ae6bdcc359e3,958613.61,6010191.3,Comfortable,56.9
1785854100000,NOISE-NR3,74469165-c65c-4435-a387-36920379578d,959234.31,6010383.42,Comfortable,59.8
1785854160000,NOISE-N,b291e7be-9f14-44ed-87c1-0f02b8ca35b3,958906.23,6010563.72,Elevated,71.9
1785854160000,NOISE-E,7be9696e-9ace-4085-a81b-0b04c83955db,959045.15,6010445.49,Elevated,74.4
1785854160000,NOISE-S,b543d03f-a7d0-4faa-8507-0b3e31081e0b,958885.54,6010297.7,Elevated,71.3
1785854160000,NOISE-W,49a1ac8f-b89d-4356-8260-a3e73765a98a,958749.58,6010415.93,Comfortable,69.7
1785854160000,NOISE-NR1,5c7eb3a5-3ace-49d5-b023-33009a594311,959160.42,6010678.99,Comfortable,59.3
1785854160000,NOISE-NR2,a7b30385-932d-4325-b84b-ae6bdcc359e3,958613.61,6010191.3,Comfortable,57
1785854160000,NOISE-NR3,74469165-c65c-4435-a387-36920379578d,959234.31,6010383.42,Comfortable,60.6
1785854220000,NOISE-N,b291e7be-9f14-44ed-87c1-0f02b8ca35b3,958906.23,6010563.72,Elevated,71.5
1785854220000,NOISE-E,7be9696e-9ace-4085-a81b-0b04c83955db,959045.15,6010445.49,Elevated,73.7
1785854220000,NOISE-S,b543d03f-a7d0-4faa-8507-0b3e31081e0b,958885.54,6010297.7,Elevated,71.1
1785854220000,NOISE-W,49a1ac8f-b89d-4356-8260-a3e73765a98a,958749.58,6010415.93,Comfortable,69.8
1785854220000,NOISE-NR1,5c7eb3a5-3ace-49d5-b023-33009a594311,959160.42,6010678.99,Comfortable,59.9
1785854220000,NOISE-NR2,a7b30385-932d-4325-b84b-ae6bdcc359e3,958613.61,6010191.3,Comfortable,57.1
1785854220000,NOISE-NR3,74469165-c65c-4435-a387-36920379578d,959234.31,6010383.42,Comfortable,60.3
1785854280000,NOISE-N,b291e7be-9f14-44ed-87c1-0f02b8ca35b3,958906.23,6010563.72,Elevated,70.8
1785854280000,NOISE-E,7be9696e-9ace-4085-a81b-0b04c83955db,959045.15,6010445.49,Elevated,73.4
1785854280000,NOISE-S,b543d03f-a7d0-4faa-8507-0b3e31081e0b,958885.54,6010297.7,Comfortable,69.9
1785854280000,NOISE-W,49a1ac8f-b89d-4356-8260-a3e73765a98a,958749.58,6010415.93,Elevated,70.2
1785854280000,NOISE-NR1,5c7eb3a5-3ace-49d5-b023-33009a594311,959160.42,6010678.99,Comfortable,60.2
1785854280000,NOISE-NR2,a7b30385-932d-4325-b84b-ae6bdcc359e3,958613.61,6010191.3,Comfortable,57.4
1785854280000,NOISE-NR3,74469165-c65c-4435-a387-36920379578d,959234.31,6010383.42,Comfortable,59.9
1785854340000,NOISE-N,b291e7be-9f14-44ed-87c1-0f02b8ca35b3,958906.23,6010563.72,Elevated,70.9
1785854340000,NOISE-E,7be9696e-9ace-4085-a81b-0b04c83955db,959045.15,6010445.49,Elevated,73.1
1785854340000,NOISE-S,b543d03f-a7d0-4faa-8507-0b3e31081e0b,958885.54,6010297.7,Elevated,70.2
1785854340000,NOISE-W,49a1ac8f-b89d-4356-8260-a3e73765a98a,958749.58,6010415.93,Elevated,70.3
1785854340000,NOISE-NR1,5c7eb3a5-3ace-49d5-b023-33009a594311,959160.42,6010678.99,Comfortable,59.1
1785854340000,NOISE-NR2,a7b30385-932d-4325-b84b-ae6bdcc359e3,958613.61,6010191.3,Comfortable,56.4
1785854340000,NOISE-NR3,74469165-c65c-4435-a387-36920379578d,959234.31,6010383.42,Comfortable,59.6
1785854400000,NOISE-N,b291e7be-9f14-44ed-87c1-0f02b8ca35b3,958906.23,6010563.72,Elevated,70.9
1785854400000,NOISE-E,7be9696e-9ace-4085-a81b-0b04c83955db,959045.15,6010445.49,Elevated,72.8
1785854400000,NOISE-S,b543d03f-a7d0-4faa-8507-0b3e31081e0b,958885.54,6010297.7,Comfortable,69.5
1785854400000,NOISE-W,49a1ac8f-b89d-4356-8260-a3e73765a98a,958749.58,6010415.93,Elevated,70.6
1785854400000,NOISE-NR1,5c7eb3a5-3ace-49d5-b023-33009a594311,959160.42,6010678.99,Comfortable,59.3
1785854400000,NOISE-NR2,a7b30385-932d-4325-b84b-ae6bdcc359e3,958613.61,6010191.3,Comfortable,55.6
1785854400000,NOISE-NR3,74469165-c65c-4435-a387-36920379578d,959234.31,6010383.42,Comfortable,59
1785854460000,NOISE-N,b291e7be-9f14-44ed-87c1-0f02b8ca35b3,958906.23,6010563.72,Elevated,70.5
1785854460000,NOISE-E,7be9696e-9ace-4085-a81b-0b04c83955db,959045.15,6010445.49,Elevated,72
1785854460000,NOISE-S,b543d03f-a7d0-4faa-8507-0b3e31081e0b,958885.54,6010297.7,Comfortable,69.1
1785854460000,NOISE-W,49a1ac8f-b89d-4356-8260-a3e73765a98a,958749.58,6010415.93,Elevated,70.2
1785854460000,NOISE-NR1,5c7eb3a5-3ace-49d5-b023-33009a594311,959160.42,6010678.99,Comfortable,59
1785854460000,NOISE-NR2,a7b30385-932d-4325-b84b-ae6bdcc359e3,958613.61,6010191.3,Comfortable,56.1
1785854460000,NOISE-NR3,74469165-c65c-4435-a387-36920379578d,959234.31,6010383.42,Comfortable,59.7
1785854520000,NOISE-N,b291e7be-9f14-44ed-87c1-0f02b8ca35b3,958906.23,6010563.72,Elevated,70.3
1785854520000,NOISE-E,7be9696e-9ace-4085-a81b-0b04c83955db,959045.15,6010445.49,Elevated,71.6
1785854520000,NOISE-S,b543d03f-a7d0-4faa-8507-0b3e31081e0b,958885.54,6010297.7,Comfortable,69.6
1785854520000,NOISE-W,49a1ac8f-b89d-4356-8260-a3e73765a98a,958749.58,6010415.93,Comfortable,69.4
1785854520000,NOISE-NR1,5c7eb3a5-3ace-49d5-b023-33009a594311,959160.42,6010678.99,Comfortable,58.8
1785854520000,NOISE-NR2,a7b30385-932d-4325-b84b-ae6bdcc359e3,958613.61,6010191.3,Comfortable,55.8
1785854520000,NOISE-NR3,74469165-c65c-4435-a387-36920379578d,959234.31,6010383.42,Comfortable,59.6
1785854580000,NOISE-N,b291e7be-9f14-44ed-87c1-0f02b8ca35b3,958906.23,6010563.72,Comfortable,69.3
1785854580000,NOISE-E,7be9696e-9ace-4085-a81b-0b04c83955db,959045.15,6010445.49,Elevated,70.6
1785854580000,NOISE-S,b543d03f-a7d0-4faa-8507-0b3e31081e0b,958885.54,6010297.7,Comfortable,69
1785854580000,NOISE-W,49a1ac8f-b89d-4356-8260-a3e73765a98a,958749.58,6010415.93,Comfortable,69.3
1785854580000,NOISE-NR1,5c7eb3a5-3ace-49d5-b023-33009a594311,959160.42,6010678.99,Comfortable,57.8
1785854580000,NOISE-NR2,a7b30385-932d-4325-b84b-ae6bdcc359e3,958613.61,6010191.3,Comfortable,56
1785854580000,NOISE-NR3,74469165-c65c-4435-a387-36920379578d,959234.31,6010383.42,Comfortable,58.9
1785854640000,NOISE-N,b291e7be-9f14-44ed-87c1-0f02b8ca35b3,958906.23,6010563.72,Comfortable,68.8
1785854640000,NOISE-E,7be9696e-9ace-4085-a81b-0b04c83955db,959045.15,6010445.49,Comfortable,69.9
1785854640000,NOISE-S,b543d03f-a7d0-4faa-8507-0b3e31081e0b,958885.54,6010297.7,Comfortable,68.3
1785854640000,NOISE-W,49a1ac8f-b89d-4356-8260-a3e73765a98a,958749.58,6010415.93,Comfortable,68.4
1785854640000,NOISE-NR1,5c7eb3a5-3ace-49d5-b023-33009a594311,959160.42,6010678.99,Comfortable,57.9
1785854640000,NOISE-NR2,a7b30385-932d-4325-b84b-ae6bdcc359e3,958613.61,6010191.3,Comfortable,55.6
1785854640000,NOISE-NR3,74469165-c65c-4435-a387-36920379578d,959234.31,6010383.42,Comfortable,58.3
1785854700000,NOISE-N,b291e7be-9f14-44ed-87c1-0f02b8ca35b3,958906.23,6010563.72,Comfortable,68.8
1785854700000,NOISE-E,7be9696e-9ace-4085-a81b-0b04c83955db,959045.15,6010445.49,Elevated,70.2
1785854700000,NOISE-S,b543d03f-a7d0-4faa-8507-0b3e31081e0b,958885.54,6010297.7,Comfortable,68.3
1785854700000,NOISE-W,49a1ac8f-b89d-4356-8260-a3e73765a98a,958749.58,6010415.93,Comfortable,67.6
1785854700000,NOISE-NR1,5c7eb3a5-3ace-49d5-b023-33009a594311,959160.42,6010678.99,Comfortable,57.5
1785854700000,NOISE-NR2,a7b30385-932d-4325-b84b-ae6bdcc359e3,958613.61,6010191.3,Comfortable,55.2
1785854700000,NOISE-NR3,74469165-c65c-4435-a387-36920379578d,959234.31,6010383.42,Comfortable,59.1
1785854760000,NOISE-N,b291e7be-9f14-44ed-87c1-0f02b8ca35b3,958906.23,6010563.72,Comfortable,69.2
1785854760000,NOISE-E,7be9696e-9ace-4085-a81b-0b04c83955db,959045.15,6010445.49,Comfortable,69.8
1785854760000,NOISE-S,b543d03f-a7d0-4faa-8507-0b3e31081e0b,958885.54,6010297.7,Comfortable,67.1
1785854760000,NOISE-W,49a1ac8f-b89d-4356-8260-a3e73765a98a,958749.58,6010415.93,Comfortable,67.9
1785854760000,NOISE-NR1,5c7eb3a5-3ace-49d5-b023-33009a594311,959160.42,6010678.99,Comfortable,57
1785854760000,NOISE-NR2,a7b30385-932d-4325-b84b-ae6bdcc359e3,958613.61,6010191.3,Comfortable,55.7
1785854760000,NOISE-NR3,74469165-c65c-4435-a387-36920379578d,959234.31,6010383.42,Comfortable,59.5
1785854820000,NOISE-N,b291e7be-9f14-44ed-87c1-0f02b8ca35b3,958906.23,6010563.72,Comfortable,69.3
1785854820000,NOISE-E,7be9696e-9ace-4085-a81b-0b04c83955db,959045.15,6010445.49,Comfortable,69.7
1785854820000,NOISE-S,b543d03f-a7d0-4faa-8507-0b3e31081e0b,958885.54,6010297.7,Comfortable,67
1785854820000,NOISE-W,49a1ac8f-b89d-4356-8260-a3e73765a98a,958749.58,6010415.93,Comfortable,67.7
1785854820000,NOISE-NR1,5c7eb3a5-3ace-49d5-b023-33009a594311,959160.42,6010678.99,Comfortable,57.6
1785854820000,NOISE-NR2,a7b30385-932d-4325-b84b-ae6bdcc359e3,958613.61,6010191.3,Comfortable,55.4
1785854820000,NOISE-NR3,74469165-c65c-4435-a387-36920379578d,959234.31,6010383.42,Comfortable,58.8
1785854880000,NOISE-N,b291e7be-9f14-44ed-87c1-0f02b8ca35b3,958906.23,6010563.72,Comfortable,69.5
1785854880000,NOISE-E,7be9696e-9ace-4085-a81b-0b04c83955db,959045.15,6010445.49,Comfortable,69.3
1785854880000,NOISE-S,b543d03f-a7d0-4faa-8507-0b3e31081e0b,958885.54,6010297.7,Comfortable,67
1785854880000,NOISE-W,49a1ac8f-b89d-4356-8260-a3e73765a98a,958749.58,6010415.93,Comfortable,68.2
1785854880000,NOISE-NR1,5c7eb3a5-3ace-49d5-b023-33009a594311,959160.42,6010678.99,Comfortable,56.8
1785854880000,NOISE-NR2,a7b30385-932d-4325-b84b-ae6bdcc359e3,958613.61,6010191.3,Comfortable,55.6
1785854880000,NOISE-NR3,74469165-c65c-4435-a387-36920379578d,959234.31,6010383.42,Comfortable,58.9
1785854940000,NOISE-N,b291e7be-9f14-44ed-87c1-0f02b8ca35b3,958906.23,6010563.72,Comfortable,69.1
1785854940000,NOISE-E,7be9696e-9ace-4085-a81b-0b04c83955db,959045.15,6010445.49,Comfortable,68.4
1785854940000,NOISE-S,b543d03f-a7d0-4faa-8507-0b3e31081e0b,958885.54,6010297.7,Comfortable,66
1785854940000,NOISE-W,49a1ac8f-b89d-4356-8260-a3e73765a98a,958749.58,6010415.93,Comfortable,67.7
1785854940000,NOISE-NR1,5c7eb3a5-3ace-49d5-b023-33009a594311,959160.42,6010678.99,Comfortable,56.4
1785854940000,NOISE-NR2,a7b30385-932d-4325-b84b-ae6bdcc359e3,958613.61,6010191.3,Comfortable,55.7
1785854940000,NOISE-NR3,74469165-c65c-4435-a387-36920379578d,959234.31,6010383.42,Comfortable,58.4
1785855000000,NOISE-N,b291e7be-9f14-44ed-87c1-0f02b8ca35b3,958906.23,6010563.72,Comfortable,68.4
1785855000000,NOISE-E,7be9696e-9ace-4085-a81b-0b04c83955db,959045.15,6010445.49,Comfortable,68.8
1785855000000,NOISE-S,b543d03f-a7d0-4faa-8507-0b3e31081e0b,958885.54,6010297.7,Comfortable,65.4
1785855000000,NOISE-W,49a1ac8f-b89d-4356-8260-a3e73765a98a,958749.58,6010415.93,Comfortable,66.6
1785855000000,NOISE-NR1,5c7eb3a5-3ace-49d5-b023-33009a594311,959160.42,6010678.99,Comfortable,56.5
1785855000000,NOISE-NR2,a7b30385-932d-4325-b84b-ae6bdcc359e3,958613.61,6010191.3,Comfortable,55.7
1785855000000,NOISE-NR3,74469165-c65c-4435-a387-36920379578d,959234.31,6010383.42,Comfortable,58.1
1785855060000,NOISE-N,b291e7be-9f14-44ed-87c1-0f02b8ca35b3,958906.23,6010563.72,Comfortable,68.5
1785855060000,NOISE-E,7be9696e-9ace-4085-a81b-0b04c83955db,959045.15,6010445.49,Comfortable,68.7
1785855060000,NOISE-S,b543d03f-a7d0-4faa-8507-0b3e31081e0b,958885.54,6010297.7,Comfortable,64.8
1785855060000,NOISE-W,49a1ac8f-b89d-4356-8260-a3e73765a98a,958749.58,6010415.93,Comfortable,67.1
1785855060000,NOISE-NR1,5c7eb3a5-3ace-49d5-b023-33009a594311,959160.42,6010678.99,Comfortable,55.8
1785855060000,NOISE-NR2,a7b30385-932d-4325-b84b-ae6bdcc359e3,958613.61,6010191.3,Comfortable,55.6
1785855060000,NOISE-NR3,74469165-c65c-4435-a387-36920379578d,959234.31,6010383.42,Comfortable,58.6
1785855120000,NOISE-N,b291e7be-9f14-44ed-87c1-0f02b8ca35b3,958906.23,6010563.72,Comfortable,68.6
1785855120000,NOISE-E,7be9696e-9ace-4085-a81b-0b04c83955db,959045.15,6010445.49,Comfortable,69.2
1785855120000,NOISE-S,b543d03f-a7d0-4faa-8507-0b3e31081e0b,958885.54,6010297.7,Comfortable,65.1
1785855120000,NOISE-W,49a1ac8f-b89d-4356-8260-a3e73765a98a,958749.58,6010415.93,Comfortable,66.8
1785855120000,NOISE-NR1,5c7eb3a5-3ace-49d5-b023-33009a594311,959160.42,6010678.99,Comfortable,55.3
1785855120000,NOISE-NR2,a7b30385-932d-4325-b84b-ae6bdcc359e3,958613.61,6010191.3,Comfortable,54.9
1785855120000,NOISE-NR3,74469165-c65c-4435-a387-36920379578d,959234.31,6010383.42,Comfortable,57.6
1785855180000,NOISE-N,b291e7be-9f14-44ed-87c1-0f02b8ca35b3,958906.23,6010563.72,Comfortable,68.6
1785855180000,NOISE-E,7be9696e-9ace-4085-a81b-0b04c83955db,959045.15,6010445.49,Comfortable,69.2
1785855180000,NOISE-S,b543d03f-a7d0-4faa-8507-0b3e31081e0b,958885.54,6010297.7,Comfortable,64.7
1785855180000,NOISE-W,49a1ac8f-b89d-4356-8260-a3e73765a98a,958749.58,6010415.93,Comfortable,66.8
1785855180000,NOISE-NR1,5c7eb3a5-3ace-49d5-b023-33009a594311,959160.42,6010678.99,Comfortable,55.2
1785855180000,NOISE-NR2,a7b30385-932d-4325-b84b-ae6bdcc359e3,958613.61,6010191.3,Comfortable,54.2
1785855180000,NOISE-NR3,74469165-c65c-4435-a387-36920379578d,959234.31,6010383.42,Comfortable,57.6
1785855240000,NOISE-N,b291e7be-9f14-44ed-87c1-0f02b8ca35b3,958906.23,6010563.72,Comfortable,68.1
1785855240000,NOISE-E,7be9696e-9ace-4085-a81b-0b04c83955db,959045.15,6010445.49,Comfortable,68.1
1785855240000,NOISE-S,b543d03f-a7d0-4faa-8507-0b3e31081e0b,958885.54,6010297.7,Comfortable,64.6
1785855240000,NOISE-W,49a1ac8f-b89d-4356-8260-a3e73765a98a,958749.58,6010415.93,Comfortable,67.1
1785855240000,NOISE-NR1,5c7eb3a5-3ace-49d5-b023-33009a594311,959160.42,6010678.99,Comfortable,56.1
1785855240000,NOISE-NR2,a7b30385-932d-4325-b84b-ae6bdcc359e3,958613.61,6010191.3,Comfortable,53.5
1785855240000,NOISE-NR3,74469165-c65c-4435-a387-36920379578d,959234.31,6010383.42,Comfortable,58.1
1785855300000,NOISE-N,b291e7be-9f14-44ed-87c1-0f02b8ca35b3,958906.23,6010563.72,Comfortable,67.1
1785855300000,NOISE-E,7be9696e-9ace-4085-a81b-0b04c83955db,959045.15,6010445.49,Comfortable,67.2
1785855300000,NOISE-S,b543d03f-a7d0-4faa-8507-0b3e31081e0b,958885.54,6010297.7,Comfortable,63.6
1785855300000,NOISE-W,49a1ac8f-b89d-4356-8260-a3e73765a98a,958749.58,6010415.93,Comfortable,67
1785855300000,NOISE-NR1,5c7eb3a5-3ace-49d5-b023-33009a594311,959160.42,6010678.99,Comfortable,55.8
1785855300000,NOISE-NR2,a7b30385-932d-4325-b84b-ae6bdcc359e3,958613.61,6010191.3,Comfortable,53.3
1785855300000,NOISE-NR3,74469165-c65c-4435-a387-36920379578d,959234.31,6010383.42,Comfortable,57.8
1785855360000,NOISE-N,b291e7be-9f14-44ed-87c1-0f02b8ca35b3,958906.23,6010563.72,Comfortable,65.8
1785855360000,NOISE-E,7be9696e-9ace-4085-a81b-0b04c83955db,959045.15,6010445.49,Comfortable,67.6
1785855360000,NOISE-S,b543d03f-a7d0-4faa-8507-0b3e31081e0b,958885.54,6010297.7,Comfortable,63.6
1785855360000,NOISE-W,49a1ac8f-b89d-4356-8260-a3e73765a98a,958749.58,6010415.93,Comfortable,65.8
1785855360000,NOISE-NR1,5c7eb3a5-3ace-49d5-b023-33009a594311,959160.42,6010678.99,Comfortable,55.1
1785855360000,NOISE-NR2,a7b30385-932d-4325-b84b-ae6bdcc359e3,958613.61,6010191.3,Comfortable,53.5
1785855360000,NOISE-NR3,74469165-c65c-4435-a387-36920379578d,959234.31,6010383.42,Comfortable,57.1
1785855420000,NOISE-N,b291e7be-9f14-44ed-87c1-0f02b8ca35b3,958906.23,6010563.72,Comfortable,65.9
1785855420000,NOISE-E,7be9696e-9ace-4085-a81b-0b04c83955db,959045.15,6010445.49,Comfortable,67.2
1785855420000,NOISE-S,b543d03f-a7d0-4faa-8507-0b3e31081e0b,958885.54,6010297.7,Comfortable,63.3
1785855420000,NOISE-W,49a1ac8f-b89d-4356-8260-a3e73765a98a,958749.58,6010415.93,Comfortable,65.4
1785855420000,NOISE-NR1,5c7eb3a5-3ace-49d5-b023-33009a594311,959160.42,6010678.99,Comfortable,54.4
1785855420000,NOISE-NR2,a7b30385-932d-4325-b84b-ae6bdcc359e3,958613.61,6010191.3,Comfortable,53.7
1785855420000,NOISE-NR3,74469165-c65c-4435-a387-36920379578d,959234.31,6010383.42,Comfortable,57.3
1785855480000,NOISE-N,b291e7be-9f14-44ed-87c1-0f02b8ca35b3,958906.23,6010563.72,Comfortable,65.4
1785855480000,NOISE-E,7be9696e-9ace-4085-a81b-0b04c83955db,959045.15,6010445.49,Comfortable,67.5
1785855480000,NOISE-S,b543d03f-a7d0-4faa-8507-0b3e31081e0b,958885.54,6010297.7,Comfortable,63.2
1785855480000,NOISE-W,49a1ac8f-b89d-4356-8260-a3e73765a98a,958749.58,6010415.93,Comfortable,65.6
1785855480000,NOISE-NR1,5c7eb3a5-3ace-49d5-b023-33009a594311,959160.42,6010678.99,Comfortable,54.8
1785855480000,NOISE-NR2,a7b30385-932d-4325-b84b-ae6bdcc359e3,958613.61,6010191.3,Comfortable,52.9
1785855480000,NOISE-NR3,74469165-c65c-4435-a387-36920379578d,959234.31,6010383.42,Comfortable,56.9
1785855540000,NOISE-N,b291e7be-9f14-44ed-87c1-0f02b8ca35b3,958906.23,6010563.72,Comfortable,65.8
1785855540000,NOISE-E,7be9696e-9ace-4085-a81b-0b04c83955db,959045.15,6010445.49,Comfortable,66.6
1785855540000,NOISE-S,b543d03f-a7d0-4faa-8507-0b3e31081e0b,958885.54,6010297.7,Comfortable,63.4
1785855540000,NOISE-W,49a1ac8f-b89d-4356-8260-a3e73765a98a,958749.58,6010415.93,Comfortable,64.6
1785855540000,NOISE-NR1,5c7eb3a5-3ace-49d5-b023-33009a594311,959160.42,6010678.99,Comfortable,54.3
1785855540000,NOISE-NR2,a7b30385-932d-4325-b84b-ae6bdcc359e3,958613.61,6010191.3,Comfortable,53.3
1785855540000,NOISE-NR3,74469165-c65c-4435-a387-36920379578d,959234.31,6010383.42,Comfortable,56
1785855600000,NOISE-N,b291e7be-9f14-44ed-87c1-0f02b8ca35b3,958906.23,6010563.72,Comfortable,65.5
1785855600000,NOISE-E,7be9696e-9ace-4085-a81b-0b04c83955db,959045.15,6010445.49,Comfortable,67
1785855600000,NOISE-S,b543d03f-a7d0-4faa-8507-0b3e31081e0b,958885.54,6010297.7,Comfortable,62.4
1785855600000,NOISE-W,49a1ac8f-b89d-4356-8260-a3e73765a98a,958749.58,6010415.93,Comfortable,64.6
1785855600000,NOISE-NR1,5c7eb3a5-3ace-49d5-b023-33009a594311,959160.42,6010678.99,Comfortable,54.6
1785855600000,NOISE-NR2,a7b30385-932d-4325-b84b-ae6bdcc359e3,958613.61,6010191.3,Comfortable,53.6
1785855600000,NOISE-NR3,74469165-c65c-4435-a387-36920379578d,959234.31,6010383.42,Comfortable,56.2
1785855660000,NOISE-N,b291e7be-9f14-44ed-87c1-0f02b8ca35b3,958906.23,6010563.72,Comfortable,64.4
1785855660000,NOISE-E,7be9696e-9ace-4085-a81b-0b04c83955db,959045.15,6010445.49,Comfortable,65.8
1785855660000,NOISE-S,b543d03f-a7d0-4faa-8507-0b3e31081e0b,958885.54,6010297.7,Comfortable,63.2
1785855660000,NOISE-W,49a1ac8f-b89d-4356-8260-a3e73765a98a,958749.58,6010415.93,Comfortable,63.6
1785855660000,NOISE-NR1,5c7eb3a5-3ace-49d5-b023-33009a594311,959160.42,6010678.99,Comfortable,54.7
1785855660000,NOISE-NR2,a7b30385-932d-4325-b84b-ae6bdcc359e3,958613.61,6010191.3,Comfortable,53.8
1785855660000,NOISE-NR3,74469165-c65c-4435-a387-36920379578d,959234.31,6010383.42,Comfortable,55.9
1785855720000,NOISE-N,b291e7be-9f14-44ed-87c1-0f02b8ca35b3,958906.23,6010563.72,Comfortable,64.2
1785855720000,NOISE-E,7be9696e-9ace-4085-a81b-0b04c83955db,959045.15,6010445.49,Comfortable,65.2
1785855720000,NOISE-S,b543d03f-a7d0-4faa-8507-0b3e31081e0b,958885.54,6010297.7,Comfortable,63.4
1785855720000,NOISE-W,49a1ac8f-b89d-4356-8260-a3e73765a98a,958749.58,6010415.93,Comfortable,64.2
1785855720000,NOISE-NR1,5c7eb3a5-3ace-49d5-b023-33009a594311,959160.42,6010678.99,Comfortable,54.9
1785855720000,NOISE-NR2,a7b30385-932d-4325-b84b-ae6bdcc359e3,958613.61,6010191.3,Comfortable,52.9
1785855720000,NOISE-NR3,74469165-c65c-4435-a387-36920379578d,959234.31,6010383.42,Comfortable,55.9
1785855780000,NOISE-N,b291e7be-9f14-44ed-87c1-0f02b8ca35b3,958906.23,6010563.72,Comfortable,63.1
1785855780000,NOISE-E,7be9696e-9ace-4085-a81b-0b04c83955db,959045.15,6010445.49,Comfortable,64.4
1785855780000,NOISE-S,b543d03f-a7d0-4faa-8507-0b3e31081e0b,958885.54,6010297.7,Comfortable,62.4
1785855780000,NOISE-W,49a1ac8f-b89d-4356-8260-a3e73765a98a,958749.58,6010415.93,Comfortable,63.1
1785855780000,NOISE-NR1,5c7eb3a5-3ace-49d5-b023-33009a594311,959160.42,6010678.99,Comfortable,54.5
1785855780000,NOISE-NR2,a7b30385-932d-4325-b84b-ae6bdcc359e3,958613.61,6010191.3,Comfortable,52.4
1785855780000,NOISE-NR3,74469165-c65c-4435-a387-36920379578d,959234.31,6010383.42,Comfortable,55.7
1785855840000,NOISE-N,b291e7be-9f14-44ed-87c1-0f02b8ca35b3,958906.23,6010563.72,Comfortable,62.8
1785855840000,NOISE-E,7be9696e-9ace-4085-a81b-0b04c83955db,959045.15,6010445.49,Comfortable,64.9
1785855840000,NOISE-S,b543d03f-a7d0-4faa-8507-0b3e31081e0b,958885.54,6010297.7,Comfortable,62.8
1785855840000,NOISE-W,49a1ac8f-b89d-4356-8260-a3e73765a98a,958749.58,6010415.93,Comfortable,63.2
1785855840000,NOISE-NR1,5c7eb3a5-3ace-49d5-b023-33009a594311,959160.42,6010678.99,Comfortable,53.8
1785855840000,NOISE-NR2,a7b30385-932d-4325-b84b-ae6bdcc359e3,958613.61,6010191.3,Comfortable,51.7
1785855840000,NOISE-NR3,74469165-c65c-4435-a387-36920379578d,959234.31,6010383.42,Comfortable,55.8
1785855900000,NOISE-N,b291e7be-9f14-44ed-87c1-0f02b8ca35b3,958906.23,6010563.72,Comfortable,62.2
1785855900000,NOISE-E,7be9696e-9ace-4085-a81b-0b04c83955db,959045.15,6010445.49,Comfortable,64.2
1785855900000,NOISE-S,b543d03f-a7d0-4faa-8507-0b3e31081e0b,958885.54,6010297.7,Comfortable,61.7
1785855900000,NOISE-W,49a1ac8f-b89d-4356-8260-a3e73765a98a,958749.58,6010415.93,Comfortable,63.3
1785855900000,NOISE-NR1,5c7eb3a5-3ace-49d5-b023-33009a594311,959160.42,6010678.99,Comfortable,53.7
1785855900000,NOISE-NR2,a7b30385-932d-4325-b84b-ae6bdcc359e3,958613.61,6010191.3,Comfortable,52.3
1785855900000,NOISE-NR3,74469165-c65c-4435-a387-36920379578d,959234.31,6010383.42,Comfortable,56.1
1785855960000,NOISE-N,b291e7be-9f14-44ed-87c1-0f02b8ca35b3,958906.23,6010563.72,Comfortable,61.8
1785855960000,NOISE-E,7be9696e-9ace-4085-a81b-0b04c83955db,959045.15,6010445.49,Comfortable,64.2
1785855960000,NOISE-S,b543d03f-a7d0-4faa-8507-0b3e31081e0b,958885.54,6010297.7,Comfortable,60.8
1785855960000,NOISE-W,49a1ac8f-b89d-4356-8260-a3e73765a98a,958749.58,6010415.93,Comfortable,62.5
1785855960000,NOISE-NR1,5c7eb3a5-3ace-49d5-b023-33009a594311,959160.42,6010678.99,Comfortable,52.9
1785855960000,NOISE-NR2,a7b30385-932d-4325-b84b-ae6bdcc359e3,958613.61,6010191.3,Comfortable,52.5
1785855960000,NOISE-NR3,74469165-c65c-4435-a387-36920379578d,959234.31,6010383.42,Comfortable,56
1785856020000,NOISE-N,b291e7be-9f14-44ed-87c1-0f02b8ca35b3,958906.23,6010563.72,Comfortable,61.3
1785856020000,NOISE-E,7be9696e-9ace-4085-a81b-0b04c83955db,959045.15,6010445.49,Comfortable,63.3
1785856020000,NOISE-S,b543d03f-a7d0-4faa-8507-0b3e31081e0b,958885.54,6010297.7,Comfortable,60.8
1785856020000,NOISE-W,49a1ac8f-b89d-4356-8260-a3e73765a98a,958749.58,6010415.93,Comfortable,61.8
1785856020000,NOISE-NR1,5c7eb3a5-3ace-49d5-b023-33009a594311,959160.42,6010678.99,Comfortable,53
1785856020000,NOISE-NR2,a7b30385-932d-4325-b84b-ae6bdcc359e3,958613.61,6010191.3,Comfortable,52
1785856020000,NOISE-NR3,74469165-c65c-4435-a387-36920379578d,959234.31,6010383.42,Comfortable,55.8
1785856080000,NOISE-N,b291e7be-9f14-44ed-87c1-0f02b8ca35b3,958906.23,6010563.72,Comfortable,61.5
1785856080000,NOISE-E,7be9696e-9ace-4085-a81b-0b04c83955db,959045.15,6010445.49,Comfortable,62.9
1785856080000,NOISE-S,b543d03f-a7d0-4faa-8507-0b3e31081e0b,958885.54,6010297.7,Comfortable,59.9
1785856080000,NOISE-W,49a1ac8f-b89d-4356-8260-a3e73765a98a,958749.58,6010415.93,Comfortable,61.9
1785856080000,NOISE-NR1,5c7eb3a5-3ace-49d5-b023-33009a594311,959160.42,6010678.99,Comfortable,53.4
1785856080000,NOISE-NR2,a7b30385-932d-4325-b84b-ae6bdcc359e3,958613.61,6010191.3,Comfortable,52.2
1785856080000,NOISE-NR3,74469165-c65c-4435-a387-36920379578d,959234.31,6010383.42,Comfortable,55.2
1785856140000,NOISE-N,b291e7be-9f14-44ed-87c1-0f02b8ca35b3,958906.23,6010563.72,Comfortable,61.8
1785856140000,NOISE-E,7be9696e-9ace-4085-a81b-0b04c83955db,959045.15,6010445.49,Comfortable,62.1
1785856140000,NOISE-S,b543d03f-a7d0-4faa-8507-0b3e31081e0b,958885.54,6010297.7,Comfortable,59.7
1785856140000,NOISE-W,49a1ac8f-b89d-4356-8260-a3e73765a98a,958749.58,6010415.93,Comfortable,61.2
1785856140000,NOISE-NR1,5c7eb3a5-3ace-49d5-b023-33009a594311,959160.42,6010678.99,Comfortable,53.7
1785856140000,NOISE-NR2,a7b30385-932d-4325-b84b-ae6bdcc359e3,958613.61,6010191.3,Comfortable,52.1
1785856140000,NOISE-NR3,74469165-c65c-4435-a387-36920379578d,959234.31,6010383.42,Comfortable,54.2
1785856200000,NOISE-N,b291e7be-9f14-44ed-87c1-0f02b8ca35b3,958906.23,6010563.72,Comfortable,60.8
1785856200000,NOISE-E,7be9696e-9ace-4085-a81b-0b04c83955db,959045.15,6010445.49,Comfortable,61.8
1785856200000,NOISE-S,b543d03f-a7d0-4faa-8507-0b3e31081e0b,958885.54,6010297.7,Comfortable,59
1785856200000,NOISE-W,49a1ac8f-b89d-4356-8260-a3e73765a98a,958749.58,6010415.93,Comfortable,61.2
1785856200000,NOISE-NR1,5c7eb3a5-3ace-49d5-b023-33009a594311,959160.42,6010678.99,Comfortable,53
1785856200000,NOISE-NR2,a7b30385-932d-4325-b84b-ae6bdcc359e3,958613.61,6010191.3,Comfortable,51.4
1785856200000,NOISE-NR3,74469165-c65c-4435-a387-36920379578d,959234.31,6010383.42,Comfortable,54.4
1785856260000,NOISE-N,b291e7be-9f14-44ed-87c1-0f02b8ca35b3,958906.23,6010563.72,Comfortable,60.9
1785856260000,NOISE-E,7be9696e-9ace-4085-a81b-0b04c83955db,959045.15,6010445.49,Comfortable,61.1
1785856260000,NOISE-S,b543d03f-a7d0-4faa-8507-0b3e31081e0b,958885.54,6010297.7,Comfortable,58.3
1785856260000,NOISE-W,49a1ac8f-b89d-4356-8260-a3e73765a98a,958749.58,6010415.93,Comfortable,61.2
1785856260000,NOISE-NR1,5c7eb3a5-3ace-49d5-b023-33009a594311,959160.42,6010678.99,Comfortable,53.5
1785856260000,NOISE-NR2,a7b30385-932d-4325-b84b-ae6bdcc359e3,958613.61,6010191.3,Comfortable,50.5
1785856260000,NOISE-NR3,74469165-c65c-4435-a387-36920379578d,959234.31,6010383.42,Comfortable,54.5
1785856320000,NOISE-N,b291e7be-9f14-44ed-87c1-0f02b8ca35b3,958906.23,6010563.72,Comfortable,60.8
1785856320000,NOISE-E,7be9696e-9ace-4085-a81b-0b04c83955db,959045.15,6010445.49,Comfortable,60.6
1785856320000,NOISE-S,b543d03f-a7d0-4faa-8507-0b3e31081e0b,958885.54,6010297.7,Comfortable,59.2
1785856320000,NOISE-W,49a1ac8f-b89d-4356-8260-a3e73765a98a,958749.58,6010415.93,Comfortable,60.3
1785856320000,NOISE-NR1,5c7eb3a5-3ace-49d5-b023-33009a594311,959160.42,6010678.99,Comfortable,52.7
1785856320000,NOISE-NR2,a7b30385-932d-4325-b84b-ae6bdcc359e3,958613.61,6010191.3,Comfortable,50.1
1785856320000,NOISE-NR3,74469165-c65c-4435-a387-36920379578d,959234.31,6010383.42,Comfortable,55
1785856380000,NOISE-N,b291e7be-9f14-44ed-87c1-0f02b8ca35b3,958906.23,6010563.72,Comfortable,60.6
1785856380000,NOISE-E,7be9696e-9ace-4085-a81b-0b04c83955db,959045.15,6010445.49,Comfortable,60.8
1785856380000,NOISE-S,b543d03f-a7d0-4faa-8507-0b3e31081e0b,958885.54,6010297.7,Comfortable,59.5
1785856380000,NOISE-W,49a1ac8f-b89d-4356-8260-a3e73765a98a,958749.58,6010415.93,Comfortable,60.3
1785856380000,NOISE-NR1,5c7eb3a5-3ace-49d5-b023-33009a594311,959160.42,6010678.99,Comfortable,52
1785856380000,NOISE-NR2,a7b30385-932d-4325-b84b-ae6bdcc359e3,958613.61,6010191.3,Comfortable,50.4
1785856380000,NOISE-NR3,74469165-c65c-4435-a387-36920379578d,959234.31,6010383.42,Comfortable,54.1
1785856440000,NOISE-N,b291e7be-9f14-44ed-87c1-0f02b8ca35b3,958906.23,6010563.72,Comfortable,60.6
1785856440000,NOISE-E,7be9696e-9ace-4085-a81b-0b04c83955db,959045.15,6010445.49,Comfortable,60.2
1785856440000,NOISE-S,b543d03f-a7d0-4faa-8507-0b3e31081e0b,958885.54,6010297.7,Comfortable,59.7
1785856440000,NOISE-W,49a1ac8f-b89d-4356-8260-a3e73765a98a,958749.58,6010415.93,Comfortable,60
1785856440000,NOISE-NR1,5c7eb3a5-3ace-49d5-b023-33009a594311,959160.42,6010678.99,Comfortable,52
1785856440000,NOISE-NR2,a7b30385-932d-4325-b84b-ae6bdcc359e3,958613.61,6010191.3,Comfortable,51.1
1785856440000,NOISE-NR3,74469165-c65c-4435-a387-36920379578d,959234.31,6010383.42,Comfortable,54.2
1785856500000,NOISE-N,b291e7be-9f14-44ed-87c1-0f02b8ca35b3,958906.23,6010563.72,Comfortable,59.8
1785856500000,NOISE-E,7be9696e-9ace-4085-a81b-0b04c83955db,959045.15,6010445.49,Comfortable,59.6
1785856500000,NOISE-S,b543d03f-a7d0-4faa-8507-0b3e31081e0b,958885.54,6010297.7,Comfortable,59.2
1785856500000,NOISE-W,49a1ac8f-b89d-4356-8260-a3e73765a98a,958749.58,6010415.93,Comfortable,59.4
1785856500000,NOISE-NR1,5c7eb3a5-3ace-49d5-b023-33009a594311,959160.42,6010678.99,Comfortable,52.5
1785856500000,NOISE-NR2,a7b30385-932d-4325-b84b-ae6bdcc359e3,958613.61,6010191.3,Comfortable,51.7
1785856500000,NOISE-NR3,74469165-c65c-4435-a387-36920379578d,959234.31,6010383.42,Comfortable,53.2
1785856560000,NOISE-N,b291e7be-9f14-44ed-87c1-0f02b8ca35b3,958906.23,6010563.72,Comfortable,58.9
1785856560000,NOISE-E,7be9696e-9ace-4085-a81b-0b04c83955db,959045.15,6010445.49,Comfortable,59
1785856560000,NOISE-S,b543d03f-a7d0-4faa-8507-0b3e31081e0b,958885.54,6010297.7,Comfortable,58.8
1785856560000,NOISE-W,49a1ac8f-b89d-4356-8260-a3e73765a98a,958749.58,6010415.93,Comfortable,58.6
1785856560000,NOISE-NR1,5c7eb3a5-3ace-49d5-b023-33009a594311,959160.42,6010678.99,Comfortable,52.8
1785856560000,NOISE-NR2,a7b30385-932d-4325-b84b-ae6bdcc359e3,958613.61,6010191.3,Comfortable,50.6
1785856560000,NOISE-NR3,74469165-c65c-4435-a387-36920379578d,959234.31,6010383.42,Comfortable,52.9
1785856620000,NOISE-N,b291e7be-9f14-44ed-87c1-0f02b8ca35b3,958906.23,6010563.72,Comfortable,58.8
1785856620000,NOISE-E,7be9696e-9ace-4085-a81b-0b04c83955db,959045.15,6010445.49,Comfortable,58.7
1785856620000,NOISE-S,b543d03f-a7d0-4faa-8507-0b3e31081e0b,958885.54,6010297.7,Comfortable,59.3
1785856620000,NOISE-W,49a1ac8f-b89d-4356-8260-a3e73765a98a,958749.58,6010415.93,Comfortable,59.3
1785856620000,NOISE-NR1,5c7eb3a5-3ace-49d5-b023-33009a594311,959160.42,6010678.99,Comfortable,52.8
1785856620000,NOISE-NR2,a7b30385-932d-4325-b84b-ae6bdcc359e3,958613.61,6010191.3,Comfortable,49.6
1785856620000,NOISE-NR3,74469165-c65c-4435-a387-36920379578d,959234.31,6010383.42,Comfortable,52.4
1785856680000,NOISE-N,b291e7be-9f14-44ed-87c1-0f02b8ca35b3,958906.23,6010563.72,Comfortable,58.4
1785856680000,NOISE-E,7be9696e-9ace-4085-a81b-0b04c83955db,959045.15,6010445.49,Comfortable,58.3
1785856680000,NOISE-S,b543d03f-a7d0-4faa-8507-0b3e31081e0b,958885.54,6010297.7,Comfortable,59
1785856680000,NOISE-W,49a1ac8f-b89d-4356-8260-a3e73765a98a,958749.58,6010415.93,Comfortable,58.4
1785856680000,NOISE-NR1,5c7eb3a5-3ace-49d5-b023-33009a594311,959160.42,6010678.99,Comfortable,52.2
1785856680000,NOISE-NR2,a7b30385-932d-4325-b84b-ae6bdcc359e3,958613.61,6010191.3,Comfortable,50.1
1785856680000,NOISE-NR3,74469165-c65c-4435-a387-36920379578d,959234.31,6010383.42,Comfortable,53
1785856740000,NOISE-N,b291e7be-9f14-44ed-87c1-0f02b8ca35b3,958906.23,6010563.72,Comfortable,58.6
1785856740000,NOISE-E,7be9696e-9ace-4085-a81b-0b04c83955db,959045.15,6010445.49,Comfortable,58.8
1785856740000,NOISE-S,b543d03f-a7d0-4faa-8507-0b3e31081e0b,958885.54,6010297.7,Comfortable,58.7
1785856740000,NOISE-W,49a1ac8f-b89d-4356-8260-a3e73765a98a,958749.58,6010415.93,Comfortable,57.7
1785856740000,NOISE-NR1,5c7eb3a5-3ace-49d5-b023-33009a594311,959160.42,6010678.99,Comfortable,51.4
1785856740000,NOISE-NR2,a7b30385-932d-4325-b84b-ae6bdcc359e3,958613.61,6010191.3,Comfortable,50.2
1785856740000,NOISE-NR3,74469165-c65c-4435-a387-36920379578d,959234.31,6010383.42,Comfortable,53.5
1785856800000,NOISE-N,b291e7be-9f14-44ed-87c1-0f02b8ca35b3,958906.23,6010563.72,Comfortable,58.2
1785856800000,NOISE-E,7be9696e-9ace-4085-a81b-0b04c83955db,959045.15,6010445.49,Comfortable,59.5
1785856800000,NOISE-S,b543d03f-a7d0-4faa-8507-0b3e31081e0b,958885.54,6010297.7,Comfortable,57.7
1785856800000,NOISE-W,49a1ac8f-b89d-4356-8260-a3e73765a98a,958749.58,6010415.93,Comfortable,57
1785856800000,NOISE-NR1,5c7eb3a5-3ace-49d5-b023-33009a594311,959160.42,6010678.99,Comfortable,50.6
1785856800000,NOISE-NR2,a7b30385-932d-4325-b84b-ae6bdcc359e3,958613.61,6010191.3,Comfortable,49.5
1785856800000,NOISE-NR3,74469165-c65c-4435-a387-36920379578d,959234.31,6010383.42,Comfortable,53.6
1785856860000,NOISE-N,b291e7be-9f14-44ed-87c1-0f02b8ca35b3,958906.23,6010563.72,Comfortable,57.3
1785856860000,NOISE-E,7be9696e-9ace-4085-a81b-0b04c83955db,959045.15,6010445.49,Comfortable,58.9
1785856860000,NOISE-S,b543d03f-a7d0-4faa-8507-0b3e31081e0b,958885.54,6010297.7,Comfortable,58
1785856860000,NOISE-W,49a1ac8f-b89d-4356-8260-a3e73765a98a,958749.58,6010415.93,Comfortable,57.6
1785856860000,NOISE-NR1,5c7eb3a5-3ace-49d5-b023-33009a594311,959160.42,6010678.99,Comfortable,50.7
1785856860000,NOISE-NR2,a7b30385-932d-4325-b84b-ae6bdcc359e3,958613.61,6010191.3,Comfortable,48.6
1785856860000,NOISE-NR3,74469165-c65c-4435-a387-36920379578d,959234.31,6010383.42,Comfortable,53.5
1785856920000,NOISE-N,b291e7be-9f14-44ed-87c1-0f02b8ca35b3,958906.23,6010563.72,Comfortable,57.1
1785856920000,NOISE-E,7be9696e-9ace-4085-a81b-0b04c83955db,959045.15,6010445.49,Comfortable,59.4
1785856920000,NOISE-S,b543d03f-a7d0-4faa-8507-0b3e31081e0b,958885.54,6010297.7,Comfortable,57
1785856920000,NOISE-W,49a1ac8f-b89d-4356-8260-a3e73765a98a,958749.58,6010415.93,Comfortable,57.8
1785856920000,NOISE-NR1,5c7eb3a5-3ace-49d5-b023-33009a594311,959160.42,6010678.99,Comfortable,51.4
1785856920000,NOISE-NR2,a7b30385-932d-4325-b84b-ae6bdcc359e3,958613.61,6010191.3,Comfortable,49.5
1785856920000,NOISE-NR3,74469165-c65c-4435-a387-36920379578d,959234.31,6010383.42,Comfortable,53.5
1785856980000,NOISE-N,b291e7be-9f14-44ed-87c1-0f02b8ca35b3,958906.23,6010563.72,Comfortable,57.8
1785856980000,NOISE-E,7be9696e-9ace-4085-a81b-0b04c83955db,959045.15,6010445.49,Comfortable,58.5
1785856980000,NOISE-S,b543d03f-a7d0-4faa-8507-0b3e31081e0b,958885.54,6010297.7,Comfortable,56.2
1785856980000,NOISE-W,49a1ac8f-b89d-4356-8260-a3e73765a98a,958749.58,6010415.93,Comfortable,58
1785856980000,NOISE-NR1,5c7eb3a5-3ace-49d5-b023-33009a594311,959160.42,6010678.99,Comfortable,50.4
1785856980000,NOISE-NR2,a7b30385-932d-4325-b84b-ae6bdcc359e3,958613.61,6010191.3,Comfortable,49.2
1785856980000,NOISE-NR3,74469165-c65c-4435-a387-36920379578d,959234.31,6010383.42,Comfortable,53.4
1785857040000,NOISE-N,b291e7be-9f14-44ed-87c1-0f02b8ca35b3,958906.23,6010563.72,Comfortable,57.1
1785857040000,NOISE-E,7be9696e-9ace-4085-a81b-0b04c83955db,959045.15,6010445.49,Comfortable,57.6
1785857040000,NOISE-S,b543d03f-a7d0-4faa-8507-0b3e31081e0b,958885.54,6010297.7,Comfortable,56
1785857040000,NOISE-W,49a1ac8f-b89d-4356-8260-a3e73765a98a,958749.58,6010415.93,Comfortable,57
1785857040000,NOISE-NR1,5c7eb3a5-3ace-49d5-b023-33009a594311,959160.42,6010678.99,Comfortable,50.7
1785857040000,NOISE-NR2,a7b30385-932d-4325-b84b-ae6bdcc359e3,958613.61,6010191.3,Comfortable,48.3
1785857040000,NOISE-NR3,74469165-c65c-4435-a387-36920379578d,959234.31,6010383.42,Comfortable,53.3
1785857100000,NOISE-N,b291e7be-9f14-44ed-87c1-0f02b8ca35b3,958906.23,6010563.72,Comfortable,57.3
1785857100000,NOISE-E,7be9696e-9ace-4085-a81b-0b04c83955db,959045.15,6010445.49,Comfortable,58.1
1785857100000,NOISE-S,b543d03f-a7d0-4faa-8507-0b3e31081e0b,958885.54,6010297.7,Comfortable,55
1785857100000,NOISE-W,49a1ac8f-b89d-4356-8260-a3e73765a98a,958749.58,6010415.93,Comfortable,56
1785857100000,NOISE-NR1,5c7eb3a5-3ace-49d5-b023-33009a594311,959160.42,6010678.99,Comfortable,51
1785857100000,NOISE-NR2,a7b30385-932d-4325-b84b-ae6bdcc359e3,958613.61,6010191.3,Comfortable,48.1
1785857100000,NOISE-NR3,74469165-c65c-4435-a387-36920379578d,959234.31,6010383.42,Comfortable,52.3
1785857160000,NOISE-N,b291e7be-9f14-44ed-87c1-0f02b8ca35b3,958906.23,6010563.72,Comfortable,57.2
1785857160000,NOISE-E,7be9696e-9ace-4085-a81b-0b04c83955db,959045.15,6010445.49,Comfortable,58.6
1785857160000,NOISE-S,b543d03f-a7d0-4faa-8507-0b3e31081e0b,958885.54,6010297.7,Comfortable,54.3
1785857160000,NOISE-W,49a1ac8f-b89d-4356-8260-a3e73765a98a,958749.58,6010415.93,Comfortable,56.5
1785857160000,NOISE-NR1,5c7eb3a5-3ace-49d5-b023-33009a594311,959160.42,6010678.99,Comfortable,50.4
1785857160000,NOISE-NR2,a7b30385-932d-4325-b84b-ae6bdcc359e3,958613.61,6010191.3,Comfortable,47.4
1785857160000,NOISE-NR3,74469165-c65c-4435-a387-36920379578d,959234.31,6010383.42,Comfortable,51.6
1785857220000,NOISE-N,b291e7be-9f14-44ed-87c1-0f02b8ca35b3,958906.23,6010563.72,Comfortable,57.4
1785857220000,NOISE-E,7be9696e-9ace-4085-a81b-0b04c83955db,959045.15,6010445.49,Comfortable,58.2
1785857220000,NOISE-S,b543d03f-a7d0-4faa-8507-0b3e31081e0b,958885.54,6010297.7,Comfortable,54.8
1785857220000,NOISE-W,49a1ac8f-b89d-4356-8260-a3e73765a98a,958749.58,6010415.93,Comfortable,56.7
1785857220000,NOISE-NR1,5c7eb3a5-3ace-49d5-b023-33009a594311,959160.42,6010678.99,Comfortable,50.3
1785857220000,NOISE-NR2,a7b30385-932d-4325-b84b-ae6bdcc359e3,958613.61,6010191.3,Comfortable,47.8
1785857220000,NOISE-NR3,74469165-c65c-4435-a387-36920379578d,959234.31,6010383.42,Comfortable,51.6
1785857280000,NOISE-N,b291e7be-9f14-44ed-87c1-0f02b8ca35b3,958906.23,6010563.72,Comfortable,57.3
1785857280000,NOISE-E,7be9696e-9ace-4085-a81b-0b04c83955db,959045.15,6010445.49,Comfortable,57.1
1785857280000,NOISE-S,b543d03f-a7d0-4faa-8507-0b3e31081e0b,958885.54,6010297.7,Comfortable,54.4
1785857280000,NOISE-W,49a1ac8f-b89d-4356-8260-a3e73765a98a,958749.58,6010415.93,Comfortable,56.2
1785857280000,NOISE-NR1,5c7eb3a5-3ace-49d5-b023-33009a594311,959160.42,6010678.99,Comfortable,49.6
1785857280000,NOISE-NR2,a7b30385-932d-4325-b84b-ae6bdcc359e3,958613.61,6010191.3,Comfortable,47.7
1785857280000,NOISE-NR3,74469165-c65c-4435-a387-36920379578d,959234.31,6010383.42,Comfortable,51.2
1785857340000,NOISE-N,b291e7be-9f14-44ed-87c1-0f02b8ca35b3,958906.23,6010563.72,Comfortable,57.4
1785857340000,NOISE-E,7be9696e-9ace-4085-a81b-0b04c83955db,959045.15,6010445.49,Comfortable,57
1785857340000,NOISE-S,b543d03f-a7d0-4faa-8507-0b3e31081e0b,958885.54,6010297.7,Comfortable,55.1
1785857340000,NOISE-W,49a1ac8f-b89d-4356-8260-a3e73765a98a,958749.58,6010415.93,Comfortable,56.2
1785857340000,NOISE-NR1,5c7eb3a5-3ace-49d5-b023-33009a594311,959160.42,6010678.99,Comfortable,49.7
1785857340000,NOISE-NR2,a7b30385-932d-4325-b84b-ae6bdcc359e3,958613.61,6010191.3,Comfortable,47.7
1785857340000,NOISE-NR3,74469165-c65c-4435-a387-36920379578d,959234.31,6010383.42,Comfortable,51
1785857400000,NOISE-N,b291e7be-9f14-44ed-87c1-0f02b8ca35b3,958906.23,6010563.72,Comfortable,56.5
1785857400000,NOISE-E,7be9696e-9ace-4085-a81b-0b04c83955db,959045.15,6010445.49,Comfortable,55.8
1785857400000,NOISE-S,b543d03f-a7d0-4faa-8507-0b3e31081e0b,958885.54,6010297.7,Comfortable,54.7
1785857400000,NOISE-W,49a1ac8f-b89d-4356-8260-a3e73765a98a,958749.58,6010415.93,Comfortable,55.8
1785857400000,NOISE-NR1,5c7eb3a5-3ace-49d5-b023-33009a594311,959160.42,6010678.99,Comfortable,49.3
1785857400000,NOISE-NR2,a7b30385-932d-4325-b84b-ae6bdcc359e3,958613.61,6010191.3,Comfortable,47.3
1785857400000,NOISE-NR3,74469165-c65c-4435-a387-36920379578d,959234.31,6010383.42,Comfortable,50.9
1785857460000,NOISE-N,b291e7be-9f14-44ed-87c1-0f02b8ca35b3,958906.23,6010563.72,Comfortable,56.3
1785857460000,NOISE-E,7be9696e-9ace-4085-a81b-0b04c83955db,959045.15,6010445.49,Comfortable,56
1785857460000,NOISE-S,b543d03f-a7d0-4faa-8507-0b3e31081e0b,958885.54,6010297.7,Comfortable,54.3
1785857460000,NOISE-W,49a1ac8f-b89d-4356-8260-a3e73765a98a,958749.58,6010415.93,Comfortable,54.5
1785857460000,NOISE-NR1,5c7eb3a5-3ace-49d5-b023-33009a594311,959160.42,6010678.99,Comfortable,49.1
1785857460000,NOISE-NR2,a7b30385-932d-4325-b84b-ae6bdcc359e3,958613.61,6010191.3,Comfortable,47.3
1785857460000,NOISE-NR3,74469165-c65c-4435-a387-36920379578d,959234.31,6010383.42,Comfortable,50.8
1785857520000,NOISE-N,b291e7be-9f14-44ed-87c1-0f02b8ca35b3,958906.23,6010563.72,Comfortable,56.2
1785857520000,NOISE-E,7be9696e-9ace-4085-a81b-0b04c83955db,959045.15,6010445.49,Comfortable,55.8
1785857520000,NOISE-S,b543d03f-a7d0-4faa-8507-0b3e31081e0b,958885.54,6010297.7,Comfortable,54.3
1785857520000,NOISE-W,49a1ac8f-b89d-4356-8260-a3e73765a98a,958749.58,6010415.93,Comfortable,53.9
1785857520000,NOISE-NR1,5c7eb3a5-3ace-49d5-b023-33009a594311,959160.42,6010678.99,Comfortable,49.6
1785857520000,NOISE-NR2,a7b30385-932d-4325-b84b-ae6bdcc359e3,958613.61,6010191.3,Comfortable,46.5
1785857520000,NOISE-NR3,74469165-c65c-4435-a387-36920379578d,959234.31,6010383.42,Comfortable,51
1785857580000,NOISE-N,b291e7be-9f14-44ed-87c1-0f02b8ca35b3,958906.23,6010563.72,Comfortable,55.9
1785857580000,NOISE-E,7be9696e-9ace-4085-a81b-0b04c83955db,959045.15,6010445.49,Comfortable,56.2
1785857580000,NOISE-S,b543d03f-a7d0-4faa-8507-0b3e31081e0b,958885.54,6010297.7,Comfortable,54
1785857580000,NOISE-W,49a1ac8f-b89d-4356-8260-a3e73765a98a,958749.58,6010415.93,Comfortable,54.2
1785857580000,NOISE-NR1,5c7eb3a5-3ace-49d5-b023-33009a594311,959160.42,6010678.99,Comfortable,48.8
1785857580000,NOISE-NR2,a7b30385-932d-4325-b84b-ae6bdcc359e3,958613.61,6010191.3,Comfortable,46.3
1785857580000,NOISE-NR3,74469165-c65c-4435-a387-36920379578d,959234.31,6010383.42,Comfortable,50.1
1785857640000,NOISE-N,b291e7be-9f14-44ed-87c1-0f02b8ca35b3,958906.23,6010563.72,Comfortable,56.1
1785857640000,NOISE-E,7be9696e-9ace-4085-a81b-0b04c83955db,959045.15,6010445.49,Comfortable,56.5
1785857640000,NOISE-S,b543d03f-a7d0-4faa-8507-0b3e31081e0b,958885.54,6010297.7,Comfortable,54.2
1785857640000,NOISE-W,49a1ac8f-b89d-4356-8260-a3e73765a98a,958749.58,6010415.93,Comfortable,54.7
1785857640000,NOISE-NR1,5c7eb3a5-3ace-49d5-b023-33009a594311,959160.42,6010678.99,Comfortable,49.3
1785857640000,NOISE-NR2,a7b30385-932d-4325-b84b-ae6bdcc359e3,958613.61,6010191.3,Comfortable,46.8
1785857640000,NOISE-NR3,74469165-c65c-4435-a387-36920379578d,959234.31,6010383.42,Comfortable,49.3
1785857700000,NOISE-N,b291e7be-9f14-44ed-87c1-0f02b8ca35b3,958906.23,6010563.72,Comfortable,55.9
1785857700000,NOISE-E,7be9696e-9ace-4085-a81b-0b04c83955db,959045.15,6010445.49,Comfortable,55.4
1785857700000,NOISE-S,b543d03f-a7d0-4faa-8507-0b3e31081e0b,958885.54,6010297.7,Comfortable,53.1
1785857700000,NOISE-W,49a1ac8f-b89d-4356-8260-a3e73765a98a,958749.58,6010415.93,Comfortable,54.7
1785857700000,NOISE-NR1,5c7eb3a5-3ace-49d5-b023-33009a594311,959160.42,6010678.99,Comfortable,49.1
1785857700000,NOISE-NR2,a7b30385-932d-4325-b84b-ae6bdcc359e3,958613.61,6010191.3,Comfortable,47.5
1785857700000,NOISE-NR3,74469165-c65c-4435-a387-36920379578d,959234.31,6010383.42,Comfortable,48.7
1785857760000,NOISE-N,b291e7be-9f14-44ed-87c1-0f02b8ca35b3,958906.23,6010563.72,Comfortable,55.2
1785857760000,NOISE-E,7be9696e-9ace-4085-a81b-0b04c83955db,959045.15,6010445.49,Comfortable,55.3
1785857760000,NOISE-S,b543d03f-a7d0-4faa-8507-0b3e31081e0b,958885.54,6010297.7,Comfortable,52.3
1785857760000,NOISE-W,49a1ac8f-b89d-4356-8260-a3e73765a98a,958749.58,6010415.93,Comfortable,54.6
1785857760000,NOISE-NR1,5c7eb3a5-3ace-49d5-b023-33009a594311,959160.42,6010678.99,Comfortable,48.4
1785857760000,NOISE-NR2,a7b30385-932d-4325-b84b-ae6bdcc359e3,958613.61,6010191.3,Comfortable,47.1
1785857760000,NOISE-NR3,74469165-c65c-4435-a387-36920379578d,959234.31,6010383.42,Comfortable,48.7
1785857820000,NOISE-N,b291e7be-9f14-44ed-87c1-0f02b8ca35b3,958906.23,6010563.72,Comfortable,54.8
1785857820000,NOISE-E,7be9696e-9ace-4085-a81b-0b04c83955db,959045.15,6010445.49,Comfortable,55.7
1785857820000,NOISE-S,b543d03f-a7d0-4faa-8507-0b3e31081e0b,958885.54,6010297.7,Comfortable,53.1
1785857820000,NOISE-W,49a1ac8f-b89d-4356-8260-a3e73765a98a,958749.58,6010415.93,Comfortable,54.9
1785857820000,NOISE-NR1,5c7eb3a5-3ace-49d5-b023-33009a594311,959160.42,6010678.99,Comfortable,47.9
1785857820000,NOISE-NR2,a7b30385-932d-4325-b84b-ae6bdcc359e3,958613.61,6010191.3,Comfortable,47.8
1785857820000,NOISE-NR3,74469165-c65c-4435-a387-36920379578d,959234.31,6010383.42,Comfortable,48.9
1785857880000,NOISE-N,b291e7be-9f14-44ed-87c1-0f02b8ca35b3,958906.23,6010563.72,Comfortable,54.1
1785857880000,NOISE-E,7be9696e-9ace-4085-a81b-0b04c83955db,959045.15,6010445.49,Comfortable,56.2
1785857880000,NOISE-S,b543d03f-a7d0-4faa-8507-0b3e31081e0b,958885.54,6010297.7,Comfortable,53.6
1785857880000,NOISE-W,49a1ac8f-b89d-4356-8260-a3e73765a98a,958749.58,6010415.93,Comfortable,54.2
1785857880000,NOISE-NR1,5c7eb3a5-3ace-49d5-b023-33009a594311,959160.42,6010678.99,Comfortable,48.5
1785857880000,NOISE-NR2,a7b30385-932d-4325-b84b-ae6bdcc359e3,958613.61,6010191.3,Comfortable,48.2
1785857880000,NOISE-NR3,74469165-c65c-4435-a387-36920379578d,959234.31,6010383.42,Comfortable,48.6
1785857940000,NOISE-N,b291e7be-9f14-44ed-87c1-0f02b8ca35b3,958906.23,6010563.72,Comfortable,53.4
1785857940000,NOISE-E,7be9696e-9ace-4085-a81b-0b04c83955db,959045.15,6010445.49,Comfortable,56.5
1785857940000,NOISE-S,b543d03f-a7d0-4faa-8507-0b3e31081e0b,958885.54,6010297.7,Comfortable,53.9
1785857940000,NOISE-W,49a1ac8f-b89d-4356-8260-a3e73765a98a,958749.58,6010415.93,Comfortable,54.7
1785857940000,NOISE-NR1,5c7eb3a5-3ace-49d5-b023-33009a594311,959160.42,6010678.99,Comfortable,48.7
1785857940000,NOISE-NR2,a7b30385-932d-4325-b84b-ae6bdcc359e3,958613.61,6010191.3,Comfortable,47.7
1785857940000,NOISE-NR3,74469165-c65c-4435-a387-36920379578d,959234.31,6010383.42,Comfortable,49.6
1785858000000,NOISE-N,b291e7be-9f14-44ed-87c1-0f02b8ca35b3,958906.23,6010563.72,Comfortable,53
1785858000000,NOISE-E,7be9696e-9ace-4085-a81b-0b04c83955db,959045.15,6010445.49,Comfortable,56.5
1785858000000,NOISE-S,b543d03f-a7d0-4faa-8507-0b3e31081e0b,958885.54,6010297.7,Comfortable,53.8
1785858000000,NOISE-W,49a1ac8f-b89d-4356-8260-a3e73765a98a,958749.58,6010415.93,Comfortable,55
1785858000000,NOISE-NR1,5c7eb3a5-3ace-49d5-b023-33009a594311,959160.42,6010678.99,Comfortable,49
1785858000000,NOISE-NR2,a7b30385-932d-4325-b84b-ae6bdcc359e3,958613.61,6010191.3,Comfortable,47.4
1785858000000,NOISE-NR3,74469165-c65c-4435-a387-36920379578d,959234.31,6010383.42,Comfortable,48.8
1785858060000,NOISE-N,b291e7be-9f14-44ed-87c1-0f02b8ca35b3,958906.23,6010563.72,Comfortable,53.8
1785858060000,NOISE-E,7be9696e-9ace-4085-a81b-0b04c83955db,959045.15,6010445.49,Comfortable,56.5
1785858060000,NOISE-S,b543d03f-a7d0-4faa-8507-0b3e31081e0b,958885.54,6010297.7,Comfortable,52.8
1785858060000,NOISE-W,49a1ac8f-b89d-4356-8260-a3e73765a98a,958749.58,6010415.93,Comfortable,54.7
1785858060000,NOISE-NR1,5c7eb3a5-3ace-49d5-b023-33009a594311,959160.42,6010678.99,Comfortable,48.1
1785858060000,NOISE-NR2,a7b30385-932d-4325-b84b-ae6bdcc359e3,958613.61,6010191.3,Comfortable,47.7
1785858060000,NOISE-NR3,74469165-c65c-4435-a387-36920379578d,959234.31,6010383.42,Comfortable,49.4
1785858120000,NOISE-N,b291e7be-9f14-44ed-87c1-0f02b8ca35b3,958906.23,6010563.72,Comfortable,53.5
1785858120000,NOISE-E,7be9696e-9ace-4085-a81b-0b04c83955db,959045.15,6010445.49,Comfortable,56.6
1785858120000,NOISE-S,b543d03f-a7d0-4faa-8507-0b3e31081e0b,958885.54,6010297.7,Comfortable,53.1
1785858120000,NOISE-W,49a1ac8f-b89d-4356-8260-a3e73765a98a,958749.58,6010415.93,Comfortable,54.4
1785858120000,NOISE-NR1,5c7eb3a5-3ace-49d5-b023-33009a594311,959160.42,6010678.99,Comfortable,48.9
1785858120000,NOISE-NR2,a7b30385-932d-4325-b84b-ae6bdcc359e3,958613.61,6010191.3,Comfortable,47.2
1785858120000,NOISE-NR3,74469165-c65c-4435-a387-36920379578d,959234.31,6010383.42,Comfortable,50
1785858180000,NOISE-N,b291e7be-9f14-44ed-87c1-0f02b8ca35b3,958906.23,6010563.72,Comfortable,54.3
1785858180000,NOISE-E,7be9696e-9ace-4085-a81b-0b04c83955db,959045.15,6010445.49,Comfortable,55.5
1785858180000,NOISE-S,b543d03f-a7d0-4faa-8507-0b3e31081e0b,958885.54,6010297.7,Comfortable,52.8
1785858180000,NOISE-W,49a1ac8f-b89d-4356-8260-a3e73765a98a,958749.58,6010415.93,Comfortable,54.3
1785858180000,NOISE-NR1,5c7eb3a5-3ace-49d5-b023-33009a594311,959160.42,6010678.99,Comfortable,48.9
1785858180000,NOISE-NR2,a7b30385-932d-4325-b84b-ae6bdcc359e3,958613.61,6010191.3,Comfortable,47
1785858180000,NOISE-NR3,74469165-c65c-4435-a387-36920379578d,959234.31,6010383.42,Comfortable,49.7
1785858240000,NOISE-N,b291e7be-9f14-44ed-87c1-0f02b8ca35b3,958906.23,6010563.72,Comfortable,54.9
1785858240000,NOISE-E,7be9696e-9ace-4085-a81b-0b04c83955db,959045.15,6010445.49,Comfortable,55.7
1785858240000,NOISE-S,b543d03f-a7d0-4faa-8507-0b3e31081e0b,958885.54,6010297.7,Comfortable,52.5
1785858240000,NOISE-W,49a1ac8f-b89d-4356-8260-a3e73765a98a,958749.58,6010415.93,Comfortable,54.2
1785858240000,NOISE-NR1,5c7eb3a5-3ace-49d5-b023-33009a594311,959160.42,6010678.99,Comfortable,48
1785858240000,NOISE-NR2,a7b30385-932d-4325-b84b-ae6bdcc359e3,958613.61,6010191.3,Comfortable,47.5
1785858240000,NOISE-NR3,74469165-c65c-4435-a387-36920379578d,959234.31,6010383.42,Comfortable,49.3
1785858300000,NOISE-N,b291e7be-9f14-44ed-87c1-0f02b8ca35b3,958906.23,6010563.72,Comfortable,54.6
1785858300000,NOISE-E,7be9696e-9ace-4085-a81b-0b04c83955db,959045.15,6010445.49,Comfortable,55.9
1785858300000,NOISE-S,b543d03f-a7d0-4faa-8507-0b3e31081e0b,958885.54,6010297.7,Comfortable,53
1785858300000,NOISE-W,49a1ac8f-b89d-4356-8260-a3e73765a98a,958749.58,6010415.93,Comfortable,53.9
1785858300000,NOISE-NR1,5c7eb3a5-3ace-49d5-b023-33009a594311,959160.42,6010678.99,Comfortable,47.7
1785858300000,NOISE-NR2,a7b30385-932d-4325-b84b-ae6bdcc359e3,958613.61,6010191.3,Comfortable,47
1785858300000,NOISE-NR3,74469165-c65c-4435-a387-36920379578d,959234.31,6010383.42,Comfortable,48.6
1785858360000,NOISE-N,b291e7be-9f14-44ed-87c1-0f02b8ca35b3,958906.23,6010563.72,Comfortable,54.8
1785858360000,NOISE-E,7be9696e-9ace-4085-a81b-0b04c83955db,959045.15,6010445.49,Comfortable,55.8
1785858360000,NOISE-S,b543d03f-a7d0-4faa-8507-0b3e31081e0b,958885.54,6010297.7,Comfortable,52.7
1785858360000,NOISE-W,49a1ac8f-b89d-4356-8260-a3e73765a98a,958749.58,6010415.93,Comfortable,54
1785858360000,NOISE-NR1,5c7eb3a5-3ace-49d5-b023-33009a594311,959160.42,6010678.99,Comfortable,48
1785858360000,NOISE-NR2,a7b30385-932d-4325-b84b-ae6bdcc359e3,958613.61,6010191.3,Comfortable,46.7
1785858360000,NOISE-NR3,74469165-c65c-4435-a387-36920379578d,959234.31,6010383.42,Comfortable,49.3
1785858420000,NOISE-N,b291e7be-9f14-44ed-87c1-0f02b8ca35b3,958906.23,6010563.72,Comfortable,55.4
1785858420000,NOISE-E,7be9696e-9ace-4085-a81b-0b04c83955db,959045.15,6010445.49,Comfortable,55.9
1785858420000,NOISE-S,b543d03f-a7d0-4faa-8507-0b3e31081e0b,958885.54,6010297.7,Comfortable,51.9
1785858420000,NOISE-W,49a1ac8f-b89d-4356-8260-a3e73765a98a,958749.58,6010415.93,Comfortable,53.7
1785858420000,NOISE-NR1,5c7eb3a5-3ace-49d5-b023-33009a594311,959160.42,6010678.99,Comfortable,47.7
1785858420000,NOISE-NR2,a7b30385-932d-4325-b84b-ae6bdcc359e3,958613.61,6010191.3,Comfortable,46.7
1785858420000,NOISE-NR3,74469165-c65c-4435-a387-36920379578d,959234.31,6010383.42,Comfortable,48.8
1785858480000,NOISE-N,b291e7be-9f14-44ed-87c1-0f02b8ca35b3,958906.23,6010563.72,Comfortable,54.2
1785858480000,NOISE-E,7be9696e-9ace-4085-a81b-0b04c83955db,959045.15,6010445.49,Comfortable,55.1
1785858480000,NOISE-S,b543d03f-a7d0-4faa-8507-0b3e31081e0b,958885.54,6010297.7,Comfortable,52.8
1785858480000,NOISE-W,49a1ac8f-b89d-4356-8260-a3e73765a98a,958749.58,6010415.93,Comfortable,53.3
1785858480000,NOISE-NR1,5c7eb3a5-3ace-49d5-b023-33009a594311,959160.42,6010678.99,Comfortable,48.2
1785858480000,NOISE-NR2,a7b30385-932d-4325-b84b-ae6bdcc359e3,958613.61,6010191.3,Comfortable,47
1785858480000,NOISE-NR3,74469165-c65c-4435-a387-36920379578d,959234.31,6010383.42,Comfortable,49.7
1785858540000,NOISE-N,b291e7be-9f14-44ed-87c1-0f02b8ca35b3,958906.23,6010563.72,Comfortable,54.4
1785858540000,NOISE-E,7be9696e-9ace-4085-a81b-0b04c83955db,959045.15,6010445.49,Comfortable,55.5
1785858540000,NOISE-S,b543d03f-a7d0-4faa-8507-0b3e31081e0b,958885.54,6010297.7,Comfortable,53
1785858540000,NOISE-W,49a1ac8f-b89d-4356-8260-a3e73765a98a,958749.58,6010415.93,Comfortable,53.1
1785858540000,NOISE-NR1,5c7eb3a5-3ace-49d5-b023-33009a594311,959160.42,6010678.99,Comfortable,48.7
1785858540000,NOISE-NR2,a7b30385-932d-4325-b84b-ae6bdcc359e3,958613.61,6010191.3,Comfortable,47.3
1785858540000,NOISE-NR3,74469165-c65c-4435-a387-36920379578d,959234.31,6010383.42,Comfortable,49.1
1785858600000,NOISE-N,b291e7be-9f14-44ed-87c1-0f02b8ca35b3,958906.23,6010563.72,Comfortable,54.3
1785858600000,NOISE-E,7be9696e-9ace-4085-a81b-0b04c83955db,959045.15,6010445.49,Comfortable,55.5
1785858600000,NOISE-S,b543d03f-a7d0-4faa-8507-0b3e31081e0b,958885.54,6010297.7,Comfortable,52.2
1785858600000,NOISE-W,49a1ac8f-b89d-4356-8260-a3e73765a98a,958749.58,6010415.93,Comfortable,54
1785858600000,NOISE-NR1,5c7eb3a5-3ace-49d5-b023-33009a594311,959160.42,6010678.99,Comfortable,48.2
1785858600000,NOISE-NR2,a7b30385-932d-4325-b84b-ae6bdcc359e3,958613.61,6010191.3,Comfortable,46.8
1785858600000,NOISE-NR3,74469165-c65c-4435-a387-36920379578d,959234.31,6010383.42,Comfortable,48.6
1785858660000,NOISE-N,b291e7be-9f14-44ed-87c1-0f02b8ca35b3,958906.23,6010563.72,Comfortable,54.4
1785858660000,NOISE-E,7be9696e-9ace-4085-a81b-0b04c83955db,959045.15,6010445.49,Comfortable,55.8
1785858660000,NOISE-S,b543d03f-a7d0-4faa-8507-0b3e31081e0b,958885.54,6010297.7,Comfortable,52.6
1785858660000,NOISE-W,49a1ac8f-b89d-4356-8260-a3e73765a98a,958749.58,6010415.93,Comfortable,53.3
1785858660000,NOISE-NR1,5c7eb3a5-3ace-49d5-b023-33009a594311,959160.42,6010678.99,Comfortable,47.5
1785858660000,NOISE-NR2,a7b30385-932d-4325-b84b-ae6bdcc359e3,958613.61,6010191.3,Comfortable,46.7
1785858660000,NOISE-NR3,74469165-c65c-4435-a387-36920379578d,959234.31,6010383.42,Comfortable,49
1785858720000,NOISE-N,b291e7be-9f14-44ed-87c1-0f02b8ca35b3,958906.23,6010563.72,Comfortable,54.3
1785858720000,NOISE-E,7be9696e-9ace-4085-a81b-0b04c83955db,959045.15,6010445.49,Comfortable,56.2
1785858720000,NOISE-S,b543d03f-a7d0-4faa-8507-0b3e31081e0b,958885.54,6010297.7,Comfortable,52
1785858720000,NOISE-W,49a1ac8f-b89d-4356-8260-a3e73765a98a,958749.58,6010415.93,Comfortable,53.7
1785858720000,NOISE-NR1,5c7eb3a5-3ace-49d5-b023-33009a594311,959160.42,6010678.99,Comfortable,47.4
1785858720000,NOISE-NR2,a7b30385-932d-4325-b84b-ae6bdcc359e3,958613.61,6010191.3,Comfortable,46.2
1785858720000,NOISE-NR3,74469165-c65c-4435-a387-36920379578d,959234.31,6010383.42,Comfortable,48.6
1785858780000,NOISE-N,b291e7be-9f14-44ed-87c1-0f02b8ca35b3,958906.23,6010563.72,Comfortable,54.6
1785858780000,NOISE-E,7be9696e-9ace-4085-a81b-0b04c83955db,959045.15,6010445.49,Comfortable,55.5
1785858780000,NOISE-S,b543d03f-a7d0-4faa-8507-0b3e31081e0b,958885.54,6010297.7,Comfortable,52.1
1785858780000,NOISE-W,49a1ac8f-b89d-4356-8260-a3e73765a98a,958749.58,6010415.93,Comfortable,53.6
1785858780000,NOISE-NR1,5c7eb3a5-3ace-49d5-b023-33009a594311,959160.42,6010678.99,Comfortable,46.9
1785858780000,NOISE-NR2,a7b30385-932d-4325-b84b-ae6bdcc359e3,958613.61,6010191.3,Comfortable,46.5
1785858780000,NOISE-NR3,74469165-c65c-4435-a387-36920379578d,959234.31,6010383.42,Comfortable,49.5
1785858840000,NOISE-N,b291e7be-9f14-44ed-87c1-0f02b8ca35b3,958906.23,6010563.72,Comfortable,53.9
1785858840000,NOISE-E,7be9696e-9ace-4085-a81b-0b04c83955db,959045.15,6010445.49,Comfortable,55.8
1785858840000,NOISE-S,b543d03f-a7d0-4faa-8507-0b3e31081e0b,958885.54,6010297.7,Comfortable,51.5
1785858840000,NOISE-W,49a1ac8f-b89d-4356-8260-a3e73765a98a,958749.58,6010415.93,Comfortable,53.2
1785858840000,NOISE-NR1,5c7eb3a5-3ace-49d5-b023-33009a594311,959160.42,6010678.99,Comfortable,47.1
1785858840000,NOISE-NR2,a7b30385-932d-4325-b84b-ae6bdcc359e3,958613.61,6010191.3,Comfortable,46.5
1785858840000,NOISE-NR3,74469165-c65c-4435-a387-36920379578d,959234.31,6010383.42,Comfortable,49.4
1785858900000,NOISE-N,b291e7be-9f14-44ed-87c1-0f02b8ca35b3,958906.23,6010563.72,Comfortable,54
1785858900000,NOISE-E,7be9696e-9ace-4085-a81b-0b04c83955db,959045.15,6010445.49,Comfortable,55.5
1785858900000,NOISE-S,b543d03f-a7d0-4faa-8507-0b3e31081e0b,958885.54,6010297.7,Comfortable,51.4
1785858900000,NOISE-W,49a1ac8f-b89d-4356-8260-a3e73765a98a,958749.58,6010415.93,Comfortable,52.6
1785858900000,NOISE-NR1,5c7eb3a5-3ace-49d5-b023-33009a594311,959160.42,6010678.99,Comfortable,47.8
1785858900000,NOISE-NR2,a7b30385-932d-4325-b84b-ae6bdcc359e3,958613.61,6010191.3,Comfortable,46.1
1785858900000,NOISE-NR3,74469165-c65c-4435-a387-36920379578d,959234.31,6010383.42,Comfortable,49.5
1785858960000,NOISE-N,b291e7be-9f14-44ed-87c1-0f02b8ca35b3,958906.23,6010563.72,Comfortable,53.7
1785858960000,NOISE-E,7be9696e-9ace-4085-a81b-0b04c83955db,959045.15,6010445.49,Comfortable,55.1
1785858960000,NOISE-S,b543d03f-a7d0-4faa-8507-0b3e31081e0b,958885.54,6010297.7,Comfortable,51.5
1785858960000,NOISE-W,49a1ac8f-b89d-4356-8260-a3e73765a98a,958749.58,6010415.93,Comfortable,53
1785858960000,NOISE-NR1,5c7eb3a5-3ace-49d5-b023-33009a594311,959160.42,6010678.99,Comfortable,47.7
1785858960000,NOISE-NR2,a7b30385-932d-4325-b84b-ae6bdcc359e3,958613.61,6010191.3,Comfortable,47
1785858960000,NOISE-NR3,74469165-c65c-4435-a387-36920379578d,959234.31,6010383.42,Comfortable,49.8
1785859020000,NOISE-N,b291e7be-9f14-44ed-87c1-0f02b8ca35b3,958906.23,6010563.72,Comfortable,54.1
1785859020000,NOISE-E,7be9696e-9ace-4085-a81b-0b04c83955db,959045.15,6010445.49,Comfortable,55.4
1785859020000,NOISE-S,b543d03f-a7d0-4faa-8507-0b3e31081e0b,958885.54,6010297.7,Comfortable,51.2
1785859020000,NOISE-W,49a1ac8f-b89d-4356-8260-a3e73765a98a,958749.58,6010415.93,Comfortable,53.5
1785859020000,NOISE-NR1,5c7eb3a5-3ace-49d5-b023-33009a594311,959160.42,6010678.99,Comfortable,47.7
1785859020000,NOISE-NR2,a7b30385-932d-4325-b84b-ae6bdcc359e3,958613.61,6010191.3,Comfortable,46.3
1785859020000,NOISE-NR3,74469165-c65c-4435-a387-36920379578d,959234.31,6010383.42,Comfortable,49.8
1785859080000,NOISE-N,b291e7be-9f14-44ed-87c1-0f02b8ca35b3,958906.23,6010563.72,Comfortable,53.9
1785859080000,NOISE-E,7be9696e-9ace-4085-a81b-0b04c83955db,959045.15,6010445.49,Comfortable,54.7
1785859080000,NOISE-S,b543d03f-a7d0-4faa-8507-0b3e31081e0b,958885.54,6010297.7,Comfortable,52.1
1785859080000,NOISE-W,49a1ac8f-b89d-4356-8260-a3e73765a98a,958749.58,6010415.93,Comfortable,53.5
1785859080000,NOISE-NR1,5c7eb3a5-3ace-49d5-b023-33009a594311,959160.42,6010678.99,Comfortable,48.4
1785859080000,NOISE-NR2,a7b30385-932d-4325-b84b-ae6bdcc359e3,958613.61,6010191.3,Comfortable,46.8
1785859080000,NOISE-NR3,74469165-c65c-4435-a387-36920379578d,959234.31,6010383.42,Comfortable,50.4
1785859140000,NOISE-N,b291e7be-9f14-44ed-87c1-0f02b8ca35b3,958906.23,6010563.72,Comfortable,54
1785859140000,NOISE-E,7be9696e-9ace-4085-a81b-0b04c83955db,959045.15,6010445.49,Comfortable,55.2
1785859140000,NOISE-S,b543d03f-a7d0-4faa-8507-0b3e31081e0b,958885.54,6010297.7,Comfortable,51.5
1785859140000,NOISE-W,49a1ac8f-b89d-4356-8260-a3e73765a98a,958749.58,6010415.93,Comfortable,53.1
1785859140000,NOISE-NR1,5c7eb3a5-3ace-49d5-b023-33009a594311,959160.42,6010678.99,Comfortable,48.2
1785859140000,NOISE-NR2,a7b30385-932d-4325-b84b-ae6bdcc359e3,958613.61,6010191.3,Comfortable,46.4
1785859140000,NOISE-NR3,74469165-c65c-4435-a387-36920379578d,959234.31,6010383.42,Comfortable,50.4
1785859200000,NOISE-N,b291e7be-9f14-44ed-87c1-0f02b8ca35b3,958906.23,6010563.72,Comfortable,53.3
1785859200000,NOISE-E,7be9696e-9ace-4085-a81b-0b04c83955db,959045.15,6010445.49,Comfortable,55.2
1785859200000,NOISE-S,b543d03f-a7d0-4faa-8507-0b3e31081e0b,958885.54,6010297.7,Comfortable,51.1
1785859200000,NOISE-W,49a1ac8f-b89d-4356-8260-a3e73765a98a,958749.58,6010415.93,Comfortable,52.6
1785859200000,NOISE-NR1,5c7eb3a5-3ace-49d5-b023-33009a594311,959160.42,6010678.99,Comfortable,49.1
1785859200000,NOISE-NR2,a7b30385-932d-4325-b84b-ae6bdcc359e3,958613.61,6010191.3,Comfortable,47.4
1785859200000,NOISE-NR3,74469165-c65c-4435-a387-36920379578d,959234.31,6010383.42,Comfortable,50.5
1785859260000,NOISE-N,b291e7be-9f14-44ed-87c1-0f02b8ca35b3,958906.23,6010563.72,Comfortable,53
1785859260000,NOISE-E,7be9696e-9ace-4085-a81b-0b04c83955db,959045.15,6010445.49,Comfortable,55.8
1785859260000,NOISE-S,b543d03f-a7d0-4faa-8507-0b3e31081e0b,958885.54,6010297.7,Comfortable,50.7
1785859260000,NOISE-W,49a1ac8f-b89d-4356-8260-a3e73765a98a,958749.58,6010415.93,Comfortable,53.4
1785859260000,NOISE-NR1,5c7eb3a5-3ace-49d5-b023-33009a594311,959160.42,6010678.99,Comfortable,48.3
1785859260000,NOISE-NR2,a7b30385-932d-4325-b84b-ae6bdcc359e3,958613.61,6010191.3,Comfortable,47.5
1785859260000,NOISE-NR3,74469165-c65c-4435-a387-36920379578d,959234.31,6010383.42,Comfortable,50
1785859320000,NOISE-N,b291e7be-9f14-44ed-87c1-0f02b8ca35b3,958906.23,6010563.72,Comfortable,52.6
1785859320000,NOISE-E,7be9696e-9ace-4085-a81b-0b04c83955db,959045.15,6010445.49,Comfortable,56.2
1785859320000,NOISE-S,b543d03f-a7d0-4faa-8507-0b3e31081e0b,958885.54,6010297.7,Comfortable,51.1
1785859320000,NOISE-W,49a1ac8f-b89d-4356-8260-a3e73765a98a,958749.58,6010415.93,Comfortable,53.5
1785859320000,NOISE-NR1,5c7eb3a5-3ace-49d5-b023-33009a594311,959160.42,6010678.99,Comfortable,48.8
1785859320000,NOISE-NR2,a7b30385-932d-4325-b84b-ae6bdcc359e3,958613.61,6010191.3,Comfortable,47.1
1785859320000,NOISE-NR3,74469165-c65c-4435-a387-36920379578d,959234.31,6010383.42,Comfortable,49.9
1785859380000,NOISE-N,b291e7be-9f14-44ed-87c1-0f02b8ca35b3,958906.23,6010563.72,Comfortable,53.3
1785859380000,NOISE-E,7be9696e-9ace-4085-a81b-0b04c83955db,959045.15,6010445.49,Comfortable,55.3
1785859380000,NOISE-S,b543d03f-a7d0-4faa-8507-0b3e31081e0b,958885.54,6010297.7,Comfortable,52.2
1785859380000,NOISE-W,49a1ac8f-b89d-4356-8260-a3e73765a98a,958749.58,6010415.93,Comfortable,52.9
1785859380000,NOISE-NR1,5c7eb3a5-3ace-49d5-b023-33009a594311,959160.42,6010678.99,Comfortable,48
1785859380000,NOISE-NR2,a7b30385-932d-4325-b84b-ae6bdcc359e3,958613.61,6010191.3,Comfortable,47.4
1785859380000,NOISE-NR3,74469165-c65c-4435-a387-36920379578d,959234.31,6010383.42,Comfortable,49.3
1785859440000,NOISE-N,b291e7be-9f14-44ed-87c1-0f02b8ca35b3,958906.23,6010563.72,Comfortable,53
1785859440000,NOISE-E,7be9696e-9ace-4085-a81b-0b04c83955db,959045.15,6010445.49,Comfortable,54.5
1785859440000,NOISE-S,b543d03f-a7d0-4faa-8507-0b3e31081e0b,958885.54,6010297.7,Comfortable,52.7
1785859440000,NOISE-W,49a1ac8f-b89d-4356-8260-a3e73765a98a,958749.58,6010415.93,Comfortable,52.8
1785859440000,NOISE-NR1,5c7eb3a5-3ace-49d5-b023-33009a594311,959160.42,6010678.99,Comfortable,48.2
1785859440000,NOISE-NR2,a7b30385-932d-4325-b84b-ae6bdcc359e3,958613.61,6010191.3,Comfortable,47.1
1785859440000,NOISE-NR3,74469165-c65c-4435-a387-36920379578d,959234.31,6010383.42,Comfortable,49.3
1785859500000,NOISE-N,b291e7be-9f14-44ed-87c1-0f02b8ca35b3,958906.23,6010563.72,Comfortable,54
1785859500000,NOISE-E,7be9696e-9ace-4085-a81b-0b04c83955db,959045.15,6010445.49,Comfortable,55
1785859500000,NOISE-S,b543d03f-a7d0-4faa-8507-0b3e31081e0b,958885.54,6010297.7,Comfortable,53.2
1785859500000,NOISE-W,49a1ac8f-b89d-4356-8260-a3e73765a98a,958749.58,6010415.93,Comfortable,53.5
1785859500000,NOISE-NR1,5c7eb3a5-3ace-49d5-b023-33009a594311,959160.42,6010678.99,Comfortable,48.5
1785859500000,NOISE-NR2,a7b30385-932d-4325-b84b-ae6bdcc359e3,958613.61,6010191.3,Comfortable,47.4
1785859500000,NOISE-NR3,74469165-c65c-4435-a387-36920379578d,959234.31,6010383.42,Comfortable,48.7
1785859560000,NOISE-N,b291e7be-9f14-44ed-87c1-0f02b8ca35b3,958906.23,6010563.72,Comfortable,53.4
1785859560000,NOISE-E,7be9696e-9ace-4085-a81b-0b04c83955db,959045.15,6010445.49,Comfortable,54.9
1785859560000,NOISE-S,b543d03f-a7d0-4faa-8507-0b3e31081e0b,958885.54,6010297.7,Comfortable,53.8
1785859560000,NOISE-W,49a1ac8f-b89d-4356-8260-a3e73765a98a,958749.58,6010415.93,Comfortable,53.3
1785859560000,NOISE-NR1,5c7eb3a5-3ace-49d5-b023-33009a594311,959160.42,6010678.99,Comfortable,49
1785859560000,NOISE-NR2,a7b30385-932d-4325-b84b-ae6bdcc359e3,958613.61,6010191.3,Comfortable,47.1
1785859560000,NOISE-NR3,74469165-c65c-4435-a387-36920379578d,959234.31,6010383.42,Comfortable,48.4
1785859620000,NOISE-N,b291e7be-9f14-44ed-87c1-0f02b8ca35b3,958906.23,6010563.72,Comfortable,52.8
1785859620000,NOISE-E,7be9696e-9ace-4085-a81b-0b04c83955db,959045.15,6010445.49,Comfortable,54.9
1785859620000,NOISE-S,b543d03f-a7d0-4faa-8507-0b3e31081e0b,958885.54,6010297.7,Comfortable,53.7
1785859620000,NOISE-W,49a1ac8f-b89d-4356-8260-a3e73765a98a,958749.58,6010415.93,Comfortable,53.6
1785859620000,NOISE-NR1,5c7eb3a5-3ace-49d5-b023-33009a594311,959160.42,6010678.99,Comfortable,48.1
1785859620000,NOISE-NR2,a7b30385-932d-4325-b84b-ae6bdcc359e3,958613.61,6010191.3,Comfortable,46.9
1785859620000,NOISE-NR3,74469165-c65c-4435-a387-36920379578d,959234.31,6010383.42,Comfortable,48.5
1785859680000,NOISE-N,b291e7be-9f14-44ed-87c1-0f02b8ca35b3,958906.23,6010563.72,Comfortable,52.8
1785859680000,NOISE-E,7be9696e-9ace-4085-a81b-0b04c83955db,959045.15,6010445.49,Comfortable,55.1
1785859680000,NOISE-S,b543d03f-a7d0-4faa-8507-0b3e31081e0b,958885.54,6010297.7,Comfortable,52.8
1785859680000,NOISE-W,49a1ac8f-b89d-4356-8260-a3e73765a98a,958749.58,6010415.93,Comfortable,52.9
1785859680000,NOISE-NR1,5c7eb3a5-3ace-49d5-b023-33009a594311,959160.42,6010678.99,Comfortable,47.9
1785859680000,NOISE-NR2,a7b30385-932d-4325-b84b-ae6bdcc359e3,958613.61,6010191.3,Comfortable,47.2
1785859680000,NOISE-NR3,74469165-c65c-4435-a387-36920379578d,959234.31,6010383.42,Comfortable,49
1785859740000,NOISE-N,b291e7be-9f14-44ed-87c1-0f02b8ca35b3,958906.23,6010563.72,Comfortable,52.7
1785859740000,NOISE-E,7be9696e-9ace-4085-a81b-0b04c83955db,959045.15,6010445.49,Comfortable,55.8
1785859740000,NOISE-S,b543d03f-a7d0-4faa-8507-0b3e31081e0b,958885.54,6010297.7,Comfortable,52
1785859740000,NOISE-W,49a1ac8f-b89d-4356-8260-a3e73765a98a,958749.58,6010415.93,Comfortable,53.6
1785859740000,NOISE-NR1,5c7eb3a5-3ace-49d5-b023-33009a594311,959160.42,6010678.99,Comfortable,48.4
1785859740000,NOISE-NR2,a7b30385-932d-4325-b84b-ae6bdcc359e3,958613.61,6010191.3,Comfortable,47.9
1785859740000,NOISE-NR3,74469165-c65c-4435-a387-36920379578d,959234.31,6010383.42,Comfortable,48.9
1785859800000,NOISE-N,b291e7be-9f14-44ed-87c1-0f02b8ca35b3,958906.23,6010563.72,Comfortable,52.3
1785859800000,NOISE-E,7be9696e-9ace-4085-a81b-0b04c83955db,959045.15,6010445.49,Comfortable,55.2
1785859800000,NOISE-S,b543d03f-a7d0-4faa-8507-0b3e31081e0b,958885.54,6010297.7,Comfortable,52.2
1785859800000,NOISE-W,49a1ac8f-b89d-4356-8260-a3e73765a98a,958749.58,6010415.93,Comfortable,52.9
1785859800000,NOISE-NR1,5c7eb3a5-3ace-49d5-b023-33009a594311,959160.42,6010678.99,Comfortable,47.8
1785859800000,NOISE-NR2,a7b30385-932d-4325-b84b-ae6bdcc359e3,958613.61,6010191.3,Comfortable,47.4
1785859800000,NOISE-NR3,74469165-c65c-4435-a387-36920379578d,959234.31,6010383.42,Comfortable,49.3
1785859860000,NOISE-N,b291e7be-9f14-44ed-87c1-0f02b8ca35b3,958906.23,6010563.72,Comfortable,53.3
1785859860000,NOISE-E,7be9696e-9ace-4085-a81b-0b04c83955db,959045.15,6010445.49,Comfortable,54.5
1785859860000,NOISE-S,b543d03f-a7d0-4faa-8507-0b3e31081e0b,958885.54,6010297.7,Comfortable,52.8
1785859860000,NOISE-W,49a1ac8f-b89d-4356-8260-a3e73765a98a,958749.58,6010415.93,Comfortable,53.4
1785859860000,NOISE-NR1,5c7eb3a5-3ace-49d5-b023-33009a594311,959160.42,6010678.99,Comfortable,48.3
1785859860000,NOISE-NR2,a7b30385-932d-4325-b84b-ae6bdcc359e3,958613.61,6010191.3,Comfortable,46.9
1785859860000,NOISE-NR3,74469165-c65c-4435-a387-36920379578d,959234.31,6010383.42,Comfortable,49.8
1785859920000,NOISE-N,b291e7be-9f14-44ed-87c1-0f02b8ca35b3,958906.23,6010563.72,Comfortable,52.9
1785859920000,NOISE-E,7be9696e-9ace-4085-a81b-0b04c83955db,959045.15,6010445.49,Comfortable,54.1
1785859920000,NOISE-S,b543d03f-a7d0-4faa-8507-0b3e31081e0b,958885.54,6010297.7,Comfortable,52.6
1785859920000,NOISE-W,49a1ac8f-b89d-4356-8260-a3e73765a98a,958749.58,6010415.93,Comfortable,53.5
1785859920000,NOISE-NR1,5c7eb3a5-3ace-49d5-b023-33009a594311,959160.42,6010678.99,Comfortable,48.6
1785859920000,NOISE-NR2,a7b30385-932d-4325-b84b-ae6bdcc359e3,958613.61,6010191.3,Comfortable,46.8
1785859920000,NOISE-NR3,74469165-c65c-4435-a387-36920379578d,959234.31,6010383.42,Comfortable,50.2
1785859980000,NOISE-N,b291e7be-9f14-44ed-87c1-0f02b8ca35b3,958906.23,6010563.72,Comfortable,53.3
1785859980000,NOISE-E,7be9696e-9ace-4085-a81b-0b04c83955db,959045.15,6010445.49,Comfortable,54.3
1785859980000,NOISE-S,b543d03f-a7d0-4faa-8507-0b3e31081e0b,958885.54,6010297.7,Comfortable,53.1
1785859980000,NOISE-W,49a1ac8f-b89d-4356-8260-a3e73765a98a,958749.58,6010415.93,Comfortable,53.5
1785859980000,NOISE-NR1,5c7eb3a5-3ace-49d5-b023-33009a594311,959160.42,6010678.99,Comfortable,48.2
1785859980000,NOISE-NR2,a7b30385-932d-4325-b84b-ae6bdcc359e3,958613.61,6010191.3,Comfortable,46.2
1785859980000,NOISE-NR3,74469165-c65c-4435-a387-36920379578d,959234.31,6010383.42,Comfortable,49.6
1785860040000,NOISE-N,b291e7be-9f14-44ed-87c1-0f02b8ca35b3,958906.23,6010563.72,Comfortable,52.7
1785860040000,NOISE-E,7be9696e-9ace-4085-a81b-0b04c83955db,959045.15,6010445.49,Comfortable,54.3
1785860040000,NOISE-S,b543d03f-a7d0-4faa-8507-0b3e31081e0b,958885.54,6010297.7,Comfortable,52.7
1785860040000,NOISE-W,49a1ac8f-b89d-4356-8260-a3e73765a98a,958749.58,6010415.93,Comfortable,54.3
1785860040000,NOISE-NR1,5c7eb3a5-3ace-49d5-b023-33009a594311,959160.42,6010678.99,Comfortable,47.6
1785860040000,NOISE-NR2,a7b30385-932d-4325-b84b-ae6bdcc359e3,958613.61,6010191.3,Comfortable,47.1
1785860040000,NOISE-NR3,74469165-c65c-4435-a387-36920379578d,959234.31,6010383.42,Comfortable,50.3
1785860100000,NOISE-N,b291e7be-9f14-44ed-87c1-0f02b8ca35b3,958906.23,6010563.72,Comfortable,53.3
1785860100000,NOISE-E,7be9696e-9ace-4085-a81b-0b04c83955db,959045.15,6010445.49,Comfortable,54.1
1785860100000,NOISE-S,b543d03f-a7d0-4faa-8507-0b3e31081e0b,958885.54,6010297.7,Comfortable,53.4
1785860100000,NOISE-W,49a1ac8f-b89d-4356-8260-a3e73765a98a,958749.58,6010415.93,Comfortable,54
1785860100000,NOISE-NR1,5c7eb3a5-3ace-49d5-b023-33009a594311,959160.42,6010678.99,Comfortable,47.2
1785860100000,NOISE-NR2,a7b30385-932d-4325-b84b-ae6bdcc359e3,958613.61,6010191.3,Comfortable,46.6
1785860100000,NOISE-NR3,74469165-c65c-4435-a387-36920379578d,959234.31,6010383.42,Comfortable,50.5
1785860160000,NOISE-N,b291e7be-9f14-44ed-87c1-0f02b8ca35b3,958906.23,6010563.72,Comfortable,53.2
1785860160000,NOISE-E,7be9696e-9ace-4085-a81b-0b04c83955db,959045.15,6010445.49,Comfortable,53.7
1785860160000,NOISE-S,b543d03f-a7d0-4faa-8507-0b3e31081e0b,958885.54,6010297.7,Comfortable,52.8
1785860160000,NOISE-W,49a1ac8f-b89d-4356-8260-a3e73765a98a,958749.58,6010415.93,Comfortable,54.5
1785860160000,NOISE-NR1,5c7eb3a5-3ace-49d5-b023-33009a594311,959160.42,6010678.99,Comfortable,47.2
1785860160000,NOISE-NR2,a7b30385-932d-4325-b84b-ae6bdcc359e3,958613.61,6010191.3,Comfortable,46.2
1785860160000,NOISE-NR3,74469165-c65c-4435-a387-36920379578d,959234.31,6010383.42,Comfortable,49.8
1785860220000,NOISE-N,b291e7be-9f14-44ed-87c1-0f02b8ca35b3,958906.23,6010563.72,Comfortable,54
1785860220000,NOISE-E,7be9696e-9ace-4085-a81b-0b04c83955db,959045.15,6010445.49,Comfortable,54.7
1785860220000,NOISE-S,b543d03f-a7d0-4faa-8507-0b3e31081e0b,958885.54,6010297.7,Comfortable,52.2
1785860220000,NOISE-W,49a1ac8f-b89d-4356-8260-a3e73765a98a,958749.58,6010415.93,Comfortable,54
1785860220000,NOISE-NR1,5c7eb3a5-3ace-49d5-b023-33009a594311,959160.42,6010678.99,Comfortable,46.8
1785860220000,NOISE-NR2,a7b30385-932d-4325-b84b-ae6bdcc359e3,958613.61,6010191.3,Comfortable,46.9
1785860220000,NOISE-NR3,74469165-c65c-4435-a387-36920379578d,959234.31,6010383.42,Comfortable,50.2
1785860280000,NOISE-N,b291e7be-9f14-44ed-87c1-0f02b8ca35b3,958906.23,6010563.72,Comfortable,53.2
1785860280000,NOISE-E,7be9696e-9ace-4085-a81b-0b04c83955db,959045.15,6010445.49,Comfortable,54.4
1785860280000,NOISE-S,b543d03f-a7d0-4faa-8507-0b3e31081e0b,958885.54,6010297.7,Comfortable,52.1
1785860280000,NOISE-W,49a1ac8f-b89d-4356-8260-a3e73765a98a,958749.58,6010415.93,Comfortable,54.2
1785860280000,NOISE-NR1,5c7eb3a5-3ace-49d5-b023-33009a594311,959160.42,6010678.99,Comfortable,47.1
1785860280000,NOISE-NR2,a7b30385-932d-4325-b84b-ae6bdcc359e3,958613.61,6010191.3,Comfortable,47.2
1785860280000,NOISE-NR3,74469165-c65c-4435-a387-36920379578d,959234.31,6010383.42,Comfortable,50.6
1785860340000,NOISE-N,b291e7be-9f14-44ed-87c1-0f02b8ca35b3,958906.23,6010563.72,Comfortable,53.6
1785860340000,NOISE-E,7be9696e-9ace-4085-a81b-0b04c83955db,959045.15,6010445.49,Comfortable,53.8
1785860340000,NOISE-S,b543d03f-a7d0-4faa-8507-0b3e31081e0b,958885.54,6010297.7,Comfortable,52.9
1785860340000,NOISE-W,49a1ac8f-b89d-4356-8260-a3e73765a98a,958749.58,6010415.93,Comfortable,53.6
1785860340000,NOISE-NR1,5c7eb3a5-3ace-49d5-b023-33009a594311,959160.42,6010678.99,Comfortable,47.6
1785860340000,NOISE-NR2,a7b30385-932d-4325-b84b-ae6bdcc359e3,958613.61,6010191.3,Comfortable,46.4
1785860340000,NOISE-NR3,74469165-c65c-4435-a387-36920379578d,959234.31,6010383.42,Comfortable,49.5
1785860400000,NOISE-N,b291e7be-9f14-44ed-87c1-0f02b8ca35b3,958906.23,6010563.72,Comfortable,54
1785860400000,NOISE-E,7be9696e-9ace-4085-a81b-0b04c83955db,959045.15,6010445.49,Comfortable,54.1
1785860400000,NOISE-S,b543d03f-a7d0-4faa-8507-0b3e31081e0b,958885.54,6010297.7,Comfortable,53.3
1785860400000,NOISE-W,49a1ac8f-b89d-4356-8260-a3e73765a98a,958749.58,6010415.93,Comfortable,53.2
1785860400000,NOISE-NR1,5c7eb3a5-3ace-49d5-b023-33009a594311,959160.42,6010678.99,Comfortable,47.8
1785860400000,NOISE-NR2,a7b30385-932d-4325-b84b-ae6bdcc359e3,958613.61,6010191.3,Comfortable,46
1785860400000,NOISE-NR3,74469165-c65c-4435-a387-36920379578d,959234.31,6010383.42,Comfortable,48.7
1785860460000,NOISE-N,b291e7be-9f14-44ed-87c1-0f02b8ca35b3,958906.23,6010563.72,Comfortable,54.7
1785860460000,NOISE-E,7be9696e-9ace-4085-a81b-0b04c83955db,959045.15,6010445.49,Comfortable,55.1
1785860460000,NOISE-S,b543d03f-a7d0-4faa-8507-0b3e31081e0b,958885.54,6010297.7,Comfortable,53.9
1785860460000,NOISE-W,49a1ac8f-b89d-4356-8260-a3e73765a98a,958749.58,6010415.93,Comfortable,53.7
1785860460000,NOISE-NR1,5c7eb3a5-3ace-49d5-b023-33009a594311,959160.42,6010678.99,Comfortable,47.5
1785860460000,NOISE-NR2,a7b30385-932d-4325-b84b-ae6bdcc359e3,958613.61,6010191.3,Comfortable,46.6
1785860460000,NOISE-NR3,74469165-c65c-4435-a387-36920379578d,959234.31,6010383.42,Comfortable,49
1785860520000,NOISE-N,b291e7be-9f14-44ed-87c1-0f02b8ca35b3,958906.23,6010563.72,Comfortable,54.7
1785860520000,NOISE-E,7be9696e-9ace-4085-a81b-0b04c83955db,959045.15,6010445.49,Comfortable,55.4
1785860520000,NOISE-S,b543d03f-a7d0-4faa-8507-0b3e31081e0b,958885.54,6010297.7,Comfortable,53
1785860520000,NOISE-W,49a1ac8f-b89d-4356-8260-a3e73765a98a,958749.58,6010415.93,Comfortable,53.8
1785860520000,NOISE-NR1,5c7eb3a5-3ace-49d5-b023-33009a594311,959160.42,6010678.99,Comfortable,47
1785860520000,NOISE-NR2,a7b30385-932d-4325-b84b-ae6bdcc359e3,958613.61,6010191.3,Comfortable,47.3
1785860520000,NOISE-NR3,74469165-c65c-4435-a387-36920379578d,959234.31,6010383.42,Comfortable,49.1
1785860580000,NOISE-N,b291e7be-9f14-44ed-87c1-0f02b8ca35b3,958906.23,6010563.72,Comfortable,54.3
1785860580000,NOISE-E,7be9696e-9ace-4085-a81b-0b04c83955db,959045.15,6010445.49,Comfortable,55.2
1785860580000,NOISE-S,b543d03f-a7d0-4faa-8507-0b3e31081e0b,958885.54,6010297.7,Comfortable,53.1
1785860580000,NOISE-W,49a1ac8f-b89d-4356-8260-a3e73765a98a,958749.58,6010415.93,Comfortable,53.4
1785860580000,NOISE-NR1,5c7eb3a5-3ace-49d5-b023-33009a594311,959160.42,6010678.99,Comfortable,47.4
1785860580000,NOISE-NR2,a7b30385-932d-4325-b84b-ae6bdcc359e3,958613.61,6010191.3,Comfortable,47.5
1785860580000,NOISE-NR3,74469165-c65c-4435-a387-36920379578d,959234.31,6010383.42,Comfortable,49.6
1785860640000,NOISE-N,b291e7be-9f14-44ed-87c1-0f02b8ca35b3,958906.23,6010563.72,Comfortable,53.8
1785860640000,NOISE-E,7be9696e-9ace-4085-a81b-0b04c83955db,959045.15,6010445.49,Comfortable,54.7
1785860640000,NOISE-S,b543d03f-a7d0-4faa-8507-0b3e31081e0b,958885.54,6010297.7,Comfortable,53.3
1785860640000,NOISE-W,49a1ac8f-b89d-4356-8260-a3e73765a98a,958749.58,6010415.93,Comfortable,53.4
1785860640000,NOISE-NR1,5c7eb3a5-3ace-49d5-b023-33009a594311,959160.42,6010678.99,Comfortable,48.1
1785860640000,NOISE-NR2,a7b30385-932d-4325-b84b-ae6bdcc359e3,958613.61,6010191.3,Comfortable,47.7
1785860640000,NOISE-NR3,74469165-c65c-4435-a387-36920379578d,959234.31,6010383.42,Comfortable,49.2
1785860700000,NOISE-N,b291e7be-9f14-44ed-87c1-0f02b8ca35b3,958906.23,6010563.72,Comfortable,53.2
1785860700000,NOISE-E,7be9696e-9ace-4085-a81b-0b04c83955db,959045.15,6010445.49,Comfortable,54.5
1785860700000,NOISE-S,b543d03f-a7d0-4faa-8507-0b3e31081e0b,958885.54,6010297.7,Comfortable,53.5
1785860700000,NOISE-W,49a1ac8f-b89d-4356-8260-a3e73765a98a,958749.58,6010415.93,Comfortable,53.4
1785860700000,NOISE-NR1,5c7eb3a5-3ace-49d5-b023-33009a594311,959160.42,6010678.99,Comfortable,48.1
1785860700000,NOISE-NR2,a7b30385-932d-4325-b84b-ae6bdcc359e3,958613.61,6010191.3,Comfortable,46.8
1785860700000,NOISE-NR3,74469165-c65c-4435-a387-36920379578d,959234.31,6010383.42,Comfortable,49.3
1785860760000,NOISE-N,b291e7be-9f14-44ed-87c1-0f02b8ca35b3,958906.23,6010563.72,Comfortable,53
1785860760000,NOISE-E,7be9696e-9ace-4085-a81b-0b04c83955db,959045.15,6010445.49,Comfortable,54.9
1785860760000,NOISE-S,b543d03f-a7d0-4faa-8507-0b3e31081e0b,958885.54,6010297.7,Comfortable,53.9
1785860760000,NOISE-W,49a1ac8f-b89d-4356-8260-a3e73765a98a,958749.58,6010415.93,Comfortable,54
1785860760000,NOISE-NR1,5c7eb3a5-3ace-49d5-b023-33009a594311,959160.42,6010678.99,Comfortable,48.9
1785860760000,NOISE-NR2,a7b30385-932d-4325-b84b-ae6bdcc359e3,958613.61,6010191.3,Comfortable,46.2
1785860760000,NOISE-NR3,74469165-c65c-4435-a387-36920379578d,959234.31,6010383.42,Comfortable,48.8
1785860820000,NOISE-N,b291e7be-9f14-44ed-87c1-0f02b8ca35b3,958906.23,6010563.72,Comfortable,53
1785860820000,NOISE-E,7be9696e-9ace-4085-a81b-0b04c83955db,959045.15,6010445.49,Comfortable,54.3
1785860820000,NOISE-S,b543d03f-a7d0-4faa-8507-0b3e31081e0b,958885.54,6010297.7,Comfortable,53.2
1785860820000,NOISE-W,49a1ac8f-b89d-4356-8260-a3e73765a98a,958749.58,6010415.93,Comfortable,53.7
1785860820000,NOISE-NR1,5c7eb3a5-3ace-49d5-b023-33009a594311,959160.42,6010678.99,Comfortable,48.9
1785860820000,NOISE-NR2,a7b30385-932d-4325-b84b-ae6bdcc359e3,958613.61,6010191.3,Comfortable,46.6
1785860820000,NOISE-NR3,74469165-c65c-4435-a387-36920379578d,959234.31,6010383.42,Comfortable,49
1785860880000,NOISE-N,b291e7be-9f14-44ed-87c1-0f02b8ca35b3,958906.23,6010563.72,Comfortable,53.1
1785860880000,NOISE-E,7be9696e-9ace-4085-a81b-0b04c83955db,959045.15,6010445.49,Comfortable,54.9
1785860880000,NOISE-S,b543d03f-a7d0-4faa-8507-0b3e31081e0b,958885.54,6010297.7,Comfortable,52.8
1785860880000,NOISE-W,49a1ac8f-b89d-4356-8260-a3e73765a98a,958749.58,6010415.93,Comfortable,52.9
1785860880000,NOISE-NR1,5c7eb3a5-3ace-49d5-b023-33009a594311,959160.42,6010678.99,Comfortable,49.2
1785860880000,NOISE-NR2,a7b30385-932d-4325-b84b-ae6bdcc359e3,958613.61,6010191.3,Comfortable,46.8
1785860880000,NOISE-NR3,74469165-c65c-4435-a387-36920379578d,959234.31,6010383.42,Comfortable,49.5
1785860940000,NOISE-N,b291e7be-9f14-44ed-87c1-0f02b8ca35b3,958906.23,6010563.72,Comfortable,52.7
1785860940000,NOISE-E,7be9696e-9ace-4085-a81b-0b04c83955db,959045.15,6010445.49,Comfortable,55.6
1785860940000,NOISE-S,b543d03f-a7d0-4faa-8507-0b3e31081e0b,958885.54,6010297.7,Comfortable,52.3
1785860940000,NOISE-W,49a1ac8f-b89d-4356-8260-a3e73765a98a,958749.58,6010415.93,Comfortable,52.5
1785860940000,NOISE-NR1,5c7eb3a5-3ace-49d5-b023-33009a594311,959160.42,6010678.99,Comfortable,49.3
1785860940000,NOISE-NR2,a7b30385-932d-4325-b84b-ae6bdcc359e3,958613.61,6010191.3,Comfortable,47.6
1785860940000,NOISE-NR3,74469165-c65c-4435-a387-36920379578d,959234.31,6010383.42,Comfortable,49.9
1785861000000,NOISE-N,b291e7be-9f14-44ed-87c1-0f02b8ca35b3,958906.23,6010563.72,Comfortable,51.6
1785861000000,NOISE-E,7be9696e-9ace-4085-a81b-0b04c83955db,959045.15,6010445.49,Comfortable,53.9
1785861000000,NOISE-S,b543d03f-a7d0-4faa-8507-0b3e31081e0b,958885.54,6010297.7,Comfortable,51.3
1785861000000,NOISE-W,49a1ac8f-b89d-4356-8260-a3e73765a98a,958749.58,6010415.93,Comfortable,51.5
1785861000000,NOISE-NR1,5c7eb3a5-3ace-49d5-b023-33009a594311,959160.42,6010678.99,Comfortable,48.2
1785861000000,NOISE-NR2,a7b30385-932d-4325-b84b-ae6bdcc359e3,958613.61,6010191.3,Comfortable,47.7
1785861000000,NOISE-NR3,74469165-c65c-4435-a387-36920379578d,959234.31,6010383.42,Comfortable,49.8
1785861060000,NOISE-N,b291e7be-9f14-44ed-87c1-0f02b8ca35b3,958906.23,6010563.72,Comfortable,51.5
1785861060000,NOISE-E,7be9696e-9ace-4085-a81b-0b04c83955db,959045.15,6010445.49,Comfortable,54
1785861060000,NOISE-S,b543d03f-a7d0-4faa-8507-0b3e31081e0b,958885.54,6010297.7,Comfortable,50.4
1785861060000,NOISE-W,49a1ac8f-b89d-4356-8260-a3e73765a98a,958749.58,6010415.93,Comfortable,51.6
1785861060000,NOISE-NR1,5c7eb3a5-3ace-49d5-b023-33009a594311,959160.42,6010678.99,Comfortable,47.5
1785861060000,NOISE-NR2,a7b30385-932d-4325-b84b-ae6bdcc359e3,958613.61,6010191.3,Comfortable,46.5
1785861060000,NOISE-NR3,74469165-c65c-4435-a387-36920379578d,959234.31,6010383.42,Comfortable,48.7
1785861120000,NOISE-N,b291e7be-9f14-44ed-87c1-0f02b8ca35b3,958906.23,6010563.72,Comfortable,50.8
1785861120000,NOISE-E,7be9696e-9ace-4085-a81b-0b04c83955db,959045.15,6010445.49,Comfortable,53.1
1785861120000,NOISE-S,b543d03f-a7d0-4faa-8507-0b3e31081e0b,958885.54,6010297.7,Comfortable,50.1
1785861120000,NOISE-W,49a1ac8f-b89d-4356-8260-a3e73765a98a,958749.58,6010415.93,Comfortable,50.9
1785861120000,NOISE-NR1,5c7eb3a5-3ace-49d5-b023-33009a594311,959160.42,6010678.99,Comfortable,47
1785861120000,NOISE-NR2,a7b30385-932d-4325-b84b-ae6bdcc359e3,958613.61,6010191.3,Comfortable,45.5
1785861120000,NOISE-NR3,74469165-c65c-4435-a387-36920379578d,959234.31,6010383.42,Comfortable,49.1
1785861180000,NOISE-N,b291e7be-9f14-44ed-87c1-0f02b8ca35b3,958906.23,6010563.72,Comfortable,50.4
1785861180000,NOISE-E,7be9696e-9ace-4085-a81b-0b04c83955db,959045.15,6010445.49,Comfortable,52.3
1785861180000,NOISE-S,b543d03f-a7d0-4faa-8507-0b3e31081e0b,958885.54,6010297.7,Comfortable,50
1785861180000,NOISE-W,49a1ac8f-b89d-4356-8260-a3e73765a98a,958749.58,6010415.93,Comfortable,51.3
1785861180000,NOISE-NR1,5c7eb3a5-3ace-49d5-b023-33009a594311,959160.42,6010678.99,Comfortable,46.4
1785861180000,NOISE-NR2,a7b30385-932d-4325-b84b-ae6bdcc359e3,958613.61,6010191.3,Comfortable,45.6
1785861180000,NOISE-NR3,74469165-c65c-4435-a387-36920379578d,959234.31,6010383.42,Comfortable,48
1785861240000,NOISE-N,b291e7be-9f14-44ed-87c1-0f02b8ca35b3,958906.23,6010563.72,Comfortable,51.2
1785861240000,NOISE-E,7be9696e-9ace-4085-a81b-0b04c83955db,959045.15,6010445.49,Comfortable,52.8
1785861240000,NOISE-S,b543d03f-a7d0-4faa-8507-0b3e31081e0b,958885.54,6010297.7,Comfortable,50.3
1785861240000,NOISE-W,49a1ac8f-b89d-4356-8260-a3e73765a98a,958749.58,6010415.93,Comfortable,51.8
1785861240000,NOISE-NR1,5c7eb3a5-3ace-49d5-b023-33009a594311,959160.42,6010678.99,Comfortable,46.8
1785861240000,NOISE-NR2,a7b30385-932d-4325-b84b-ae6bdcc359e3,958613.61,6010191.3,Comfortable,46.1
1785861240000,NOISE-NR3,74469165-c65c-4435-a387-36920379578d,959234.31,6010383.42,Comfortable,48.3
1785861300000,NOISE-N,b291e7be-9f14-44ed-87c1-0f02b8ca35b3,958906.23,6010563.72,Comfortable,50.6
1785861300000,NOISE-E,7be9696e-9ace-4085-a81b-0b04c83955db,959045.15,6010445.49,Comfortable,53.3
1785861300000,NOISE-S,b543d03f-a7d0-4faa-8507-0b3e31081e0b,958885.54,6010297.7,Comfortable,50
1785861300000,NOISE-W,49a1ac8f-b89d-4356-8260-a3e73765a98a,958749.58,6010415.93,Comfortable,52
1785861300000,NOISE-NR1,5c7eb3a5-3ace-49d5-b023-33009a594311,959160.42,6010678.99,Comfortable,46.4
1785861300000,NOISE-NR2,a7b30385-932d-4325-b84b-ae6bdcc359e3,958613.61,6010191.3,Comfortable,45.7
1785861300000,NOISE-NR3,74469165-c65c-4435-a387-36920379578d,959234.31,6010383.42,Comfortable,47.4
1785861360000,NOISE-N,b291e7be-9f14-44ed-87c1-0f02b8ca35b3,958906.23,6010563.72,Comfortable,50.6
1785861360000,NOISE-E,7be9696e-9ace-4085-a81b-0b04c83955db,959045.15,6010445.49,Comfortable,52.4
1785861360000,NOISE-S,b543d03f-a7d0-4faa-8507-0b3e31081e0b,958885.54,6010297.7,Comfortable,50.1
1785861360000,NOISE-W,49a1ac8f-b89d-4356-8260-a3e73765a98a,958749.58,6010415.93,Comfortable,52
1785861360000,NOISE-NR1,5c7eb3a5-3ace-49d5-b023-33009a594311,959160.42,6010678.99,Comfortable,46.6
1785861360000,NOISE-NR2,a7b30385-932d-4325-b84b-ae6bdcc359e3,958613.61,6010191.3,Comfortable,45
1785861360000,NOISE-NR3,74469165-c65c-4435-a387-36920379578d,959234.31,6010383.42,Comfortable,47.8
1785861420000,NOISE-N,b291e7be-9f14-44ed-87c1-0f02b8ca35b3,958906.23,6010563.72,Comfortable,50.9
1785861420000,NOISE-E,7be9696e-9ace-4085-a81b-0b04c83955db,959045.15,6010445.49,Comfortable,52.4
1785861420000,NOISE-S,b543d03f-a7d0-4faa-8507-0b3e31081e0b,958885.54,6010297.7,Comfortable,50.3
1785861420000,NOISE-W,49a1ac8f-b89d-4356-8260-a3e73765a98a,958749.58,6010415.93,Comfortable,51.7
1785861420000,NOISE-NR1,5c7eb3a5-3ace-49d5-b023-33009a594311,959160.42,6010678.99,Comfortable,46.7
1785861420000,NOISE-NR2,a7b30385-932d-4325-b84b-ae6bdcc359e3,958613.61,6010191.3,Comfortable,45.8
1785861420000,NOISE-NR3,74469165-c65c-4435-a387-36920379578d,959234.31,6010383.42,Comfortable,47.9
1785861480000,NOISE-N,b291e7be-9f14-44ed-87c1-0f02b8ca35b3,958906.23,6010563.72,Comfortable,50.6
1785861480000,NOISE-E,7be9696e-9ace-4085-a81b-0b04c83955db,959045.15,6010445.49,Comfortable,52.9
1785861480000,NOISE-S,b543d03f-a7d0-4faa-8507-0b3e31081e0b,958885.54,6010297.7,Comfortable,49.5
1785861480000,NOISE-W,49a1ac8f-b89d-4356-8260-a3e73765a98a,958749.58,6010415.93,Comfortable,51.1
1785861480000,NOISE-NR1,5c7eb3a5-3ace-49d5-b023-33009a594311,959160.42,6010678.99,Comfortable,46.4
1785861480000,NOISE-NR2,a7b30385-932d-4325-b84b-ae6bdcc359e3,958613.61,6010191.3,Comfortable,46.5
1785861480000,NOISE-NR3,74469165-c65c-4435-a387-36920379578d,959234.31,6010383.42,Comfortable,48.5
1785861540000,NOISE-N,b291e7be-9f14-44ed-87c1-0f02b8ca35b3,958906.23,6010563.72,Comfortable,50.7
1785861540000,NOISE-E,7be9696e-9ace-4085-a81b-0b04c83955db,959045.15,6010445.49,Comfortable,52.3
1785861540000,NOISE-S,b543d03f-a7d0-4faa-8507-0b3e31081e0b,958885.54,6010297.7,Comfortable,50.1
1785861540000,NOISE-W,49a1ac8f-b89d-4356-8260-a3e73765a98a,958749.58,6010415.93,Comfortable,50.6
1785861540000,NOISE-NR1,5c7eb3a5-3ace-49d5-b023-33009a594311,959160.42,6010678.99,Comfortable,45.8
1785861540000,NOISE-NR2,a7b30385-932d-4325-b84b-ae6bdcc359e3,958613.61,6010191.3,Comfortable,46.3
1785861540000,NOISE-NR3,74469165-c65c-4435-a387-36920379578d,959234.31,6010383.42,Comfortable,48.6
1785861600000,NOISE-N,b291e7be-9f14-44ed-87c1-0f02b8ca35b3,958906.23,6010563.72,Comfortable,50.1
1785861600000,NOISE-E,7be9696e-9ace-4085-a81b-0b04c83955db,959045.15,6010445.49,Comfortable,52.5
1785861600000,NOISE-S,b543d03f-a7d0-4faa-8507-0b3e31081e0b,958885.54,6010297.7,Comfortable,50.5
1785861600000,NOISE-W,49a1ac8f-b89d-4356-8260-a3e73765a98a,958749.58,6010415.93,Comfortable,51
1785861600000,NOISE-NR1,5c7eb3a5-3ace-49d5-b023-33009a594311,959160.42,6010678.99,Comfortable,45.9
1785861600000,NOISE-NR2,a7b30385-932d-4325-b84b-ae6bdcc359e3,958613.61,6010191.3,Comfortable,45.6
1785861600000,NOISE-NR3,74469165-c65c-4435-a387-36920379578d,959234.31,6010383.42,Comfortable,48.9
1785861660000,NOISE-N,b291e7be-9f14-44ed-87c1-0f02b8ca35b3,958906.23,6010563.72,Comfortable,51
1785861660000,NOISE-E,7be9696e-9ace-4085-a81b-0b04c83955db,959045.15,6010445.49,Comfortable,51.8
1785861660000,NOISE-S,b543d03f-a7d0-4faa-8507-0b3e31081e0b,958885.54,6010297.7,Comfortable,50.1
1785861660000,NOISE-W,49a1ac8f-b89d-4356-8260-a3e73765a98a,958749.58,6010415.93,Comfortable,50.6
1785861660000,NOISE-NR1,5c7eb3a5-3ace-49d5-b023-33009a594311,959160.42,6010678.99,Comfortable,46.4
1785861660000,NOISE-NR2,a7b30385-932d-4325-b84b-ae6bdcc359e3,958613.61,6010191.3,Comfortable,45.3
1785861660000,NOISE-NR3,74469165-c65c-4435-a387-36920379578d,959234.31,6010383.42,Comfortable,49.3
1785861720000,NOISE-N,b291e7be-9f14-44ed-87c1-0f02b8ca35b3,958906.23,6010563.72,Comfortable,50.6
1785861720000,NOISE-E,7be9696e-9ace-4085-a81b-0b04c83955db,959045.15,6010445.49,Comfortable,52.2
1785861720000,NOISE-S,b543d03f-a7d0-4faa-8507-0b3e31081e0b,958885.54,6010297.7,Comfortable,50.3
1785861720000,NOISE-W,49a1ac8f-b89d-4356-8260-a3e73765a98a,958749.58,6010415.93,Comfortable,51.4
1785861720000,NOISE-NR1,5c7eb3a5-3ace-49d5-b023-33009a594311,959160.42,6010678.99,Comfortable,46.6
1785861720000,NOISE-NR2,a7b30385-932d-4325-b84b-ae6bdcc359e3,958613.61,6010191.3,Comfortable,44.8
1785861720000,NOISE-NR3,74469165-c65c-4435-a387-36920379578d,959234.31,6010383.42,Comfortable,49.4
1785861780000,NOISE-N,b291e7be-9f14-44ed-87c1-0f02b8ca35b3,958906.23,6010563.72,Comfortable,50.7
1785861780000,NOISE-E,7be9696e-9ace-4085-a81b-0b04c83955db,959045.15,6010445.49,Comfortable,52.9
1785861780000,NOISE-S,b543d03f-a7d0-4faa-8507-0b3e31081e0b,958885.54,6010297.7,Comfortable,50.7
1785861780000,NOISE-W,49a1ac8f-b89d-4356-8260-a3e73765a98a,958749.58,6010415.93,Comfortable,50.8
1785861780000,NOISE-NR1,5c7eb3a5-3ace-49d5-b023-33009a594311,959160.42,6010678.99,Comfortable,45.9
1785861780000,NOISE-NR2,a7b30385-932d-4325-b84b-ae6bdcc359e3,958613.61,6010191.3,Comfortable,44.6
1785861780000,NOISE-NR3,74469165-c65c-4435-a387-36920379578d,959234.31,6010383.42,Comfortable,49.3
1785861840000,NOISE-N,b291e7be-9f14-44ed-87c1-0f02b8ca35b3,958906.23,6010563.72,Comfortable,50.6
1785861840000,NOISE-E,7be9696e-9ace-4085-a81b-0b04c83955db,959045.15,6010445.49,Comfortable,52.7
1785861840000,NOISE-S,b543d03f-a7d0-4faa-8507-0b3e31081e0b,958885.54,6010297.7,Comfortable,50
1785861840000,NOISE-W,49a1ac8f-b89d-4356-8260-a3e73765a98a,958749.58,6010415.93,Comfortable,50.5
1785861840000,NOISE-NR1,5c7eb3a5-3ace-49d5-b023-33009a594311,959160.42,6010678.99,Comfortable,46.5
1785861840000,NOISE-NR2,a7b30385-932d-4325-b84b-ae6bdcc359e3,958613.61,6010191.3,Comfortable,45.2
1785861840000,NOISE-NR3,74469165-c65c-4435-a387-36920379578d,959234.31,6010383.42,Comfortable,48.1
1785861900000,NOISE-N,b291e7be-9f14-44ed-87c1-0f02b8ca35b3,958906.23,6010563.72,Comfortable,51.3
1785861900000,NOISE-E,7be9696e-9ace-4085-a81b-0b04c83955db,959045.15,6010445.49,Comfortable,52.2
1785861900000,NOISE-S,b543d03f-a7d0-4faa-8507-0b3e31081e0b,958885.54,6010297.7,Comfortable,49.9
1785861900000,NOISE-W,49a1ac8f-b89d-4356-8260-a3e73765a98a,958749.58,6010415.93,Comfortable,50.4
1785861900000,NOISE-NR1,5c7eb3a5-3ace-49d5-b023-33009a594311,959160.42,6010678.99,Comfortable,46.1
1785861900000,NOISE-NR2,a7b30385-932d-4325-b84b-ae6bdcc359e3,958613.61,6010191.3,Comfortable,45.5
1785861900000,NOISE-NR3,74469165-c65c-4435-a387-36920379578d,959234.31,6010383.42,Comfortable,48.1
1785861960000,NOISE-N,b291e7be-9f14-44ed-87c1-0f02b8ca35b3,958906.23,6010563.72,Comfortable,50.6
1785861960000,NOISE-E,7be9696e-9ace-4085-a81b-0b04c83955db,959045.15,6010445.49,Comfortable,52.4
1785861960000,NOISE-S,b543d03f-a7d0-4faa-8507-0b3e31081e0b,958885.54,6010297.7,Comfortable,50.1
1785861960000,NOISE-W,49a1ac8f-b89d-4356-8260-a3e73765a98a,958749.58,6010415.93,Comfortable,50.8
1785861960000,NOISE-NR1,5c7eb3a5-3ace-49d5-b023-33009a594311,959160.42,6010678.99,Comfortable,46.5
1785861960000,NOISE-NR2,a7b30385-932d-4325-b84b-ae6bdcc359e3,958613.61,6010191.3,Comfortable,45.8
1785861960000,NOISE-NR3,74469165-c65c-4435-a387-36920379578d,959234.31,6010383.42,Comfortable,48.5
1785862020000,NOISE-N,b291e7be-9f14-44ed-87c1-0f02b8ca35b3,958906.23,6010563.72,Comfortable,50.8
1785862020000,NOISE-E,7be9696e-9ace-4085-a81b-0b04c83955db,959045.15,6010445.49,Comfortable,52.4
1785862020000,NOISE-S,b543d03f-a7d0-4faa-8507-0b3e31081e0b,958885.54,6010297.7,Comfortable,49.5
1785862020000,NOISE-W,49a1ac8f-b89d-4356-8260-a3e73765a98a,958749.58,6010415.93,Comfortable,50.2
1785862020000,NOISE-NR1,5c7eb3a5-3ace-49d5-b023-33009a594311,959160.42,6010678.99,Comfortable,45.7
1785862020000,NOISE-NR2,a7b30385-932d-4325-b84b-ae6bdcc359e3,958613.61,6010191.3,Comfortable,46.5
1785862020000,NOISE-NR3,74469165-c65c-4435-a387-36920379578d,959234.31,6010383.42,Comfortable,48.2
1785862080000,NOISE-N,b291e7be-9f14-44ed-87c1-0f02b8ca35b3,958906.23,6010563.72,Comfortable,51
1785862080000,NOISE-E,7be9696e-9ace-4085-a81b-0b04c83955db,959045.15,6010445.49,Comfortable,53
1785862080000,NOISE-S,b543d03f-a7d0-4faa-8507-0b3e31081e0b,958885.54,6010297.7,Comfortable,49.9
1785862080000,NOISE-W,49a1ac8f-b89d-4356-8260-a3e73765a98a,958749.58,6010415.93,Comfortable,50.2
1785862080000,NOISE-NR1,5c7eb3a5-3ace-49d5-b023-33009a594311,959160.42,6010678.99,Comfortable,45.4
1785862080000,NOISE-NR2,a7b30385-932d-4325-b84b-ae6bdcc359e3,958613.61,6010191.3,Comfortable,46.9
1785862080000,NOISE-NR3,74469165-c65c-4435-a387-36920379578d,959234.31,6010383.42,Comfortable,48.8
1785862140000,NOISE-N,b291e7be-9f14-44ed-87c1-0f02b8ca35b3,958906.23,6010563.72,Comfortable,50.6
1785862140000,NOISE-E,7be9696e-9ace-4085-a81b-0b04c83955db,959045.15,6010445.49,Comfortable,53
1785862140000,NOISE-S,b543d03f-a7d0-4faa-8507-0b3e31081e0b,958885.54,6010297.7,Comfortable,49.2
1785862140000,NOISE-W,49a1ac8f-b89d-4356-8260-a3e73765a98a,958749.58,6010415.93,Comfortable,50.9
1785862140000,NOISE-NR1,5c7eb3a5-3ace-49d5-b023-33009a594311,959160.42,6010678.99,Comfortable,46
1785862140000,NOISE-NR2,a7b30385-932d-4325-b84b-ae6bdcc359e3,958613.61,6010191.3,Comfortable,46.8
1785862140000,NOISE-NR3,74469165-c65c-4435-a387-36920379578d,959234.31,6010383.42,Comfortable,48.8
1785862200000,NOISE-N,b291e7be-9f14-44ed-87c1-0f02b8ca35b3,958906.23,6010563.72,Comfortable,50.5
1785862200000,NOISE-E,7be9696e-9ace-4085-a81b-0b04c83955db,959045.15,6010445.49,Comfortable,52.9
1785862200000,NOISE-S,b543d03f-a7d0-4faa-8507-0b3e31081e0b,958885.54,6010297.7,Comfortable,49.6
1785862200000,NOISE-W,49a1ac8f-b89d-4356-8260-a3e73765a98a,958749.58,6010415.93,Comfortable,51.2
1785862200000,NOISE-NR1,5c7eb3a5-3ace-49d5-b023-33009a594311,959160.42,6010678.99,Comfortable,46.3
1785862200000,NOISE-NR2,a7b30385-932d-4325-b84b-ae6bdcc359e3,958613.61,6010191.3,Comfortable,46.2
1785862200000,NOISE-NR3,74469165-c65c-4435-a387-36920379578d,959234.31,6010383.42,Comfortable,48.7
1785862260000,NOISE-N,b291e7be-9f14-44ed-87c1-0f02b8ca35b3,958906.23,6010563.72,Comfortable,50.2
1785862260000,NOISE-E,7be9696e-9ace-4085-a81b-0b04c83955db,959045.15,6010445.49,Comfortable,53.3
1785862260000,NOISE-S,b543d03f-a7d0-4faa-8507-0b3e31081e0b,958885.54,6010297.7,Comfortable,49.3
1785862260000,NOISE-W,49a1ac8f-b89d-4356-8260-a3e73765a98a,958749.58,6010415.93,Comfortable,50.7
1785862260000,NOISE-NR1,5c7eb3a5-3ace-49d5-b023-33009a594311,959160.42,6010678.99,Comfortable,45.9
1785862260000,NOISE-NR2,a7b30385-932d-4325-b84b-ae6bdcc359e3,958613.61,6010191.3,Comfortable,45.4
1785862260000,NOISE-NR3,74469165-c65c-4435-a387-36920379578d,959234.31,6010383.42,Comfortable,49.1
1785862320000,NOISE-N,b291e7be-9f14-44ed-87c1-0f02b8ca35b3,958906.23,6010563.72,Comfortable,50.9
1785862320000,NOISE-E,7be9696e-9ace-4085-a81b-0b04c83955db,959045.15,6010445.49,Comfortable,53
1785862320000,NOISE-S,b543d03f-a7d0-4faa-8507-0b3e31081e0b,958885.54,6010297.7,Comfortable,49.8
1785862320000,NOISE-W,49a1ac8f-b89d-4356-8260-a3e73765a98a,958749.58,6010415.93,Comfortable,50.7
1785862320000,NOISE-NR1,5c7eb3a5-3ace-49d5-b023-33009a594311,959160.42,6010678.99,Comfortable,45.6
1785862320000,NOISE-NR2,a7b30385-932d-4325-b84b-ae6bdcc359e3,958613.61,6010191.3,Comfortable,45.6
1785862320000,NOISE-NR3,74469165-c65c-4435-a387-36920379578d,959234.31,6010383.42,Comfortable,48.7
1785862380000,NOISE-N,b291e7be-9f14-44ed-87c1-0f02b8ca35b3,958906.23,6010563.72,Comfortable,50.1
1785862380000,NOISE-E,7be9696e-9ace-4085-a81b-0b04c83955db,959045.15,6010445.49,Comfortable,52.3
1785862380000,NOISE-S,b543d03f-a7d0-4faa-8507-0b3e31081e0b,958885.54,6010297.7,Comfortable,49.9
1785862380000,NOISE-W,49a1ac8f-b89d-4356-8260-a3e73765a98a,958749.58,6010415.93,Comfortable,51
1785862380000,NOISE-NR1,5c7eb3a5-3ace-49d5-b023-33009a594311,959160.42,6010678.99,Comfortable,46.1
1785862380000,NOISE-NR2,a7b30385-932d-4325-b84b-ae6bdcc359e3,958613.61,6010191.3,Comfortable,46.4
1785862380000,NOISE-NR3,74469165-c65c-4435-a387-36920379578d,959234.31,6010383.42,Comfortable,48
1785862440000,NOISE-N,b291e7be-9f14-44ed-87c1-0f02b8ca35b3,958906.23,6010563.72,Comfortable,50.2
1785862440000,NOISE-E,7be9696e-9ace-4085-a81b-0b04c83955db,959045.15,6010445.49,Comfortable,52.6
1785862440000,NOISE-S,b543d03f-a7d0-4faa-8507-0b3e31081e0b,958885.54,6010297.7,Comfortable,50.6
1785862440000,NOISE-W,49a1ac8f-b89d-4356-8260-a3e73765a98a,958749.58,6010415.93,Comfortable,51.4
1785862440000,NOISE-NR1,5c7eb3a5-3ace-49d5-b023-33009a594311,959160.42,6010678.99,Comfortable,45.4
1785862440000,NOISE-NR2,a7b30385-932d-4325-b84b-ae6bdcc359e3,958613.61,6010191.3,Comfortable,46.6
1785862440000,NOISE-NR3,74469165-c65c-4435-a387-36920379578d,959234.31,6010383.42,Comfortable,48.5
1785862500000,NOISE-N,b291e7be-9f14-44ed-87c1-0f02b8ca35b3,958906.23,6010563.72,Comfortable,50.5
1785862500000,NOISE-E,7be9696e-9ace-4085-a81b-0b04c83955db,959045.15,6010445.49,Comfortable,51.9
1785862500000,NOISE-S,b543d03f-a7d0-4faa-8507-0b3e31081e0b,958885.54,6010297.7,Comfortable,50.8
1785862500000,NOISE-W,49a1ac8f-b89d-4356-8260-a3e73765a98a,958749.58,6010415.93,Comfortable,51.5
1785862500000,NOISE-NR1,5c7eb3a5-3ace-49d5-b023-33009a594311,959160.42,6010678.99,Comfortable,45.4
1785862500000,NOISE-NR2,a7b30385-932d-4325-b84b-ae6bdcc359e3,958613.61,6010191.3,Comfortable,46.5
1785862500000,NOISE-NR3,74469165-c65c-4435-a387-36920379578d,959234.31,6010383.42,Comfortable,48.8
1785862560000,NOISE-N,b291e7be-9f14-44ed-87c1-0f02b8ca35b3,958906.23,6010563.72,Comfortable,51
1785862560000,NOISE-E,7be9696e-9ace-4085-a81b-0b04c83955db,959045.15,6010445.49,Comfortable,52.1
1785862560000,NOISE-S,b543d03f-a7d0-4faa-8507-0b3e31081e0b,958885.54,6010297.7,Comfortable,50.2
1785862560000,NOISE-W,49a1ac8f-b89d-4356-8260-a3e73765a98a,958749.58,6010415.93,Comfortable,51.5
1785862560000,NOISE-NR1,5c7eb3a5-3ace-49d5-b023-33009a594311,959160.42,6010678.99,Comfortable,45.6
1785862560000,NOISE-NR2,a7b30385-932d-4325-b84b-ae6bdcc359e3,958613.61,6010191.3,Comfortable,46
1785862560000,NOISE-NR3,74469165-c65c-4435-a387-36920379578d,959234.31,6010383.42,Comfortable,47.9
1785862620000,NOISE-N,b291e7be-9f14-44ed-87c1-0f02b8ca35b3,958906.23,6010563.72,Comfortable,51.1
1785862620000,NOISE-E,7be9696e-9ace-4085-a81b-0b04c83955db,959045.15,6010445.49,Comfortable,51.8
1785862620000,NOISE-S,b543d03f-a7d0-4faa-8507-0b3e31081e0b,958885.54,6010297.7,Comfortable,50.3
1785862620000,NOISE-W,49a1ac8f-b89d-4356-8260-a3e73765a98a,958749.58,6010415.93,Comfortable,51.7
1785862620000,NOISE-NR1,5c7eb3a5-3ace-49d5-b023-33009a594311,959160.42,6010678.99,Comfortable,45.5
1785862620000,NOISE-NR2,a7b30385-932d-4325-b84b-ae6bdcc359e3,958613.61,6010191.3,Comfortable,45.7
1785862620000,NOISE-NR3,74469165-c65c-4435-a387-36920379578d,959234.31,6010383.42,Comfortable,48
1785862680000,NOISE-N,b291e7be-9f14-44ed-87c1-0f02b8ca35b3,958906.23,6010563.72,Comfortable,51.4
1785862680000,NOISE-E,7be9696e-9ace-4085-a81b-0b04c83955db,959045.15,6010445.49,Comfortable,51.2
1785862680000,NOISE-S,b543d03f-a7d0-4faa-8507-0b3e31081e0b,958885.54,6010297.7,Comfortable,49.6
1785862680000,NOISE-W,49a1ac8f-b89d-4356-8260-a3e73765a98a,958749.58,6010415.93,Comfortable,50.9
1785862680000,NOISE-NR1,5c7eb3a5-3ace-49d5-b023-33009a594311,959160.42,6010678.99,Comfortable,46.5
1785862680000,NOISE-NR2,a7b30385-932d-4325-b84b-ae6bdcc359e3,958613.61,6010191.3,Comfortable,45.2
1785862680000,NOISE-NR3,74469165-c65c-4435-a387-36920379578d,959234.31,6010383.42,Comfortable,48.6
1785862740000,NOISE-N,b291e7be-9f14-44ed-87c1-0f02b8ca35b3,958906.23,6010563.72,Comfortable,51.7
1785862740000,NOISE-E,7be9696e-9ace-4085-a81b-0b04c83955db,959045.15,6010445.49,Comfortable,51.2
1785862740000,NOISE-S,b543d03f-a7d0-4faa-8507-0b3e31081e0b,958885.54,6010297.7,Comfortable,49.6
1785862740000,NOISE-W,49a1ac8f-b89d-4356-8260-a3e73765a98a,958749.58,6010415.93,Comfortable,50.5
1785862740000,NOISE-NR1,5c7eb3a5-3ace-49d5-b023-33009a594311,959160.42,6010678.99,Comfortable,47.2
1785862740000,NOISE-NR2,a7b30385-932d-4325-b84b-ae6bdcc359e3,958613.61,6010191.3,Comfortable,45.4
1785862740000,NOISE-NR3,74469165-c65c-4435-a387-36920379578d,959234.31,6010383.42,Comfortable,48.6
1785862800000,NOISE-N,b291e7be-9f14-44ed-87c1-0f02b8ca35b3,958906.23,6010563.72,Comfortable,51.2
1785862800000,NOISE-E,7be9696e-9ace-4085-a81b-0b04c83955db,959045.15,6010445.49,Comfortable,52
1785862800000,NOISE-S,b543d03f-a7d0-4faa-8507-0b3e31081e0b,958885.54,6010297.7,Comfortable,49.8
1785862800000,NOISE-W,49a1ac8f-b89d-4356-8260-a3e73765a98a,958749.58,6010415.93,Comfortable,51.3
1785862800000,NOISE-NR1,5c7eb3a5-3ace-49d5-b023-33009a594311,959160.42,6010678.99,Comfortable,47.6
1785862800000,NOISE-NR2,a7b30385-932d-4325-b84b-ae6bdcc359e3,958613.61,6010191.3,Comfortable,46
1785862800000,NOISE-NR3,74469165-c65c-4435-a387-36920379578d,959234.31,6010383.42,Comfortable,48
1785862860000,NOISE-N,b291e7be-9f14-44ed-87c1-0f02b8ca35b3,958906.23,6010563.72,Comfortable,50.5
1785862860000,NOISE-E,7be9696e-9ace-4085-a81b-0b04c83955db,959045.15,6010445.49,Comfortable,51.8
1785862860000,NOISE-S,b543d03f-a7d0-4faa-8507-0b3e31081e0b,958885.54,6010297.7,Comfortable,49.5
1785862860000,NOISE-W,49a1ac8f-b89d-4356-8260-a3e73765a98a,958749.58,6010415.93,Comfortable,51.2
1785862860000,NOISE-NR1,5c7eb3a5-3ace-49d5-b023-33009a594311,959160.42,6010678.99,Comfortable,48
1785862860000,NOISE-NR2,a7b30385-932d-4325-b84b-ae6bdcc359e3,958613.61,6010191.3,Comfortable,46.5
1785862860000,NOISE-NR3,74469165-c65c-4435-a387-36920379578d,959234.31,6010383.42,Comfortable,47.1
1785862920000,NOISE-N,b291e7be-9f14-44ed-87c1-0f02b8ca35b3,958906.23,6010563.72,Comfortable,50
1785862920000,NOISE-E,7be9696e-9ace-4085-a81b-0b04c83955db,959045.15,6010445.49,Comfortable,51.8
1785862920000,NOISE-S,b543d03f-a7d0-4faa-8507-0b3e31081e0b,958885.54,6010297.7,Comfortable,49.4
1785862920000,NOISE-W,49a1ac8f-b89d-4356-8260-a3e73765a98a,958749.58,6010415.93,Comfortable,51
1785862920000,NOISE-NR1,5c7eb3a5-3ace-49d5-b023-33009a594311,959160.42,6010678.99,Comfortable,48.1
1785862920000,NOISE-NR2,a7b30385-932d-4325-b84b-ae6bdcc359e3,958613.61,6010191.3,Comfortable,47
1785862920000,NOISE-NR3,74469165-c65c-4435-a387-36920379578d,959234.31,6010383.42,Comfortable,47
1785862980000,NOISE-N,b291e7be-9f14-44ed-87c1-0f02b8ca35b3,958906.23,6010563.72,Comfortable,49.8
1785862980000,NOISE-E,7be9696e-9ace-4085-a81b-0b04c83955db,959045.15,6010445.49,Comfortable,51.9
1785862980000,NOISE-S,b543d03f-a7d0-4faa-8507-0b3e31081e0b,958885.54,6010297.7,Comfortable,49.4
1785862980000,NOISE-W,49a1ac8f-b89d-4356-8260-a3e73765a98a,958749.58,6010415.93,Comfortable,51
1785862980000,NOISE-NR1,5c7eb3a5-3ace-49d5-b023-33009a594311,959160.42,6010678.99,Comfortable,47.4
1785862980000,NOISE-NR2,a7b30385-932d-4325-b84b-ae6bdcc359e3,958613.61,6010191.3,Comfortable,45.9
1785862980000,NOISE-NR3,74469165-c65c-4435-a387-36920379578d,959234.31,6010383.42,Comfortable,47.4
1785863040000,NOISE-N,b291e7be-9f14-44ed-87c1-0f02b8ca35b3,958906.23,6010563.72,Comfortable,50.3
1785863040000,NOISE-E,7be9696e-9ace-4085-a81b-0b04c83955db,959045.15,6010445.49,Comfortable,51.8
1785863040000,NOISE-S,b543d03f-a7d0-4faa-8507-0b3e31081e0b,958885.54,6010297.7,Comfortable,49.8
1785863040000,NOISE-W,49a1ac8f-b89d-4356-8260-a3e73765a98a,958749.58,6010415.93,Comfortable,51.6
1785863040000,NOISE-NR1,5c7eb3a5-3ace-49d5-b023-33009a594311,959160.42,6010678.99,Comfortable,47.9
1785863040000,NOISE-NR2,a7b30385-932d-4325-b84b-ae6bdcc359e3,958613.61,6010191.3,Comfortable,45.9
1785863040000,NOISE-NR3,74469165-c65c-4435-a387-36920379578d,959234.31,6010383.42,Comfortable,47.8
1785863100000,NOISE-N,b291e7be-9f14-44ed-87c1-0f02b8ca35b3,958906.23,6010563.72,Comfortable,50.8
1785863100000,NOISE-E,7be9696e-9ace-4085-a81b-0b04c83955db,959045.15,6010445.49,Comfortable,52.5
1785863100000,NOISE-S,b543d03f-a7d0-4faa-8507-0b3e31081e0b,958885.54,6010297.7,Comfortable,50.1
1785863100000,NOISE-W,49a1ac8f-b89d-4356-8260-a3e73765a98a,958749.58,6010415.93,Comfortable,51.4
1785863100000,NOISE-NR1,5c7eb3a5-3ace-49d5-b023-33009a594311,959160.42,6010678.99,Comfortable,47.4
1785863100000,NOISE-NR2,a7b30385-932d-4325-b84b-ae6bdcc359e3,958613.61,6010191.3,Comfortable,45.9
1785863100000,NOISE-NR3,74469165-c65c-4435-a387-36920379578d,959234.31,6010383.42,Comfortable,48.3
1785863160000,NOISE-N,b291e7be-9f14-44ed-87c1-0f02b8ca35b3,958906.23,6010563.72,Comfortable,50.1
1785863160000,NOISE-E,7be9696e-9ace-4085-a81b-0b04c83955db,959045.15,6010445.49,Comfortable,52
1785863160000,NOISE-S,b543d03f-a7d0-4faa-8507-0b3e31081e0b,958885.54,6010297.7,Comfortable,49.7
1785863160000,NOISE-W,49a1ac8f-b89d-4356-8260-a3e73765a98a,958749.58,6010415.93,Comfortable,52
1785863160000,NOISE-NR1,5c7eb3a5-3ace-49d5-b023-33009a594311,959160.42,6010678.99,Comfortable,47.5
1785863160000,NOISE-NR2,a7b30385-932d-4325-b84b-ae6bdcc359e3,958613.61,6010191.3,Comfortable,46.1
1785863160000,NOISE-NR3,74469165-c65c-4435-a387-36920379578d,959234.31,6010383.42,Comfortable,48.5
1785863220000,NOISE-N,b291e7be-9f14-44ed-87c1-0f02b8ca35b3,958906.23,6010563.72,Comfortable,49.9
1785863220000,NOISE-E,7be9696e-9ace-4085-a81b-0b04c83955db,959045.15,6010445.49,Comfortable,51.9
1785863220000,NOISE-S,b543d03f-a7d0-4faa-8507-0b3e31081e0b,958885.54,6010297.7,Comfortable,49.6
1785863220000,NOISE-W,49a1ac8f-b89d-4356-8260-a3e73765a98a,958749.58,6010415.93,Comfortable,52
1785863220000,NOISE-NR1,5c7eb3a5-3ace-49d5-b023-33009a594311,959160.42,6010678.99,Comfortable,47.5
1785863220000,NOISE-NR2,a7b30385-932d-4325-b84b-ae6bdcc359e3,958613.61,6010191.3,Comfortable,45.8
1785863220000,NOISE-NR3,74469165-c65c-4435-a387-36920379578d,959234.31,6010383.42,Comfortable,48.1
1785863280000,NOISE-N,b291e7be-9f14-44ed-87c1-0f02b8ca35b3,958906.23,6010563.72,Comfortable,50.8
1785863280000,NOISE-E,7be9696e-9ace-4085-a81b-0b04c83955db,959045.15,6010445.49,Comfortable,52.5
1785863280000,NOISE-S,b543d03f-a7d0-4faa-8507-0b3e31081e0b,958885.54,6010297.7,Comfortable,49.8
1785863280000,NOISE-W,49a1ac8f-b89d-4356-8260-a3e73765a98a,958749.58,6010415.93,Comfortable,51.4
1785863280000,NOISE-NR1,5c7eb3a5-3ace-49d5-b023-33009a594311,959160.42,6010678.99,Comfortable,46.8
1785863280000,NOISE-NR2,a7b30385-932d-4325-b84b-ae6bdcc359e3,958613.61,6010191.3,Comfortable,46.3
1785863280000,NOISE-NR3,74469165-c65c-4435-a387-36920379578d,959234.31,6010383.42,Comfortable,47.6
1785863340000,NOISE-N,b291e7be-9f14-44ed-87c1-0f02b8ca35b3,958906.23,6010563.72,Comfortable,50.8
1785863340000,NOISE-E,7be9696e-9ace-4085-a81b-0b04c83955db,959045.15,6010445.49,Comfortable,52.9
1785863340000,NOISE-S,b543d03f-a7d0-4faa-8507-0b3e31081e0b,958885.54,6010297.7,Comfortable,49.8
1785863340000,NOISE-W,49a1ac8f-b89d-4356-8260-a3e73765a98a,958749.58,6010415.93,Comfortable,51.6
1785863340000,NOISE-NR1,5c7eb3a5-3ace-49d5-b023-33009a594311,959160.42,6010678.99,Comfortable,46.9
1785863340000,NOISE-NR2,a7b30385-932d-4325-b84b-ae6bdcc359e3,958613.61,6010191.3,Comfortable,46.8
1785863340000,NOISE-NR3,74469165-c65c-4435-a387-36920379578d,959234.31,6010383.42,Comfortable,46.9
1785863400000,NOISE-N,b291e7be-9f14-44ed-87c1-0f02b8ca35b3,958906.23,6010563.72,Comfortable,50.5
1785863400000,NOISE-E,7be9696e-9ace-4085-a81b-0b04c83955db,959045.15,6010445.49,Comfortable,52.7
1785863400000,NOISE-S,b543d03f-a7d0-4faa-8507-0b3e31081e0b,958885.54,6010297.7,Comfortable,49.3
1785863400000,NOISE-W,49a1ac8f-b89d-4356-8260-a3e73765a98a,958749.58,6010415.93,Comfortable,51.3
1785863400000,NOISE-NR1,5c7eb3a5-3ace-49d5-b023-33009a594311,959160.42,6010678.99,Comfortable,46.7
1785863400000,NOISE-NR2,a7b30385-932d-4325-b84b-ae6bdcc359e3,958613.61,6010191.3,Comfortable,46.1
1785863400000,NOISE-NR3,74469165-c65c-4435-a387-36920379578d,959234.31,6010383.42,Comfortable,46.6
1785863460000,NOISE-N,b291e7be-9f14-44ed-87c1-0f02b8ca35b3,958906.23,6010563.72,Comfortable,50.2
1785863460000,NOISE-E,7be9696e-9ace-4085-a81b-0b04c83955db,959045.15,6010445.49,Comfortable,53
1785863460000,NOISE-S,b543d03f-a7d0-4faa-8507-0b3e31081e0b,958885.54,6010297.7,Comfortable,49.1
1785863460000,NOISE-W,49a1ac8f-b89d-4356-8260-a3e73765a98a,958749.58,6010415.93,Comfortable,50.9
1785863460000,NOISE-NR1,5c7eb3a5-3ace-49d5-b023-33009a594311,959160.42,6010678.99,Comfortable,47.2
1785863460000,NOISE-NR2,a7b30385-932d-4325-b84b-ae6bdcc359e3,958613.61,6010191.3,Comfortable,46
1785863460000,NOISE-NR3,74469165-c65c-4435-a387-36920379578d,959234.31,6010383.42,Comfortable,47
1785863520000,NOISE-N,b291e7be-9f14-44ed-87c1-0f02b8ca35b3,958906.23,6010563.72,Comfortable,51.1
1785863520000,NOISE-E,7be9696e-9ace-4085-a81b-0b04c83955db,959045.15,6010445.49,Comfortable,53.5
1785863520000,NOISE-S,b543d03f-a7d0-4faa-8507-0b3e31081e0b,958885.54,6010297.7,Comfortable,49.5
1785863520000,NOISE-W,49a1ac8f-b89d-4356-8260-a3e73765a98a,958749.58,6010415.93,Comfortable,50.9
1785863520000,NOISE-NR1,5c7eb3a5-3ace-49d5-b023-33009a594311,959160.42,6010678.99,Comfortable,47.6
1785863520000,NOISE-NR2,a7b30385-932d-4325-b84b-ae6bdcc359e3,958613.61,6010191.3,Comfortable,46.3
1785863520000,NOISE-NR3,74469165-c65c-4435-a387-36920379578d,959234.31,6010383.42,Comfortable,47.2
1785863580000,NOISE-N,b291e7be-9f14-44ed-87c1-0f02b8ca35b3,958906.23,6010563.72,Comfortable,51
1785863580000,NOISE-E,7be9696e-9ace-4085-a81b-0b04c83955db,959045.15,6010445.49,Comfortable,52.4
1785863580000,NOISE-S,b543d03f-a7d0-4faa-8507-0b3e31081e0b,958885.54,6010297.7,Comfortable,49.6
1785863580000,NOISE-W,49a1ac8f-b89d-4356-8260-a3e73765a98a,958749.58,6010415.93,Comfortable,51.3
1785863580000,NOISE-NR1,5c7eb3a5-3ace-49d5-b023-33009a594311,959160.42,6010678.99,Comfortable,47.5
1785863580000,NOISE-NR2,a7b30385-932d-4325-b84b-ae6bdcc359e3,958613.61,6010191.3,Comfortable,45.4
1785863580000,NOISE-NR3,74469165-c65c-4435-a387-36920379578d,959234.31,6010383.42,Comfortable,47.7
1785863640000,NOISE-N,b291e7be-9f14-44ed-87c1-0f02b8ca35b3,958906.23,6010563.72,Comfortable,50.8
1785863640000,NOISE-E,7be9696e-9ace-4085-a81b-0b04c83955db,959045.15,6010445.49,Comfortable,52.6
1785863640000,NOISE-S,b543d03f-a7d0-4faa-8507-0b3e31081e0b,958885.54,6010297.7,Comfortable,49.5
1785863640000,NOISE-W,49a1ac8f-b89d-4356-8260-a3e73765a98a,958749.58,6010415.93,Comfortable,51.3
1785863640000,NOISE-NR1,5c7eb3a5-3ace-49d5-b023-33009a594311,959160.42,6010678.99,Comfortable,47.4
1785863640000,NOISE-NR2,a7b30385-932d-4325-b84b-ae6bdcc359e3,958613.61,6010191.3,Comfortable,45.2
1785863640000,NOISE-NR3,74469165-c65c-4435-a387-36920379578d,959234.31,6010383.42,Comfortable,47.6
1785863700000,NOISE-N,b291e7be-9f14-44ed-87c1-0f02b8ca35b3,958906.23,6010563.72,Comfortable,50.7
1785863700000,NOISE-E,7be9696e-9ace-4085-a81b-0b04c83955db,959045.15,6010445.49,Comfortable,53
1785863700000,NOISE-S,b543d03f-a7d0-4faa-8507-0b3e31081e0b,958885.54,6010297.7,Comfortable,49.2
1785863700000,NOISE-W,49a1ac8f-b89d-4356-8260-a3e73765a98a,958749.58,6010415.93,Comfortable,51.8
1785863700000,NOISE-NR1,5c7eb3a5-3ace-49d5-b023-33009a594311,959160.42,6010678.99,Comfortable,46.6
1785863700000,NOISE-NR2,a7b30385-932d-4325-b84b-ae6bdcc359e3,958613.61,6010191.3,Comfortable,46
1785863700000,NOISE-NR3,74469165-c65c-4435-a387-36920379578d,959234.31,6010383.42,Comfortable,47.8
1785863760000,NOISE-N,b291e7be-9f14-44ed-87c1-0f02b8ca35b3,958906.23,6010563.72,Comfortable,50.7
1785863760000,NOISE-E,7be9696e-9ace-4085-a81b-0b04c83955db,959045.15,6010445.49,Comfortable,53.3
1785863760000,NOISE-S,b543d03f-a7d0-4faa-8507-0b3e31081e0b,958885.54,6010297.7,Comfortable,49.4
1785863760000,NOISE-W,49a1ac8f-b89d-4356-8260-a3e73765a98a,958749.58,6010415.93,Comfortable,51.2
1785863760000,NOISE-NR1,5c7eb3a5-3ace-49d5-b023-33009a594311,959160.42,6010678.99,Comfortable,45.8
1785863760000,NOISE-NR2,a7b30385-932d-4325-b84b-ae6bdcc359e3,958613.61,6010191.3,Comfortable,46.6
1785863760000,NOISE-NR3,74469165-c65c-4435-a387-36920379578d,959234.31,6010383.42,Comfortable,47.3
1785863820000,NOISE-N,b291e7be-9f14-44ed-87c1-0f02b8ca35b3,958906.23,6010563.72,Comfortable,50.2
1785863820000,NOISE-E,7be9696e-9ace-4085-a81b-0b04c83955db,959045.15,6010445.49,Comfortable,53.4
1785863820000,NOISE-S,b543d03f-a7d0-4faa-8507-0b3e31081e0b,958885.54,6010297.7,Comfortable,49.4
1785863820000,NOISE-W,49a1ac8f-b89d-4356-8260-a3e73765a98a,958749.58,6010415.93,Comfortable,51.2
1785863820000,NOISE-NR1,5c7eb3a5-3ace-49d5-b023-33009a594311,959160.42,6010678.99,Comfortable,45.9
1785863820000,NOISE-NR2,a7b30385-932d-4325-b84b-ae6bdcc359e3,958613.61,6010191.3,Comfortable,46.8
1785863820000,NOISE-NR3,74469165-c65c-4435-a387-36920379578d,959234.31,6010383.42,Comfortable,47.9
1785863880000,NOISE-N,b291e7be-9f14-44ed-87c1-0f02b8ca35b3,958906.23,6010563.72,Comfortable,51
1785863880000,NOISE-E,7be9696e-9ace-4085-a81b-0b04c83955db,959045.15,6010445.49,Comfortable,53.3
1785863880000,NOISE-S,b543d03f-a7d0-4faa-8507-0b3e31081e0b,958885.54,6010297.7,Comfortable,50.2
1785863880000,NOISE-W,49a1ac8f-b89d-4356-8260-a3e73765a98a,958749.58,6010415.93,Comfortable,50.8
1785863880000,NOISE-NR1,5c7eb3a5-3ace-49d5-b023-33009a594311,959160.42,6010678.99,Comfortable,46.5
1785863880000,NOISE-NR2,a7b30385-932d-4325-b84b-ae6bdcc359e3,958613.61,6010191.3,Comfortable,46
1785863880000,NOISE-NR3,74469165-c65c-4435-a387-36920379578d,959234.31,6010383.42,Comfortable,48.4
1785863940000,NOISE-N,b291e7be-9f14-44ed-87c1-0f02b8ca35b3,958906.23,6010563.72,Comfortable,50.4
1785863940000,NOISE-E,7be9696e-9ace-4085-a81b-0b04c83955db,959045.15,6010445.49,Comfortable,53
1785863940000,NOISE-S,b543d03f-a7d0-4faa-8507-0b3e31081e0b,958885.54,6010297.7,Comfortable,50.3
1785863940000,NOISE-W,49a1ac8f-b89d-4356-8260-a3e73765a98a,958749.58,6010415.93,Comfortable,51.2
1785863940000,NOISE-NR1,5c7eb3a5-3ace-49d5-b023-33009a594311,959160.42,6010678.99,Comfortable,46.6
1785863940000,NOISE-NR2,a7b30385-932d-4325-b84b-ae6bdcc359e3,958613.61,6010191.3,Comfortable,45.8
1785863940000,NOISE-NR3,74469165-c65c-4435-a387-36920379578d,959234.31,6010383.42,Comfortable,48.9
1785864000000,NOISE-N,b291e7be-9f14-44ed-87c1-0f02b8ca35b3,958906.23,6010563.72,Comfortable,49.9
1785864000000,NOISE-E,7be9696e-9ace-4085-a81b-0b04c83955db,959045.15,6010445.49,Comfortable,52.2
1785864000000,NOISE-S,b543d03f-a7d0-4faa-8507-0b3e31081e0b,958885.54,6010297.7,Comfortable,49.7
1785864000000,NOISE-W,49a1ac8f-b89d-4356-8260-a3e73765a98a,958749.58,6010415.93,Comfortable,51.6
1785864000000,NOISE-NR1,5c7eb3a5-3ace-49d5-b023-33009a594311,959160.42,6010678.99,Comfortable,45.8
1785864000000,NOISE-NR2,a7b30385-932d-4325-b84b-ae6bdcc359e3,958613.61,6010191.3,Comfortable,45.3
1785864000000,NOISE-NR3,74469165-c65c-4435-a387-36920379578d,959234.31,6010383.42,Comfortable,47.8
1785864060000,NOISE-N,b291e7be-9f14-44ed-87c1-0f02b8ca35b3,958906.23,6010563.72,Comfortable,50.1
1785864060000,NOISE-E,7be9696e-9ace-4085-a81b-0b04c83955db,959045.15,6010445.49,Comfortable,52.7
1785864060000,NOISE-S,b543d03f-a7d0-4faa-8507-0b3e31081e0b,958885.54,6010297.7,Comfortable,50.1
1785864060000,NOISE-W,49a1ac8f-b89d-4356-8260-a3e73765a98a,958749.58,6010415.93,Comfortable,50.9
1785864060000,NOISE-NR1,5c7eb3a5-3ace-49d5-b023-33009a594311,959160.42,6010678.99,Comfortable,45.3
1785864060000,NOISE-NR2,a7b30385-932d-4325-b84b-ae6bdcc359e3,958613.61,6010191.3,Comfortable,45
1785864060000,NOISE-NR3,74469165-c65c-4435-a387-36920379578d,959234.31,6010383.42,Comfortable,48.2
1785864120000,NOISE-N,b291e7be-9f14-44ed-87c1-0f02b8ca35b3,958906.23,6010563.72,Comfortable,50.3
1785864120000,NOISE-E,7be9696e-9ace-4085-a81b-0b04c83955db,959045.15,6010445.49,Comfortable,52.7
1785864120000,NOISE-S,b543d03f-a7d0-4faa-8507-0b3e31081e0b,958885.54,6010297.7,Comfortable,50.9
1785864120000,NOISE-W,49a1ac8f-b89d-4356-8260-a3e73765a98a,958749.58,6010415.93,Comfortable,51.7
1785864120000,NOISE-NR1,5c7eb3a5-3ace-49d5-b023-33009a594311,959160.42,6010678.99,Comfortable,45.7
1785864120000,NOISE-NR2,a7b30385-932d-4325-b84b-ae6bdcc359e3,958613.61,6010191.3,Comfortable,45.2
1785864120000,NOISE-NR3,74469165-c65c-4435-a387-36920379578d,959234.31,6010383.42,Comfortable,48
1785864180000,NOISE-N,b291e7be-9f14-44ed-87c1-0f02b8ca35b3,958906.23,6010563.72,Comfortable,50.1
1785864180000,NOISE-E,7be9696e-9ace-4085-a81b-0b04c83955db,959045.15,6010445.49,Comfortable,52.9
1785864180000,NOISE-S,b543d03f-a7d0-4faa-8507-0b3e31081e0b,958885.54,6010297.7,Comfortable,50.5
1785864180000,NOISE-W,49a1ac8f-b89d-4356-8260-a3e73765a98a,958749.58,6010415.93,Comfortable,51.6
1785864180000,NOISE-NR1,5c7eb3a5-3ace-49d5-b023-33009a594311,959160.42,6010678.99,Comfortable,46.6
1785864180000,NOISE-NR2,a7b30385-932d-4325-b84b-ae6bdcc359e3,958613.61,6010191.3,Comfortable,44.6
1785864180000,NOISE-NR3,74469165-c65c-4435-a387-36920379578d,959234.31,6010383.42,Comfortable,48.1
1785864240000,NOISE-N,b291e7be-9f14-44ed-87c1-0f02b8ca35b3,958906.23,6010563.72,Comfortable,50
1785864240000,NOISE-E,7be9696e-9ace-4085-a81b-0b04c83955db,959045.15,6010445.49,Comfortable,52.9
1785864240000,NOISE-S,b543d03f-a7d0-4faa-8507-0b3e31081e0b,958885.54,6010297.7,Comfortable,50
1785864240000,NOISE-W,49a1ac8f-b89d-4356-8260-a3e73765a98a,958749.58,6010415.93,Comfortable,51.8
1785864240000,NOISE-NR1,5c7eb3a5-3ace-49d5-b023-33009a594311,959160.42,6010678.99,Comfortable,46.1
1785864240000,NOISE-NR2,a7b30385-932d-4325-b84b-ae6bdcc359e3,958613.61,6010191.3,Comfortable,44.6
1785864240000,NOISE-NR3,74469165-c65c-4435-a387-36920379578d,959234.31,6010383.42,Comfortable,47.6
1785864300000,NOISE-N,b291e7be-9f14-44ed-87c1-0f02b8ca35b3,958906.23,6010563.72,Comfortable,50.7
1785864300000,NOISE-E,7be9696e-9ace-4085-a81b-0b04c83955db,959045.15,6010445.49,Comfortable,52.9
1785864300000,NOISE-S,b543d03f-a7d0-4faa-8507-0b3e31081e0b,958885.54,6010297.7,Comfortable,50.4
1785864300000,NOISE-W,49a1ac8f-b89d-4356-8260-a3e73765a98a,958749.58,6010415.93,Comfortable,51.1
1785864300000,NOISE-NR1,5c7eb3a5-3ace-49d5-b023-33009a594311,959160.42,6010678.99,Comfortable,45.6
1785864300000,NOISE-NR2,a7b30385-932d-4325-b84b-ae6bdcc359e3,958613.61,6010191.3,Comfortable,45.4
1785864300000,NOISE-NR3,74469165-c65c-4435-a387-36920379578d,959234.31,6010383.42,Comfortable,47.1
1785864360000,NOISE-N,b291e7be-9f14-44ed-87c1-0f02b8ca35b3,958906.23,6010563.72,Comfortable,51.2
1785864360000,NOISE-E,7be9696e-9ace-4085-a81b-0b04c83955db,959045.15,6010445.49,Comfortable,52.3
1785864360000,NOISE-S,b543d03f-a7d0-4faa-8507-0b3e31081e0b,958885.54,6010297.7,Comfortable,50.1
1785864360000,NOISE-W,49a1ac8f-b89d-4356-8260-a3e73765a98a,958749.58,6010415.93,Comfortable,51.1
1785864360000,NOISE-NR1,5c7eb3a5-3ace-49d5-b023-33009a594311,959160.42,6010678.99,Comfortable,45.3
1785864360000,NOISE-NR2,a7b30385-932d-4325-b84b-ae6bdcc359e3,958613.61,6010191.3,Comfortable,45
1785864360000,NOISE-NR3,74469165-c65c-4435-a387-36920379578d,959234.31,6010383.42,Comfortable,47.2
1785864420000,NOISE-N,b291e7be-9f14-44ed-87c1-0f02b8ca35b3,958906.23,6010563.72,Comfortable,50.8
1785864420000,NOISE-E,7be9696e-9ace-4085-a81b-0b04c83955db,959045.15,6010445.49,Comfortable,53
1785864420000,NOISE-S,b543d03f-a7d0-4faa-8507-0b3e31081e0b,958885.54,6010297.7,Comfortable,50.4
1785864420000,NOISE-W,49a1ac8f-b89d-4356-8260-a3e73765a98a,958749.58,6010415.93,Comfortable,50.7
1785864420000,NOISE-NR1,5c7eb3a5-3ace-49d5-b023-33009a594311,959160.42,6010678.99,Comfortable,46.3
1785864420000,NOISE-NR2,a7b30385-932d-4325-b84b-ae6bdcc359e3,958613.61,6010191.3,Comfortable,45.9
1785864420000,NOISE-NR3,74469165-c65c-4435-a387-36920379578d,959234.31,6010383.42,Comfortable,46.5
1785864480000,NOISE-N,b291e7be-9f14-44ed-87c1-0f02b8ca35b3,958906.23,6010563.72,Comfortable,51.5
1785864480000,NOISE-E,7be9696e-9ace-4085-a81b-0b04c83955db,959045.15,6010445.49,Comfortable,52
1785864480000,NOISE-S,b543d03f-a7d0-4faa-8507-0b3e31081e0b,958885.54,6010297.7,Comfortable,50.2
1785864480000,NOISE-W,49a1ac8f-b89d-4356-8260-a3e73765a98a,958749.58,6010415.93,Comfortable,50
1785864480000,NOISE-NR1,5c7eb3a5-3ace-49d5-b023-33009a594311,959160.42,6010678.99,Comfortable,46.5
1785864480000,NOISE-NR2,a7b30385-932d-4325-b84b-ae6bdcc359e3,958613.61,6010191.3,Comfortable,46.1
1785864480000,NOISE-NR3,74469165-c65c-4435-a387-36920379578d,959234.31,6010383.42,Comfortable,46.2
1785864540000,NOISE-N,b291e7be-9f14-44ed-87c1-0f02b8ca35b3,958906.23,6010563.72,Comfortable,52
1785864540000,NOISE-E,7be9696e-9ace-4085-a81b-0b04c83955db,959045.15,6010445.49,Comfortable,52.8
1785864540000,NOISE-S,b543d03f-a7d0-4faa-8507-0b3e31081e0b,958885.54,6010297.7,Comfortable,50.7
1785864540000,NOISE-W,49a1ac8f-b89d-4356-8260-a3e73765a98a,958749.58,6010415.93,Comfortable,49.8
1785864540000,NOISE-NR1,5c7eb3a5-3ace-49d5-b023-33009a594311,959160.42,6010678.99,Comfortable,46.7
1785864540000,NOISE-NR2,a7b30385-932d-4325-b84b-ae6bdcc359e3,958613.61,6010191.3,Comfortable,46.6
1785864540000,NOISE-NR3,74469165-c65c-4435-a387-36920379578d,959234.31,6010383.42,Comfortable,46.9
1785864600000,NOISE-N,b291e7be-9f14-44ed-87c1-0f02b8ca35b3,958906.23,6010563.72,Comfortable,51.6
1785864600000,NOISE-E,7be9696e-9ace-4085-a81b-0b04c83955db,959045.15,6010445.49,Comfortable,52.9
1785864600000,NOISE-S,b543d03f-a7d0-4faa-8507-0b3e31081e0b,958885.54,6010297.7,Comfortable,50.5
1785864600000,NOISE-W,49a1ac8f-b89d-4356-8260-a3e73765a98a,958749.58,6010415.93,Comfortable,49.7
1785864600000,NOISE-NR1,5c7eb3a5-3ace-49d5-b023-33009a594311,959160.42,6010678.99,Comfortable,46.7
1785864600000,NOISE-NR2,a7b30385-932d-4325-b84b-ae6bdcc359e3,958613.61,6010191.3,Comfortable,46.4
1785864600000,NOISE-NR3,74469165-c65c-4435-a387-36920379578d,959234.31,6010383.42,Comfortable,47.1
1785864660000,NOISE-N,b291e7be-9f14-44ed-87c1-0f02b8ca35b3,958906.23,6010563.72,Comfortable,52.3
1785864660000,NOISE-E,7be9696e-9ace-4085-a81b-0b04c83955db,959045.15,6010445.49,Comfortable,52.1
1785864660000,NOISE-S,b543d03f-a7d0-4faa-8507-0b3e31081e0b,958885.54,6010297.7,Comfortable,50.4
1785864660000,NOISE-W,49a1ac8f-b89d-4356-8260-a3e73765a98a,958749.58,6010415.93,Comfortable,49.5
1785864660000,NOISE-NR1,5c7eb3a5-3ace-49d5-b023-33009a594311,959160.42,6010678.99,Comfortable,46.2
1785864660000,NOISE-NR2,a7b30385-932d-4325-b84b-ae6bdcc359e3,958613.61,6010191.3,Comfortable,46
1785864660000,NOISE-NR3,74469165-c65c-4435-a387-36920379578d,959234.31,6010383.42,Comfortable,47.8
1785864720000,NOISE-N,b291e7be-9f14-44ed-87c1-0f02b8ca35b3,958906.23,6010563.72,Comfortable,52.2
1785864720000,NOISE-E,7be9696e-9ace-4085-a81b-0b04c83955db,959045.15,6010445.49,Comfortable,52.7
1785864720000,NOISE-S,b543d03f-a7d0-4faa-8507-0b3e31081e0b,958885.54,6010297.7,Comfortable,50.1
1785864720000,NOISE-W,49a1ac8f-b89d-4356-8260-a3e73765a98a,958749.58,6010415.93,Comfortable,49.9
1785864720000,NOISE-NR1,5c7eb3a5-3ace-49d5-b023-33009a594311,959160.42,6010678.99,Comfortable,46.7
1785864720000,NOISE-NR2,a7b30385-932d-4325-b84b-ae6bdcc359e3,958613.61,6010191.3,Comfortable,45.1
1785864720000,NOISE-NR3,74469165-c65c-4435-a387-36920379578d,959234.31,6010383.42,Comfortable,47.9
1785864780000,NOISE-N,b291e7be-9f14-44ed-87c1-0f02b8ca35b3,958906.23,6010563.72,Comfortable,52.1
1785864780000,NOISE-E,7be9696e-9ace-4085-a81b-0b04c83955db,959045.15,6010445.49,Comfortable,53
1785864780000,NOISE-S,b543d03f-a7d0-4faa-8507-0b3e31081e0b,958885.54,6010297.7,Comfortable,50.6
1785864780000,NOISE-W,49a1ac8f-b89d-4356-8260-a3e73765a98a,958749.58,6010415.93,Comfortable,50.4
1785864780000,NOISE-NR1,5c7eb3a5-3ace-49d5-b023-33009a594311,959160.42,6010678.99,Comfortable,46.8
1785864780000,NOISE-NR2,a7b30385-932d-4325-b84b-ae6bdcc359e3,958613.61,6010191.3,Comfortable,45.1
1785864780000,NOISE-NR3,74469165-c65c-4435-a387-36920379578d,959234.31,6010383.42,Comfortable,47.1
1785864840000,NOISE-N,b291e7be-9f14-44ed-87c1-0f02b8ca35b3,958906.23,6010563.72,Comfortable,52
1785864840000,NOISE-E,7be9696e-9ace-4085-a81b-0b04c83955db,959045.15,6010445.49,Comfortable,52.6
1785864840000,NOISE-S,b543d03f-a7d0-4faa-8507-0b3e31081e0b,958885.54,6010297.7,Comfortable,50.2
1785864840000,NOISE-W,49a1ac8f-b89d-4356-8260-a3e73765a98a,958749.58,6010415.93,Comfortable,50.2
1785864840000,NOISE-NR1,5c7eb3a5-3ace-49d5-b023-33009a594311,959160.42,6010678.99,Comfortable,46
1785864840000,NOISE-NR2,a7b30385-932d-4325-b84b-ae6bdcc359e3,958613.61,6010191.3,Comfortable,45.4
1785864840000,NOISE-NR3,74469165-c65c-4435-a387-36920379578d,959234.31,6010383.42,Comfortable,48
1785864900000,NOISE-N,b291e7be-9f14-44ed-87c1-0f02b8ca35b3,958906.23,6010563.72,Comfortable,51.1
1785864900000,NOISE-E,7be9696e-9ace-4085-a81b-0b04c83955db,959045.15,6010445.49,Comfortable,52.5
1785864900000,NOISE-S,b543d03f-a7d0-4faa-8507-0b3e31081e0b,958885.54,6010297.7,Comfortable,49.5
1785864900000,NOISE-W,49a1ac8f-b89d-4356-8260-a3e73765a98a,958749.58,6010415.93,Comfortable,51.1
1785864900000,NOISE-NR1,5c7eb3a5-3ace-49d5-b023-33009a594311,959160.42,6010678.99,Comfortable,45.9
1785864900000,NOISE-NR2,a7b30385-932d-4325-b84b-ae6bdcc359e3,958613.61,6010191.3,Comfortable,45.8
1785864900000,NOISE-NR3,74469165-c65c-4435-a387-36920379578d,959234.31,6010383.42,Comfortable,47.5
1785864960000,NOISE-N,b291e7be-9f14-44ed-87c1-0f02b8ca35b3,958906.23,6010563.72,Comfortable,51.1
1785864960000,NOISE-E,7be9696e-9ace-4085-a81b-0b04c83955db,959045.15,6010445.49,Comfortable,52.6
1785864960000,NOISE-S,b543d03f-a7d0-4faa-8507-0b3e31081e0b,958885.54,6010297.7,Comfortable,49.6
1785864960000,NOISE-W,49a1ac8f-b89d-4356-8260-a3e73765a98a,958749.58,6010415.93,Comfortable,50.8
1785864960000,NOISE-NR1,5c7eb3a5-3ace-49d5-b023-33009a594311,959160.42,6010678.99,Comfortable,45.5
1785864960000,NOISE-NR2,a7b30385-932d-4325-b84b-ae6bdcc359e3,958613.61,6010191.3,Comfortable,45.6
1785864960000,NOISE-NR3,74469165-c65c-4435-a387-36920379578d,959234.31,6010383.42,Comfortable,46.9
1785865020000,NOISE-N,b291e7be-9f14-44ed-87c1-0f02b8ca35b3,958906.23,6010563.72,Comfortable,50.6
1785865020000,NOISE-E,7be9696e-9ace-4085-a81b-0b04c83955db,959045.15,6010445.49,Comfortable,53
1785865020000,NOISE-S,b543d03f-a7d0-4faa-8507-0b3e31081e0b,958885.54,6010297.7,Comfortable,48.9
1785865020000,NOISE-W,49a1ac8f-b89d-4356-8260-a3e73765a98a,958749.58,6010415.93,Comfortable,50.2
1785865020000,NOISE-NR1,5c7eb3a5-3ace-49d5-b023-33009a594311,959160.42,6010678.99,Comfortable,45.6
1785865020000,NOISE-NR2,a7b30385-932d-4325-b84b-ae6bdcc359e3,958613.61,6010191.3,Comfortable,45
1785865020000,NOISE-NR3,74469165-c65c-4435-a387-36920379578d,959234.31,6010383.42,Comfortable,47.5
1785865080000,NOISE-N,b291e7be-9f14-44ed-87c1-0f02b8ca35b3,958906.23,6010563.72,Comfortable,50.7
1785865080000,NOISE-E,7be9696e-9ace-4085-a81b-0b04c83955db,959045.15,6010445.49,Comfortable,53.3
1785865080000,NOISE-S,b543d03f-a7d0-4faa-8507-0b3e31081e0b,958885.54,6010297.7,Comfortable,49.7
1785865080000,NOISE-W,49a1ac8f-b89d-4356-8260-a3e73765a98a,958749.58,6010415.93,Comfortable,50.9
1785865080000,NOISE-NR1,5c7eb3a5-3ace-49d5-b023-33009a594311,959160.42,6010678.99,Comfortable,46.4
1785865080000,NOISE-NR2,a7b30385-932d-4325-b84b-ae6bdcc359e3,958613.61,6010191.3,Comfortable,44.3
1785865080000,NOISE-NR3,74469165-c65c-4435-a387-36920379578d,959234.31,6010383.42,Comfortable,47.9
1785865140000,NOISE-N,b291e7be-9f14-44ed-87c1-0f02b8ca35b3,958906.23,6010563.72,Comfortable,50.8
1785865140000,NOISE-E,7be9696e-9ace-4085-a81b-0b04c83955db,959045.15,6010445.49,Comfortable,53
1785865140000,NOISE-S,b543d03f-a7d0-4faa-8507-0b3e31081e0b,958885.54,6010297.7,Comfortable,49.7
1785865140000,NOISE-W,49a1ac8f-b89d-4356-8260-a3e73765a98a,958749.58,6010415.93,Comfortable,51.3
1785865140000,NOISE-NR1,5c7eb3a5-3ace-49d5-b023-33009a594311,959160.42,6010678.99,Comfortable,46.8
1785865140000,NOISE-NR2,a7b30385-932d-4325-b84b-ae6bdcc359e3,958613.61,6010191.3,Comfortable,44.3
1785865140000,NOISE-NR3,74469165-c65c-4435-a387-36920379578d,959234.31,6010383.42,Comfortable,47.2
1785865200000,NOISE-N,b291e7be-9f14-44ed-87c1-0f02b8ca35b3,958906.23,6010563.72,Comfortable,51.1
1785865200000,NOISE-E,7be9696e-9ace-4085-a81b-0b04c83955db,959045.15,6010445.49,Comfortable,52.6
1785865200000,NOISE-S,b543d03f-a7d0-4faa-8507-0b3e31081e0b,958885.54,6010297.7,Comfortable,49.3
1785865200000,NOISE-W,49a1ac8f-b89d-4356-8260-a3e73765a98a,958749.58,6010415.93,Comfortable,51.1
1785865200000,NOISE-NR1,5c7eb3a5-3ace-49d5-b023-33009a594311,959160.42,6010678.99,Comfortable,47.3
1785865200000,NOISE-NR2,a7b30385-932d-4325-b84b-ae6bdcc359e3,958613.61,6010191.3,Comfortable,44.9
1785865200000,NOISE-NR3,74469165-c65c-4435-a387-36920379578d,959234.31,6010383.42,Comfortable,47.3
1785865260000,NOISE-N,b291e7be-9f14-44ed-87c1-0f02b8ca35b3,958906.23,6010563.72,Comfortable,51.3
1785865260000,NOISE-E,7be9696e-9ace-4085-a81b-0b04c83955db,959045.15,6010445.49,Comfortable,53.2
1785865260000,NOISE-S,b543d03f-a7d0-4faa-8507-0b3e31081e0b,958885.54,6010297.7,Comfortable,48.7
1785865260000,NOISE-W,49a1ac8f-b89d-4356-8260-a3e73765a98a,958749.58,6010415.93,Comfortable,50.9
1785865260000,NOISE-NR1,5c7eb3a5-3ace-49d5-b023-33009a594311,959160.42,6010678.99,Comfortable,46.6
1785865260000,NOISE-NR2,a7b30385-932d-4325-b84b-ae6bdcc359e3,958613.61,6010191.3,Comfortable,44.3
1785865260000,NOISE-NR3,74469165-c65c-4435-a387-36920379578d,959234.31,6010383.42,Comfortable,47.6
1785865320000,NOISE-N,b291e7be-9f14-44ed-87c1-0f02b8ca35b3,958906.23,6010563.72,Comfortable,51.1
1785865320000,NOISE-E,7be9696e-9ace-4085-a81b-0b04c83955db,959045.15,6010445.49,Comfortable,52.3
1785865320000,NOISE-S,b543d03f-a7d0-4faa-8507-0b3e31081e0b,958885.54,6010297.7,Comfortable,48.3
1785865320000,NOISE-W,49a1ac8f-b89d-4356-8260-a3e73765a98a,958749.58,6010415.93,Comfortable,50.2
1785865320000,NOISE-NR1,5c7eb3a5-3ace-49d5-b023-33009a594311,959160.42,6010678.99,Comfortable,45.9
1785865320000,NOISE-NR2,a7b30385-932d-4325-b84b-ae6bdcc359e3,958613.61,6010191.3,Comfortable,44.4
1785865320000,NOISE-NR3,74469165-c65c-4435-a387-36920379578d,959234.31,6010383.42,Comfortable,47.3
1785865380000,NOISE-N,b291e7be-9f14-44ed-87c1-0f02b8ca35b3,958906.23,6010563.72,Comfortable,51.5
1785865380000,NOISE-E,7be9696e-9ace-4085-a81b-0b04c83955db,959045.15,6010445.49,Comfortable,52.9
1785865380000,NOISE-S,b543d03f-a7d0-4faa-8507-0b3e31081e0b,958885.54,6010297.7,Comfortable,49.5
1785865380000,NOISE-W,49a1ac8f-b89d-4356-8260-a3e73765a98a,958749.58,6010415.93,Comfortable,51.1
1785865380000,NOISE-NR1,5c7eb3a5-3ace-49d5-b023-33009a594311,959160.42,6010678.99,Comfortable,46.3
1785865380000,NOISE-NR2,a7b30385-932d-4325-b84b-ae6bdcc359e3,958613.61,6010191.3,Comfortable,44.2
1785865380000,NOISE-NR3,74469165-c65c-4435-a387-36920379578d,959234.31,6010383.42,Comfortable,47.2
1785865440000,NOISE-N,b291e7be-9f14-44ed-87c1-0f02b8ca35b3,958906.23,6010563.72,Comfortable,51.2
1785865440000,NOISE-E,7be9696e-9ace-4085-a81b-0b04c83955db,959045.15,6010445.49,Comfortable,52.8
1785865440000,NOISE-S,b543d03f-a7d0-4faa-8507-0b3e31081e0b,958885.54,6010297.7,Comfortable,49.1
1785865440000,NOISE-W,49a1ac8f-b89d-4356-8260-a3e73765a98a,958749.58,6010415.93,Comfortable,51.8
1785865440000,NOISE-NR1,5c7eb3a5-3ace-49d5-b023-33009a594311,959160.42,6010678.99,Comfortable,46
1785865440000,NOISE-NR2,a7b30385-932d-4325-b84b-ae6bdcc359e3,958613.61,6010191.3,Comfortable,44
1785865440000,NOISE-NR3,74469165-c65c-4435-a387-36920379578d,959234.31,6010383.42,Comfortable,46.7
1785865500000,NOISE-N,b291e7be-9f14-44ed-87c1-0f02b8ca35b3,958906.23,6010563.72,Comfortable,51.3
1785865500000,NOISE-E,7be9696e-9ace-4085-a81b-0b04c83955db,959045.15,6010445.49,Comfortable,52.7
1785865500000,NOISE-S,b543d03f-a7d0-4faa-8507-0b3e31081e0b,958885.54,6010297.7,Comfortable,49.5
1785865500000,NOISE-W,49a1ac8f-b89d-4356-8260-a3e73765a98a,958749.58,6010415.93,Comfortable,51.2
1785865500000,NOISE-NR1,5c7eb3a5-3ace-49d5-b023-33009a594311,959160.42,6010678.99,Comfortable,45.6
1785865500000,NOISE-NR2,a7b30385-932d-4325-b84b-ae6bdcc359e3,958613.61,6010191.3,Comfortable,44.8
1785865500000,NOISE-NR3,74469165-c65c-4435-a387-36920379578d,959234.31,6010383.42,Comfortable,47.6
1785865560000,NOISE-N,b291e7be-9f14-44ed-87c1-0f02b8ca35b3,958906.23,6010563.72,Comfortable,50.5
1785865560000,NOISE-E,7be9696e-9ace-4085-a81b-0b04c83955db,959045.15,6010445.49,Comfortable,53
1785865560000,NOISE-S,b543d03f-a7d0-4faa-8507-0b3e31081e0b,958885.54,6010297.7,Comfortable,50.1
1785865560000,NOISE-W,49a1ac8f-b89d-4356-8260-a3e73765a98a,958749.58,6010415.93,Comfortable,51.1
1785865560000,NOISE-NR1,5c7eb3a5-3ace-49d5-b023-33009a594311,959160.42,6010678.99,Comfortable,45.6
1785865560000,NOISE-NR2,a7b30385-932d-4325-b84b-ae6bdcc359e3,958613.61,6010191.3,Comfortable,44.8
1785865560000,NOISE-NR3,74469165-c65c-4435-a387-36920379578d,959234.31,6010383.42,Comfortable,47.2
1785865620000,NOISE-N,b291e7be-9f14-44ed-87c1-0f02b8ca35b3,958906.23,6010563.72,Comfortable,51.3
1785865620000,NOISE-E,7be9696e-9ace-4085-a81b-0b04c83955db,959045.15,6010445.49,Comfortable,52.1
1785865620000,NOISE-S,b543d03f-a7d0-4faa-8507-0b3e31081e0b,958885.54,6010297.7,Comfortable,49.5
1785865620000,NOISE-W,49a1ac8f-b89d-4356-8260-a3e73765a98a,958749.58,6010415.93,Comfortable,50.8
1785865620000,NOISE-NR1,5c7eb3a5-3ace-49d5-b023-33009a594311,959160.42,6010678.99,Comfortable,46.4
1785865620000,NOISE-NR2,a7b30385-932d-4325-b84b-ae6bdcc359e3,958613.61,6010191.3,Comfortable,44.3
1785865620000,NOISE-NR3,74469165-c65c-4435-a387-36920379578d,959234.31,6010383.42,Comfortable,46.7
1785865680000,NOISE-N,b291e7be-9f14-44ed-87c1-0f02b8ca35b3,958906.23,6010563.72,Comfortable,51.3
1785865680000,NOISE-E,7be9696e-9ace-4085-a81b-0b04c83955db,959045.15,6010445.49,Comfortable,52.5
1785865680000,NOISE-S,b543d03f-a7d0-4faa-8507-0b3e31081e0b,958885.54,6010297.7,Comfortable,49.1
1785865680000,NOISE-W,49a1ac8f-b89d-4356-8260-a3e73765a98a,958749.58,6010415.93,Comfortable,50.9
1785865680000,NOISE-NR1,5c7eb3a5-3ace-49d5-b023-33009a594311,959160.42,6010678.99,Comfortable,46
1785865680000,NOISE-NR2,a7b30385-932d-4325-b84b-ae6bdcc359e3,958613.61,6010191.3,Comfortable,44.6
1785865680000,NOISE-NR3,74469165-c65c-4435-a387-36920379578d,959234.31,6010383.42,Comfortable,47.2
1785865740000,NOISE-N,b291e7be-9f14-44ed-87c1-0f02b8ca35b3,958906.23,6010563.72,Comfortable,50.5
1785865740000,NOISE-E,7be9696e-9ace-4085-a81b-0b04c83955db,959045.15,6010445.49,Comfortable,53.1
1785865740000,NOISE-S,b543d03f-a7d0-4faa-8507-0b3e31081e0b,958885.54,6010297.7,Comfortable,48.9
1785865740000,NOISE-W,49a1ac8f-b89d-4356-8260-a3e73765a98a,958749.58,6010415.93,Comfortable,50.2
1785865740000,NOISE-NR1,5c7eb3a5-3ace-49d5-b023-33009a594311,959160.42,6010678.99,Comfortable,46.3
1785865740000,NOISE-NR2,a7b30385-932d-4325-b84b-ae6bdcc359e3,958613.61,6010191.3,Comfortable,44.8
1785865740000,NOISE-NR3,74469165-c65c-4435-a387-36920379578d,959234.31,6010383.42,Comfortable,48
1785865800000,NOISE-N,b291e7be-9f14-44ed-87c1-0f02b8ca35b3,958906.23,6010563.72,Comfortable,51.1
1785865800000,NOISE-E,7be9696e-9ace-4085-a81b-0b04c83955db,959045.15,6010445.49,Comfortable,53
1785865800000,NOISE-S,b543d03f-a7d0-4faa-8507-0b3e31081e0b,958885.54,6010297.7,Comfortable,49.8
1785865800000,NOISE-W,49a1ac8f-b89d-4356-8260-a3e73765a98a,958749.58,6010415.93,Comfortable,49.9
1785865800000,NOISE-NR1,5c7eb3a5-3ace-49d5-b023-33009a594311,959160.42,6010678.99,Comfortable,46.9
1785865800000,NOISE-NR2,a7b30385-932d-4325-b84b-ae6bdcc359e3,958613.61,6010191.3,Comfortable,45.4
1785865800000,NOISE-NR3,74469165-c65c-4435-a387-36920379578d,959234.31,6010383.42,Comfortable,47.9
1785865860000,NOISE-N,b291e7be-9f14-44ed-87c1-0f02b8ca35b3,958906.23,6010563.72,Comfortable,51.6
1785865860000,NOISE-E,7be9696e-9ace-4085-a81b-0b04c83955db,959045.15,6010445.49,Comfortable,52.1
1785865860000,NOISE-S,b543d03f-a7d0-4faa-8507-0b3e31081e0b,958885.54,6010297.7,Comfortable,49.1
1785865860000,NOISE-W,49a1ac8f-b89d-4356-8260-a3e73765a98a,958749.58,6010415.93,Comfortable,49.8
1785865860000,NOISE-NR1,5c7eb3a5-3ace-49d5-b023-33009a594311,959160.42,6010678.99,Comfortable,46.8
1785865860000,NOISE-NR2,a7b30385-932d-4325-b84b-ae6bdcc359e3,958613.61,6010191.3,Comfortable,45.6
1785865860000,NOISE-NR3,74469165-c65c-4435-a387-36920379578d,959234.31,6010383.42,Comfortable,48.4
1785865920000,NOISE-N,b291e7be-9f14-44ed-87c1-0f02b8ca35b3,958906.23,6010563.72,Comfortable,51.4
1785865920000,NOISE-E,7be9696e-9ace-4085-a81b-0b04c83955db,959045.15,6010445.49,Comfortable,51.8
1785865920000,NOISE-S,b543d03f-a7d0-4faa-8507-0b3e31081e0b,958885.54,6010297.7,Comfortable,48.9
1785865920000,NOISE-W,49a1ac8f-b89d-4356-8260-a3e73765a98a,958749.58,6010415.93,Comfortable,50.6
1785865920000,NOISE-NR1,5c7eb3a5-3ace-49d5-b023-33009a594311,959160.42,6010678.99,Comfortable,46.5
1785865920000,NOISE-NR2,a7b30385-932d-4325-b84b-ae6bdcc359e3,958613.61,6010191.3,Comfortable,45.4
1785865920000,NOISE-NR3,74469165-c65c-4435-a387-36920379578d,959234.31,6010383.42,Comfortable,48.8
1785865980000,NOISE-N,b291e7be-9f14-44ed-87c1-0f02b8ca35b3,958906.23,6010563.72,Comfortable,50.8
1785865980000,NOISE-E,7be9696e-9ace-4085-a81b-0b04c83955db,959045.15,6010445.49,Comfortable,52
1785865980000,NOISE-S,b543d03f-a7d0-4faa-8507-0b3e31081e0b,958885.54,6010297.7,Comfortable,49.5
1785865980000,NOISE-W,49a1ac8f-b89d-4356-8260-a3e73765a98a,958749.58,6010415.93,Comfortable,51
1785865980000,NOISE-NR1,5c7eb3a5-3ace-49d5-b023-33009a594311,959160.42,6010678.99,Comfortable,46.5
1785865980000,NOISE-NR2,a7b30385-932d-4325-b84b-ae6bdcc359e3,958613.61,6010191.3,Comfortable,44.7
1785865980000,NOISE-NR3,74469165-c65c-4435-a387-36920379578d,959234.31,6010383.42,Comfortable,47.9
1785866040000,NOISE-N,b291e7be-9f14-44ed-87c1-0f02b8ca35b3,958906.23,6010563.72,Comfortable,50.2
1785866040000,NOISE-E,7be9696e-9ace-4085-a81b-0b04c83955db,959045.15,6010445.49,Comfortable,51.5
1785866040000,NOISE-S,b543d03f-a7d0-4faa-8507-0b3e31081e0b,958885.54,6010297.7,Comfortable,49.7
1785866040000,NOISE-W,49a1ac8f-b89d-4356-8260-a3e73765a98a,958749.58,6010415.93,Comfortable,51.7
1785866040000,NOISE-NR1,5c7eb3a5-3ace-49d5-b023-33009a594311,959160.42,6010678.99,Comfortable,47.3
1785866040000,NOISE-NR2,a7b30385-932d-4325-b84b-ae6bdcc359e3,958613.61,6010191.3,Comfortable,44.8
1785866040000,NOISE-NR3,74469165-c65c-4435-a387-36920379578d,959234.31,6010383.42,Comfortable,47.5
1785866100000,NOISE-N,b291e7be-9f14-44ed-87c1-0f02b8ca35b3,958906.23,6010563.72,Comfortable,50
1785866100000,NOISE-E,7be9696e-9ace-4085-a81b-0b04c83955db,959045.15,6010445.49,Comfortable,52.2
1785866100000,NOISE-S,b543d03f-a7d0-4faa-8507-0b3e31081e0b,958885.54,6010297.7,Comfortable,50.4
1785866100000,NOISE-W,49a1ac8f-b89d-4356-8260-a3e73765a98a,958749.58,6010415.93,Comfortable,51.1
1785866100000,NOISE-NR1,5c7eb3a5-3ace-49d5-b023-33009a594311,959160.42,6010678.99,Comfortable,46.6
1785866100000,NOISE-NR2,a7b30385-932d-4325-b84b-ae6bdcc359e3,958613.61,6010191.3,Comfortable,44.4
1785866100000,NOISE-NR3,74469165-c65c-4435-a387-36920379578d,959234.31,6010383.42,Comfortable,47
1785866160000,NOISE-N,b291e7be-9f14-44ed-87c1-0f02b8ca35b3,958906.23,6010563.72,Comfortable,50.6
1785866160000,NOISE-E,7be9696e-9ace-4085-a81b-0b04c83955db,959045.15,6010445.49,Comfortable,52.8
1785866160000,NOISE-S,b543d03f-a7d0-4faa-8507-0b3e31081e0b,958885.54,6010297.7,Comfortable,50.9
1785866160000,NOISE-W,49a1ac8f-b89d-4356-8260-a3e73765a98a,958749.58,6010415.93,Comfortable,51
1785866160000,NOISE-NR1,5c7eb3a5-3ace-49d5-b023-33009a594311,959160.42,6010678.99,Comfortable,46.7
1785866160000,NOISE-NR2,a7b30385-932d-4325-b84b-ae6bdcc359e3,958613.61,6010191.3,Comfortable,45.5
1785866160000,NOISE-NR3,74469165-c65c-4435-a387-36920379578d,959234.31,6010383.42,Comfortable,46.6
1785866220000,NOISE-N,b291e7be-9f14-44ed-87c1-0f02b8ca35b3,958906.23,6010563.72,Comfortable,50.2
1785866220000,NOISE-E,7be9696e-9ace-4085-a81b-0b04c83955db,959045.15,6010445.49,Comfortable,52.6
1785866220000,NOISE-S,b543d03f-a7d0-4faa-8507-0b3e31081e0b,958885.54,6010297.7,Comfortable,51.4
1785866220000,NOISE-W,49a1ac8f-b89d-4356-8260-a3e73765a98a,958749.58,6010415.93,Comfortable,51
1785866220000,NOISE-NR1,5c7eb3a5-3ace-49d5-b023-33009a594311,959160.42,6010678.99,Comfortable,46.8
1785866220000,NOISE-NR2,a7b30385-932d-4325-b84b-ae6bdcc359e3,958613.61,6010191.3,Comfortable,45
1785866220000,NOISE-NR3,74469165-c65c-4435-a387-36920379578d,959234.31,6010383.42,Comfortable,46.4
1785866280000,NOISE-N,b291e7be-9f14-44ed-87c1-0f02b8ca35b3,958906.23,6010563.72,Comfortable,49.9
1785866280000,NOISE-E,7be9696e-9ace-4085-a81b-0b04c83955db,959045.15,6010445.49,Comfortable,52.8
1785866280000,NOISE-S,b543d03f-a7d0-4faa-8507-0b3e31081e0b,958885.54,6010297.7,Comfortable,51.6
1785866280000,NOISE-W,49a1ac8f-b89d-4356-8260-a3e73765a98a,958749.58,6010415.93,Comfortable,50.4
1785866280000,NOISE-NR1,5c7eb3a5-3ace-49d5-b023-33009a594311,959160.42,6010678.99,Comfortable,46.3
1785866280000,NOISE-NR2,a7b30385-932d-4325-b84b-ae6bdcc359e3,958613.61,6010191.3,Comfortable,44.7
1785866280000,NOISE-NR3,74469165-c65c-4435-a387-36920379578d,959234.31,6010383.42,Comfortable,47
1785866340000,NOISE-N,b291e7be-9f14-44ed-87c1-0f02b8ca35b3,958906.23,6010563.72,Comfortable,50.3
1785866340000,NOISE-E,7be9696e-9ace-4085-a81b-0b04c83955db,959045.15,6010445.49,Comfortable,53.1
1785866340000,NOISE-S,b543d03f-a7d0-4faa-8507-0b3e31081e0b,958885.54,6010297.7,Comfortable,51.6
1785866340000,NOISE-W,49a1ac8f-b89d-4356-8260-a3e73765a98a,958749.58,6010415.93,Comfortable,51
1785866340000,NOISE-NR1,5c7eb3a5-3ace-49d5-b023-33009a594311,959160.42,6010678.99,Comfortable,46
1785866340000,NOISE-NR2,a7b30385-932d-4325-b84b-ae6bdcc359e3,958613.61,6010191.3,Comfortable,44.1
1785866340000,NOISE-NR3,74469165-c65c-4435-a387-36920379578d,959234.31,6010383.42,Comfortable,47.8
1785866400000,NOISE-N,b291e7be-9f14-44ed-87c1-0f02b8ca35b3,958906.23,6010563.72,Comfortable,50.4
1785866400000,NOISE-E,7be9696e-9ace-4085-a81b-0b04c83955db,959045.15,6010445.49,Comfortable,52.4
1785866400000,NOISE-S,b543d03f-a7d0-4faa-8507-0b3e31081e0b,958885.54,6010297.7,Comfortable,50.9
1785866400000,NOISE-W,49a1ac8f-b89d-4356-8260-a3e73765a98a,958749.58,6010415.93,Comfortable,51.7
1785866400000,NOISE-NR1,5c7eb3a5-3ace-49d5-b023-33009a594311,959160.42,6010678.99,Comfortable,45.4
1785866400000,NOISE-NR2,a7b30385-932d-4325-b84b-ae6bdcc359e3,958613.61,6010191.3,Comfortable,44.7
1785866400000,NOISE-NR3,74469165-c65c-4435-a387-36920379578d,959234.31,6010383.42,Comfortable,47.7
1785866460000,NOISE-N,b291e7be-9f14-44ed-87c1-0f02b8ca35b3,958906.23,6010563.72,Comfortable,51.1
1785866460000,NOISE-E,7be9696e-9ace-4085-a81b-0b04c83955db,959045.15,6010445.49,Comfortable,52.4
1785866460000,NOISE-S,b543d03f-a7d0-4faa-8507-0b3e31081e0b,958885.54,6010297.7,Comfortable,51.2
1785866460000,NOISE-W,49a1ac8f-b89d-4356-8260-a3e73765a98a,958749.58,6010415.93,Comfortable,51.3
1785866460000,NOISE-NR1,5c7eb3a5-3ace-49d5-b023-33009a594311,959160.42,6010678.99,Comfortable,46.1
1785866460000,NOISE-NR2,a7b30385-932d-4325-b84b-ae6bdcc359e3,958613.61,6010191.3,Comfortable,44.6
1785866460000,NOISE-NR3,74469165-c65c-4435-a387-36920379578d,959234.31,6010383.42,Comfortable,47.4
1785866520000,NOISE-N,b291e7be-9f14-44ed-87c1-0f02b8ca35b3,958906.23,6010563.72,Comfortable,51.7
1785866520000,NOISE-E,7be9696e-9ace-4085-a81b-0b04c83955db,959045.15,6010445.49,Comfortable,52.5
1785866520000,NOISE-S,b543d03f-a7d0-4faa-8507-0b3e31081e0b,958885.54,6010297.7,Comfortable,50.4
1785866520000,NOISE-W,49a1ac8f-b89d-4356-8260-a3e73765a98a,958749.58,6010415.93,Comfortable,50.6
1785866520000,NOISE-NR1,5c7eb3a5-3ace-49d5-b023-33009a594311,959160.42,6010678.99,Comfortable,46.7
1785866520000,NOISE-NR2,a7b30385-932d-4325-b84b-ae6bdcc359e3,958613.61,6010191.3,Comfortable,44.2
1785866520000,NOISE-NR3,74469165-c65c-4435-a387-36920379578d,959234.31,6010383.42,Comfortable,47.3
1785866580000,NOISE-N,b291e7be-9f14-44ed-87c1-0f02b8ca35b3,958906.23,6010563.72,Comfortable,51.6
1785866580000,NOISE-E,7be9696e-9ace-4085-a81b-0b04c83955db,959045.15,6010445.49,Comfortable,52.7
1785866580000,NOISE-S,b543d03f-a7d0-4faa-8507-0b3e31081e0b,958885.54,6010297.7,Comfortable,51
1785866580000,NOISE-W,49a1ac8f-b89d-4356-8260-a3e73765a98a,958749.58,6010415.93,Comfortable,51.1
1785866580000,NOISE-NR1,5c7eb3a5-3ace-49d5-b023-33009a594311,959160.42,6010678.99,Comfortable,46.2
1785866580000,NOISE-NR2,a7b30385-932d-4325-b84b-ae6bdcc359e3,958613.61,6010191.3,Comfortable,44.1
1785866580000,NOISE-NR3,74469165-c65c-4435-a387-36920379578d,959234.31,6010383.42,Comfortable,47.6
1785866640000,NOISE-N,b291e7be-9f14-44ed-87c1-0f02b8ca35b3,958906.23,6010563.72,Comfortable,51.4
1785866640000,NOISE-E,7be9696e-9ace-4085-a81b-0b04c83955db,959045.15,6010445.49,Comfortable,51.8
1785866640000,NOISE-S,b543d03f-a7d0-4faa-8507-0b3e31081e0b,958885.54,6010297.7,Comfortable,50.5
1785866640000,NOISE-W,49a1ac8f-b89d-4356-8260-a3e73765a98a,958749.58,6010415.93,Comfortable,51.4
1785866640000,NOISE-NR1,5c7eb3a5-3ace-49d5-b023-33009a594311,959160.42,6010678.99,Comfortable,46.8
1785866640000,NOISE-NR2,a7b30385-932d-4325-b84b-ae6bdcc359e3,958613.61,6010191.3,Comfortable,44.1
1785866640000,NOISE-NR3,74469165-c65c-4435-a387-36920379578d,959234.31,6010383.42,Comfortable,48.1
1785866700000,NOISE-N,b291e7be-9f14-44ed-87c1-0f02b8ca35b3,958906.23,6010563.72,Comfortable,50.6
1785866700000,NOISE-E,7be9696e-9ace-4085-a81b-0b04c83955db,959045.15,6010445.49,Comfortable,51.2
1785866700000,NOISE-S,b543d03f-a7d0-4faa-8507-0b3e31081e0b,958885.54,6010297.7,Comfortable,49.8
1785866700000,NOISE-W,49a1ac8f-b89d-4356-8260-a3e73765a98a,958749.58,6010415.93,Comfortable,51.9
1785866700000,NOISE-NR1,5c7eb3a5-3ace-49d5-b023-33009a594311,959160.42,6010678.99,Comfortable,47
1785866700000,NOISE-NR2,a7b30385-932d-4325-b84b-ae6bdcc359e3,958613.61,6010191.3,Comfortable,44.8
1785866700000,NOISE-NR3,74469165-c65c-4435-a387-36920379578d,959234.31,6010383.42,Comfortable,48
1785866760000,NOISE-N,b291e7be-9f14-44ed-87c1-0f02b8ca35b3,958906.23,6010563.72,Comfortable,50.1
1785866760000,NOISE-E,7be9696e-9ace-4085-a81b-0b04c83955db,959045.15,6010445.49,Comfortable,51.3
1785866760000,NOISE-S,b543d03f-a7d0-4faa-8507-0b3e31081e0b,958885.54,6010297.7,Comfortable,49.3
1785866760000,NOISE-W,49a1ac8f-b89d-4356-8260-a3e73765a98a,958749.58,6010415.93,Comfortable,52.2
1785866760000,NOISE-NR1,5c7eb3a5-3ace-49d5-b023-33009a594311,959160.42,6010678.99,Comfortable,47.2
1785866760000,NOISE-NR2,a7b30385-932d-4325-b84b-ae6bdcc359e3,958613.61,6010191.3,Comfortable,44.6
1785866760000,NOISE-NR3,74469165-c65c-4435-a387-36920379578d,959234.31,6010383.42,Comfortable,47.8
1785866820000,NOISE-N,b291e7be-9f14-44ed-87c1-0f02b8ca35b3,958906.23,6010563.72,Comfortable,50.1
1785866820000,NOISE-E,7be9696e-9ace-4085-a81b-0b04c83955db,959045.15,6010445.49,Comfortable,50.7
1785866820000,NOISE-S,b543d03f-a7d0-4faa-8507-0b3e31081e0b,958885.54,6010297.7,Comfortable,50.1
1785866820000,NOISE-W,49a1ac8f-b89d-4356-8260-a3e73765a98a,958749.58,6010415.93,Comfortable,52.6
1785866820000,NOISE-NR1,5c7eb3a5-3ace-49d5-b023-33009a594311,959160.42,6010678.99,Comfortable,47.8
1785866820000,NOISE-NR2,a7b30385-932d-4325-b84b-ae6bdcc359e3,958613.61,6010191.3,Comfortable,44.5
1785866820000,NOISE-NR3,74469165-c65c-4435-a387-36920379578d,959234.31,6010383.42,Comfortable,47
1785866880000,NOISE-N,b291e7be-9f14-44ed-87c1-0f02b8ca35b3,958906.23,6010563.72,Comfortable,49.9
1785866880000,NOISE-E,7be9696e-9ace-4085-a81b-0b04c83955db,959045.15,6010445.49,Comfortable,51.6
1785866880000,NOISE-S,b543d03f-a7d0-4faa-8507-0b3e31081e0b,958885.54,6010297.7,Comfortable,49.4
1785866880000,NOISE-W,49a1ac8f-b89d-4356-8260-a3e73765a98a,958749.58,6010415.93,Comfortable,52.1
1785866880000,NOISE-NR1,5c7eb3a5-3ace-49d5-b023-33009a594311,959160.42,6010678.99,Comfortable,47.8
1785866880000,NOISE-NR2,a7b30385-932d-4325-b84b-ae6bdcc359e3,958613.61,6010191.3,Comfortable,44.7
1785866880000,NOISE-NR3,74469165-c65c-4435-a387-36920379578d,959234.31,6010383.42,Comfortable,46.6
1785866940000,NOISE-N,b291e7be-9f14-44ed-87c1-0f02b8ca35b3,958906.23,6010563.72,Comfortable,49.6
1785866940000,NOISE-E,7be9696e-9ace-4085-a81b-0b04c83955db,959045.15,6010445.49,Comfortable,51.7
1785866940000,NOISE-S,b543d03f-a7d0-4faa-8507-0b3e31081e0b,958885.54,6010297.7,Comfortable,49.5
1785866940000,NOISE-W,49a1ac8f-b89d-4356-8260-a3e73765a98a,958749.58,6010415.93,Comfortable,52.3
1785866940000,NOISE-NR1,5c7eb3a5-3ace-49d5-b023-33009a594311,959160.42,6010678.99,Comfortable,47.1
1785866940000,NOISE-NR2,a7b30385-932d-4325-b84b-ae6bdcc359e3,958613.61,6010191.3,Comfortable,45.5
1785866940000,NOISE-NR3,74469165-c65c-4435-a387-36920379578d,959234.31,6010383.42,Comfortable,47.4
1785867000000,NOISE-N,b291e7be-9f14-44ed-87c1-0f02b8ca35b3,958906.23,6010563.72,Comfortable,49.6
1785867000000,NOISE-E,7be9696e-9ace-4085-a81b-0b04c83955db,959045.15,6010445.49,Comfortable,51.3
1785867000000,NOISE-S,b543d03f-a7d0-4faa-8507-0b3e31081e0b,958885.54,6010297.7,Comfortable,49.2
1785867000000,NOISE-W,49a1ac8f-b89d-4356-8260-a3e73765a98a,958749.58,6010415.93,Comfortable,52.2
1785867000000,NOISE-NR1,5c7eb3a5-3ace-49d5-b023-33009a594311,959160.42,6010678.99,Comfortable,47.2
1785867000000,NOISE-NR2,a7b30385-932d-4325-b84b-ae6bdcc359e3,958613.61,6010191.3,Comfortable,45.3
1785867000000,NOISE-NR3,74469165-c65c-4435-a387-36920379578d,959234.31,6010383.42,Comfortable,47.1
1785867060000,NOISE-N,b291e7be-9f14-44ed-87c1-0f02b8ca35b3,958906.23,6010563.72,Comfortable,49.6
1785867060000,NOISE-E,7be9696e-9ace-4085-a81b-0b04c83955db,959045.15,6010445.49,Comfortable,51.4
1785867060000,NOISE-S,b543d03f-a7d0-4faa-8507-0b3e31081e0b,958885.54,6010297.7,Comfortable,50.2
1785867060000,NOISE-W,49a1ac8f-b89d-4356-8260-a3e73765a98a,958749.58,6010415.93,Comfortable,52.6
1785867060000,NOISE-NR1,5c7eb3a5-3ace-49d5-b023-33009a594311,959160.42,6010678.99,Comfortable,46.4
1785867060000,NOISE-NR2,a7b30385-932d-4325-b84b-ae6bdcc359e3,958613.61,6010191.3,Comfortable,46
1785867060000,NOISE-NR3,74469165-c65c-4435-a387-36920379578d,959234.31,6010383.42,Comfortable,47
1785867120000,NOISE-N,b291e7be-9f14-44ed-87c1-0f02b8ca35b3,958906.23,6010563.72,Comfortable,50.5
1785867120000,NOISE-E,7be9696e-9ace-4085-a81b-0b04c83955db,959045.15,6010445.49,Comfortable,51.2
1785867120000,NOISE-S,b543d03f-a7d0-4faa-8507-0b3e31081e0b,958885.54,6010297.7,Comfortable,50.9
1785867120000,NOISE-W,49a1ac8f-b89d-4356-8260-a3e73765a98a,958749.58,6010415.93,Comfortable,52.1
1785867120000,NOISE-NR1,5c7eb3a5-3ace-49d5-b023-33009a594311,959160.42,6010678.99,Comfortable,46.1
1785867120000,NOISE-NR2,a7b30385-932d-4325-b84b-ae6bdcc359e3,958613.61,6010191.3,Comfortable,46.1
1785867120000,NOISE-NR3,74469165-c65c-4435-a387-36920379578d,959234.31,6010383.42,Comfortable,46.6
1785867180000,NOISE-N,b291e7be-9f14-44ed-87c1-0f02b8ca35b3,958906.23,6010563.72,Comfortable,51.3
1785867180000,NOISE-E,7be9696e-9ace-4085-a81b-0b04c83955db,959045.15,6010445.49,Comfortable,51.2
1785867180000,NOISE-S,b543d03f-a7d0-4faa-8507-0b3e31081e0b,958885.54,6010297.7,Comfortable,50.5
1785867180000,NOISE-W,49a1ac8f-b89d-4356-8260-a3e73765a98a,958749.58,6010415.93,Comfortable,51.1
1785867180000,NOISE-NR1,5c7eb3a5-3ace-49d5-b023-33009a594311,959160.42,6010678.99,Comfortable,45.9
1785867180000,NOISE-NR2,a7b30385-932d-4325-b84b-ae6bdcc359e3,958613.61,6010191.3,Comfortable,46.3
1785867180000,NOISE-NR3,74469165-c65c-4435-a387-36920379578d,959234.31,6010383.42,Comfortable,46.6
1785867240000,NOISE-N,b291e7be-9f14-44ed-87c1-0f02b8ca35b3,958906.23,6010563.72,Comfortable,51.4
1785867240000,NOISE-E,7be9696e-9ace-4085-a81b-0b04c83955db,959045.15,6010445.49,Comfortable,51.4
1785867240000,NOISE-S,b543d03f-a7d0-4faa-8507-0b3e31081e0b,958885.54,6010297.7,Comfortable,51.1
1785867240000,NOISE-W,49a1ac8f-b89d-4356-8260-a3e73765a98a,958749.58,6010415.93,Comfortable,50.6
1785867240000,NOISE-NR1,5c7eb3a5-3ace-49d5-b023-33009a594311,959160.42,6010678.99,Comfortable,45.6
1785867240000,NOISE-NR2,a7b30385-932d-4325-b84b-ae6bdcc359e3,958613.61,6010191.3,Comfortable,46.8
1785867240000,NOISE-NR3,74469165-c65c-4435-a387-36920379578d,959234.31,6010383.42,Comfortable,47.2
1785867300000,NOISE-N,b291e7be-9f14-44ed-87c1-0f02b8ca35b3,958906.23,6010563.72,Comfortable,51.8
1785867300000,NOISE-E,7be9696e-9ace-4085-a81b-0b04c83955db,959045.15,6010445.49,Comfortable,52.1
1785867300000,NOISE-S,b543d03f-a7d0-4faa-8507-0b3e31081e0b,958885.54,6010297.7,Comfortable,51.2
1785867300000,NOISE-W,49a1ac8f-b89d-4356-8260-a3e73765a98a,958749.58,6010415.93,Comfortable,50.9
1785867300000,NOISE-NR1,5c7eb3a5-3ace-49d5-b023-33009a594311,959160.42,6010678.99,Comfortable,45.3
1785867300000,NOISE-NR2,a7b30385-932d-4325-b84b-ae6bdcc359e3,958613.61,6010191.3,Comfortable,46.6
1785867300000,NOISE-NR3,74469165-c65c-4435-a387-36920379578d,959234.31,6010383.42,Comfortable,47.4
1785867360000,NOISE-N,b291e7be-9f14-44ed-87c1-0f02b8ca35b3,958906.23,6010563.72,Comfortable,50.9
1785867360000,NOISE-E,7be9696e-9ace-4085-a81b-0b04c83955db,959045.15,6010445.49,Comfortable,52.7
1785867360000,NOISE-S,b543d03f-a7d0-4faa-8507-0b3e31081e0b,958885.54,6010297.7,Comfortable,50.4
1785867360000,NOISE-W,49a1ac8f-b89d-4356-8260-a3e73765a98a,958749.58,6010415.93,Comfortable,51.4
1785867360000,NOISE-NR1,5c7eb3a5-3ace-49d5-b023-33009a594311,959160.42,6010678.99,Comfortable,45.9
1785867360000,NOISE-NR2,a7b30385-932d-4325-b84b-ae6bdcc359e3,958613.61,6010191.3,Comfortable,45.6
1785867360000,NOISE-NR3,74469165-c65c-4435-a387-36920379578d,959234.31,6010383.42,Comfortable,47.4
1785867420000,NOISE-N,b291e7be-9f14-44ed-87c1-0f02b8ca35b3,958906.23,6010563.72,Comfortable,51.4
1785867420000,NOISE-E,7be9696e-9ace-4085-a81b-0b04c83955db,959045.15,6010445.49,Comfortable,52.7
1785867420000,NOISE-S,b543d03f-a7d0-4faa-8507-0b3e31081e0b,958885.54,6010297.7,Comfortable,50.8
1785867420000,NOISE-W,49a1ac8f-b89d-4356-8260-a3e73765a98a,958749.58,6010415.93,Comfortable,50.7
1785867420000,NOISE-NR1,5c7eb3a5-3ace-49d5-b023-33009a594311,959160.42,6010678.99,Comfortable,46.4
1785867420000,NOISE-NR2,a7b30385-932d-4325-b84b-ae6bdcc359e3,958613.61,6010191.3,Comfortable,44.9
1785867420000,NOISE-NR3,74469165-c65c-4435-a387-36920379578d,959234.31,6010383.42,Comfortable,48.2
1785867480000,NOISE-N,b291e7be-9f14-44ed-87c1-0f02b8ca35b3,958906.23,6010563.72,Comfortable,51.9
1785867480000,NOISE-E,7be9696e-9ace-4085-a81b-0b04c83955db,959045.15,6010445.49,Comfortable,53.3
1785867480000,NOISE-S,b543d03f-a7d0-4faa-8507-0b3e31081e0b,958885.54,6010297.7,Comfortable,50.1
1785867480000,NOISE-W,49a1ac8f-b89d-4356-8260-a3e73765a98a,958749.58,6010415.93,Comfortable,50.8
1785867480000,NOISE-NR1,5c7eb3a5-3ace-49d5-b023-33009a594311,959160.42,6010678.99,Comfortable,46
1785867480000,NOISE-NR2,a7b30385-932d-4325-b84b-ae6bdcc359e3,958613.61,6010191.3,Comfortable,44.3
1785867480000,NOISE-NR3,74469165-c65c-4435-a387-36920379578d,959234.31,6010383.42,Comfortable,48.7
1785867540000,NOISE-N,b291e7be-9f14-44ed-87c1-0f02b8ca35b3,958906.23,6010563.72,Comfortable,50.9
1785867540000,NOISE-E,7be9696e-9ace-4085-a81b-0b04c83955db,959045.15,6010445.49,Comfortable,53.7
1785867540000,NOISE-S,b543d03f-a7d0-4faa-8507-0b3e31081e0b,958885.54,6010297.7,Comfortable,50.3
1785867540000,NOISE-W,49a1ac8f-b89d-4356-8260-a3e73765a98a,958749.58,6010415.93,Comfortable,51
1785867540000,NOISE-NR1,5c7eb3a5-3ace-49d5-b023-33009a594311,959160.42,6010678.99,Comfortable,46.3
1785867540000,NOISE-NR2,a7b30385-932d-4325-b84b-ae6bdcc359e3,958613.61,6010191.3,Comfortable,43.9
1785867540000,NOISE-NR3,74469165-c65c-4435-a387-36920379578d,959234.31,6010383.42,Comfortable,47.8
1785867600000,NOISE-N,b291e7be-9f14-44ed-87c1-0f02b8ca35b3,958906.23,6010563.72,Comfortable,51.3
1785867600000,NOISE-E,7be9696e-9ace-4085-a81b-0b04c83955db,959045.15,6010445.49,Comfortable,52.6
1785867600000,NOISE-S,b543d03f-a7d0-4faa-8507-0b3e31081e0b,958885.54,6010297.7,Comfortable,51
1785867600000,NOISE-W,49a1ac8f-b89d-4356-8260-a3e73765a98a,958749.58,6010415.93,Comfortable,50.7
1785867600000,NOISE-NR1,5c7eb3a5-3ace-49d5-b023-33009a594311,959160.42,6010678.99,Comfortable,46.5
1785867600000,NOISE-NR2,a7b30385-932d-4325-b84b-ae6bdcc359e3,958613.61,6010191.3,Comfortable,44.3
1785867600000,NOISE-NR3,74469165-c65c-4435-a387-36920379578d,959234.31,6010383.42,Comfortable,48.2
1785867660000,NOISE-N,b291e7be-9f14-44ed-87c1-0f02b8ca35b3,958906.23,6010563.72,Comfortable,51.8
1785867660000,NOISE-E,7be9696e-9ace-4085-a81b-0b04c83955db,959045.15,6010445.49,Comfortable,52.1
1785867660000,NOISE-S,b543d03f-a7d0-4faa-8507-0b3e31081e0b,958885.54,6010297.7,Comfortable,50.4
1785867660000,NOISE-W,49a1ac8f-b89d-4356-8260-a3e73765a98a,958749.58,6010415.93,Comfortable,51.2
1785867660000,NOISE-NR1,5c7eb3a5-3ace-49d5-b023-33009a594311,959160.42,6010678.99,Comfortable,47.3
1785867660000,NOISE-NR2,a7b30385-932d-4325-b84b-ae6bdcc359e3,958613.61,6010191.3,Comfortable,45.2
1785867660000,NOISE-NR3,74469165-c65c-4435-a387-36920379578d,959234.31,6010383.42,Comfortable,48.4
1785867720000,NOISE-N,b291e7be-9f14-44ed-87c1-0f02b8ca35b3,958906.23,6010563.72,Comfortable,51.1
1785867720000,NOISE-E,7be9696e-9ace-4085-a81b-0b04c83955db,959045.15,6010445.49,Comfortable,52.6
1785867720000,NOISE-S,b543d03f-a7d0-4faa-8507-0b3e31081e0b,958885.54,6010297.7,Comfortable,50.5
1785867720000,NOISE-W,49a1ac8f-b89d-4356-8260-a3e73765a98a,958749.58,6010415.93,Comfortable,50.5
1785867720000,NOISE-NR1,5c7eb3a5-3ace-49d5-b023-33009a594311,959160.42,6010678.99,Comfortable,46.9
1785867720000,NOISE-NR2,a7b30385-932d-4325-b84b-ae6bdcc359e3,958613.61,6010191.3,Comfortable,46
1785867720000,NOISE-NR3,74469165-c65c-4435-a387-36920379578d,959234.31,6010383.42,Comfortable,47.6
1785867780000,NOISE-N,b291e7be-9f14-44ed-87c1-0f02b8ca35b3,958906.23,6010563.72,Comfortable,50.5
1785867780000,NOISE-E,7be9696e-9ace-4085-a81b-0b04c83955db,959045.15,6010445.49,Comfortable,51.8
1785867780000,NOISE-S,b543d03f-a7d0-4faa-8507-0b3e31081e0b,958885.54,6010297.7,Comfortable,49.6
1785867780000,NOISE-W,49a1ac8f-b89d-4356-8260-a3e73765a98a,958749.58,6010415.93,Comfortable,50.5
1785867780000,NOISE-NR1,5c7eb3a5-3ace-49d5-b023-33009a594311,959160.42,6010678.99,Comfortable,46.9
1785867780000,NOISE-NR2,a7b30385-932d-4325-b84b-ae6bdcc359e3,958613.61,6010191.3,Comfortable,45.3
1785867780000,NOISE-NR3,74469165-c65c-4435-a387-36920379578d,959234.31,6010383.42,Comfortable,47
1785867840000,NOISE-N,b291e7be-9f14-44ed-87c1-0f02b8ca35b3,958906.23,6010563.72,Comfortable,51
1785867840000,NOISE-E,7be9696e-9ace-4085-a81b-0b04c83955db,959045.15,6010445.49,Comfortable,51.7
1785867840000,NOISE-S,b543d03f-a7d0-4faa-8507-0b3e31081e0b,958885.54,6010297.7,Comfortable,50
1785867840000,NOISE-W,49a1ac8f-b89d-4356-8260-a3e73765a98a,958749.58,6010415.93,Comfortable,50.9
1785867840000,NOISE-NR1,5c7eb3a5-3ace-49d5-b023-33009a594311,959160.42,6010678.99,Comfortable,46.5
1785867840000,NOISE-NR2,a7b30385-932d-4325-b84b-ae6bdcc359e3,958613.61,6010191.3,Comfortable,46
1785867840000,NOISE-NR3,74469165-c65c-4435-a387-36920379578d,959234.31,6010383.42,Comfortable,46.6
1785867900000,NOISE-N,b291e7be-9f14-44ed-87c1-0f02b8ca35b3,958906.23,6010563.72,Comfortable,50.7
1785867900000,NOISE-E,7be9696e-9ace-4085-a81b-0b04c83955db,959045.15,6010445.49,Comfortable,52.3
1785867900000,NOISE-S,b543d03f-a7d0-4faa-8507-0b3e31081e0b,958885.54,6010297.7,Comfortable,50
1785867900000,NOISE-W,49a1ac8f-b89d-4356-8260-a3e73765a98a,958749.58,6010415.93,Comfortable,50.6
1785867900000,NOISE-NR1,5c7eb3a5-3ace-49d5-b023-33009a594311,959160.42,6010678.99,Comfortable,46.9
1785867900000,NOISE-NR2,a7b30385-932d-4325-b84b-ae6bdcc359e3,958613.61,6010191.3,Comfortable,45.5
1785867900000,NOISE-NR3,74469165-c65c-4435-a387-36920379578d,959234.31,6010383.42,Comfortable,47.4
1785867960000,NOISE-N,b291e7be-9f14-44ed-87c1-0f02b8ca35b3,958906.23,6010563.72,Comfortable,50.3
1785867960000,NOISE-E,7be9696e-9ace-4085-a81b-0b04c83955db,959045.15,6010445.49,Comfortable,52.7
1785867960000,NOISE-S,b543d03f-a7d0-4faa-8507-0b3e31081e0b,958885.54,6010297.7,Comfortable,49.2
1785867960000,NOISE-W,49a1ac8f-b89d-4356-8260-a3e73765a98a,958749.58,6010415.93,Comfortable,49.9
1785867960000,NOISE-NR1,5c7eb3a5-3ace-49d5-b023-33009a594311,959160.42,6010678.99,Comfortable,47.4
1785867960000,NOISE-NR2,a7b30385-932d-4325-b84b-ae6bdcc359e3,958613.61,6010191.3,Comfortable,45.3
1785867960000,NOISE-NR3,74469165-c65c-4435-a387-36920379578d,959234.31,6010383.42,Comfortable,47.1
1785868020000,NOISE-N,b291e7be-9f14-44ed-87c1-0f02b8ca35b3,958906.23,6010563.72,Comfortable,50
1785868020000,NOISE-E,7be9696e-9ace-4085-a81b-0b04c83955db,959045.15,6010445.49,Comfortable,53.1
1785868020000,NOISE-S,b543d03f-a7d0-4faa-8507-0b3e31081e0b,958885.54,6010297.7,Comfortable,50
1785868020000,NOISE-W,49a1ac8f-b89d-4356-8260-a3e73765a98a,958749.58,6010415.93,Comfortable,49.8
1785868020000,NOISE-NR1,5c7eb3a5-3ace-49d5-b023-33009a594311,959160.42,6010678.99,Comfortable,47.2
1785868020000,NOISE-NR2,a7b30385-932d-4325-b84b-ae6bdcc359e3,958613.61,6010191.3,Comfortable,45.5
1785868020000,NOISE-NR3,74469165-c65c-4435-a387-36920379578d,959234.31,6010383.42,Comfortable,47
1785868080000,NOISE-N,b291e7be-9f14-44ed-87c1-0f02b8ca35b3,958906.23,6010563.72,Comfortable,50.4
1785868080000,NOISE-E,7be9696e-9ace-4085-a81b-0b04c83955db,959045.15,6010445.49,Comfortable,53.3
1785868080000,NOISE-S,b543d03f-a7d0-4faa-8507-0b3e31081e0b,958885.54,6010297.7,Comfortable,50.3
1785868080000,NOISE-W,49a1ac8f-b89d-4356-8260-a3e73765a98a,958749.58,6010415.93,Comfortable,50.6
1785868080000,NOISE-NR1,5c7eb3a5-3ace-49d5-b023-33009a594311,959160.42,6010678.99,Comfortable,47.8
1785868080000,NOISE-NR2,a7b30385-932d-4325-b84b-ae6bdcc359e3,958613.61,6010191.3,Comfortable,45.1
1785868080000,NOISE-NR3,74469165-c65c-4435-a387-36920379578d,959234.31,6010383.42,Comfortable,47.2
1785868140000,NOISE-N,b291e7be-9f14-44ed-87c1-0f02b8ca35b3,958906.23,6010563.72,Comfortable,49.8
1785868140000,NOISE-E,7be9696e-9ace-4085-a81b-0b04c83955db,959045.15,6010445.49,Comfortable,52.5
1785868140000,NOISE-S,b543d03f-a7d0-4faa-8507-0b3e31081e0b,958885.54,6010297.7,Comfortable,50.1
1785868140000,NOISE-W,49a1ac8f-b89d-4356-8260-a3e73765a98a,958749.58,6010415.93,Comfortable,50.3
1785868140000,NOISE-NR1,5c7eb3a5-3ace-49d5-b023-33009a594311,959160.42,6010678.99,Comfortable,47.4
1785868140000,NOISE-NR2,a7b30385-932d-4325-b84b-ae6bdcc359e3,958613.61,6010191.3,Comfortable,44.5
1785868140000,NOISE-NR3,74469165-c65c-4435-a387-36920379578d,959234.31,6010383.42,Comfortable,47
1785868200000,NOISE-N,b291e7be-9f14-44ed-87c1-0f02b8ca35b3,958906.23,6010563.72,Comfortable,49.3
1785868200000,NOISE-E,7be9696e-9ace-4085-a81b-0b04c83955db,959045.15,6010445.49,Comfortable,52
1785868200000,NOISE-S,b543d03f-a7d0-4faa-8507-0b3e31081e0b,958885.54,6010297.7,Comfortable,49.9
1785868200000,NOISE-W,49a1ac8f-b89d-4356-8260-a3e73765a98a,958749.58,6010415.93,Comfortable,50
1785868200000,NOISE-NR1,5c7eb3a5-3ace-49d5-b023-33009a594311,959160.42,6010678.99,Comfortable,46.9
1785868200000,NOISE-NR2,a7b30385-932d-4325-b84b-ae6bdcc359e3,958613.61,6010191.3,Comfortable,44.4
1785868200000,NOISE-NR3,74469165-c65c-4435-a387-36920379578d,959234.31,6010383.42,Comfortable,46.5
1785868260000,NOISE-N,b291e7be-9f14-44ed-87c1-0f02b8ca35b3,958906.23,6010563.72,Comfortable,49.6
1785868260000,NOISE-E,7be9696e-9ace-4085-a81b-0b04c83955db,959045.15,6010445.49,Comfortable,51.3
1785868260000,NOISE-S,b543d03f-a7d0-4faa-8507-0b3e31081e0b,958885.54,6010297.7,Comfortable,50.7
1785868260000,NOISE-W,49a1ac8f-b89d-4356-8260-a3e73765a98a,958749.58,6010415.93,Comfortable,50.8
1785868260000,NOISE-NR1,5c7eb3a5-3ace-49d5-b023-33009a594311,959160.42,6010678.99,Comfortable,46.6
1785868260000,NOISE-NR2,a7b30385-932d-4325-b84b-ae6bdcc359e3,958613.61,6010191.3,Comfortable,45
1785868260000,NOISE-NR3,74469165-c65c-4435-a387-36920379578d,959234.31,6010383.42,Comfortable,46.5
1785868320000,NOISE-N,b291e7be-9f14-44ed-87c1-0f02b8ca35b3,958906.23,6010563.72,Comfortable,50.6
1785868320000,NOISE-E,7be9696e-9ace-4085-a81b-0b04c83955db,959045.15,6010445.49,Comfortable,51.2
1785868320000,NOISE-S,b543d03f-a7d0-4faa-8507-0b3e31081e0b,958885.54,6010297.7,Comfortable,51.2
1785868320000,NOISE-W,49a1ac8f-b89d-4356-8260-a3e73765a98a,958749.58,6010415.93,Comfortable,50.8
1785868320000,NOISE-NR1,5c7eb3a5-3ace-49d5-b023-33009a594311,959160.42,6010678.99,Comfortable,47.3
1785868320000,NOISE-NR2,a7b30385-932d-4325-b84b-ae6bdcc359e3,958613.61,6010191.3,Comfortable,45.4
1785868320000,NOISE-NR3,74469165-c65c-4435-a387-36920379578d,959234.31,6010383.42,Comfortable,46.2
1785868380000,NOISE-N,b291e7be-9f14-44ed-87c1-0f02b8ca35b3,958906.23,6010563.72,Comfortable,50.4
1785868380000,NOISE-E,7be9696e-9ace-4085-a81b-0b04c83955db,959045.15,6010445.49,Comfortable,51.6
1785868380000,NOISE-S,b543d03f-a7d0-4faa-8507-0b3e31081e0b,958885.54,6010297.7,Comfortable,50.8
1785868380000,NOISE-W,49a1ac8f-b89d-4356-8260-a3e73765a98a,958749.58,6010415.93,Comfortable,50.4
1785868380000,NOISE-NR1,5c7eb3a5-3ace-49d5-b023-33009a594311,959160.42,6010678.99,Comfortable,47.7
1785868380000,NOISE-NR2,a7b30385-932d-4325-b84b-ae6bdcc359e3,958613.61,6010191.3,Comfortable,46
1785868380000,NOISE-NR3,74469165-c65c-4435-a387-36920379578d,959234.31,6010383.42,Comfortable,45.8
1785868440000,NOISE-N,b291e7be-9f14-44ed-87c1-0f02b8ca35b3,958906.23,6010563.72,Comfortable,51
1785868440000,NOISE-E,7be9696e-9ace-4085-a81b-0b04c83955db,959045.15,6010445.49,Comfortable,50.9
1785868440000,NOISE-S,b543d03f-a7d0-4faa-8507-0b3e31081e0b,958885.54,6010297.7,Comfortable,50.8
1785868440000,NOISE-W,49a1ac8f-b89d-4356-8260-a3e73765a98a,958749.58,6010415.93,Comfortable,50
1785868440000,NOISE-NR1,5c7eb3a5-3ace-49d5-b023-33009a594311,959160.42,6010678.99,Comfortable,47.9
1785868440000,NOISE-NR2,a7b30385-932d-4325-b84b-ae6bdcc359e3,958613.61,6010191.3,Comfortable,46.3
1785868440000,NOISE-NR3,74469165-c65c-4435-a387-36920379578d,959234.31,6010383.42,Comfortable,45.5
1785868500000,NOISE-N,b291e7be-9f14-44ed-87c1-0f02b8ca35b3,958906.23,6010563.72,Comfortable,51.4
1785868500000,NOISE-E,7be9696e-9ace-4085-a81b-0b04c83955db,959045.15,6010445.49,Comfortable,51.4
1785868500000,NOISE-S,b543d03f-a7d0-4faa-8507-0b3e31081e0b,958885.54,6010297.7,Comfortable,51.1
1785868500000,NOISE-W,49a1ac8f-b89d-4356-8260-a3e73765a98a,958749.58,6010415.93,Comfortable,50.3
1785868500000,NOISE-NR1,5c7eb3a5-3ace-49d5-b023-33009a594311,959160.42,6010678.99,Comfortable,47.9
1785868500000,NOISE-NR2,a7b30385-932d-4325-b84b-ae6bdcc359e3,958613.61,6010191.3,Comfortable,46
1785868500000,NOISE-NR3,74469165-c65c-4435-a387-36920379578d,959234.31,6010383.42,Comfortable,46
1785868560000,NOISE-N,b291e7be-9f14-44ed-87c1-0f02b8ca35b3,958906.23,6010563.72,Comfortable,51.5
1785868560000,NOISE-E,7be9696e-9ace-4085-a81b-0b04c83955db,959045.15,6010445.49,Comfortable,51.5
1785868560000,NOISE-S,b543d03f-a7d0-4faa-8507-0b3e31081e0b,958885.54,6010297.7,Comfortable,50.6
1785868560000,NOISE-W,49a1ac8f-b89d-4356-8260-a3e73765a98a,958749.58,6010415.93,Comfortable,51.3
1785868560000,NOISE-NR1,5c7eb3a5-3ace-49d5-b023-33009a594311,959160.42,6010678.99,Comfortable,48
1785868560000,NOISE-NR2,a7b30385-932d-4325-b84b-ae6bdcc359e3,958613.61,6010191.3,Comfortable,45.5
1785868560000,NOISE-NR3,74469165-c65c-4435-a387-36920379578d,959234.31,6010383.42,Comfortable,46.8
1785868620000,NOISE-N,b291e7be-9f14-44ed-87c1-0f02b8ca35b3,958906.23,6010563.72,Comfortable,51.2
1785868620000,NOISE-E,7be9696e-9ace-4085-a81b-0b04c83955db,959045.15,6010445.49,Comfortable,50.9
1785868620000,NOISE-S,b543d03f-a7d0-4faa-8507-0b3e31081e0b,958885.54,6010297.7,Comfortable,50.4
1785868620000,NOISE-W,49a1ac8f-b89d-4356-8260-a3e73765a98a,958749.58,6010415.93,Comfortable,50.8
1785868620000,NOISE-NR1,5c7eb3a5-3ace-49d5-b023-33009a594311,959160.42,6010678.99,Comfortable,47
1785868620000,NOISE-NR2,a7b30385-932d-4325-b84b-ae6bdcc359e3,958613.61,6010191.3,Comfortable,46
1785868620000,NOISE-NR3,74469165-c65c-4435-a387-36920379578d,959234.31,6010383.42,Comfortable,47
1785868680000,NOISE-N,b291e7be-9f14-44ed-87c1-0f02b8ca35b3,958906.23,6010563.72,Comfortable,51.2
1785868680000,NOISE-E,7be9696e-9ace-4085-a81b-0b04c83955db,959045.15,6010445.49,Comfortable,51
1785868680000,NOISE-S,b543d03f-a7d0-4faa-8507-0b3e31081e0b,958885.54,6010297.7,Comfortable,50.7
1785868680000,NOISE-W,49a1ac8f-b89d-4356-8260-a3e73765a98a,958749.58,6010415.93,Comfortable,50
1785868680000,NOISE-NR1,5c7eb3a5-3ace-49d5-b023-33009a594311,959160.42,6010678.99,Comfortable,46.5
1785868680000,NOISE-NR2,a7b30385-932d-4325-b84b-ae6bdcc359e3,958613.61,6010191.3,Comfortable,46.3
1785868680000,NOISE-NR3,74469165-c65c-4435-a387-36920379578d,959234.31,6010383.42,Comfortable,46.5
1785868740000,NOISE-N,b291e7be-9f14-44ed-87c1-0f02b8ca35b3,958906.23,6010563.72,Comfortable,51.9
1785868740000,NOISE-E,7be9696e-9ace-4085-a81b-0b04c83955db,959045.15,6010445.49,Comfortable,50.9
1785868740000,NOISE-S,b543d03f-a7d0-4faa-8507-0b3e31081e0b,958885.54,6010297.7,Comfortable,49.7
1785868740000,NOISE-W,49a1ac8f-b89d-4356-8260-a3e73765a98a,958749.58,6010415.93,Comfortable,49.6
1785868740000,NOISE-NR1,5c7eb3a5-3ace-49d5-b023-33009a594311,959160.42,6010678.99,Comfortable,47.1
1785868740000,NOISE-NR2,a7b30385-932d-4325-b84b-ae6bdcc359e3,958613.61,6010191.3,Comfortable,45.7
1785868740000,NOISE-NR3,74469165-c65c-4435-a387-36920379578d,959234.31,6010383.42,Comfortable,46.1
1785868800000,NOISE-N,b291e7be-9f14-44ed-87c1-0f02b8ca35b3,958906.23,6010563.72,Comfortable,52.2
1785868800000,NOISE-E,7be9696e-9ace-4085-a81b-0b04c83955db,959045.15,6010445.49,Comfortable,51
1785868800000,NOISE-S,b543d03f-a7d0-4faa-8507-0b3e31081e0b,958885.54,6010297.7,Comfortable,49.5
1785868800000,NOISE-W,49a1ac8f-b89d-4356-8260-a3e73765a98a,958749.58,6010415.93,Comfortable,50.5
1785868800000,NOISE-NR1,5c7eb3a5-3ace-49d5-b023-33009a594311,959160.42,6010678.99,Comfortable,46.1
1785868800000,NOISE-NR2,a7b30385-932d-4325-b84b-ae6bdcc359e3,958613.61,6010191.3,Comfortable,45.3
1785868800000,NOISE-NR3,74469165-c65c-4435-a387-36920379578d,959234.31,6010383.42,Comfortable,46
1785868860000,NOISE-N,b291e7be-9f14-44ed-87c1-0f02b8ca35b3,958906.23,6010563.72,Comfortable,52
1785868860000,NOISE-E,7be9696e-9ace-4085-a81b-0b04c83955db,959045.15,6010445.49,Comfortable,51.7
1785868860000,NOISE-S,b543d03f-a7d0-4faa-8507-0b3e31081e0b,958885.54,6010297.7,Comfortable,50
1785868860000,NOISE-W,49a1ac8f-b89d-4356-8260-a3e73765a98a,958749.58,6010415.93,Comfortable,50.8
1785868860000,NOISE-NR1,5c7eb3a5-3ace-49d5-b023-33009a594311,959160.42,6010678.99,Comfortable,46.9
1785868860000,NOISE-NR2,a7b30385-932d-4325-b84b-ae6bdcc359e3,958613.61,6010191.3,Comfortable,45.7
1785868860000,NOISE-NR3,74469165-c65c-4435-a387-36920379578d,959234.31,6010383.42,Comfortable,45.8
1785868920000,NOISE-N,b291e7be-9f14-44ed-87c1-0f02b8ca35b3,958906.23,6010563.72,Comfortable,51.4
1785868920000,NOISE-E,7be9696e-9ace-4085-a81b-0b04c83955db,959045.15,6010445.49,Comfortable,51.6
1785868920000,NOISE-S,b543d03f-a7d0-4faa-8507-0b3e31081e0b,958885.54,6010297.7,Comfortable,49.3
1785868920000,NOISE-W,49a1ac8f-b89d-4356-8260-a3e73765a98a,958749.58,6010415.93,Comfortable,51.2
1785868920000,NOISE-NR1,5c7eb3a5-3ace-49d5-b023-33009a594311,959160.42,6010678.99,Comfortable,46.3
1785868920000,NOISE-NR2,a7b30385-932d-4325-b84b-ae6bdcc359e3,958613.61,6010191.3,Comfortable,46.2
1785868920000,NOISE-NR3,74469165-c65c-4435-a387-36920379578d,959234.31,6010383.42,Comfortable,46.6
1785868980000,NOISE-N,b291e7be-9f14-44ed-87c1-0f02b8ca35b3,958906.23,6010563.72,Comfortable,52.1
1785868980000,NOISE-E,7be9696e-9ace-4085-a81b-0b04c83955db,959045.15,6010445.49,Comfortable,52.5
1785868980000,NOISE-S,b543d03f-a7d0-4faa-8507-0b3e31081e0b,958885.54,6010297.7,Comfortable,49.8
1785868980000,NOISE-W,49a1ac8f-b89d-4356-8260-a3e73765a98a,958749.58,6010415.93,Comfortable,51.7
1785868980000,NOISE-NR1,5c7eb3a5-3ace-49d5-b023-33009a594311,959160.42,6010678.99,Comfortable,45.6
1785868980000,NOISE-NR2,a7b30385-932d-4325-b84b-ae6bdcc359e3,958613.61,6010191.3,Comfortable,46
1785868980000,NOISE-NR3,74469165-c65c-4435-a387-36920379578d,959234.31,6010383.42,Comfortable,46.2
1785869040000,NOISE-N,b291e7be-9f14-44ed-87c1-0f02b8ca35b3,958906.23,6010563.72,Comfortable,51.8
1785869040000,NOISE-E,7be9696e-9ace-4085-a81b-0b04c83955db,959045.15,6010445.49,Comfortable,51.7
1785869040000,NOISE-S,b543d03f-a7d0-4faa-8507-0b3e31081e0b,958885.54,6010297.7,Comfortable,49.8
1785869040000,NOISE-W,49a1ac8f-b89d-4356-8260-a3e73765a98a,958749.58,6010415.93,Comfortable,50.9
1785869040000,NOISE-NR1,5c7eb3a5-3ace-49d5-b023-33009a594311,959160.42,6010678.99,Comfortable,46.3
1785869040000,NOISE-NR2,a7b30385-932d-4325-b84b-ae6bdcc359e3,958613.61,6010191.3,Comfortable,46
1785869040000,NOISE-NR3,74469165-c65c-4435-a387-36920379578d,959234.31,6010383.42,Comfortable,46.2
1785869100000,NOISE-N,b291e7be-9f14-44ed-87c1-0f02b8ca35b3,958906.23,6010563.72,Comfortable,50.8
1785869100000,NOISE-E,7be9696e-9ace-4085-a81b-0b04c83955db,959045.15,6010445.49,Comfortable,52.3
1785869100000,NOISE-S,b543d03f-a7d0-4faa-8507-0b3e31081e0b,958885.54,6010297.7,Comfortable,50.3
1785869100000,NOISE-W,49a1ac8f-b89d-4356-8260-a3e73765a98a,958749.58,6010415.93,Comfortable,51.5
1785869100000,NOISE-NR1,5c7eb3a5-3ace-49d5-b023-33009a594311,959160.42,6010678.99,Comfortable,45.9
1785869100000,NOISE-NR2,a7b30385-932d-4325-b84b-ae6bdcc359e3,958613.61,6010191.3,Comfortable,45.3
1785869100000,NOISE-NR3,74469165-c65c-4435-a387-36920379578d,959234.31,6010383.42,Comfortable,47.3
1785869160000,NOISE-N,b291e7be-9f14-44ed-87c1-0f02b8ca35b3,958906.23,6010563.72,Comfortable,51.4
1785869160000,NOISE-E,7be9696e-9ace-4085-a81b-0b04c83955db,959045.15,6010445.49,Comfortable,52
1785869160000,NOISE-S,b543d03f-a7d0-4faa-8507-0b3e31081e0b,958885.54,6010297.7,Comfortable,50.1
1785869160000,NOISE-W,49a1ac8f-b89d-4356-8260-a3e73765a98a,958749.58,6010415.93,Comfortable,51.2
1785869160000,NOISE-NR1,5c7eb3a5-3ace-49d5-b023-33009a594311,959160.42,6010678.99,Comfortable,46.3
1785869160000,NOISE-NR2,a7b30385-932d-4325-b84b-ae6bdcc359e3,958613.61,6010191.3,Comfortable,45.3
1785869160000,NOISE-NR3,74469165-c65c-4435-a387-36920379578d,959234.31,6010383.42,Comfortable,47
1785869220000,NOISE-N,b291e7be-9f14-44ed-87c1-0f02b8ca35b3,958906.23,6010563.72,Comfortable,51.6
1785869220000,NOISE-E,7be9696e-9ace-4085-a81b-0b04c83955db,959045.15,6010445.49,Comfortable,52.1
1785869220000,NOISE-S,b543d03f-a7d0-4faa-8507-0b3e31081e0b,958885.54,6010297.7,Comfortable,50.4
1785869220000,NOISE-W,49a1ac8f-b89d-4356-8260-a3e73765a98a,958749.58,6010415.93,Comfortable,51
1785869220000,NOISE-NR1,5c7eb3a5-3ace-49d5-b023-33009a594311,959160.42,6010678.99,Comfortable,45.8
1785869220000,NOISE-NR2,a7b30385-932d-4325-b84b-ae6bdcc359e3,958613.61,6010191.3,Comfortable,45.7
1785869220000,NOISE-NR3,74469165-c65c-4435-a387-36920379578d,959234.31,6010383.42,Comfortable,47.9
1785869280000,NOISE-N,b291e7be-9f14-44ed-87c1-0f02b8ca35b3,958906.23,6010563.72,Comfortable,50.8
1785869280000,NOISE-E,7be9696e-9ace-4085-a81b-0b04c83955db,959045.15,6010445.49,Comfortable,51.6
1785869280000,NOISE-S,b543d03f-a7d0-4faa-8507-0b3e31081e0b,958885.54,6010297.7,Comfortable,50.6
1785869280000,NOISE-W,49a1ac8f-b89d-4356-8260-a3e73765a98a,958749.58,6010415.93,Comfortable,50.9
1785869280000,NOISE-NR1,5c7eb3a5-3ace-49d5-b023-33009a594311,959160.42,6010678.99,Comfortable,46.8
1785869280000,NOISE-NR2,a7b30385-932d-4325-b84b-ae6bdcc359e3,958613.61,6010191.3,Comfortable,46.1
1785869280000,NOISE-NR3,74469165-c65c-4435-a387-36920379578d,959234.31,6010383.42,Comfortable,47.2
1785869340000,NOISE-N,b291e7be-9f14-44ed-87c1-0f02b8ca35b3,958906.23,6010563.72,Comfortable,50.5
1785869340000,NOISE-E,7be9696e-9ace-4085-a81b-0b04c83955db,959045.15,6010445.49,Comfortable,52.2
1785869340000,NOISE-S,b543d03f-a7d0-4faa-8507-0b3e31081e0b,958885.54,6010297.7,Comfortable,50.2
1785869340000,NOISE-W,49a1ac8f-b89d-4356-8260-a3e73765a98a,958749.58,6010415.93,Comfortable,51.7
1785869340000,NOISE-NR1,5c7eb3a5-3ace-49d5-b023-33009a594311,959160.42,6010678.99,Comfortable,47
1785869340000,NOISE-NR2,a7b30385-932d-4325-b84b-ae6bdcc359e3,958613.61,6010191.3,Comfortable,46.5
1785869340000,NOISE-NR3,74469165-c65c-4435-a387-36920379578d,959234.31,6010383.42,Comfortable,47.9
1785869400000,NOISE-N,b291e7be-9f14-44ed-87c1-0f02b8ca35b3,958906.23,6010563.72,Comfortable,49.9
1785869400000,NOISE-E,7be9696e-9ace-4085-a81b-0b04c83955db,959045.15,6010445.49,Comfortable,51.4
1785869400000,NOISE-S,b543d03f-a7d0-4faa-8507-0b3e31081e0b,958885.54,6010297.7,Comfortable,50.3
1785869400000,NOISE-W,49a1ac8f-b89d-4356-8260-a3e73765a98a,958749.58,6010415.93,Comfortable,51.6
1785869400000,NOISE-NR1,5c7eb3a5-3ace-49d5-b023-33009a594311,959160.42,6010678.99,Comfortable,47.6
1785869400000,NOISE-NR2,a7b30385-932d-4325-b84b-ae6bdcc359e3,958613.61,6010191.3,Comfortable,46.6
1785869400000,NOISE-NR3,74469165-c65c-4435-a387-36920379578d,959234.31,6010383.42,Comfortable,48
1785869460000,NOISE-N,b291e7be-9f14-44ed-87c1-0f02b8ca35b3,958906.23,6010563.72,Comfortable,50.8
1785869460000,NOISE-E,7be9696e-9ace-4085-a81b-0b04c83955db,959045.15,6010445.49,Comfortable,51.5
1785869460000,NOISE-S,b543d03f-a7d0-4faa-8507-0b3e31081e0b,958885.54,6010297.7,Comfortable,49.9
1785869460000,NOISE-W,49a1ac8f-b89d-4356-8260-a3e73765a98a,958749.58,6010415.93,Comfortable,50.8
1785869460000,NOISE-NR1,5c7eb3a5-3ace-49d5-b023-33009a594311,959160.42,6010678.99,Comfortable,47.3
1785869460000,NOISE-NR2,a7b30385-932d-4325-b84b-ae6bdcc359e3,958613.61,6010191.3,Comfortable,46.4
1785869460000,NOISE-NR3,74469165-c65c-4435-a387-36920379578d,959234.31,6010383.42,Comfortable,48.7
1785869520000,NOISE-N,b291e7be-9f14-44ed-87c1-0f02b8ca35b3,958906.23,6010563.72,Comfortable,51.5
1785869520000,NOISE-E,7be9696e-9ace-4085-a81b-0b04c83955db,959045.15,6010445.49,Comfortable,51.2
1785869520000,NOISE-S,b543d03f-a7d0-4faa-8507-0b3e31081e0b,958885.54,6010297.7,Comfortable,49.5
1785869520000,NOISE-W,49a1ac8f-b89d-4356-8260-a3e73765a98a,958749.58,6010415.93,Comfortable,51.5
1785869520000,NOISE-NR1,5c7eb3a5-3ace-49d5-b023-33009a594311,959160.42,6010678.99,Comfortable,47.3
1785869520000,NOISE-NR2,a7b30385-932d-4325-b84b-ae6bdcc359e3,958613.61,6010191.3,Comfortable,46.1
1785869520000,NOISE-NR3,74469165-c65c-4435-a387-36920379578d,959234.31,6010383.42,Comfortable,48.8
1785869580000,NOISE-N,b291e7be-9f14-44ed-87c1-0f02b8ca35b3,958906.23,6010563.72,Comfortable,52.1
1785869580000,NOISE-E,7be9696e-9ace-4085-a81b-0b04c83955db,959045.15,6010445.49,Comfortable,51.3
1785869580000,NOISE-S,b543d03f-a7d0-4faa-8507-0b3e31081e0b,958885.54,6010297.7,Comfortable,49.3
1785869580000,NOISE-W,49a1ac8f-b89d-4356-8260-a3e73765a98a,958749.58,6010415.93,Comfortable,51.9
1785869580000,NOISE-NR1,5c7eb3a5-3ace-49d5-b023-33009a594311,959160.42,6010678.99,Comfortable,47.6
1785869580000,NOISE-NR2,a7b30385-932d-4325-b84b-ae6bdcc359e3,958613.61,6010191.3,Comfortable,46.2
1785869580000,NOISE-NR3,74469165-c65c-4435-a387-36920379578d,959234.31,6010383.42,Comfortable,48.5
1785869640000,NOISE-N,b291e7be-9f14-44ed-87c1-0f02b8ca35b3,958906.23,6010563.72,Comfortable,51.4
1785869640000,NOISE-E,7be9696e-9ace-4085-a81b-0b04c83955db,959045.15,6010445.49,Comfortable,50.8
1785869640000,NOISE-S,b543d03f-a7d0-4faa-8507-0b3e31081e0b,958885.54,6010297.7,Comfortable,49.9
1785869640000,NOISE-W,49a1ac8f-b89d-4356-8260-a3e73765a98a,958749.58,6010415.93,Comfortable,50.9
1785869640000,NOISE-NR1,5c7eb3a5-3ace-49d5-b023-33009a594311,959160.42,6010678.99,Comfortable,47.6
1785869640000,NOISE-NR2,a7b30385-932d-4325-b84b-ae6bdcc359e3,958613.61,6010191.3,Comfortable,46.1
1785869640000,NOISE-NR3,74469165-c65c-4435-a387-36920379578d,959234.31,6010383.42,Comfortable,48
1785869700000,NOISE-N,b291e7be-9f14-44ed-87c1-0f02b8ca35b3,958906.23,6010563.72,Comfortable,51.7
1785869700000,NOISE-E,7be9696e-9ace-4085-a81b-0b04c83955db,959045.15,6010445.49,Comfortable,51.6
1785869700000,NOISE-S,b543d03f-a7d0-4faa-8507-0b3e31081e0b,958885.54,6010297.7,Comfortable,49.4
1785869700000,NOISE-W,49a1ac8f-b89d-4356-8260-a3e73765a98a,958749.58,6010415.93,Comfortable,51.3
1785869700000,NOISE-NR1,5c7eb3a5-3ace-49d5-b023-33009a594311,959160.42,6010678.99,Comfortable,47.5
1785869700000,NOISE-NR2,a7b30385-932d-4325-b84b-ae6bdcc359e3,958613.61,6010191.3,Comfortable,46.6
1785869700000,NOISE-NR3,74469165-c65c-4435-a387-36920379578d,959234.31,6010383.42,Comfortable,47.4
1785869760000,NOISE-N,b291e7be-9f14-44ed-87c1-0f02b8ca35b3,958906.23,6010563.72,Comfortable,51.5
1785869760000,NOISE-E,7be9696e-9ace-4085-a81b-0b04c83955db,959045.15,6010445.49,Comfortable,51.3
1785869760000,NOISE-S,b543d03f-a7d0-4faa-8507-0b3e31081e0b,958885.54,6010297.7,Comfortable,49.3
1785869760000,NOISE-W,49a1ac8f-b89d-4356-8260-a3e73765a98a,958749.58,6010415.93,Comfortable,51.7
1785869760000,NOISE-NR1,5c7eb3a5-3ace-49d5-b023-33009a594311,959160.42,6010678.99,Comfortable,46.7
1785869760000,NOISE-NR2,a7b30385-932d-4325-b84b-ae6bdcc359e3,958613.61,6010191.3,Comfortable,45.6
1785869760000,NOISE-NR3,74469165-c65c-4435-a387-36920379578d,959234.31,6010383.42,Comfortable,47.4
1785869820000,NOISE-N,b291e7be-9f14-44ed-87c1-0f02b8ca35b3,958906.23,6010563.72,Comfortable,52
1785869820000,NOISE-E,7be9696e-9ace-4085-a81b-0b04c83955db,959045.15,6010445.49,Comfortable,51.1
1785869820000,NOISE-S,b543d03f-a7d0-4faa-8507-0b3e31081e0b,958885.54,6010297.7,Comfortable,49.5
1785869820000,NOISE-W,49a1ac8f-b89d-4356-8260-a3e73765a98a,958749.58,6010415.93,Comfortable,51.1
1785869820000,NOISE-NR1,5c7eb3a5-3ace-49d5-b023-33009a594311,959160.42,6010678.99,Comfortable,47.3
1785869820000,NOISE-NR2,a7b30385-932d-4325-b84b-ae6bdcc359e3,958613.61,6010191.3,Comfortable,46
1785869820000,NOISE-NR3,74469165-c65c-4435-a387-36920379578d,959234.31,6010383.42,Comfortable,47.1
1785869880000,NOISE-N,b291e7be-9f14-44ed-87c1-0f02b8ca35b3,958906.23,6010563.72,Comfortable,51.1
1785869880000,NOISE-E,7be9696e-9ace-4085-a81b-0b04c83955db,959045.15,6010445.49,Comfortable,50.7
1785869880000,NOISE-S,b543d03f-a7d0-4faa-8507-0b3e31081e0b,958885.54,6010297.7,Comfortable,49.8
1785869880000,NOISE-W,49a1ac8f-b89d-4356-8260-a3e73765a98a,958749.58,6010415.93,Comfortable,50.9
1785869880000,NOISE-NR1,5c7eb3a5-3ace-49d5-b023-33009a594311,959160.42,6010678.99,Comfortable,47.8
1785869880000,NOISE-NR2,a7b30385-932d-4325-b84b-ae6bdcc359e3,958613.61,6010191.3,Comfortable,45.8
1785869880000,NOISE-NR3,74469165-c65c-4435-a387-36920379578d,959234.31,6010383.42,Comfortable,46.6
1785869940000,NOISE-N,b291e7be-9f14-44ed-87c1-0f02b8ca35b3,958906.23,6010563.72,Comfortable,51.3
1785869940000,NOISE-E,7be9696e-9ace-4085-a81b-0b04c83955db,959045.15,6010445.49,Comfortable,51.5
1785869940000,NOISE-S,b543d03f-a7d0-4faa-8507-0b3e31081e0b,958885.54,6010297.7,Comfortable,49.8
1785869940000,NOISE-W,49a1ac8f-b89d-4356-8260-a3e73765a98a,958749.58,6010415.93,Comfortable,50.7
1785869940000,NOISE-NR1,5c7eb3a5-3ace-49d5-b023-33009a594311,959160.42,6010678.99,Comfortable,47
1785869940000,NOISE-NR2,a7b30385-932d-4325-b84b-ae6bdcc359e3,958613.61,6010191.3,Comfortable,45.8
1785869940000,NOISE-NR3,74469165-c65c-4435-a387-36920379578d,959234.31,6010383.42,Comfortable,46.8
1785870000000,NOISE-N,b291e7be-9f14-44ed-87c1-0f02b8ca35b3,958906.23,6010563.72,Comfortable,51.5
1785870000000,NOISE-E,7be9696e-9ace-4085-a81b-0b04c83955db,959045.15,6010445.49,Comfortable,51.9
1785870000000,NOISE-S,b543d03f-a7d0-4faa-8507-0b3e31081e0b,958885.54,6010297.7,Comfortable,50.3
1785870000000,NOISE-W,49a1ac8f-b89d-4356-8260-a3e73765a98a,958749.58,6010415.93,Comfortable,50.4
1785870000000,NOISE-NR1,5c7eb3a5-3ace-49d5-b023-33009a594311,959160.42,6010678.99,Comfortable,46.5
1785870000000,NOISE-NR2,a7b30385-932d-4325-b84b-ae6bdcc359e3,958613.61,6010191.3,Comfortable,46.4
1785870000000,NOISE-NR3,74469165-c65c-4435-a387-36920379578d,959234.31,6010383.42,Comfortable,47.4
1785870060000,NOISE-N,b291e7be-9f14-44ed-87c1-0f02b8ca35b3,958906.23,6010563.72,Comfortable,51.1
1785870060000,NOISE-E,7be9696e-9ace-4085-a81b-0b04c83955db,959045.15,6010445.49,Comfortable,51.5
1785870060000,NOISE-S,b543d03f-a7d0-4faa-8507-0b3e31081e0b,958885.54,6010297.7,Comfortable,49.8
1785870060000,NOISE-W,49a1ac8f-b89d-4356-8260-a3e73765a98a,958749.58,6010415.93,Comfortable,50.7
1785870060000,NOISE-NR1,5c7eb3a5-3ace-49d5-b023-33009a594311,959160.42,6010678.99,Comfortable,46.7
1785870060000,NOISE-NR2,a7b30385-932d-4325-b84b-ae6bdcc359e3,958613.61,6010191.3,Comfortable,46.4
1785870060000,NOISE-NR3,74469165-c65c-4435-a387-36920379578d,959234.31,6010383.42,Comfortable,47.6
1785870120000,NOISE-N,b291e7be-9f14-44ed-87c1-0f02b8ca35b3,958906.23,6010563.72,Comfortable,50.5
1785870120000,NOISE-E,7be9696e-9ace-4085-a81b-0b04c83955db,959045.15,6010445.49,Comfortable,51.1
1785870120000,NOISE-S,b543d03f-a7d0-4faa-8507-0b3e31081e0b,958885.54,6010297.7,Comfortable,49.7
1785870120000,NOISE-W,49a1ac8f-b89d-4356-8260-a3e73765a98a,958749.58,6010415.93,Comfortable,51.5
1785870120000,NOISE-NR1,5c7eb3a5-3ace-49d5-b023-33009a594311,959160.42,6010678.99,Comfortable,46.7
1785870120000,NOISE-NR2,a7b30385-932d-4325-b84b-ae6bdcc359e3,958613.61,6010191.3,Comfortable,46.6
1785870120000,NOISE-NR3,74469165-c65c-4435-a387-36920379578d,959234.31,6010383.42,Comfortable,47.8
1785870180000,NOISE-N,b291e7be-9f14-44ed-87c1-0f02b8ca35b3,958906.23,6010563.72,Comfortable,51.1
1785870180000,NOISE-E,7be9696e-9ace-4085-a81b-0b04c83955db,959045.15,6010445.49,Comfortable,51.3
1785870180000,NOISE-S,b543d03f-a7d0-4faa-8507-0b3e31081e0b,958885.54,6010297.7,Comfortable,50.1
1785870180000,NOISE-W,49a1ac8f-b89d-4356-8260-a3e73765a98a,958749.58,6010415.93,Comfortable,50.9
1785870180000,NOISE-NR1,5c7eb3a5-3ace-49d5-b023-33009a594311,959160.42,6010678.99,Comfortable,46.5
1785870180000,NOISE-NR2,a7b30385-932d-4325-b84b-ae6bdcc359e3,958613.61,6010191.3,Comfortable,46.1
1785870180000,NOISE-NR3,74469165-c65c-4435-a387-36920379578d,959234.31,6010383.42,Comfortable,47.4
1785870240000,NOISE-N,b291e7be-9f14-44ed-87c1-0f02b8ca35b3,958906.23,6010563.72,Comfortable,51.3
1785870240000,NOISE-E,7be9696e-9ace-4085-a81b-0b04c83955db,959045.15,6010445.49,Comfortable,51.6
1785870240000,NOISE-S,b543d03f-a7d0-4faa-8507-0b3e31081e0b,958885.54,6010297.7,Comfortable,50.4
1785870240000,NOISE-W,49a1ac8f-b89d-4356-8260-a3e73765a98a,958749.58,6010415.93,Comfortable,51.1
1785870240000,NOISE-NR1,5c7eb3a5-3ace-49d5-b023-33009a594311,959160.42,6010678.99,Comfortable,46.3
1785870240000,NOISE-NR2,a7b30385-932d-4325-b84b-ae6bdcc359e3,958613.61,6010191.3,Comfortable,46.2
1785870240000,NOISE-NR3,74469165-c65c-4435-a387-36920379578d,959234.31,6010383.42,Comfortable,47.6
1785870300000,NOISE-N,b291e7be-9f14-44ed-87c1-0f02b8ca35b3,958906.23,6010563.72,Comfortable,51.2
1785870300000,NOISE-E,7be9696e-9ace-4085-a81b-0b04c83955db,959045.15,6010445.49,Comfortable,51.5
1785870300000,NOISE-S,b543d03f-a7d0-4faa-8507-0b3e31081e0b,958885.54,6010297.7,Comfortable,50.3
1785870300000,NOISE-W,49a1ac8f-b89d-4356-8260-a3e73765a98a,958749.58,6010415.93,Comfortable,51
1785870300000,NOISE-NR1,5c7eb3a5-3ace-49d5-b023-33009a594311,959160.42,6010678.99,Comfortable,45.7
1785870300000,NOISE-NR2,a7b30385-932d-4325-b84b-ae6bdcc359e3,958613.61,6010191.3,Comfortable,46
1785870300000,NOISE-NR3,74469165-c65c-4435-a387-36920379578d,959234.31,6010383.42,Comfortable,48.3
1785870360000,NOISE-N,b291e7be-9f14-44ed-87c1-0f02b8ca35b3,958906.23,6010563.72,Comfortable,51.6
1785870360000,NOISE-E,7be9696e-9ace-4085-a81b-0b04c83955db,959045.15,6010445.49,Comfortable,52.2
1785870360000,NOISE-S,b543d03f-a7d0-4faa-8507-0b3e31081e0b,958885.54,6010297.7,Comfortable,49.6
1785870360000,NOISE-W,49a1ac8f-b89d-4356-8260-a3e73765a98a,958749.58,6010415.93,Comfortable,50.7
1785870360000,NOISE-NR1,5c7eb3a5-3ace-49d5-b023-33009a594311,959160.42,6010678.99,Comfortable,45.8
1785870360000,NOISE-NR2,a7b30385-932d-4325-b84b-ae6bdcc359e3,958613.61,6010191.3,Comfortable,46.1
1785870360000,NOISE-NR3,74469165-c65c-4435-a387-36920379578d,959234.31,6010383.42,Comfortable,47.4
1785870420000,NOISE-N,b291e7be-9f14-44ed-87c1-0f02b8ca35b3,958906.23,6010563.72,Comfortable,51.8
1785870420000,NOISE-E,7be9696e-9ace-4085-a81b-0b04c83955db,959045.15,6010445.49,Comfortable,51.6
1785870420000,NOISE-S,b543d03f-a7d0-4faa-8507-0b3e31081e0b,958885.54,6010297.7,Comfortable,50
1785870420000,NOISE-W,49a1ac8f-b89d-4356-8260-a3e73765a98a,958749.58,6010415.93,Comfortable,50.9
1785870420000,NOISE-NR1,5c7eb3a5-3ace-49d5-b023-33009a594311,959160.42,6010678.99,Comfortable,46.8
1785870420000,NOISE-NR2,a7b30385-932d-4325-b84b-ae6bdcc359e3,958613.61,6010191.3,Comfortable,45.8
1785870420000,NOISE-NR3,74469165-c65c-4435-a387-36920379578d,959234.31,6010383.42,Comfortable,46.9
1785870480000,NOISE-N,b291e7be-9f14-44ed-87c1-0f02b8ca35b3,958906.23,6010563.72,Comfortable,51.5
1785870480000,NOISE-E,7be9696e-9ace-4085-a81b-0b04c83955db,959045.15,6010445.49,Comfortable,52
1785870480000,NOISE-S,b543d03f-a7d0-4faa-8507-0b3e31081e0b,958885.54,6010297.7,Comfortable,49.9
1785870480000,NOISE-W,49a1ac8f-b89d-4356-8260-a3e73765a98a,958749.58,6010415.93,Comfortable,51.7
1785870480000,NOISE-NR1,5c7eb3a5-3ace-49d5-b023-33009a594311,959160.42,6010678.99,Comfortable,46
1785870480000,NOISE-NR2,a7b30385-932d-4325-b84b-ae6bdcc359e3,958613.61,6010191.3,Comfortable,45.7
1785870480000,NOISE-NR3,74469165-c65c-4435-a387-36920379578d,959234.31,6010383.42,Comfortable,47.3
1785870540000,NOISE-N,b291e7be-9f14-44ed-87c1-0f02b8ca35b3,958906.23,6010563.72,Comfortable,51.7
1785870540000,NOISE-E,7be9696e-9ace-4085-a81b-0b04c83955db,959045.15,6010445.49,Comfortable,52.1
1785870540000,NOISE-S,b543d03f-a7d0-4faa-8507-0b3e31081e0b,958885.54,6010297.7,Comfortable,49.7
1785870540000,NOISE-W,49a1ac8f-b89d-4356-8260-a3e73765a98a,958749.58,6010415.93,Comfortable,51.8
1785870540000,NOISE-NR1,5c7eb3a5-3ace-49d5-b023-33009a594311,959160.42,6010678.99,Comfortable,46.7
1785870540000,NOISE-NR2,a7b30385-932d-4325-b84b-ae6bdcc359e3,958613.61,6010191.3,Comfortable,46.1
1785870540000,NOISE-NR3,74469165-c65c-4435-a387-36920379578d,959234.31,6010383.42,Comfortable,47.6
1785870600000,NOISE-N,b291e7be-9f14-44ed-87c1-0f02b8ca35b3,958906.23,6010563.72,Comfortable,51.7
1785870600000,NOISE-E,7be9696e-9ace-4085-a81b-0b04c83955db,959045.15,6010445.49,Comfortable,52.6
1785870600000,NOISE-S,b543d03f-a7d0-4faa-8507-0b3e31081e0b,958885.54,6010297.7,Comfortable,49.1
1785870600000,NOISE-W,49a1ac8f-b89d-4356-8260-a3e73765a98a,958749.58,6010415.93,Comfortable,51.4
1785870600000,NOISE-NR1,5c7eb3a5-3ace-49d5-b023-33009a594311,959160.42,6010678.99,Comfortable,46.6
1785870600000,NOISE-NR2,a7b30385-932d-4325-b84b-ae6bdcc359e3,958613.61,6010191.3,Comfortable,46.2
1785870600000,NOISE-NR3,74469165-c65c-4435-a387-36920379578d,959234.31,6010383.42,Comfortable,47.2
1785870660000,NOISE-N,b291e7be-9f14-44ed-87c1-0f02b8ca35b3,958906.23,6010563.72,Comfortable,50.8
1785870660000,NOISE-E,7be9696e-9ace-4085-a81b-0b04c83955db,959045.15,6010445.49,Comfortable,51.7
1785870660000,NOISE-S,b543d03f-a7d0-4faa-8507-0b3e31081e0b,958885.54,6010297.7,Comfortable,49
1785870660000,NOISE-W,49a1ac8f-b89d-4356-8260-a3e73765a98a,958749.58,6010415.93,Comfortable,52
1785870660000,NOISE-NR1,5c7eb3a5-3ace-49d5-b023-33009a594311,959160.42,6010678.99,Comfortable,45.9
1785870660000,NOISE-NR2,a7b30385-932d-4325-b84b-ae6bdcc359e3,958613.61,6010191.3,Comfortable,45.6
1785870660000,NOISE-NR3,74469165-c65c-4435-a387-36920379578d,959234.31,6010383.42,Comfortable,48
1785870720000,NOISE-N,b291e7be-9f14-44ed-87c1-0f02b8ca35b3,958906.23,6010563.72,Comfortable,51.6
1785870720000,NOISE-E,7be9696e-9ace-4085-a81b-0b04c83955db,959045.15,6010445.49,Comfortable,52
1785870720000,NOISE-S,b543d03f-a7d0-4faa-8507-0b3e31081e0b,958885.54,6010297.7,Comfortable,49.1
1785870720000,NOISE-W,49a1ac8f-b89d-4356-8260-a3e73765a98a,958749.58,6010415.93,Comfortable,51.7
1785870720000,NOISE-NR1,5c7eb3a5-3ace-49d5-b023-33009a594311,959160.42,6010678.99,Comfortable,46.4
1785870720000,NOISE-NR2,a7b30385-932d-4325-b84b-ae6bdcc359e3,958613.61,6010191.3,Comfortable,46
1785870720000,NOISE-NR3,74469165-c65c-4435-a387-36920379578d,959234.31,6010383.42,Comfortable,48.3
1785870780000,NOISE-N,b291e7be-9f14-44ed-87c1-0f02b8ca35b3,958906.23,6010563.72,Comfortable,51.9
1785870780000,NOISE-E,7be9696e-9ace-4085-a81b-0b04c83955db,959045.15,6010445.49,Comfortable,51.3
1785870780000,NOISE-S,b543d03f-a7d0-4faa-8507-0b3e31081e0b,958885.54,6010297.7,Comfortable,49.5
1785870780000,NOISE-W,49a1ac8f-b89d-4356-8260-a3e73765a98a,958749.58,6010415.93,Comfortable,51.6
1785870780000,NOISE-NR1,5c7eb3a5-3ace-49d5-b023-33009a594311,959160.42,6010678.99,Comfortable,45.8
1785870780000,NOISE-NR2,a7b30385-932d-4325-b84b-ae6bdcc359e3,958613.61,6010191.3,Comfortable,46.6
1785870780000,NOISE-NR3,74469165-c65c-4435-a387-36920379578d,959234.31,6010383.42,Comfortable,47.5
1785870840000,NOISE-N,b291e7be-9f14-44ed-87c1-0f02b8ca35b3,958906.23,6010563.72,Comfortable,51.7
1785870840000,NOISE-E,7be9696e-9ace-4085-a81b-0b04c83955db,959045.15,6010445.49,Comfortable,51.7
1785870840000,NOISE-S,b543d03f-a7d0-4faa-8507-0b3e31081e0b,958885.54,6010297.7,Comfortable,49
1785870840000,NOISE-W,49a1ac8f-b89d-4356-8260-a3e73765a98a,958749.58,6010415.93,Comfortable,51
1785870840000,NOISE-NR1,5c7eb3a5-3ace-49d5-b023-33009a594311,959160.42,6010678.99,Comfortable,45.9
1785870840000,NOISE-NR2,a7b30385-932d-4325-b84b-ae6bdcc359e3,958613.61,6010191.3,Comfortable,45.6
1785870840000,NOISE-NR3,74469165-c65c-4435-a387-36920379578d,959234.31,6010383.42,Comfortable,47.7
1785870900000,NOISE-N,b291e7be-9f14-44ed-87c1-0f02b8ca35b3,958906.23,6010563.72,Comfortable,51.9
1785870900000,NOISE-E,7be9696e-9ace-4085-a81b-0b04c83955db,959045.15,6010445.49,Comfortable,51.8
1785870900000,NOISE-S,b543d03f-a7d0-4faa-8507-0b3e31081e0b,958885.54,6010297.7,Comfortable,48.6
1785870900000,NOISE-W,49a1ac8f-b89d-4356-8260-a3e73765a98a,958749.58,6010415.93,Comfortable,50.2
1785870900000,NOISE-NR1,5c7eb3a5-3ace-49d5-b023-33009a594311,959160.42,6010678.99,Comfortable,46.8
1785870900000,NOISE-NR2,a7b30385-932d-4325-b84b-ae6bdcc359e3,958613.61,6010191.3,Comfortable,46.3
1785870900000,NOISE-NR3,74469165-c65c-4435-a387-36920379578d,959234.31,6010383.42,Comfortable,47
1785870960000,NOISE-N,b291e7be-9f14-44ed-87c1-0f02b8ca35b3,958906.23,6010563.72,Comfortable,52.3
1785870960000,NOISE-E,7be9696e-9ace-4085-a81b-0b04c83955db,959045.15,6010445.49,Comfortable,52
1785870960000,NOISE-S,b543d03f-a7d0-4faa-8507-0b3e31081e0b,958885.54,6010297.7,Comfortable,49.6
1785870960000,NOISE-W,49a1ac8f-b89d-4356-8260-a3e73765a98a,958749.58,6010415.93,Comfortable,50
1785870960000,NOISE-NR1,5c7eb3a5-3ace-49d5-b023-33009a594311,959160.42,6010678.99,Comfortable,47.3
1785870960000,NOISE-NR2,a7b30385-932d-4325-b84b-ae6bdcc359e3,958613.61,6010191.3,Comfortable,45.7
1785870960000,NOISE-NR3,74469165-c65c-4435-a387-36920379578d,959234.31,6010383.42,Comfortable,46.9
1785871020000,NOISE-N,b291e7be-9f14-44ed-87c1-0f02b8ca35b3,958906.23,6010563.72,Comfortable,52.4
1785871020000,NOISE-E,7be9696e-9ace-4085-a81b-0b04c83955db,959045.15,6010445.49,Comfortable,51.9
1785871020000,NOISE-S,b543d03f-a7d0-4faa-8507-0b3e31081e0b,958885.54,6010297.7,Comfortable,49
1785871020000,NOISE-W,49a1ac8f-b89d-4356-8260-a3e73765a98a,958749.58,6010415.93,Comfortable,50.1
1785871020000,NOISE-NR1,5c7eb3a5-3ace-49d5-b023-33009a594311,959160.42,6010678.99,Comfortable,47.4
1785871020000,NOISE-NR2,a7b30385-932d-4325-b84b-ae6bdcc359e3,958613.61,6010191.3,Comfortable,45.7
1785871020000,NOISE-NR3,74469165-c65c-4435-a387-36920379578d,959234.31,6010383.42,Comfortable,47.9
1785871080000,NOISE-N,b291e7be-9f14-44ed-87c1-0f02b8ca35b3,958906.23,6010563.72,Comfortable,52.6
1785871080000,NOISE-E,7be9696e-9ace-4085-a81b-0b04c83955db,959045.15,6010445.49,Comfortable,51.3
1785871080000,NOISE-S,b543d03f-a7d0-4faa-8507-0b3e31081e0b,958885.54,6010297.7,Comfortable,49.5
1785871080000,NOISE-W,49a1ac8f-b89d-4356-8260-a3e73765a98a,958749.58,6010415.93,Comfortable,49.6
1785871080000,NOISE-NR1,5c7eb3a5-3ace-49d5-b023-33009a594311,959160.42,6010678.99,Comfortable,46.6
1785871080000,NOISE-NR2,a7b30385-932d-4325-b84b-ae6bdcc359e3,958613.61,6010191.3,Comfortable,45.5
1785871080000,NOISE-NR3,74469165-c65c-4435-a387-36920379578d,959234.31,6010383.42,Comfortable,47
1785871140000,NOISE-N,b291e7be-9f14-44ed-87c1-0f02b8ca35b3,958906.23,6010563.72,Comfortable,52.6
1785871140000,NOISE-E,7be9696e-9ace-4085-a81b-0b04c83955db,959045.15,6010445.49,Comfortable,51.8
1785871140000,NOISE-S,b543d03f-a7d0-4faa-8507-0b3e31081e0b,958885.54,6010297.7,Comfortable,49.5
1785871140000,NOISE-W,49a1ac8f-b89d-4356-8260-a3e73765a98a,958749.58,6010415.93,Comfortable,50.6
1785871140000,NOISE-NR1,5c7eb3a5-3ace-49d5-b023-33009a594311,959160.42,6010678.99,Comfortable,47.2
1785871140000,NOISE-NR2,a7b30385-932d-4325-b84b-ae6bdcc359e3,958613.61,6010191.3,Comfortable,45.1
1785871140000,NOISE-NR3,74469165-c65c-4435-a387-36920379578d,959234.31,6010383.42,Comfortable,47.2
1785871200000,NOISE-N,b291e7be-9f14-44ed-87c1-0f02b8ca35b3,958906.23,6010563.72,Comfortable,52
1785871200000,NOISE-E,7be9696e-9ace-4085-a81b-0b04c83955db,959045.15,6010445.49,Comfortable,51.8
1785871200000,NOISE-S,b543d03f-a7d0-4faa-8507-0b3e31081e0b,958885.54,6010297.7,Comfortable,50.1
1785871200000,NOISE-W,49a1ac8f-b89d-4356-8260-a3e73765a98a,958749.58,6010415.93,Comfortable,51.2
1785871200000,NOISE-NR1,5c7eb3a5-3ace-49d5-b023-33009a594311,959160.42,6010678.99,Comfortable,47.7
1785871200000,NOISE-NR2,a7b30385-932d-4325-b84b-ae6bdcc359e3,958613.61,6010191.3,Comfortable,45.8
1785871200000,NOISE-NR3,74469165-c65c-4435-a387-36920379578d,959234.31,6010383.42,Comfortable,46.5
1785871260000,NOISE-N,b291e7be-9f14-44ed-87c1-0f02b8ca35b3,958906.23,6010563.72,Comfortable,52.2
1785871260000,NOISE-E,7be9696e-9ace-4085-a81b-0b04c83955db,959045.15,6010445.49,Comfortable,52
1785871260000,NOISE-S,b543d03f-a7d0-4faa-8507-0b3e31081e0b,958885.54,6010297.7,Comfortable,50
1785871260000,NOISE-W,49a1ac8f-b89d-4356-8260-a3e73765a98a,958749.58,6010415.93,Comfortable,51.7
1785871260000,NOISE-NR1,5c7eb3a5-3ace-49d5-b023-33009a594311,959160.42,6010678.99,Comfortable,48.1
1785871260000,NOISE-NR2,a7b30385-932d-4325-b84b-ae6bdcc359e3,958613.61,6010191.3,Comfortable,46.1
1785871260000,NOISE-NR3,74469165-c65c-4435-a387-36920379578d,959234.31,6010383.42,Comfortable,46.5
1785871320000,NOISE-N,b291e7be-9f14-44ed-87c1-0f02b8ca35b3,958906.23,6010563.72,Comfortable,51.6
1785871320000,NOISE-E,7be9696e-9ace-4085-a81b-0b04c83955db,959045.15,6010445.49,Comfortable,51.2
1785871320000,NOISE-S,b543d03f-a7d0-4faa-8507-0b3e31081e0b,958885.54,6010297.7,Comfortable,50
1785871320000,NOISE-W,49a1ac8f-b89d-4356-8260-a3e73765a98a,958749.58,6010415.93,Comfortable,50.8
1785871320000,NOISE-NR1,5c7eb3a5-3ace-49d5-b023-33009a594311,959160.42,6010678.99,Comfortable,48.3
1785871320000,NOISE-NR2,a7b30385-932d-4325-b84b-ae6bdcc359e3,958613.61,6010191.3,Comfortable,45.9
1785871320000,NOISE-NR3,74469165-c65c-4435-a387-36920379578d,959234.31,6010383.42,Comfortable,47.4
1785871380000,NOISE-N,b291e7be-9f14-44ed-87c1-0f02b8ca35b3,958906.23,6010563.72,Comfortable,51.1
1785871380000,NOISE-E,7be9696e-9ace-4085-a81b-0b04c83955db,959045.15,6010445.49,Comfortable,51.1
1785871380000,NOISE-S,b543d03f-a7d0-4faa-8507-0b3e31081e0b,958885.54,6010297.7,Comfortable,49.4
1785871380000,NOISE-W,49a1ac8f-b89d-4356-8260-a3e73765a98a,958749.58,6010415.93,Comfortable,50.4
1785871380000,NOISE-NR1,5c7eb3a5-3ace-49d5-b023-33009a594311,959160.42,6010678.99,Comfortable,48.5
1785871380000,NOISE-NR2,a7b30385-932d-4325-b84b-ae6bdcc359e3,958613.61,6010191.3,Comfortable,45.9
1785871380000,NOISE-NR3,74469165-c65c-4435-a387-36920379578d,959234.31,6010383.42,Comfortable,46.9
1785871440000,NOISE-N,b291e7be-9f14-44ed-87c1-0f02b8ca35b3,958906.23,6010563.72,Comfortable,51.6
1785871440000,NOISE-E,7be9696e-9ace-4085-a81b-0b04c83955db,959045.15,6010445.49,Comfortable,52.1
1785871440000,NOISE-S,b543d03f-a7d0-4faa-8507-0b3e31081e0b,958885.54,6010297.7,Comfortable,49.1
1785871440000,NOISE-W,49a1ac8f-b89d-4356-8260-a3e73765a98a,958749.58,6010415.93,Comfortable,50.4
1785871440000,NOISE-NR1,5c7eb3a5-3ace-49d5-b023-33009a594311,959160.42,6010678.99,Comfortable,48.1
1785871440000,NOISE-NR2,a7b30385-932d-4325-b84b-ae6bdcc359e3,958613.61,6010191.3,Comfortable,45.1
1785871440000,NOISE-NR3,74469165-c65c-4435-a387-36920379578d,959234.31,6010383.42,Comfortable,47.8
1785871500000,NOISE-N,b291e7be-9f14-44ed-87c1-0f02b8ca35b3,958906.23,6010563.72,Comfortable,51.2
1785871500000,NOISE-E,7be9696e-9ace-4085-a81b-0b04c83955db,959045.15,6010445.49,Comfortable,52
1785871500000,NOISE-S,b543d03f-a7d0-4faa-8507-0b3e31081e0b,958885.54,6010297.7,Comfortable,48.5
1785871500000,NOISE-W,49a1ac8f-b89d-4356-8260-a3e73765a98a,958749.58,6010415.93,Comfortable,50.4
1785871500000,NOISE-NR1,5c7eb3a5-3ace-49d5-b023-33009a594311,959160.42,6010678.99,Comfortable,48.5
1785871500000,NOISE-NR2,a7b30385-932d-4325-b84b-ae6bdcc359e3,958613.61,6010191.3,Comfortable,45.5
1785871500000,NOISE-NR3,74469165-c65c-4435-a387-36920379578d,959234.31,6010383.42,Comfortable,48
1785871560000,NOISE-N,b291e7be-9f14-44ed-87c1-0f02b8ca35b3,958906.23,6010563.72,Comfortable,51.6
1785871560000,NOISE-E,7be9696e-9ace-4085-a81b-0b04c83955db,959045.15,6010445.49,Comfortable,52.2
1785871560000,NOISE-S,b543d03f-a7d0-4faa-8507-0b3e31081e0b,958885.54,6010297.7,Comfortable,48.6
1785871560000,NOISE-W,49a1ac8f-b89d-4356-8260-a3e73765a98a,958749.58,6010415.93,Comfortable,50.1
1785871560000,NOISE-NR1,5c7eb3a5-3ace-49d5-b023-33009a594311,959160.42,6010678.99,Comfortable,48.4
1785871560000,NOISE-NR2,a7b30385-932d-4325-b84b-ae6bdcc359e3,958613.61,6010191.3,Comfortable,46.2
1785871560000,NOISE-NR3,74469165-c65c-4435-a387-36920379578d,959234.31,6010383.42,Comfortable,47.1
1785871620000,NOISE-N,b291e7be-9f14-44ed-87c1-0f02b8ca35b3,958906.23,6010563.72,Comfortable,52.2
1785871620000,NOISE-E,7be9696e-9ace-4085-a81b-0b04c83955db,959045.15,6010445.49,Comfortable,51.9
1785871620000,NOISE-S,b543d03f-a7d0-4faa-8507-0b3e31081e0b,958885.54,6010297.7,Comfortable,49.6
1785871620000,NOISE-W,49a1ac8f-b89d-4356-8260-a3e73765a98a,958749.58,6010415.93,Comfortable,50.9
1785871620000,NOISE-NR1,5c7eb3a5-3ace-49d5-b023-33009a594311,959160.42,6010678.99,Comfortable,47.8
1785871620000,NOISE-NR2,a7b30385-932d-4325-b84b-ae6bdcc359e3,958613.61,6010191.3,Comfortable,46.5
1785871620000,NOISE-NR3,74469165-c65c-4435-a387-36920379578d,959234.31,6010383.42,Comfortable,47.3
1785871680000,NOISE-N,b291e7be-9f14-44ed-87c1-0f02b8ca35b3,958906.23,6010563.72,Comfortable,51.3
1785871680000,NOISE-E,7be9696e-9ace-4085-a81b-0b04c83955db,959045.15,6010445.49,Comfortable,51.2
1785871680000,NOISE-S,b543d03f-a7d0-4faa-8507-0b3e31081e0b,958885.54,6010297.7,Comfortable,50.3
1785871680000,NOISE-W,49a1ac8f-b89d-4356-8260-a3e73765a98a,958749.58,6010415.93,Comfortable,50.5
1785871680000,NOISE-NR1,5c7eb3a5-3ace-49d5-b023-33009a594311,959160.42,6010678.99,Comfortable,47.5
1785871680000,NOISE-NR2,a7b30385-932d-4325-b84b-ae6bdcc359e3,958613.61,6010191.3,Comfortable,46.7
1785871680000,NOISE-NR3,74469165-c65c-4435-a387-36920379578d,959234.31,6010383.42,Comfortable,47.6
1785871740000,NOISE-N,b291e7be-9f14-44ed-87c1-0f02b8ca35b3,958906.23,6010563.72,Comfortable,50.7
1785871740000,NOISE-E,7be9696e-9ace-4085-a81b-0b04c83955db,959045.15,6010445.49,Comfortable,52
1785871740000,NOISE-S,b543d03f-a7d0-4faa-8507-0b3e31081e0b,958885.54,6010297.7,Comfortable,50.6
1785871740000,NOISE-W,49a1ac8f-b89d-4356-8260-a3e73765a98a,958749.58,6010415.93,Comfortable,50
1785871740000,NOISE-NR1,5c7eb3a5-3ace-49d5-b023-33009a594311,959160.42,6010678.99,Comfortable,47.4
1785871740000,NOISE-NR2,a7b30385-932d-4325-b84b-ae6bdcc359e3,958613.61,6010191.3,Comfortable,46.4
1785871740000,NOISE-NR3,74469165-c65c-4435-a387-36920379578d,959234.31,6010383.42,Comfortable,47.1
1785871800000,NOISE-N,b291e7be-9f14-44ed-87c1-0f02b8ca35b3,958906.23,6010563.72,Comfortable,51.2
1785871800000,NOISE-E,7be9696e-9ace-4085-a81b-0b04c83955db,959045.15,6010445.49,Comfortable,52.2
1785871800000,NOISE-S,b543d03f-a7d0-4faa-8507-0b3e31081e0b,958885.54,6010297.7,Comfortable,51.2
1785871800000,NOISE-W,49a1ac8f-b89d-4356-8260-a3e73765a98a,958749.58,6010415.93,Comfortable,50.4
1785871800000,NOISE-NR1,5c7eb3a5-3ace-49d5-b023-33009a594311,959160.42,6010678.99,Comfortable,46.5
1785871800000,NOISE-NR2,a7b30385-932d-4325-b84b-ae6bdcc359e3,958613.61,6010191.3,Comfortable,46
1785871800000,NOISE-NR3,74469165-c65c-4435-a387-36920379578d,959234.31,6010383.42,Comfortable,46.6
1785871860000,NOISE-N,b291e7be-9f14-44ed-87c1-0f02b8ca35b3,958906.23,6010563.72,Comfortable,51.2
1785871860000,NOISE-E,7be9696e-9ace-4085-a81b-0b04c83955db,959045.15,6010445.49,Comfortable,52.3
1785871860000,NOISE-S,b543d03f-a7d0-4faa-8507-0b3e31081e0b,958885.54,6010297.7,Comfortable,51.4
1785871860000,NOISE-W,49a1ac8f-b89d-4356-8260-a3e73765a98a,958749.58,6010415.93,Comfortable,50.5
1785871860000,NOISE-NR1,5c7eb3a5-3ace-49d5-b023-33009a594311,959160.42,6010678.99,Comfortable,46.9
1785871860000,NOISE-NR2,a7b30385-932d-4325-b84b-ae6bdcc359e3,958613.61,6010191.3,Comfortable,45.4
1785871860000,NOISE-NR3,74469165-c65c-4435-a387-36920379578d,959234.31,6010383.42,Comfortable,47.5
1785871920000,NOISE-N,b291e7be-9f14-44ed-87c1-0f02b8ca35b3,958906.23,6010563.72,Comfortable,50.6
1785871920000,NOISE-E,7be9696e-9ace-4085-a81b-0b04c83955db,959045.15,6010445.49,Comfortable,52
1785871920000,NOISE-S,b543d03f-a7d0-4faa-8507-0b3e31081e0b,958885.54,6010297.7,Comfortable,50.5
1785871920000,NOISE-W,49a1ac8f-b89d-4356-8260-a3e73765a98a,958749.58,6010415.93,Comfortable,50
1785871920000,NOISE-NR1,5c7eb3a5-3ace-49d5-b023-33009a594311,959160.42,6010678.99,Comfortable,47.6
1785871920000,NOISE-NR2,a7b30385-932d-4325-b84b-ae6bdcc359e3,958613.61,6010191.3,Comfortable,46.1
1785871920000,NOISE-NR3,74469165-c65c-4435-a387-36920379578d,959234.31,6010383.42,Comfortable,47.2
1785871980000,NOISE-N,b291e7be-9f14-44ed-87c1-0f02b8ca35b3,958906.23,6010563.72,Comfortable,49.9
1785871980000,NOISE-E,7be9696e-9ace-4085-a81b-0b04c83955db,959045.15,6010445.49,Comfortable,51.2
1785871980000,NOISE-S,b543d03f-a7d0-4faa-8507-0b3e31081e0b,958885.54,6010297.7,Comfortable,50.8
1785871980000,NOISE-W,49a1ac8f-b89d-4356-8260-a3e73765a98a,958749.58,6010415.93,Comfortable,49.6
1785871980000,NOISE-NR1,5c7eb3a5-3ace-49d5-b023-33009a594311,959160.42,6010678.99,Comfortable,47.2
1785871980000,NOISE-NR2,a7b30385-932d-4325-b84b-ae6bdcc359e3,958613.61,6010191.3,Comfortable,46.7
1785871980000,NOISE-NR3,74469165-c65c-4435-a387-36920379578d,959234.31,6010383.42,Comfortable,48
1785872040000,NOISE-N,b291e7be-9f14-44ed-87c1-0f02b8ca35b3,958906.23,6010563.72,Comfortable,50.6
1785872040000,NOISE-E,7be9696e-9ace-4085-a81b-0b04c83955db,959045.15,6010445.49,Comfortable,51.3
1785872040000,NOISE-S,b543d03f-a7d0-4faa-8507-0b3e31081e0b,958885.54,6010297.7,Comfortable,50.3
1785872040000,NOISE-W,49a1ac8f-b89d-4356-8260-a3e73765a98a,958749.58,6010415.93,Comfortable,50.1
1785872040000,NOISE-NR1,5c7eb3a5-3ace-49d5-b023-33009a594311,959160.42,6010678.99,Comfortable,47.3
1785872040000,NOISE-NR2,a7b30385-932d-4325-b84b-ae6bdcc359e3,958613.61,6010191.3,Comfortable,45.7
1785872040000,NOISE-NR3,74469165-c65c-4435-a387-36920379578d,959234.31,6010383.42,Comfortable,47.5
1785872100000,NOISE-N,b291e7be-9f14-44ed-87c1-0f02b8ca35b3,958906.23,6010563.72,Comfortable,51.5
1785872100000,NOISE-E,7be9696e-9ace-4085-a81b-0b04c83955db,959045.15,6010445.49,Comfortable,51.7
1785872100000,NOISE-S,b543d03f-a7d0-4faa-8507-0b3e31081e0b,958885.54,6010297.7,Comfortable,49.8
1785872100000,NOISE-W,49a1ac8f-b89d-4356-8260-a3e73765a98a,958749.58,6010415.93,Comfortable,50.5
1785872100000,NOISE-NR1,5c7eb3a5-3ace-49d5-b023-33009a594311,959160.42,6010678.99,Comfortable,46.4
1785872100000,NOISE-NR2,a7b30385-932d-4325-b84b-ae6bdcc359e3,958613.61,6010191.3,Comfortable,46.3
1785872100000,NOISE-NR3,74469165-c65c-4435-a387-36920379578d,959234.31,6010383.42,Comfortable,47.6
1785872160000,NOISE-N,b291e7be-9f14-44ed-87c1-0f02b8ca35b3,958906.23,6010563.72,Comfortable,51.9
1785872160000,NOISE-E,7be9696e-9ace-4085-a81b-0b04c83955db,959045.15,6010445.49,Comfortable,52.2
1785872160000,NOISE-S,b543d03f-a7d0-4faa-8507-0b3e31081e0b,958885.54,6010297.7,Comfortable,50
1785872160000,NOISE-W,49a1ac8f-b89d-4356-8260-a3e73765a98a,958749.58,6010415.93,Comfortable,50.2
1785872160000,NOISE-NR1,5c7eb3a5-3ace-49d5-b023-33009a594311,959160.42,6010678.99,Comfortable,47.1
1785872160000,NOISE-NR2,a7b30385-932d-4325-b84b-ae6bdcc359e3,958613.61,6010191.3,Comfortable,46.5
1785872160000,NOISE-NR3,74469165-c65c-4435-a387-36920379578d,959234.31,6010383.42,Comfortable,47.2
1785872220000,NOISE-N,b291e7be-9f14-44ed-87c1-0f02b8ca35b3,958906.23,6010563.72,Comfortable,51.4
1785872220000,NOISE-E,7be9696e-9ace-4085-a81b-0b04c83955db,959045.15,6010445.49,Comfortable,52.5
1785872220000,NOISE-S,b543d03f-a7d0-4faa-8507-0b3e31081e0b,958885.54,6010297.7,Comfortable,50
1785872220000,NOISE-W,49a1ac8f-b89d-4356-8260-a3e73765a98a,958749.58,6010415.93,Comfortable,51.2
1785872220000,NOISE-NR1,5c7eb3a5-3ace-49d5-b023-33009a594311,959160.42,6010678.99,Comfortable,47.2
1785872220000,NOISE-NR2,a7b30385-932d-4325-b84b-ae6bdcc359e3,958613.61,6010191.3,Comfortable,46.3
1785872220000,NOISE-NR3,74469165-c65c-4435-a387-36920379578d,959234.31,6010383.42,Comfortable,46.6
1785872280000,NOISE-N,b291e7be-9f14-44ed-87c1-0f02b8ca35b3,958906.23,6010563.72,Comfortable,51.8
1785872280000,NOISE-E,7be9696e-9ace-4085-a81b-0b04c83955db,959045.15,6010445.49,Comfortable,51.7
1785872280000,NOISE-S,b543d03f-a7d0-4faa-8507-0b3e31081e0b,958885.54,6010297.7,Comfortable,50.8
1785872280000,NOISE-W,49a1ac8f-b89d-4356-8260-a3e73765a98a,958749.58,6010415.93,Comfortable,50.7
1785872280000,NOISE-NR1,5c7eb3a5-3ace-49d5-b023-33009a594311,959160.42,6010678.99,Comfortable,46.7
1785872280000,NOISE-NR2,a7b30385-932d-4325-b84b-ae6bdcc359e3,958613.61,6010191.3,Comfortable,46.5
1785872280000,NOISE-NR3,74469165-c65c-4435-a387-36920379578d,959234.31,6010383.42,Comfortable,47.2
1785872340000,NOISE-N,b291e7be-9f14-44ed-87c1-0f02b8ca35b3,958906.23,6010563.72,Comfortable,52.3
1785872340000,NOISE-E,7be9696e-9ace-4085-a81b-0b04c83955db,959045.15,6010445.49,Comfortable,52.1
1785872340000,NOISE-S,b543d03f-a7d0-4faa-8507-0b3e31081e0b,958885.54,6010297.7,Comfortable,50.9
1785872340000,NOISE-W,49a1ac8f-b89d-4356-8260-a3e73765a98a,958749.58,6010415.93,Comfortable,50.3
1785872340000,NOISE-NR1,5c7eb3a5-3ace-49d5-b023-33009a594311,959160.42,6010678.99,Comfortable,46.6
1785872340000,NOISE-NR2,a7b30385-932d-4325-b84b-ae6bdcc359e3,958613.61,6010191.3,Comfortable,45.5
1785872340000,NOISE-NR3,74469165-c65c-4435-a387-36920379578d,959234.31,6010383.42,Comfortable,47.1
1785872400000,NOISE-N,b291e7be-9f14-44ed-87c1-0f02b8ca35b3,958906.23,6010563.72,Comfortable,51.8
1785872400000,NOISE-E,7be9696e-9ace-4085-a81b-0b04c83955db,959045.15,6010445.49,Comfortable,52.6
1785872400000,NOISE-S,b543d03f-a7d0-4faa-8507-0b3e31081e0b,958885.54,6010297.7,Comfortable,50.9
1785872400000,NOISE-W,49a1ac8f-b89d-4356-8260-a3e73765a98a,958749.58,6010415.93,Comfortable,51.1
1785872400000,NOISE-NR1,5c7eb3a5-3ace-49d5-b023-33009a594311,959160.42,6010678.99,Comfortable,46.1
1785872400000,NOISE-NR2,a7b30385-932d-4325-b84b-ae6bdcc359e3,958613.61,6010191.3,Comfortable,45.5
1785872400000,NOISE-NR3,74469165-c65c-4435-a387-36920379578d,959234.31,6010383.42,Comfortable,46.9
1785872460000,NOISE-N,b291e7be-9f14-44ed-87c1-0f02b8ca35b3,958906.23,6010563.72,Comfortable,52.3
1785872460000,NOISE-E,7be9696e-9ace-4085-a81b-0b04c83955db,959045.15,6010445.49,Comfortable,51.9
1785872460000,NOISE-S,b543d03f-a7d0-4faa-8507-0b3e31081e0b,958885.54,6010297.7,Comfortable,50.8
1785872460000,NOISE-W,49a1ac8f-b89d-4356-8260-a3e73765a98a,958749.58,6010415.93,Comfortable,51.1
1785872460000,NOISE-NR1,5c7eb3a5-3ace-49d5-b023-33009a594311,959160.42,6010678.99,Comfortable,46.3
1785872460000,NOISE-NR2,a7b30385-932d-4325-b84b-ae6bdcc359e3,958613.61,6010191.3,Comfortable,45.9
1785872460000,NOISE-NR3,74469165-c65c-4435-a387-36920379578d,959234.31,6010383.42,Comfortable,47.1
1785872520000,NOISE-N,b291e7be-9f14-44ed-87c1-0f02b8ca35b3,958906.23,6010563.72,Comfortable,52.8
1785872520000,NOISE-E,7be9696e-9ace-4085-a81b-0b04c83955db,959045.15,6010445.49,Comfortable,52.6
1785872520000,NOISE-S,b543d03f-a7d0-4faa-8507-0b3e31081e0b,958885.54,6010297.7,Comfortable,51.1
1785872520000,NOISE-W,49a1ac8f-b89d-4356-8260-a3e73765a98a,958749.58,6010415.93,Comfortable,50.8
1785872520000,NOISE-NR1,5c7eb3a5-3ace-49d5-b023-33009a594311,959160.42,6010678.99,Comfortable,47.1
1785872520000,NOISE-NR2,a7b30385-932d-4325-b84b-ae6bdcc359e3,958613.61,6010191.3,Comfortable,45.4
1785872520000,NOISE-NR3,74469165-c65c-4435-a387-36920379578d,959234.31,6010383.42,Comfortable,47.1
1785872580000,NOISE-N,b291e7be-9f14-44ed-87c1-0f02b8ca35b3,958906.23,6010563.72,Comfortable,52.1
1785872580000,NOISE-E,7be9696e-9ace-4085-a81b-0b04c83955db,959045.15,6010445.49,Comfortable,52.6
1785872580000,NOISE-S,b543d03f-a7d0-4faa-8507-0b3e31081e0b,958885.54,6010297.7,Comfortable,50.4
1785872580000,NOISE-W,49a1ac8f-b89d-4356-8260-a3e73765a98a,958749.58,6010415.93,Comfortable,50.4
1785872580000,NOISE-NR1,5c7eb3a5-3ace-49d5-b023-33009a594311,959160.42,6010678.99,Comfortable,47.5
1785872580000,NOISE-NR2,a7b30385-932d-4325-b84b-ae6bdcc359e3,958613.61,6010191.3,Comfortable,44.8
1785872580000,NOISE-NR3,74469165-c65c-4435-a387-36920379578d,959234.31,6010383.42,Comfortable,47.2
1785872640000,NOISE-N,b291e7be-9f14-44ed-87c1-0f02b8ca35b3,958906.23,6010563.72,Comfortable,51.3
1785872640000,NOISE-E,7be9696e-9ace-4085-a81b-0b04c83955db,959045.15,6010445.49,Comfortable,51.7
1785872640000,NOISE-S,b543d03f-a7d0-4faa-8507-0b3e31081e0b,958885.54,6010297.7,Comfortable,50.9
1785872640000,NOISE-W,49a1ac8f-b89d-4356-8260-a3e73765a98a,958749.58,6010415.93,Comfortable,50.2
1785872640000,NOISE-NR1,5c7eb3a5-3ace-49d5-b023-33009a594311,959160.42,6010678.99,Comfortable,46.5
1785872640000,NOISE-NR2,a7b30385-932d-4325-b84b-ae6bdcc359e3,958613.61,6010191.3,Comfortable,44.7
1785872640000,NOISE-NR3,74469165-c65c-4435-a387-36920379578d,959234.31,6010383.42,Comfortable,46.5
1785872700000,NOISE-N,b291e7be-9f14-44ed-87c1-0f02b8ca35b3,958906.23,6010563.72,Comfortable,51
1785872700000,NOISE-E,7be9696e-9ace-4085-a81b-0b04c83955db,959045.15,6010445.49,Comfortable,51.7
1785872700000,NOISE-S,b543d03f-a7d0-4faa-8507-0b3e31081e0b,958885.54,6010297.7,Comfortable,50.2
1785872700000,NOISE-W,49a1ac8f-b89d-4356-8260-a3e73765a98a,958749.58,6010415.93,Comfortable,50.3
1785872700000,NOISE-NR1,5c7eb3a5-3ace-49d5-b023-33009a594311,959160.42,6010678.99,Comfortable,46
1785872700000,NOISE-NR2,a7b30385-932d-4325-b84b-ae6bdcc359e3,958613.61,6010191.3,Comfortable,44.6
1785872700000,NOISE-NR3,74469165-c65c-4435-a387-36920379578d,959234.31,6010383.42,Comfortable,46.1
1785872760000,NOISE-N,b291e7be-9f14-44ed-87c1-0f02b8ca35b3,958906.23,6010563.72,Comfortable,51.5
1785872760000,NOISE-E,7be9696e-9ace-4085-a81b-0b04c83955db,959045.15,6010445.49,Comfortable,51.2
1785872760000,NOISE-S,b543d03f-a7d0-4faa-8507-0b3e31081e0b,958885.54,6010297.7,Comfortable,50.4
1785872760000,NOISE-W,49a1ac8f-b89d-4356-8260-a3e73765a98a,958749.58,6010415.93,Comfortable,50.7
1785872760000,NOISE-NR1,5c7eb3a5-3ace-49d5-b023-33009a594311,959160.42,6010678.99,Comfortable,46.9
1785872760000,NOISE-NR2,a7b30385-932d-4325-b84b-ae6bdcc359e3,958613.61,6010191.3,Comfortable,45.3
1785872760000,NOISE-NR3,74469165-c65c-4435-a387-36920379578d,959234.31,6010383.42,Comfortable,46.3
1785872820000,NOISE-N,b291e7be-9f14-44ed-87c1-0f02b8ca35b3,958906.23,6010563.72,Comfortable,51.2
1785872820000,NOISE-E,7be9696e-9ace-4085-a81b-0b04c83955db,959045.15,6010445.49,Comfortable,50.6
1785872820000,NOISE-S,b543d03f-a7d0-4faa-8507-0b3e31081e0b,958885.54,6010297.7,Comfortable,50.4
1785872820000,NOISE-W,49a1ac8f-b89d-4356-8260-a3e73765a98a,958749.58,6010415.93,Comfortable,50.8
1785872820000,NOISE-NR1,5c7eb3a5-3ace-49d5-b023-33009a594311,959160.42,6010678.99,Comfortable,46.3
1785872820000,NOISE-NR2,a7b30385-932d-4325-b84b-ae6bdcc359e3,958613.61,6010191.3,Comfortable,45.4
1785872820000,NOISE-NR3,74469165-c65c-4435-a387-36920379578d,959234.31,6010383.42,Comfortable,47
1785872880000,NOISE-N,b291e7be-9f14-44ed-87c1-0f02b8ca35b3,958906.23,6010563.72,Comfortable,51
1785872880000,NOISE-E,7be9696e-9ace-4085-a81b-0b04c83955db,959045.15,6010445.49,Comfortable,50.5
1785872880000,NOISE-S,b543d03f-a7d0-4faa-8507-0b3e31081e0b,958885.54,6010297.7,Comfortable,50.8
1785872880000,NOISE-W,49a1ac8f-b89d-4356-8260-a3e73765a98a,958749.58,6010415.93,Comfortable,50.6
1785872880000,NOISE-NR1,5c7eb3a5-3ace-49d5-b023-33009a594311,959160.42,6010678.99,Comfortable,45.7
1785872880000,NOISE-NR2,a7b30385-932d-4325-b84b-ae6bdcc359e3,958613.61,6010191.3,Comfortable,45.8
1785872880000,NOISE-NR3,74469165-c65c-4435-a387-36920379578d,959234.31,6010383.42,Comfortable,47.6
1785872940000,NOISE-N,b291e7be-9f14-44ed-87c1-0f02b8ca35b3,958906.23,6010563.72,Comfortable,50.4
1785872940000,NOISE-E,7be9696e-9ace-4085-a81b-0b04c83955db,959045.15,6010445.49,Comfortable,51.2
1785872940000,NOISE-S,b543d03f-a7d0-4faa-8507-0b3e31081e0b,958885.54,6010297.7,Comfortable,50.1
1785872940000,NOISE-W,49a1ac8f-b89d-4356-8260-a3e73765a98a,958749.58,6010415.93,Comfortable,50.4
1785872940000,NOISE-NR1,5c7eb3a5-3ace-49d5-b023-33009a594311,959160.42,6010678.99,Comfortable,46.1
1785872940000,NOISE-NR2,a7b30385-932d-4325-b84b-ae6bdcc359e3,958613.61,6010191.3,Comfortable,45.9
1785872940000,NOISE-NR3,74469165-c65c-4435-a387-36920379578d,959234.31,6010383.42,Comfortable,48.1
1785873000000,NOISE-N,b291e7be-9f14-44ed-87c1-0f02b8ca35b3,958906.23,6010563.72,Comfortable,50.2
1785873000000,NOISE-E,7be9696e-9ace-4085-a81b-0b04c83955db,959045.15,6010445.49,Comfortable,51.8
1785873000000,NOISE-S,b543d03f-a7d0-4faa-8507-0b3e31081e0b,958885.54,6010297.7,Comfortable,49.3
1785873000000,NOISE-W,49a1ac8f-b89d-4356-8260-a3e73765a98a,958749.58,6010415.93,Comfortable,50.6
1785873000000,NOISE-NR1,5c7eb3a5-3ace-49d5-b023-33009a594311,959160.42,6010678.99,Comfortable,46.2
1785873000000,NOISE-NR2,a7b30385-932d-4325-b84b-ae6bdcc359e3,958613.61,6010191.3,Comfortable,45.7
1785873000000,NOISE-NR3,74469165-c65c-4435-a387-36920379578d,959234.31,6010383.42,Comfortable,48.4
1785873060000,NOISE-N,b291e7be-9f14-44ed-87c1-0f02b8ca35b3,958906.23,6010563.72,Comfortable,50.2
1785873060000,NOISE-E,7be9696e-9ace-4085-a81b-0b04c83955db,959045.15,6010445.49,Comfortable,51.2
1785873060000,NOISE-S,b543d03f-a7d0-4faa-8507-0b3e31081e0b,958885.54,6010297.7,Comfortable,48.9
1785873060000,NOISE-W,49a1ac8f-b89d-4356-8260-a3e73765a98a,958749.58,6010415.93,Comfortable,50.9
1785873060000,NOISE-NR1,5c7eb3a5-3ace-49d5-b023-33009a594311,959160.42,6010678.99,Comfortable,45.8
1785873060000,NOISE-NR2,a7b30385-932d-4325-b84b-ae6bdcc359e3,958613.61,6010191.3,Comfortable,45
1785873060000,NOISE-NR3,74469165-c65c-4435-a387-36920379578d,959234.31,6010383.42,Comfortable,48.4
1785873120000,NOISE-N,b291e7be-9f14-44ed-87c1-0f02b8ca35b3,958906.23,6010563.72,Comfortable,50.2
1785873120000,NOISE-E,7be9696e-9ace-4085-a81b-0b04c83955db,959045.15,6010445.49,Comfortable,50.9
1785873120000,NOISE-S,b543d03f-a7d0-4faa-8507-0b3e31081e0b,958885.54,6010297.7,Comfortable,48.5
1785873120000,NOISE-W,49a1ac8f-b89d-4356-8260-a3e73765a98a,958749.58,6010415.93,Comfortable,51
1785873120000,NOISE-NR1,5c7eb3a5-3ace-49d5-b023-33009a594311,959160.42,6010678.99,Comfortable,46.5
1785873120000,NOISE-NR2,a7b30385-932d-4325-b84b-ae6bdcc359e3,958613.61,6010191.3,Comfortable,45.9
1785873120000,NOISE-NR3,74469165-c65c-4435-a387-36920379578d,959234.31,6010383.42,Comfortable,48.3
1785873180000,NOISE-N,b291e7be-9f14-44ed-87c1-0f02b8ca35b3,958906.23,6010563.72,Comfortable,51
1785873180000,NOISE-E,7be9696e-9ace-4085-a81b-0b04c83955db,959045.15,6010445.49,Comfortable,51.4
1785873180000,NOISE-S,b543d03f-a7d0-4faa-8507-0b3e31081e0b,958885.54,6010297.7,Comfortable,49.1
1785873180000,NOISE-W,49a1ac8f-b89d-4356-8260-a3e73765a98a,958749.58,6010415.93,Comfortable,50.4
1785873180000,NOISE-NR1,5c7eb3a5-3ace-49d5-b023-33009a594311,959160.42,6010678.99,Comfortable,46.5
1785873180000,NOISE-NR2,a7b30385-932d-4325-b84b-ae6bdcc359e3,958613.61,6010191.3,Comfortable,45.2
1785873180000,NOISE-NR3,74469165-c65c-4435-a387-36920379578d,959234.31,6010383.42,Comfortable,47.8
1785873240000,NOISE-N,b291e7be-9f14-44ed-87c1-0f02b8ca35b3,958906.23,6010563.72,Comfortable,50.4
1785873240000,NOISE-E,7be9696e-9ace-4085-a81b-0b04c83955db,959045.15,6010445.49,Comfortable,51
1785873240000,NOISE-S,b543d03f-a7d0-4faa-8507-0b3e31081e0b,958885.54,6010297.7,Comfortable,49.4
1785873240000,NOISE-W,49a1ac8f-b89d-4356-8260-a3e73765a98a,958749.58,6010415.93,Comfortable,50.2
1785873240000,NOISE-NR1,5c7eb3a5-3ace-49d5-b023-33009a594311,959160.42,6010678.99,Comfortable,46.8
1785873240000,NOISE-NR2,a7b30385-932d-4325-b84b-ae6bdcc359e3,958613.61,6010191.3,Comfortable,45.8
1785873240000,NOISE-NR3,74469165-c65c-4435-a387-36920379578d,959234.31,6010383.42,Comfortable,48.4
1785873300000,NOISE-N,b291e7be-9f14-44ed-87c1-0f02b8ca35b3,958906.23,6010563.72,Comfortable,51.1
1785873300000,NOISE-E,7be9696e-9ace-4085-a81b-0b04c83955db,959045.15,6010445.49,Comfortable,50.6
1785873300000,NOISE-S,b543d03f-a7d0-4faa-8507-0b3e31081e0b,958885.54,6010297.7,Comfortable,50
1785873300000,NOISE-W,49a1ac8f-b89d-4356-8260-a3e73765a98a,958749.58,6010415.93,Comfortable,50.8
1785873300000,NOISE-NR1,5c7eb3a5-3ace-49d5-b023-33009a594311,959160.42,6010678.99,Comfortable,46.4
1785873300000,NOISE-NR2,a7b30385-932d-4325-b84b-ae6bdcc359e3,958613.61,6010191.3,Comfortable,45.1
1785873300000,NOISE-NR3,74469165-c65c-4435-a387-36920379578d,959234.31,6010383.42,Comfortable,47.8
1785873360000,NOISE-N,b291e7be-9f14-44ed-87c1-0f02b8ca35b3,958906.23,6010563.72,Comfortable,51.8
1785873360000,NOISE-E,7be9696e-9ace-4085-a81b-0b04c83955db,959045.15,6010445.49,Comfortable,50.9
1785873360000,NOISE-S,b543d03f-a7d0-4faa-8507-0b3e31081e0b,958885.54,6010297.7,Comfortable,49.9
1785873360000,NOISE-W,49a1ac8f-b89d-4356-8260-a3e73765a98a,958749.58,6010415.93,Comfortable,50.4
1785873360000,NOISE-NR1,5c7eb3a5-3ace-49d5-b023-33009a594311,959160.42,6010678.99,Comfortable,46.1
1785873360000,NOISE-NR2,a7b30385-932d-4325-b84b-ae6bdcc359e3,958613.61,6010191.3,Comfortable,45.6
1785873360000,NOISE-NR3,74469165-c65c-4435-a387-36920379578d,959234.31,6010383.42,Comfortable,47.5
1785873420000,NOISE-N,b291e7be-9f14-44ed-87c1-0f02b8ca35b3,958906.23,6010563.72,Comfortable,51.9
1785873420000,NOISE-E,7be9696e-9ace-4085-a81b-0b04c83955db,959045.15,6010445.49,Comfortable,51.2
1785873420000,NOISE-S,b543d03f-a7d0-4faa-8507-0b3e31081e0b,958885.54,6010297.7,Comfortable,49.9
1785873420000,NOISE-W,49a1ac8f-b89d-4356-8260-a3e73765a98a,958749.58,6010415.93,Comfortable,51
1785873420000,NOISE-NR1,5c7eb3a5-3ace-49d5-b023-33009a594311,959160.42,6010678.99,Comfortable,46.5
1785873420000,NOISE-NR2,a7b30385-932d-4325-b84b-ae6bdcc359e3,958613.61,6010191.3,Comfortable,46.1
1785873420000,NOISE-NR3,74469165-c65c-4435-a387-36920379578d,959234.31,6010383.42,Comfortable,47.4
1785873480000,NOISE-N,b291e7be-9f14-44ed-87c1-0f02b8ca35b3,958906.23,6010563.72,Comfortable,51.8
1785873480000,NOISE-E,7be9696e-9ace-4085-a81b-0b04c83955db,959045.15,6010445.49,Comfortable,51.5
1785873480000,NOISE-S,b543d03f-a7d0-4faa-8507-0b3e31081e0b,958885.54,6010297.7,Comfortable,49.9
1785873480000,NOISE-W,49a1ac8f-b89d-4356-8260-a3e73765a98a,958749.58,6010415.93,Comfortable,51.3
1785873480000,NOISE-NR1,5c7eb3a5-3ace-49d5-b023-33009a594311,959160.42,6010678.99,Comfortable,46.5
1785873480000,NOISE-NR2,a7b30385-932d-4325-b84b-ae6bdcc359e3,958613.61,6010191.3,Comfortable,46.4
1785873480000,NOISE-NR3,74469165-c65c-4435-a387-36920379578d,959234.31,6010383.42,Comfortable,47.6
1785873540000,NOISE-N,b291e7be-9f14-44ed-87c1-0f02b8ca35b3,958906.23,6010563.72,Comfortable,52
1785873540000,NOISE-E,7be9696e-9ace-4085-a81b-0b04c83955db,959045.15,6010445.49,Comfortable,51.6
1785873540000,NOISE-S,b543d03f-a7d0-4faa-8507-0b3e31081e0b,958885.54,6010297.7,Comfortable,49.7
1785873540000,NOISE-W,49a1ac8f-b89d-4356-8260-a3e73765a98a,958749.58,6010415.93,Comfortable,51.7
1785873540000,NOISE-NR1,5c7eb3a5-3ace-49d5-b023-33009a594311,959160.42,6010678.99,Comfortable,46.2
1785873540000,NOISE-NR2,a7b30385-932d-4325-b84b-ae6bdcc359e3,958613.61,6010191.3,Comfortable,46.7
1785873540000,NOISE-NR3,74469165-c65c-4435-a387-36920379578d,959234.31,6010383.42,Comfortable,47.8
1785873600000,NOISE-N,b291e7be-9f14-44ed-87c1-0f02b8ca35b3,958906.23,6010563.72,Comfortable,52.5
1785873600000,NOISE-E,7be9696e-9ace-4085-a81b-0b04c83955db,959045.15,6010445.49,Comfortable,51.7
1785873600000,NOISE-S,b543d03f-a7d0-4faa-8507-0b3e31081e0b,958885.54,6010297.7,Comfortable,49.9
1785873600000,NOISE-W,49a1ac8f-b89d-4356-8260-a3e73765a98a,958749.58,6010415.93,Comfortable,51.1
1785873600000,NOISE-NR1,5c7eb3a5-3ace-49d5-b023-33009a594311,959160.42,6010678.99,Comfortable,46.4
1785873600000,NOISE-NR2,a7b30385-932d-4325-b84b-ae6bdcc359e3,958613.61,6010191.3,Comfortable,46.6
1785873600000,NOISE-NR3,74469165-c65c-4435-a387-36920379578d,959234.31,6010383.42,Comfortable,47.3
1785873660000,NOISE-N,b291e7be-9f14-44ed-87c1-0f02b8ca35b3,958906.23,6010563.72,Comfortable,51.7
1785873660000,NOISE-E,7be9696e-9ace-4085-a81b-0b04c83955db,959045.15,6010445.49,Comfortable,51
1785873660000,NOISE-S,b543d03f-a7d0-4faa-8507-0b3e31081e0b,958885.54,6010297.7,Comfortable,50
1785873660000,NOISE-W,49a1ac8f-b89d-4356-8260-a3e73765a98a,958749.58,6010415.93,Comfortable,51.7
1785873660000,NOISE-NR1,5c7eb3a5-3ace-49d5-b023-33009a594311,959160.42,6010678.99,Comfortable,46.7
1785873660000,NOISE-NR2,a7b30385-932d-4325-b84b-ae6bdcc359e3,958613.61,6010191.3,Comfortable,45.8
1785873660000,NOISE-NR3,74469165-c65c-4435-a387-36920379578d,959234.31,6010383.42,Comfortable,46.6
1785873720000,NOISE-N,b291e7be-9f14-44ed-87c1-0f02b8ca35b3,958906.23,6010563.72,Comfortable,51.1
1785873720000,NOISE-E,7be9696e-9ace-4085-a81b-0b04c83955db,959045.15,6010445.49,Comfortable,51.3
1785873720000,NOISE-S,b543d03f-a7d0-4faa-8507-0b3e31081e0b,958885.54,6010297.7,Comfortable,50.4
1785873720000,NOISE-W,49a1ac8f-b89d-4356-8260-a3e73765a98a,958749.58,6010415.93,Comfortable,51.7
1785873720000,NOISE-NR1,5c7eb3a5-3ace-49d5-b023-33009a594311,959160.42,6010678.99,Comfortable,46.4
1785873720000,NOISE-NR2,a7b30385-932d-4325-b84b-ae6bdcc359e3,958613.61,6010191.3,Comfortable,45.5
1785873720000,NOISE-NR3,74469165-c65c-4435-a387-36920379578d,959234.31,6010383.42,Comfortable,47.4
1785873780000,NOISE-N,b291e7be-9f14-44ed-87c1-0f02b8ca35b3,958906.23,6010563.72,Comfortable,51
1785873780000,NOISE-E,7be9696e-9ace-4085-a81b-0b04c83955db,959045.15,6010445.49,Comfortable,51.1
1785873780000,NOISE-S,b543d03f-a7d0-4faa-8507-0b3e31081e0b,958885.54,6010297.7,Comfortable,50
1785873780000,NOISE-W,49a1ac8f-b89d-4356-8260-a3e73765a98a,958749.58,6010415.93,Comfortable,50.7
1785873780000,NOISE-NR1,5c7eb3a5-3ace-49d5-b023-33009a594311,959160.42,6010678.99,Comfortable,46
1785873780000,NOISE-NR2,a7b30385-932d-4325-b84b-ae6bdcc359e3,958613.61,6010191.3,Comfortable,45.5
1785873780000,NOISE-NR3,74469165-c65c-4435-a387-36920379578d,959234.31,6010383.42,Comfortable,47.7
1785873840000,NOISE-N,b291e7be-9f14-44ed-87c1-0f02b8ca35b3,958906.23,6010563.72,Comfortable,50.5
1785873840000,NOISE-E,7be9696e-9ace-4085-a81b-0b04c83955db,959045.15,6010445.49,Comfortable,50.7
1785873840000,NOISE-S,b543d03f-a7d0-4faa-8507-0b3e31081e0b,958885.54,6010297.7,Comfortable,50.3
1785873840000,NOISE-W,49a1ac8f-b89d-4356-8260-a3e73765a98a,958749.58,6010415.93,Comfortable,50.3
1785873840000,NOISE-NR1,5c7eb3a5-3ace-49d5-b023-33009a594311,959160.42,6010678.99,Comfortable,46.2
1785873840000,NOISE-NR2,a7b30385-932d-4325-b84b-ae6bdcc359e3,958613.61,6010191.3,Comfortable,45
1785873840000,NOISE-NR3,74469165-c65c-4435-a387-36920379578d,959234.31,6010383.42,Comfortable,46.9
1785873900000,NOISE-N,b291e7be-9f14-44ed-87c1-0f02b8ca35b3,958906.23,6010563.72,Comfortable,49.9
1785873900000,NOISE-E,7be9696e-9ace-4085-a81b-0b04c83955db,959045.15,6010445.49,Comfortable,51.6
1785873900000,NOISE-S,b543d03f-a7d0-4faa-8507-0b3e31081e0b,958885.54,6010297.7,Comfortable,49.5
1785873900000,NOISE-W,49a1ac8f-b89d-4356-8260-a3e73765a98a,958749.58,6010415.93,Comfortable,50.4
1785873900000,NOISE-NR1,5c7eb3a5-3ace-49d5-b023-33009a594311,959160.42,6010678.99,Comfortable,46.9
1785873900000,NOISE-NR2,a7b30385-932d-4325-b84b-ae6bdcc359e3,958613.61,6010191.3,Comfortable,44.6
1785873900000,NOISE-NR3,74469165-c65c-4435-a387-36920379578d,959234.31,6010383.42,Comfortable,46.5
1785873960000,NOISE-N,b291e7be-9f14-44ed-87c1-0f02b8ca35b3,958906.23,6010563.72,Comfortable,50.4
1785873960000,NOISE-E,7be9696e-9ace-4085-a81b-0b04c83955db,959045.15,6010445.49,Comfortable,52
1785873960000,NOISE-S,b543d03f-a7d0-4faa-8507-0b3e31081e0b,958885.54,6010297.7,Comfortable,49.6
1785873960000,NOISE-W,49a1ac8f-b89d-4356-8260-a3e73765a98a,958749.58,6010415.93,Comfortable,50.7
1785873960000,NOISE-NR1,5c7eb3a5-3ace-49d5-b023-33009a594311,959160.42,6010678.99,Comfortable,46.1
1785873960000,NOISE-NR2,a7b30385-932d-4325-b84b-ae6bdcc359e3,958613.61,6010191.3,Comfortable,45.1
1785873960000,NOISE-NR3,74469165-c65c-4435-a387-36920379578d,959234.31,6010383.42,Comfortable,46.1
1785874020000,NOISE-N,b291e7be-9f14-44ed-87c1-0f02b8ca35b3,958906.23,6010563.72,Comfortable,49.8
1785874020000,NOISE-E,7be9696e-9ace-4085-a81b-0b04c83955db,959045.15,6010445.49,Comfortable,51.5
1785874020000,NOISE-S,b543d03f-a7d0-4faa-8507-0b3e31081e0b,958885.54,6010297.7,Comfortable,49.8
1785874020000,NOISE-W,49a1ac8f-b89d-4356-8260-a3e73765a98a,958749.58,6010415.93,Comfortable,50
1785874020000,NOISE-NR1,5c7eb3a5-3ace-49d5-b023-33009a594311,959160.42,6010678.99,Comfortable,46.8
1785874020000,NOISE-NR2,a7b30385-932d-4325-b84b-ae6bdcc359e3,958613.61,6010191.3,Comfortable,45
1785874020000,NOISE-NR3,74469165-c65c-4435-a387-36920379578d,959234.31,6010383.42,Comfortable,45.7
1785874080000,NOISE-N,b291e7be-9f14-44ed-87c1-0f02b8ca35b3,958906.23,6010563.72,Comfortable,49.6
1785874080000,NOISE-E,7be9696e-9ace-4085-a81b-0b04c83955db,959045.15,6010445.49,Comfortable,51.2
1785874080000,NOISE-S,b543d03f-a7d0-4faa-8507-0b3e31081e0b,958885.54,6010297.7,Comfortable,50.5
1785874080000,NOISE-W,49a1ac8f-b89d-4356-8260-a3e73765a98a,958749.58,6010415.93,Comfortable,49.7
1785874080000,NOISE-NR1,5c7eb3a5-3ace-49d5-b023-33009a594311,959160.42,6010678.99,Comfortable,46.4
1785874080000,NOISE-NR2,a7b30385-932d-4325-b84b-ae6bdcc359e3,958613.61,6010191.3,Comfortable,45.7
1785874080000,NOISE-NR3,74469165-c65c-4435-a387-36920379578d,959234.31,6010383.42,Comfortable,46.6
1785874140000,NOISE-N,b291e7be-9f14-44ed-87c1-0f02b8ca35b3,958906.23,6010563.72,Comfortable,49.9
1785874140000,NOISE-E,7be9696e-9ace-4085-a81b-0b04c83955db,959045.15,6010445.49,Comfortable,51.3
1785874140000,NOISE-S,b543d03f-a7d0-4faa-8507-0b3e31081e0b,958885.54,6010297.7,Comfortable,50.8
1785874140000,NOISE-W,49a1ac8f-b89d-4356-8260-a3e73765a98a,958749.58,6010415.93,Comfortable,49.8
1785874140000,NOISE-NR1,5c7eb3a5-3ace-49d5-b023-33009a594311,959160.42,6010678.99,Comfortable,45.7
1785874140000,NOISE-NR2,a7b30385-932d-4325-b84b-ae6bdcc359e3,958613.61,6010191.3,Comfortable,45.8
1785874140000,NOISE-NR3,74469165-c65c-4435-a387-36920379578d,959234.31,6010383.42,Comfortable,47.6
1785874200000,NOISE-N,b291e7be-9f14-44ed-87c1-0f02b8ca35b3,958906.23,6010563.72,Comfortable,49.8
1785874200000,NOISE-E,7be9696e-9ace-4085-a81b-0b04c83955db,959045.15,6010445.49,Comfortable,51.4
1785874200000,NOISE-S,b543d03f-a7d0-4faa-8507-0b3e31081e0b,958885.54,6010297.7,Comfortable,50.9
1785874200000,NOISE-W,49a1ac8f-b89d-4356-8260-a3e73765a98a,958749.58,6010415.93,Comfortable,49.6
1785874200000,NOISE-NR1,5c7eb3a5-3ace-49d5-b023-33009a594311,959160.42,6010678.99,Comfortable,45.7
1785874200000,NOISE-NR2,a7b30385-932d-4325-b84b-ae6bdcc359e3,958613.61,6010191.3,Comfortable,46.2
1785874200000,NOISE-NR3,74469165-c65c-4435-a387-36920379578d,959234.31,6010383.42,Comfortable,46.8
1785874260000,NOISE-N,b291e7be-9f14-44ed-87c1-0f02b8ca35b3,958906.23,6010563.72,Comfortable,49.4
1785874260000,NOISE-E,7be9696e-9ace-4085-a81b-0b04c83955db,959045.15,6010445.49,Comfortable,52.1
1785874260000,NOISE-S,b543d03f-a7d0-4faa-8507-0b3e31081e0b,958885.54,6010297.7,Comfortable,50.9
1785874260000,NOISE-W,49a1ac8f-b89d-4356-8260-a3e73765a98a,958749.58,6010415.93,Comfortable,50.2
1785874260000,NOISE-NR1,5c7eb3a5-3ace-49d5-b023-33009a594311,959160.42,6010678.99,Comfortable,45.3
1785874260000,NOISE-NR2,a7b30385-932d-4325-b84b-ae6bdcc359e3,958613.61,6010191.3,Comfortable,45.3
1785874260000,NOISE-NR3,74469165-c65c-4435-a387-36920379578d,959234.31,6010383.42,Comfortable,46.4
1785874320000,NOISE-N,b291e7be-9f14-44ed-87c1-0f02b8ca35b3,958906.23,6010563.72,Comfortable,50.4
1785874320000,NOISE-E,7be9696e-9ace-4085-a81b-0b04c83955db,959045.15,6010445.49,Comfortable,52.2
1785874320000,NOISE-S,b543d03f-a7d0-4faa-8507-0b3e31081e0b,958885.54,6010297.7,Comfortable,50.9
1785874320000,NOISE-W,49a1ac8f-b89d-4356-8260-a3e73765a98a,958749.58,6010415.93,Comfortable,50.3
1785874320000,NOISE-NR1,5c7eb3a5-3ace-49d5-b023-33009a594311,959160.42,6010678.99,Comfortable,46
1785874320000,NOISE-NR2,a7b30385-932d-4325-b84b-ae6bdcc359e3,958613.61,6010191.3,Comfortable,46.1
1785874320000,NOISE-NR3,74469165-c65c-4435-a387-36920379578d,959234.31,6010383.42,Comfortable,46.9
1785874380000,NOISE-N,b291e7be-9f14-44ed-87c1-0f02b8ca35b3,958906.23,6010563.72,Comfortable,50.8
1785874380000,NOISE-E,7be9696e-9ace-4085-a81b-0b04c83955db,959045.15,6010445.49,Comfortable,51.6
1785874380000,NOISE-S,b543d03f-a7d0-4faa-8507-0b3e31081e0b,958885.54,6010297.7,Comfortable,50.8
1785874380000,NOISE-W,49a1ac8f-b89d-4356-8260-a3e73765a98a,958749.58,6010415.93,Comfortable,50.7
1785874380000,NOISE-NR1,5c7eb3a5-3ace-49d5-b023-33009a594311,959160.42,6010678.99,Comfortable,45.9
1785874380000,NOISE-NR2,a7b30385-932d-4325-b84b-ae6bdcc359e3,958613.61,6010191.3,Comfortable,45.6
1785874380000,NOISE-NR3,74469165-c65c-4435-a387-36920379578d,959234.31,6010383.42,Comfortable,46.3
1785874440000,NOISE-N,b291e7be-9f14-44ed-87c1-0f02b8ca35b3,958906.23,6010563.72,Comfortable,50.3
1785874440000,NOISE-E,7be9696e-9ace-4085-a81b-0b04c83955db,959045.15,6010445.49,Comfortable,51.4
1785874440000,NOISE-S,b543d03f-a7d0-4faa-8507-0b3e31081e0b,958885.54,6010297.7,Comfortable,50.6
1785874440000,NOISE-W,49a1ac8f-b89d-4356-8260-a3e73765a98a,958749.58,6010415.93,Comfortable,51.1
1785874440000,NOISE-NR1,5c7eb3a5-3ace-49d5-b023-33009a594311,959160.42,6010678.99,Comfortable,46.4
1785874440000,NOISE-NR2,a7b30385-932d-4325-b84b-ae6bdcc359e3,958613.61,6010191.3,Comfortable,46.3
1785874440000,NOISE-NR3,74469165-c65c-4435-a387-36920379578d,959234.31,6010383.42,Comfortable,46.6
1785874500000,NOISE-N,b291e7be-9f14-44ed-87c1-0f02b8ca35b3,958906.23,6010563.72,Comfortable,51.1
1785874500000,NOISE-E,7be9696e-9ace-4085-a81b-0b04c83955db,959045.15,6010445.49,Comfortable,50.9
1785874500000,NOISE-S,b543d03f-a7d0-4faa-8507-0b3e31081e0b,958885.54,6010297.7,Comfortable,50.6
1785874500000,NOISE-W,49a1ac8f-b89d-4356-8260-a3e73765a98a,958749.58,6010415.93,Comfortable,51.4
1785874500000,NOISE-NR1,5c7eb3a5-3ace-49d5-b023-33009a594311,959160.42,6010678.99,Comfortable,46.9
1785874500000,NOISE-NR2,a7b30385-932d-4325-b84b-ae6bdcc359e3,958613.61,6010191.3,Comfortable,46.2
1785874500000,NOISE-NR3,74469165-c65c-4435-a387-36920379578d,959234.31,6010383.42,Comfortable,46.3
1785874560000,NOISE-N,b291e7be-9f14-44ed-87c1-0f02b8ca35b3,958906.23,6010563.72,Comfortable,51.9
1785874560000,NOISE-E,7be9696e-9ace-4085-a81b-0b04c83955db,959045.15,6010445.49,Comfortable,50.9
1785874560000,NOISE-S,b543d03f-a7d0-4faa-8507-0b3e31081e0b,958885.54,6010297.7,Comfortable,50.1
1785874560000,NOISE-W,49a1ac8f-b89d-4356-8260-a3e73765a98a,958749.58,6010415.93,Comfortable,51.7
1785874560000,NOISE-NR1,5c7eb3a5-3ace-49d5-b023-33009a594311,959160.42,6010678.99,Comfortable,47.3
1785874560000,NOISE-NR2,a7b30385-932d-4325-b84b-ae6bdcc359e3,958613.61,6010191.3,Comfortable,45.5
1785874560000,NOISE-NR3,74469165-c65c-4435-a387-36920379578d,959234.31,6010383.42,Comfortable,46.1
1785874620000,NOISE-N,b291e7be-9f14-44ed-87c1-0f02b8ca35b3,958906.23,6010563.72,Comfortable,52.3
1785874620000,NOISE-E,7be9696e-9ace-4085-a81b-0b04c83955db,959045.15,6010445.49,Comfortable,50.7
1785874620000,NOISE-S,b543d03f-a7d0-4faa-8507-0b3e31081e0b,958885.54,6010297.7,Comfortable,49.9
1785874620000,NOISE-W,49a1ac8f-b89d-4356-8260-a3e73765a98a,958749.58,6010415.93,Comfortable,51.2
1785874620000,NOISE-NR1,5c7eb3a5-3ace-49d5-b023-33009a594311,959160.42,6010678.99,Comfortable,46.5
1785874620000,NOISE-NR2,a7b30385-932d-4325-b84b-ae6bdcc359e3,958613.61,6010191.3,Comfortable,46.1
1785874620000,NOISE-NR3,74469165-c65c-4435-a387-36920379578d,959234.31,6010383.42,Comfortable,46.9
1785874680000,NOISE-N,b291e7be-9f14-44ed-87c1-0f02b8ca35b3,958906.23,6010563.72,Comfortable,52.7
1785874680000,NOISE-E,7be9696e-9ace-4085-a81b-0b04c83955db,959045.15,6010445.49,Comfortable,51.7
1785874680000,NOISE-S,b543d03f-a7d0-4faa-8507-0b3e31081e0b,958885.54,6010297.7,Comfortable,49.6
1785874680000,NOISE-W,49a1ac8f-b89d-4356-8260-a3e73765a98a,958749.58,6010415.93,Comfortable,50.8
1785874680000,NOISE-NR1,5c7eb3a5-3ace-49d5-b023-33009a594311,959160.42,6010678.99,Comfortable,46.7
1785874680000,NOISE-NR2,a7b30385-932d-4325-b84b-ae6bdcc359e3,958613.61,6010191.3,Comfortable,45.6
1785874680000,NOISE-NR3,74469165-c65c-4435-a387-36920379578d,959234.31,6010383.42,Comfortable,47.5
1785874740000,NOISE-N,b291e7be-9f14-44ed-87c1-0f02b8ca35b3,958906.23,6010563.72,Comfortable,53.1
1785874740000,NOISE-E,7be9696e-9ace-4085-a81b-0b04c83955db,959045.15,6010445.49,Comfortable,51.8
1785874740000,NOISE-S,b543d03f-a7d0-4faa-8507-0b3e31081e0b,958885.54,6010297.7,Comfortable,49.5
1785874740000,NOISE-W,49a1ac8f-b89d-4356-8260-a3e73765a98a,958749.58,6010415.93,Comfortable,50.6
1785874740000,NOISE-NR1,5c7eb3a5-3ace-49d5-b023-33009a594311,959160.42,6010678.99,Comfortable,46.1
1785874740000,NOISE-NR2,a7b30385-932d-4325-b84b-ae6bdcc359e3,958613.61,6010191.3,Comfortable,45.2
1785874740000,NOISE-NR3,74469165-c65c-4435-a387-36920379578d,959234.31,6010383.42,Comfortable,47.1
1785874800000,NOISE-N,b291e7be-9f14-44ed-87c1-0f02b8ca35b3,958906.23,6010563.72,Comfortable,51.8
1785874800000,NOISE-E,7be9696e-9ace-4085-a81b-0b04c83955db,959045.15,6010445.49,Comfortable,51.5
1785874800000,NOISE-S,b543d03f-a7d0-4faa-8507-0b3e31081e0b,958885.54,6010297.7,Comfortable,49.2
1785874800000,NOISE-W,49a1ac8f-b89d-4356-8260-a3e73765a98a,958749.58,6010415.93,Comfortable,50.4
1785874800000,NOISE-NR1,5c7eb3a5-3ace-49d5-b023-33009a594311,959160.42,6010678.99,Comfortable,46.2
1785874800000,NOISE-NR2,a7b30385-932d-4325-b84b-ae6bdcc359e3,958613.61,6010191.3,Comfortable,45.7
1785874800000,NOISE-NR3,74469165-c65c-4435-a387-36920379578d,959234.31,6010383.42,Comfortable,47.8
1785874860000,NOISE-N,b291e7be-9f14-44ed-87c1-0f02b8ca35b3,958906.23,6010563.72,Comfortable,51.3
1785874860000,NOISE-E,7be9696e-9ace-4085-a81b-0b04c83955db,959045.15,6010445.49,Comfortable,51.1
1785874860000,NOISE-S,b543d03f-a7d0-4faa-8507-0b3e31081e0b,958885.54,6010297.7,Comfortable,49.2
1785874860000,NOISE-W,49a1ac8f-b89d-4356-8260-a3e73765a98a,958749.58,6010415.93,Comfortable,50
1785874860000,NOISE-NR1,5c7eb3a5-3ace-49d5-b023-33009a594311,959160.42,6010678.99,Comfortable,45.6
1785874860000,NOISE-NR2,a7b30385-932d-4325-b84b-ae6bdcc359e3,958613.61,6010191.3,Comfortable,45.6
1785874860000,NOISE-NR3,74469165-c65c-4435-a387-36920379578d,959234.31,6010383.42,Comfortable,47.3
1785874920000,NOISE-N,b291e7be-9f14-44ed-87c1-0f02b8ca35b3,958906.23,6010563.72,Comfortable,51.3
1785874920000,NOISE-E,7be9696e-9ace-4085-a81b-0b04c83955db,959045.15,6010445.49,Comfortable,50.8
1785874920000,NOISE-S,b543d03f-a7d0-4faa-8507-0b3e31081e0b,958885.54,6010297.7,Comfortable,50.1
1785874920000,NOISE-W,49a1ac8f-b89d-4356-8260-a3e73765a98a,958749.58,6010415.93,Comfortable,50.1
1785874920000,NOISE-NR1,5c7eb3a5-3ace-49d5-b023-33009a594311,959160.42,6010678.99,Comfortable,45.6
1785874920000,NOISE-NR2,a7b30385-932d-4325-b84b-ae6bdcc359e3,958613.61,6010191.3,Comfortable,46.3
1785874920000,NOISE-NR3,74469165-c65c-4435-a387-36920379578d,959234.31,6010383.42,Comfortable,48.1
1785874980000,NOISE-N,b291e7be-9f14-44ed-87c1-0f02b8ca35b3,958906.23,6010563.72,Comfortable,51.8
1785874980000,NOISE-E,7be9696e-9ace-4085-a81b-0b04c83955db,959045.15,6010445.49,Comfortable,50.7
1785874980000,NOISE-S,b543d03f-a7d0-4faa-8507-0b3e31081e0b,958885.54,6010297.7,Comfortable,50.4
1785874980000,NOISE-W,49a1ac8f-b89d-4356-8260-a3e73765a98a,958749.58,6010415.93,Comfortable,49.7
1785874980000,NOISE-NR1,5c7eb3a5-3ace-49d5-b023-33009a594311,959160.42,6010678.99,Comfortable,46
1785874980000,NOISE-NR2,a7b30385-932d-4325-b84b-ae6bdcc359e3,958613.61,6010191.3,Comfortable,46.6
1785874980000,NOISE-NR3,74469165-c65c-4435-a387-36920379578d,959234.31,6010383.42,Comfortable,48.7
1785875040000,NOISE-N,b291e7be-9f14-44ed-87c1-0f02b8ca35b3,958906.23,6010563.72,Comfortable,51.3
1785875040000,NOISE-E,7be9696e-9ace-4085-a81b-0b04c83955db,959045.15,6010445.49,Comfortable,50.8
1785875040000,NOISE-S,b543d03f-a7d0-4faa-8507-0b3e31081e0b,958885.54,6010297.7,Comfortable,50.1
1785875040000,NOISE-W,49a1ac8f-b89d-4356-8260-a3e73765a98a,958749.58,6010415.93,Comfortable,50.7
1785875040000,NOISE-NR1,5c7eb3a5-3ace-49d5-b023-33009a594311,959160.42,6010678.99,Comfortable,46.6
1785875040000,NOISE-NR2,a7b30385-932d-4325-b84b-ae6bdcc359e3,958613.61,6010191.3,Comfortable,46.8
1785875040000,NOISE-NR3,74469165-c65c-4435-a387-36920379578d,959234.31,6010383.42,Comfortable,48.1
1785875100000,NOISE-N,b291e7be-9f14-44ed-87c1-0f02b8ca35b3,958906.23,6010563.72,Comfortable,52
1785875100000,NOISE-E,7be9696e-9ace-4085-a81b-0b04c83955db,959045.15,6010445.49,Comfortable,50.6
1785875100000,NOISE-S,b543d03f-a7d0-4faa-8507-0b3e31081e0b,958885.54,6010297.7,Comfortable,49.4
1785875100000,NOISE-W,49a1ac8f-b89d-4356-8260-a3e73765a98a,958749.58,6010415.93,Comfortable,50
1785875100000,NOISE-NR1,5c7eb3a5-3ace-49d5-b023-33009a594311,959160.42,6010678.99,Comfortable,46.3
1785875100000,NOISE-NR2,a7b30385-932d-4325-b84b-ae6bdcc359e3,958613.61,6010191.3,Comfortable,45.9
1785875100000,NOISE-NR3,74469165-c65c-4435-a387-36920379578d,959234.31,6010383.42,Comfortable,48.8
1785875160000,NOISE-N,b291e7be-9f14-44ed-87c1-0f02b8ca35b3,958906.23,6010563.72,Comfortable,52.3
1785875160000,NOISE-E,7be9696e-9ace-4085-a81b-0b04c83955db,959045.15,6010445.49,Comfortable,50.4
1785875160000,NOISE-S,b543d03f-a7d0-4faa-8507-0b3e31081e0b,958885.54,6010297.7,Comfortable,50.2
1785875160000,NOISE-W,49a1ac8f-b89d-4356-8260-a3e73765a98a,958749.58,6010415.93,Comfortable,49.7
1785875160000,NOISE-NR1,5c7eb3a5-3ace-49d5-b023-33009a594311,959160.42,6010678.99,Comfortable,45.8
1785875160000,NOISE-NR2,a7b30385-932d-4325-b84b-ae6bdcc359e3,958613.61,6010191.3,Comfortable,46.2
1785875160000,NOISE-NR3,74469165-c65c-4435-a387-36920379578d,959234.31,6010383.42,Comfortable,48
1785875220000,NOISE-N,b291e7be-9f14-44ed-87c1-0f02b8ca35b3,958906.23,6010563.72,Comfortable,52.7
1785875220000,NOISE-E,7be9696e-9ace-4085-a81b-0b04c83955db,959045.15,6010445.49,Comfortable,51.4
1785875220000,NOISE-S,b543d03f-a7d0-4faa-8507-0b3e31081e0b,958885.54,6010297.7,Comfortable,50.2
1785875220000,NOISE-W,49a1ac8f-b89d-4356-8260-a3e73765a98a,958749.58,6010415.93,Comfortable,49.6
1785875220000,NOISE-NR1,5c7eb3a5-3ace-49d5-b023-33009a594311,959160.42,6010678.99,Comfortable,46.8
1785875220000,NOISE-NR2,a7b30385-932d-4325-b84b-ae6bdcc359e3,958613.61,6010191.3,Comfortable,46.1
1785875220000,NOISE-NR3,74469165-c65c-4435-a387-36920379578d,959234.31,6010383.42,Comfortable,47.1
1785875280000,NOISE-N,b291e7be-9f14-44ed-87c1-0f02b8ca35b3,958906.23,6010563.72,Comfortable,52.2
1785875280000,NOISE-E,7be9696e-9ace-4085-a81b-0b04c83955db,959045.15,6010445.49,Comfortable,51.8
1785875280000,NOISE-S,b543d03f-a7d0-4faa-8507-0b3e31081e0b,958885.54,6010297.7,Comfortable,50.5
1785875280000,NOISE-W,49a1ac8f-b89d-4356-8260-a3e73765a98a,958749.58,6010415.93,Comfortable,50.1
1785875280000,NOISE-NR1,5c7eb3a5-3ace-49d5-b023-33009a594311,959160.42,6010678.99,Comfortable,47.1
1785875280000,NOISE-NR2,a7b30385-932d-4325-b84b-ae6bdcc359e3,958613.61,6010191.3,Comfortable,45.5
1785875280000,NOISE-NR3,74469165-c65c-4435-a387-36920379578d,959234.31,6010383.42,Comfortable,46.6
1785875340000,NOISE-N,b291e7be-9f14-44ed-87c1-0f02b8ca35b3,958906.23,6010563.72,Comfortable,52.4
1785875340000,NOISE-E,7be9696e-9ace-4085-a81b-0b04c83955db,959045.15,6010445.49,Comfortable,51.2
1785875340000,NOISE-S,b543d03f-a7d0-4faa-8507-0b3e31081e0b,958885.54,6010297.7,Comfortable,50
1785875340000,NOISE-W,49a1ac8f-b89d-4356-8260-a3e73765a98a,958749.58,6010415.93,Comfortable,50
1785875340000,NOISE-NR1,5c7eb3a5-3ace-49d5-b023-33009a594311,959160.42,6010678.99,Comfortable,46.5
1785875340000,NOISE-NR2,a7b30385-932d-4325-b84b-ae6bdcc359e3,958613.61,6010191.3,Comfortable,45
1785875340000,NOISE-NR3,74469165-c65c-4435-a387-36920379578d,959234.31,6010383.42,Comfortable,46.8
1785875400000,NOISE-N,b291e7be-9f14-44ed-87c1-0f02b8ca35b3,958906.23,6010563.72,Comfortable,51.8
1785875400000,NOISE-E,7be9696e-9ace-4085-a81b-0b04c83955db,959045.15,6010445.49,Comfortable,50.9
1785875400000,NOISE-S,b543d03f-a7d0-4faa-8507-0b3e31081e0b,958885.54,6010297.7,Comfortable,50.8
1785875400000,NOISE-W,49a1ac8f-b89d-4356-8260-a3e73765a98a,958749.58,6010415.93,Comfortable,50.3
1785875400000,NOISE-NR1,5c7eb3a5-3ace-49d5-b023-33009a594311,959160.42,6010678.99,Comfortable,47.3
1785875400000,NOISE-NR2,a7b30385-932d-4325-b84b-ae6bdcc359e3,958613.61,6010191.3,Comfortable,45.2
1785875400000,NOISE-NR3,74469165-c65c-4435-a387-36920379578d,959234.31,6010383.42,Comfortable,46.7
1785875460000,NOISE-N,b291e7be-9f14-44ed-87c1-0f02b8ca35b3,958906.23,6010563.72,Comfortable,52.1
1785875460000,NOISE-E,7be9696e-9ace-4085-a81b-0b04c83955db,959045.15,6010445.49,Comfortable,50.4
1785875460000,NOISE-S,b543d03f-a7d0-4faa-8507-0b3e31081e0b,958885.54,6010297.7,Comfortable,50.2
1785875460000,NOISE-W,49a1ac8f-b89d-4356-8260-a3e73765a98a,958749.58,6010415.93,Comfortable,51.2
1785875460000,NOISE-NR1,5c7eb3a5-3ace-49d5-b023-33009a594311,959160.42,6010678.99,Comfortable,47.5
1785875460000,NOISE-NR2,a7b30385-932d-4325-b84b-ae6bdcc359e3,958613.61,6010191.3,Comfortable,45.1
1785875460000,NOISE-NR3,74469165-c65c-4435-a387-36920379578d,959234.31,6010383.42,Comfortable,47.2
1785875520000,NOISE-N,b291e7be-9f14-44ed-87c1-0f02b8ca35b3,958906.23,6010563.72,Comfortable,51.7
1785875520000,NOISE-E,7be9696e-9ace-4085-a81b-0b04c83955db,959045.15,6010445.49,Comfortable,51
1785875520000,NOISE-S,b543d03f-a7d0-4faa-8507-0b3e31081e0b,958885.54,6010297.7,Comfortable,50.3
1785875520000,NOISE-W,49a1ac8f-b89d-4356-8260-a3e73765a98a,958749.58,6010415.93,Comfortable,50.7
1785875520000,NOISE-NR1,5c7eb3a5-3ace-49d5-b023-33009a594311,959160.42,6010678.99,Comfortable,46.6
1785875520000,NOISE-NR2,a7b30385-932d-4325-b84b-ae6bdcc359e3,958613.61,6010191.3,Comfortable,46
1785875520000,NOISE-NR3,74469165-c65c-4435-a387-36920379578d,959234.31,6010383.42,Comfortable,47
1785875580000,NOISE-N,b291e7be-9f14-44ed-87c1-0f02b8ca35b3,958906.23,6010563.72,Comfortable,52.3
1785875580000,NOISE-E,7be9696e-9ace-4085-a81b-0b04c83955db,959045.15,6010445.49,Comfortable,51.9
1785875580000,NOISE-S,b543d03f-a7d0-4faa-8507-0b3e31081e0b,958885.54,6010297.7,Comfortable,50.2
1785875580000,NOISE-W,49a1ac8f-b89d-4356-8260-a3e73765a98a,958749.58,6010415.93,Comfortable,51.5
1785875580000,NOISE-NR1,5c7eb3a5-3ace-49d5-b023-33009a594311,959160.42,6010678.99,Comfortable,46.7
1785875580000,NOISE-NR2,a7b30385-932d-4325-b84b-ae6bdcc359e3,958613.61,6010191.3,Comfortable,45.3
1785875580000,NOISE-NR3,74469165-c65c-4435-a387-36920379578d,959234.31,6010383.42,Comfortable,47.2
1785875640000,NOISE-N,b291e7be-9f14-44ed-87c1-0f02b8ca35b3,958906.23,6010563.72,Comfortable,52.7
1785875640000,NOISE-E,7be9696e-9ace-4085-a81b-0b04c83955db,959045.15,6010445.49,Comfortable,52.6
1785875640000,NOISE-S,b543d03f-a7d0-4faa-8507-0b3e31081e0b,958885.54,6010297.7,Comfortable,49.6
1785875640000,NOISE-W,49a1ac8f-b89d-4356-8260-a3e73765a98a,958749.58,6010415.93,Comfortable,50.6
1785875640000,NOISE-NR1,5c7eb3a5-3ace-49d5-b023-33009a594311,959160.42,6010678.99,Comfortable,47
1785875640000,NOISE-NR2,a7b30385-932d-4325-b84b-ae6bdcc359e3,958613.61,6010191.3,Comfortable,45.5
1785875640000,NOISE-NR3,74469165-c65c-4435-a387-36920379578d,959234.31,6010383.42,Comfortable,46.6
1785875700000,NOISE-N,b291e7be-9f14-44ed-87c1-0f02b8ca35b3,958906.23,6010563.72,Comfortable,51.7
1785875700000,NOISE-E,7be9696e-9ace-4085-a81b-0b04c83955db,959045.15,6010445.49,Comfortable,52.7
1785875700000,NOISE-S,b543d03f-a7d0-4faa-8507-0b3e31081e0b,958885.54,6010297.7,Comfortable,50.1
1785875700000,NOISE-W,49a1ac8f-b89d-4356-8260-a3e73765a98a,958749.58,6010415.93,Comfortable,51.2
1785875700000,NOISE-NR1,5c7eb3a5-3ace-49d5-b023-33009a594311,959160.42,6010678.99,Comfortable,46.9
1785875700000,NOISE-NR2,a7b30385-932d-4325-b84b-ae6bdcc359e3,958613.61,6010191.3,Comfortable,46.2
1785875700000,NOISE-NR3,74469165-c65c-4435-a387-36920379578d,959234.31,6010383.42,Comfortable,46.5
1785875760000,NOISE-N,b291e7be-9f14-44ed-87c1-0f02b8ca35b3,958906.23,6010563.72,Comfortable,51.5
1785875760000,NOISE-E,7be9696e-9ace-4085-a81b-0b04c83955db,959045.15,6010445.49,Comfortable,53.2
1785875760000,NOISE-S,b543d03f-a7d0-4faa-8507-0b3e31081e0b,958885.54,6010297.7,Comfortable,50.4
1785875760000,NOISE-W,49a1ac8f-b89d-4356-8260-a3e73765a98a,958749.58,6010415.93,Comfortable,50.5
1785875760000,NOISE-NR1,5c7eb3a5-3ace-49d5-b023-33009a594311,959160.42,6010678.99,Comfortable,47.6
1785875760000,NOISE-NR2,a7b30385-932d-4325-b84b-ae6bdcc359e3,958613.61,6010191.3,Comfortable,45.2
1785875760000,NOISE-NR3,74469165-c65c-4435-a387-36920379578d,959234.31,6010383.42,Comfortable,46.6
1785875820000,NOISE-N,b291e7be-9f14-44ed-87c1-0f02b8ca35b3,958906.23,6010563.72,Comfortable,52.1
1785875820000,NOISE-E,7be9696e-9ace-4085-a81b-0b04c83955db,959045.15,6010445.49,Comfortable,53.4
1785875820000,NOISE-S,b543d03f-a7d0-4faa-8507-0b3e31081e0b,958885.54,6010297.7,Comfortable,50
1785875820000,NOISE-W,49a1ac8f-b89d-4356-8260-a3e73765a98a,958749.58,6010415.93,Comfortable,49.8
1785875820000,NOISE-NR1,5c7eb3a5-3ace-49d5-b023-33009a594311,959160.42,6010678.99,Comfortable,46.7
1785875820000,NOISE-NR2,a7b30385-932d-4325-b84b-ae6bdcc359e3,958613.61,6010191.3,Comfortable,44.9
1785875820000,NOISE-NR3,74469165-c65c-4435-a387-36920379578d,959234.31,6010383.42,Comfortable,46.1
1785875880000,NOISE-N,b291e7be-9f14-44ed-87c1-0f02b8ca35b3,958906.23,6010563.72,Comfortable,52.4
1785875880000,NOISE-E,7be9696e-9ace-4085-a81b-0b04c83955db,959045.15,6010445.49,Comfortable,52.3
1785875880000,NOISE-S,b543d03f-a7d0-4faa-8507-0b3e31081e0b,958885.54,6010297.7,Comfortable,50.3
1785875880000,NOISE-W,49a1ac8f-b89d-4356-8260-a3e73765a98a,958749.58,6010415.93,Comfortable,50.6
1785875880000,NOISE-NR1,5c7eb3a5-3ace-49d5-b023-33009a594311,959160.42,6010678.99,Comfortable,47.1
1785875880000,NOISE-NR2,a7b30385-932d-4325-b84b-ae6bdcc359e3,958613.61,6010191.3,Comfortable,45.9
1785875880000,NOISE-NR3,74469165-c65c-4435-a387-36920379578d,959234.31,6010383.42,Comfortable,46.7
1785875940000,NOISE-N,b291e7be-9f14-44ed-87c1-0f02b8ca35b3,958906.23,6010563.72,Comfortable,51.8
1785875940000,NOISE-E,7be9696e-9ace-4085-a81b-0b04c83955db,959045.15,6010445.49,Comfortable,52.7
1785875940000,NOISE-S,b543d03f-a7d0-4faa-8507-0b3e31081e0b,958885.54,6010297.7,Comfortable,50.4
1785875940000,NOISE-W,49a1ac8f-b89d-4356-8260-a3e73765a98a,958749.58,6010415.93,Comfortable,51
1785875940000,NOISE-NR1,5c7eb3a5-3ace-49d5-b023-33009a594311,959160.42,6010678.99,Comfortable,46.9
1785875940000,NOISE-NR2,a7b30385-932d-4325-b84b-ae6bdcc359e3,958613.61,6010191.3,Comfortable,45.1
1785875940000,NOISE-NR3,74469165-c65c-4435-a387-36920379578d,959234.31,6010383.42,Comfortable,47.7
1785876000000,NOISE-N,b291e7be-9f14-44ed-87c1-0f02b8ca35b3,958906.23,6010563.72,Comfortable,51.3
1785876000000,NOISE-E,7be9696e-9ace-4085-a81b-0b04c83955db,959045.15,6010445.49,Comfortable,52.3
1785876000000,NOISE-S,b543d03f-a7d0-4faa-8507-0b3e31081e0b,958885.54,6010297.7,Comfortable,50.9
1785876000000,NOISE-W,49a1ac8f-b89d-4356-8260-a3e73765a98a,958749.58,6010415.93,Comfortable,50.5
1785876000000,NOISE-NR1,5c7eb3a5-3ace-49d5-b023-33009a594311,959160.42,6010678.99,Comfortable,46.2
1785876000000,NOISE-NR2,a7b30385-932d-4325-b84b-ae6bdcc359e3,958613.61,6010191.3,Comfortable,45.8
1785876000000,NOISE-NR3,74469165-c65c-4435-a387-36920379578d,959234.31,6010383.42,Comfortable,48.1
1785876060000,NOISE-N,b291e7be-9f14-44ed-87c1-0f02b8ca35b3,958906.23,6010563.72,Comfortable,51.9
1785876060000,NOISE-E,7be9696e-9ace-4085-a81b-0b04c83955db,959045.15,6010445.49,Comfortable,52.3
1785876060000,NOISE-S,b543d03f-a7d0-4faa-8507-0b3e31081e0b,958885.54,6010297.7,Comfortable,50
1785876060000,NOISE-W,49a1ac8f-b89d-4356-8260-a3e73765a98a,958749.58,6010415.93,Comfortable,49.8
1785876060000,NOISE-NR1,5c7eb3a5-3ace-49d5-b023-33009a594311,959160.42,6010678.99,Comfortable,46.7
1785876060000,NOISE-NR2,a7b30385-932d-4325-b84b-ae6bdcc359e3,958613.61,6010191.3,Comfortable,45.6
1785876060000,NOISE-NR3,74469165-c65c-4435-a387-36920379578d,959234.31,6010383.42,Comfortable,48.6
1785876120000,NOISE-N,b291e7be-9f14-44ed-87c1-0f02b8ca35b3,958906.23,6010563.72,Comfortable,51.2
1785876120000,NOISE-E,7be9696e-9ace-4085-a81b-0b04c83955db,959045.15,6010445.49,Comfortable,51.7
1785876120000,NOISE-S,b543d03f-a7d0-4faa-8507-0b3e31081e0b,958885.54,6010297.7,Comfortable,49.7
1785876120000,NOISE-W,49a1ac8f-b89d-4356-8260-a3e73765a98a,958749.58,6010415.93,Comfortable,49.5
1785876120000,NOISE-NR1,5c7eb3a5-3ace-49d5-b023-33009a594311,959160.42,6010678.99,Comfortable,47.2
1785876120000,NOISE-NR2,a7b30385-932d-4325-b84b-ae6bdcc359e3,958613.61,6010191.3,Comfortable,45.8
1785876120000,NOISE-NR3,74469165-c65c-4435-a387-36920379578d,959234.31,6010383.42,Comfortable,49
1785876180000,NOISE-N,b291e7be-9f14-44ed-87c1-0f02b8ca35b3,958906.23,6010563.72,Comfortable,51.4
1785876180000,NOISE-E,7be9696e-9ace-4085-a81b-0b04c83955db,959045.15,6010445.49,Comfortable,51.9
1785876180000,NOISE-S,b543d03f-a7d0-4faa-8507-0b3e31081e0b,958885.54,6010297.7,Comfortable,50.2
1785876180000,NOISE-W,49a1ac8f-b89d-4356-8260-a3e73765a98a,958749.58,6010415.93,Comfortable,50.4
1785876180000,NOISE-NR1,5c7eb3a5-3ace-49d5-b023-33009a594311,959160.42,6010678.99,Comfortable,47.7
1785876180000,NOISE-NR2,a7b30385-932d-4325-b84b-ae6bdcc359e3,958613.61,6010191.3,Comfortable,46
1785876180000,NOISE-NR3,74469165-c65c-4435-a387-36920379578d,959234.31,6010383.42,Comfortable,49.1
1785876240000,NOISE-N,b291e7be-9f14-44ed-87c1-0f02b8ca35b3,958906.23,6010563.72,Comfortable,50.5
1785876240000,NOISE-E,7be9696e-9ace-4085-a81b-0b04c83955db,959045.15,6010445.49,Comfortable,52.2
1785876240000,NOISE-S,b543d03f-a7d0-4faa-8507-0b3e31081e0b,958885.54,6010297.7,Comfortable,49.8
1785876240000,NOISE-W,49a1ac8f-b89d-4356-8260-a3e73765a98a,958749.58,6010415.93,Comfortable,50
1785876240000,NOISE-NR1,5c7eb3a5-3ace-49d5-b023-33009a594311,959160.42,6010678.99,Comfortable,47.5
1785876240000,NOISE-NR2,a7b30385-932d-4325-b84b-ae6bdcc359e3,958613.61,6010191.3,Comfortable,46.7
1785876240000,NOISE-NR3,74469165-c65c-4435-a387-36920379578d,959234.31,6010383.42,Comfortable,48.1
1785876300000,NOISE-N,b291e7be-9f14-44ed-87c1-0f02b8ca35b3,958906.23,6010563.72,Comfortable,50.9
1785876300000,NOISE-E,7be9696e-9ace-4085-a81b-0b04c83955db,959045.15,6010445.49,Comfortable,52.8
1785876300000,NOISE-S,b543d03f-a7d0-4faa-8507-0b3e31081e0b,958885.54,6010297.7,Comfortable,49.4
1785876300000,NOISE-W,49a1ac8f-b89d-4356-8260-a3e73765a98a,958749.58,6010415.93,Comfortable,50.9
1785876300000,NOISE-NR1,5c7eb3a5-3ace-49d5-b023-33009a594311,959160.42,6010678.99,Comfortable,47.7
1785876300000,NOISE-NR2,a7b30385-932d-4325-b84b-ae6bdcc359e3,958613.61,6010191.3,Comfortable,45.7
1785876300000,NOISE-NR3,74469165-c65c-4435-a387-36920379578d,959234.31,6010383.42,Comfortable,47.8
1785876360000,NOISE-N,b291e7be-9f14-44ed-87c1-0f02b8ca35b3,958906.23,6010563.72,Comfortable,50.9
1785876360000,NOISE-E,7be9696e-9ace-4085-a81b-0b04c83955db,959045.15,6010445.49,Comfortable,52.8
1785876360000,NOISE-S,b543d03f-a7d0-4faa-8507-0b3e31081e0b,958885.54,6010297.7,Comfortable,49.6
1785876360000,NOISE-W,49a1ac8f-b89d-4356-8260-a3e73765a98a,958749.58,6010415.93,Comfortable,50.7
1785876360000,NOISE-NR1,5c7eb3a5-3ace-49d5-b023-33009a594311,959160.42,6010678.99,Comfortable,48.1
1785876360000,NOISE-NR2,a7b30385-932d-4325-b84b-ae6bdcc359e3,958613.61,6010191.3,Comfortable,45.8
1785876360000,NOISE-NR3,74469165-c65c-4435-a387-36920379578d,959234.31,6010383.42,Comfortable,47
1785876420000,NOISE-N,b291e7be-9f14-44ed-87c1-0f02b8ca35b3,958906.23,6010563.72,Comfortable,50.5
1785876420000,NOISE-E,7be9696e-9ace-4085-a81b-0b04c83955db,959045.15,6010445.49,Comfortable,52.9
1785876420000,NOISE-S,b543d03f-a7d0-4faa-8507-0b3e31081e0b,958885.54,6010297.7,Comfortable,48.9
1785876420000,NOISE-W,49a1ac8f-b89d-4356-8260-a3e73765a98a,958749.58,6010415.93,Comfortable,50.5
1785876420000,NOISE-NR1,5c7eb3a5-3ace-49d5-b023-33009a594311,959160.42,6010678.99,Comfortable,48.1
1785876420000,NOISE-NR2,a7b30385-932d-4325-b84b-ae6bdcc359e3,958613.61,6010191.3,Comfortable,46.1
1785876420000,NOISE-NR3,74469165-c65c-4435-a387-36920379578d,959234.31,6010383.42,Comfortable,47.5
1785876480000,NOISE-N,b291e7be-9f14-44ed-87c1-0f02b8ca35b3,958906.23,6010563.72,Comfortable,50.2
1785876480000,NOISE-E,7be9696e-9ace-4085-a81b-0b04c83955db,959045.15,6010445.49,Comfortable,53.3
1785876480000,NOISE-S,b543d03f-a7d0-4faa-8507-0b3e31081e0b,958885.54,6010297.7,Comfortable,49.8
1785876480000,NOISE-W,49a1ac8f-b89d-4356-8260-a3e73765a98a,958749.58,6010415.93,Comfortable,51.1
1785876480000,NOISE-NR1,5c7eb3a5-3ace-49d5-b023-33009a594311,959160.42,6010678.99,Comfortable,47.8
1785876480000,NOISE-NR2,a7b30385-932d-4325-b84b-ae6bdcc359e3,958613.61,6010191.3,Comfortable,45.7
1785876480000,NOISE-NR3,74469165-c65c-4435-a387-36920379578d,959234.31,6010383.42,Comfortable,46.9
1785876540000,NOISE-N,b291e7be-9f14-44ed-87c1-0f02b8ca35b3,958906.23,6010563.72,Comfortable,50.3
1785876540000,NOISE-E,7be9696e-9ace-4085-a81b-0b04c83955db,959045.15,6010445.49,Comfortable,53.6
1785876540000,NOISE-S,b543d03f-a7d0-4faa-8507-0b3e31081e0b,958885.54,6010297.7,Comfortable,49.9
1785876540000,NOISE-W,49a1ac8f-b89d-4356-8260-a3e73765a98a,958749.58,6010415.93,Comfortable,51.4
1785876540000,NOISE-NR1,5c7eb3a5-3ace-49d5-b023-33009a594311,959160.42,6010678.99,Comfortable,47.5
1785876540000,NOISE-NR2,a7b30385-932d-4325-b84b-ae6bdcc359e3,958613.61,6010191.3,Comfortable,45.4
1785876540000,NOISE-NR3,74469165-c65c-4435-a387-36920379578d,959234.31,6010383.42,Comfortable,47.3
1785876600000,NOISE-N,b291e7be-9f14-44ed-87c1-0f02b8ca35b3,958906.23,6010563.72,Comfortable,49.9
1785876600000,NOISE-E,7be9696e-9ace-4085-a81b-0b04c83955db,959045.15,6010445.49,Comfortable,53.9
1785876600000,NOISE-S,b543d03f-a7d0-4faa-8507-0b3e31081e0b,958885.54,6010297.7,Comfortable,49.1
1785876600000,NOISE-W,49a1ac8f-b89d-4356-8260-a3e73765a98a,958749.58,6010415.93,Comfortable,51.6
1785876600000,NOISE-NR1,5c7eb3a5-3ace-49d5-b023-33009a594311,959160.42,6010678.99,Comfortable,47.4
1785876600000,NOISE-NR2,a7b30385-932d-4325-b84b-ae6bdcc359e3,958613.61,6010191.3,Comfortable,46.1
1785876600000,NOISE-NR3,74469165-c65c-4435-a387-36920379578d,959234.31,6010383.42,Comfortable,47.3
1785876660000,NOISE-N,b291e7be-9f14-44ed-87c1-0f02b8ca35b3,958906.23,6010563.72,Comfortable,50.7
1785876660000,NOISE-E,7be9696e-9ace-4085-a81b-0b04c83955db,959045.15,6010445.49,Comfortable,52.8
1785876660000,NOISE-S,b543d03f-a7d0-4faa-8507-0b3e31081e0b,958885.54,6010297.7,Comfortable,49.8
1785876660000,NOISE-W,49a1ac8f-b89d-4356-8260-a3e73765a98a,958749.58,6010415.93,Comfortable,52.1
1785876660000,NOISE-NR1,5c7eb3a5-3ace-49d5-b023-33009a594311,959160.42,6010678.99,Comfortable,47.7
1785876660000,NOISE-NR2,a7b30385-932d-4325-b84b-ae6bdcc359e3,958613.61,6010191.3,Comfortable,46.3
1785876660000,NOISE-NR3,74469165-c65c-4435-a387-36920379578d,959234.31,6010383.42,Comfortable,48
1785876720000,NOISE-N,b291e7be-9f14-44ed-87c1-0f02b8ca35b3,958906.23,6010563.72,Comfortable,50.4
1785876720000,NOISE-E,7be9696e-9ace-4085-a81b-0b04c83955db,959045.15,6010445.49,Comfortable,53.3
1785876720000,NOISE-S,b543d03f-a7d0-4faa-8507-0b3e31081e0b,958885.54,6010297.7,Comfortable,49.7
1785876720000,NOISE-W,49a1ac8f-b89d-4356-8260-a3e73765a98a,958749.58,6010415.93,Comfortable,51.1
1785876720000,NOISE-NR1,5c7eb3a5-3ace-49d5-b023-33009a594311,959160.42,6010678.99,Comfortable,47.4
1785876720000,NOISE-NR2,a7b30385-932d-4325-b84b-ae6bdcc359e3,958613.61,6010191.3,Comfortable,46
1785876720000,NOISE-NR3,74469165-c65c-4435-a387-36920379578d,959234.31,6010383.42,Comfortable,47.6
1785876780000,NOISE-N,b291e7be-9f14-44ed-87c1-0f02b8ca35b3,958906.23,6010563.72,Comfortable,50.5
1785876780000,NOISE-E,7be9696e-9ace-4085-a81b-0b04c83955db,959045.15,6010445.49,Comfortable,53.2
1785876780000,NOISE-S,b543d03f-a7d0-4faa-8507-0b3e31081e0b,958885.54,6010297.7,Comfortable,50.6
1785876780000,NOISE-W,49a1ac8f-b89d-4356-8260-a3e73765a98a,958749.58,6010415.93,Comfortable,51.2
1785876780000,NOISE-NR1,5c7eb3a5-3ace-49d5-b023-33009a594311,959160.42,6010678.99,Comfortable,46.8
1785876780000,NOISE-NR2,a7b30385-932d-4325-b84b-ae6bdcc359e3,958613.61,6010191.3,Comfortable,46.3
1785876780000,NOISE-NR3,74469165-c65c-4435-a387-36920379578d,959234.31,6010383.42,Comfortable,46.9
1785876840000,NOISE-N,b291e7be-9f14-44ed-87c1-0f02b8ca35b3,958906.23,6010563.72,Comfortable,49.9
1785876840000,NOISE-E,7be9696e-9ace-4085-a81b-0b04c83955db,959045.15,6010445.49,Comfortable,53.4
1785876840000,NOISE-S,b543d03f-a7d0-4faa-8507-0b3e31081e0b,958885.54,6010297.7,Comfortable,50.6
1785876840000,NOISE-W,49a1ac8f-b89d-4356-8260-a3e73765a98a,958749.58,6010415.93,Comfortable,50.4
1785876840000,NOISE-NR1,5c7eb3a5-3ace-49d5-b023-33009a594311,959160.42,6010678.99,Comfortable,47.2
1785876840000,NOISE-NR2,a7b30385-932d-4325-b84b-ae6bdcc359e3,958613.61,6010191.3,Comfortable,45.9
1785876840000,NOISE-NR3,74469165-c65c-4435-a387-36920379578d,959234.31,6010383.42,Comfortable,47.1
1785876900000,NOISE-N,b291e7be-9f14-44ed-87c1-0f02b8ca35b3,958906.23,6010563.72,Comfortable,50.2
1785876900000,NOISE-E,7be9696e-9ace-4085-a81b-0b04c83955db,959045.15,6010445.49,Comfortable,52.4
1785876900000,NOISE-S,b543d03f-a7d0-4faa-8507-0b3e31081e0b,958885.54,6010297.7,Comfortable,50
1785876900000,NOISE-W,49a1ac8f-b89d-4356-8260-a3e73765a98a,958749.58,6010415.93,Comfortable,50.7
1785876900000,NOISE-NR1,5c7eb3a5-3ace-49d5-b023-33009a594311,959160.42,6010678.99,Comfortable,47.6
1785876900000,NOISE-NR2,a7b30385-932d-4325-b84b-ae6bdcc359e3,958613.61,6010191.3,Comfortable,45.1
1785876900000,NOISE-NR3,74469165-c65c-4435-a387-36920379578d,959234.31,6010383.42,Comfortable,47.9
1785876960000,NOISE-N,b291e7be-9f14-44ed-87c1-0f02b8ca35b3,958906.23,6010563.72,Comfortable,50.7
1785876960000,NOISE-E,7be9696e-9ace-4085-a81b-0b04c83955db,959045.15,6010445.49,Comfortable,51.7
1785876960000,NOISE-S,b543d03f-a7d0-4faa-8507-0b3e31081e0b,958885.54,6010297.7,Comfortable,50.7
1785876960000,NOISE-W,49a1ac8f-b89d-4356-8260-a3e73765a98a,958749.58,6010415.93,Comfortable,50.5
1785876960000,NOISE-NR1,5c7eb3a5-3ace-49d5-b023-33009a594311,959160.42,6010678.99,Comfortable,48
1785876960000,NOISE-NR2,a7b30385-932d-4325-b84b-ae6bdcc359e3,958613.61,6010191.3,Comfortable,45.6
1785876960000,NOISE-NR3,74469165-c65c-4435-a387-36920379578d,959234.31,6010383.42,Comfortable,47.1
1785877020000,NOISE-N,b291e7be-9f14-44ed-87c1-0f02b8ca35b3,958906.23,6010563.72,Comfortable,51.1
1785877020000,NOISE-E,7be9696e-9ace-4085-a81b-0b04c83955db,959045.15,6010445.49,Comfortable,51.5
1785877020000,NOISE-S,b543d03f-a7d0-4faa-8507-0b3e31081e0b,958885.54,6010297.7,Comfortable,50.9
1785877020000,NOISE-W,49a1ac8f-b89d-4356-8260-a3e73765a98a,958749.58,6010415.93,Comfortable,50.6
1785877020000,NOISE-NR1,5c7eb3a5-3ace-49d5-b023-33009a594311,959160.42,6010678.99,Comfortable,48.3
1785877020000,NOISE-NR2,a7b30385-932d-4325-b84b-ae6bdcc359e3,958613.61,6010191.3,Comfortable,45.3
1785877020000,NOISE-NR3,74469165-c65c-4435-a387-36920379578d,959234.31,6010383.42,Comfortable,47.6
1785877080000,NOISE-N,b291e7be-9f14-44ed-87c1-0f02b8ca35b3,958906.23,6010563.72,Comfortable,50.9
1785877080000,NOISE-E,7be9696e-9ace-4085-a81b-0b04c83955db,959045.15,6010445.49,Comfortable,51.1
1785877080000,NOISE-S,b543d03f-a7d0-4faa-8507-0b3e31081e0b,958885.54,6010297.7,Comfortable,50.3
1785877080000,NOISE-W,49a1ac8f-b89d-4356-8260-a3e73765a98a,958749.58,6010415.93,Comfortable,51
1785877080000,NOISE-NR1,5c7eb3a5-3ace-49d5-b023-33009a594311,959160.42,6010678.99,Comfortable,47.5
1785877080000,NOISE-NR2,a7b30385-932d-4325-b84b-ae6bdcc359e3,958613.61,6010191.3,Comfortable,44.6
1785877080000,NOISE-NR3,74469165-c65c-4435-a387-36920379578d,959234.31,6010383.42,Comfortable,47.3
1785877140000,NOISE-N,b291e7be-9f14-44ed-87c1-0f02b8ca35b3,958906.23,6010563.72,Comfortable,51.1
1785877140000,NOISE-E,7be9696e-9ace-4085-a81b-0b04c83955db,959045.15,6010445.49,Comfortable,51.5
1785877140000,NOISE-S,b543d03f-a7d0-4faa-8507-0b3e31081e0b,958885.54,6010297.7,Comfortable,50.9
1785877140000,NOISE-W,49a1ac8f-b89d-4356-8260-a3e73765a98a,958749.58,6010415.93,Comfortable,50.7
1785877140000,NOISE-NR1,5c7eb3a5-3ace-49d5-b023-33009a594311,959160.42,6010678.99,Comfortable,47.3
1785877140000,NOISE-NR2,a7b30385-932d-4325-b84b-ae6bdcc359e3,958613.61,6010191.3,Comfortable,44.8
1785877140000,NOISE-NR3,74469165-c65c-4435-a387-36920379578d,959234.31,6010383.42,Comfortable,47.6
1785877200000,NOISE-N,b291e7be-9f14-44ed-87c1-0f02b8ca35b3,958906.23,6010563.72,Comfortable,51
1785877200000,NOISE-E,7be9696e-9ace-4085-a81b-0b04c83955db,959045.15,6010445.49,Comfortable,52.4
1785877200000,NOISE-S,b543d03f-a7d0-4faa-8507-0b3e31081e0b,958885.54,6010297.7,Comfortable,50.3
1785877200000,NOISE-W,49a1ac8f-b89d-4356-8260-a3e73765a98a,958749.58,6010415.93,Comfortable,50.3
1785877200000,NOISE-NR1,5c7eb3a5-3ace-49d5-b023-33009a594311,959160.42,6010678.99,Comfortable,46.9
1785877200000,NOISE-NR2,a7b30385-932d-4325-b84b-ae6bdcc359e3,958613.61,6010191.3,Comfortable,44.6
1785877200000,NOISE-NR3,74469165-c65c-4435-a387-36920379578d,959234.31,6010383.42,Comfortable,48
1785877260000,NOISE-N,b291e7be-9f14-44ed-87c1-0f02b8ca35b3,958906.23,6010563.72,Comfortable,50.5
1785877260000,NOISE-E,7be9696e-9ace-4085-a81b-0b04c83955db,959045.15,6010445.49,Comfortable,51.8
1785877260000,NOISE-S,b543d03f-a7d0-4faa-8507-0b3e31081e0b,958885.54,6010297.7,Comfortable,50.4
1785877260000,NOISE-W,49a1ac8f-b89d-4356-8260-a3e73765a98a,958749.58,6010415.93,Comfortable,50.5
1785877260000,NOISE-NR1,5c7eb3a5-3ace-49d5-b023-33009a594311,959160.42,6010678.99,Comfortable,46.8
1785877260000,NOISE-NR2,a7b30385-932d-4325-b84b-ae6bdcc359e3,958613.61,6010191.3,Comfortable,44.5
1785877260000,NOISE-NR3,74469165-c65c-4435-a387-36920379578d,959234.31,6010383.42,Comfortable,48.3
1785877320000,NOISE-N,b291e7be-9f14-44ed-87c1-0f02b8ca35b3,958906.23,6010563.72,Comfortable,50.5
1785877320000,NOISE-E,7be9696e-9ace-4085-a81b-0b04c83955db,959045.15,6010445.49,Comfortable,51
1785877320000,NOISE-S,b543d03f-a7d0-4faa-8507-0b3e31081e0b,958885.54,6010297.7,Comfortable,49.6
1785877320000,NOISE-W,49a1ac8f-b89d-4356-8260-a3e73765a98a,958749.58,6010415.93,Comfortable,50.3
1785877320000,NOISE-NR1,5c7eb3a5-3ace-49d5-b023-33009a594311,959160.42,6010678.99,Comfortable,46.4
1785877320000,NOISE-NR2,a7b30385-932d-4325-b84b-ae6bdcc359e3,958613.61,6010191.3,Comfortable,44.5
1785877320000,NOISE-NR3,74469165-c65c-4435-a387-36920379578d,959234.31,6010383.42,Comfortable,48.4
1785877380000,NOISE-N,b291e7be-9f14-44ed-87c1-0f02b8ca35b3,958906.23,6010563.72,Comfortable,51.3
1785877380000,NOISE-E,7be9696e-9ace-4085-a81b-0b04c83955db,959045.15,6010445.49,Comfortable,50.8
1785877380000,NOISE-S,b543d03f-a7d0-4faa-8507-0b3e31081e0b,958885.54,6010297.7,Comfortable,49.6
1785877380000,NOISE-W,49a1ac8f-b89d-4356-8260-a3e73765a98a,958749.58,6010415.93,Comfortable,50.6
1785877380000,NOISE-NR1,5c7eb3a5-3ace-49d5-b023-33009a594311,959160.42,6010678.99,Comfortable,46.6
1785877380000,NOISE-NR2,a7b30385-932d-4325-b84b-ae6bdcc359e3,958613.61,6010191.3,Comfortable,44.9
1785877380000,NOISE-NR3,74469165-c65c-4435-a387-36920379578d,959234.31,6010383.42,Comfortable,48.2
1785877440000,NOISE-N,b291e7be-9f14-44ed-87c1-0f02b8ca35b3,958906.23,6010563.72,Comfortable,51.5
1785877440000,NOISE-E,7be9696e-9ace-4085-a81b-0b04c83955db,959045.15,6010445.49,Comfortable,51.1
1785877440000,NOISE-S,b543d03f-a7d0-4faa-8507-0b3e31081e0b,958885.54,6010297.7,Comfortable,49.9
1785877440000,NOISE-W,49a1ac8f-b89d-4356-8260-a3e73765a98a,958749.58,6010415.93,Comfortable,51.2
1785877440000,NOISE-NR1,5c7eb3a5-3ace-49d5-b023-33009a594311,959160.42,6010678.99,Comfortable,46.7
1785877440000,NOISE-NR2,a7b30385-932d-4325-b84b-ae6bdcc359e3,958613.61,6010191.3,Comfortable,45.1
1785877440000,NOISE-NR3,74469165-c65c-4435-a387-36920379578d,959234.31,6010383.42,Comfortable,48.3
1785877500000,NOISE-N,b291e7be-9f14-44ed-87c1-0f02b8ca35b3,958906.23,6010563.72,Comfortable,51.2
1785877500000,NOISE-E,7be9696e-9ace-4085-a81b-0b04c83955db,959045.15,6010445.49,Comfortable,50.9
1785877500000,NOISE-S,b543d03f-a7d0-4faa-8507-0b3e31081e0b,958885.54,6010297.7,Comfortable,49.9
1785877500000,NOISE-W,49a1ac8f-b89d-4356-8260-a3e73765a98a,958749.58,6010415.93,Comfortable,51.4
1785877500000,NOISE-NR1,5c7eb3a5-3ace-49d5-b023-33009a594311,959160.42,6010678.99,Comfortable,47.3
1785877500000,NOISE-NR2,a7b30385-932d-4325-b84b-ae6bdcc359e3,958613.61,6010191.3,Comfortable,45.4
1785877500000,NOISE-NR3,74469165-c65c-4435-a387-36920379578d,959234.31,6010383.42,Comfortable,48
1785877560000,NOISE-N,b291e7be-9f14-44ed-87c1-0f02b8ca35b3,958906.23,6010563.72,Comfortable,50.8
1785877560000,NOISE-E,7be9696e-9ace-4085-a81b-0b04c83955db,959045.15,6010445.49,Comfortable,51.4
1785877560000,NOISE-S,b543d03f-a7d0-4faa-8507-0b3e31081e0b,958885.54,6010297.7,Comfortable,50.4
1785877560000,NOISE-W,49a1ac8f-b89d-4356-8260-a3e73765a98a,958749.58,6010415.93,Comfortable,51.4
1785877560000,NOISE-NR1,5c7eb3a5-3ace-49d5-b023-33009a594311,959160.42,6010678.99,Comfortable,46.8
1785877560000,NOISE-NR2,a7b30385-932d-4325-b84b-ae6bdcc359e3,958613.61,6010191.3,Comfortable,44.7
1785877560000,NOISE-NR3,74469165-c65c-4435-a387-36920379578d,959234.31,6010383.42,Comfortable,47.6
1785877620000,NOISE-N,b291e7be-9f14-44ed-87c1-0f02b8ca35b3,958906.23,6010563.72,Comfortable,50.6
1785877620000,NOISE-E,7be9696e-9ace-4085-a81b-0b04c83955db,959045.15,6010445.49,Comfortable,52.3
1785877620000,NOISE-S,b543d03f-a7d0-4faa-8507-0b3e31081e0b,958885.54,6010297.7,Comfortable,49.8
1785877620000,NOISE-W,49a1ac8f-b89d-4356-8260-a3e73765a98a,958749.58,6010415.93,Comfortable,50.6
1785877620000,NOISE-NR1,5c7eb3a5-3ace-49d5-b023-33009a594311,959160.42,6010678.99,Comfortable,46.6
1785877620000,NOISE-NR2,a7b30385-932d-4325-b84b-ae6bdcc359e3,958613.61,6010191.3,Comfortable,45.4
1785877620000,NOISE-NR3,74469165-c65c-4435-a387-36920379578d,959234.31,6010383.42,Comfortable,47.3
1785877680000,NOISE-N,b291e7be-9f14-44ed-87c1-0f02b8ca35b3,958906.23,6010563.72,Comfortable,50.1
1785877680000,NOISE-E,7be9696e-9ace-4085-a81b-0b04c83955db,959045.15,6010445.49,Comfortable,52.8
1785877680000,NOISE-S,b543d03f-a7d0-4faa-8507-0b3e31081e0b,958885.54,6010297.7,Comfortable,50
1785877680000,NOISE-W,49a1ac8f-b89d-4356-8260-a3e73765a98a,958749.58,6010415.93,Comfortable,50.1
1785877680000,NOISE-NR1,5c7eb3a5-3ace-49d5-b023-33009a594311,959160.42,6010678.99,Comfortable,46.1
1785877680000,NOISE-NR2,a7b30385-932d-4325-b84b-ae6bdcc359e3,958613.61,6010191.3,Comfortable,46.1
1785877680000,NOISE-NR3,74469165-c65c-4435-a387-36920379578d,959234.31,6010383.42,Comfortable,48
1785877740000,NOISE-N,b291e7be-9f14-44ed-87c1-0f02b8ca35b3,958906.23,6010563.72,Comfortable,49.5
1785877740000,NOISE-E,7be9696e-9ace-4085-a81b-0b04c83955db,959045.15,6010445.49,Comfortable,52.3
1785877740000,NOISE-S,b543d03f-a7d0-4faa-8507-0b3e31081e0b,958885.54,6010297.7,Comfortable,50.8
1785877740000,NOISE-W,49a1ac8f-b89d-4356-8260-a3e73765a98a,958749.58,6010415.93,Comfortable,49.6
1785877740000,NOISE-NR1,5c7eb3a5-3ace-49d5-b023-33009a594311,959160.42,6010678.99,Comfortable,45.9
1785877740000,NOISE-NR2,a7b30385-932d-4325-b84b-ae6bdcc359e3,958613.61,6010191.3,Comfortable,46.1
1785877740000,NOISE-NR3,74469165-c65c-4435-a387-36920379578d,959234.31,6010383.42,Comfortable,47.4
1785877800000,NOISE-N,b291e7be-9f14-44ed-87c1-0f02b8ca35b3,958906.23,6010563.72,Comfortable,49.7
1785877800000,NOISE-E,7be9696e-9ace-4085-a81b-0b04c83955db,959045.15,6010445.49,Comfortable,52.8
1785877800000,NOISE-S,b543d03f-a7d0-4faa-8507-0b3e31081e0b,958885.54,6010297.7,Comfortable,50.6
1785877800000,NOISE-W,49a1ac8f-b89d-4356-8260-a3e73765a98a,958749.58,6010415.93,Comfortable,50.4
1785877800000,NOISE-NR1,5c7eb3a5-3ace-49d5-b023-33009a594311,959160.42,6010678.99,Comfortable,45.9
1785877800000,NOISE-NR2,a7b30385-932d-4325-b84b-ae6bdcc359e3,958613.61,6010191.3,Comfortable,45.7
1785877800000,NOISE-NR3,74469165-c65c-4435-a387-36920379578d,959234.31,6010383.42,Comfortable,48.1
1785877860000,NOISE-N,b291e7be-9f14-44ed-87c1-0f02b8ca35b3,958906.23,6010563.72,Comfortable,50.2
1785877860000,NOISE-E,7be9696e-9ace-4085-a81b-0b04c83955db,959045.15,6010445.49,Comfortable,52.3
1785877860000,NOISE-S,b543d03f-a7d0-4faa-8507-0b3e31081e0b,958885.54,6010297.7,Comfortable,50.2
1785877860000,NOISE-W,49a1ac8f-b89d-4356-8260-a3e73765a98a,958749.58,6010415.93,Comfortable,49.8
1785877860000,NOISE-NR1,5c7eb3a5-3ace-49d5-b023-33009a594311,959160.42,6010678.99,Comfortable,46.3
1785877860000,NOISE-NR2,a7b30385-932d-4325-b84b-ae6bdcc359e3,958613.61,6010191.3,Comfortable,46
1785877860000,NOISE-NR3,74469165-c65c-4435-a387-36920379578d,959234.31,6010383.42,Comfortable,47.7
1785877920000,NOISE-N,b291e7be-9f14-44ed-87c1-0f02b8ca35b3,958906.23,6010563.72,Comfortable,50.3
1785877920000,NOISE-E,7be9696e-9ace-4085-a81b-0b04c83955db,959045.15,6010445.49,Comfortable,51.6
1785877920000,NOISE-S,b543d03f-a7d0-4faa-8507-0b3e31081e0b,958885.54,6010297.7,Comfortable,50.8
1785877920000,NOISE-W,49a1ac8f-b89d-4356-8260-a3e73765a98a,958749.58,6010415.93,Comfortable,50.4
1785877920000,NOISE-NR1,5c7eb3a5-3ace-49d5-b023-33009a594311,959160.42,6010678.99,Comfortable,45.7
1785877920000,NOISE-NR2,a7b30385-932d-4325-b84b-ae6bdcc359e3,958613.61,6010191.3,Comfortable,46.2
1785877920000,NOISE-NR3,74469165-c65c-4435-a387-36920379578d,959234.31,6010383.42,Comfortable,48
1785877980000,NOISE-N,b291e7be-9f14-44ed-87c1-0f02b8ca35b3,958906.23,6010563.72,Comfortable,50
1785877980000,NOISE-E,7be9696e-9ace-4085-a81b-0b04c83955db,959045.15,6010445.49,Comfortable,51.3
1785877980000,NOISE-S,b543d03f-a7d0-4faa-8507-0b3e31081e0b,958885.54,6010297.7,Comfortable,50.6
1785877980000,NOISE-W,49a1ac8f-b89d-4356-8260-a3e73765a98a,958749.58,6010415.93,Comfortable,50.7
1785877980000,NOISE-NR1,5c7eb3a5-3ace-49d5-b023-33009a594311,959160.42,6010678.99,Comfortable,46.2
1785877980000,NOISE-NR2,a7b30385-932d-4325-b84b-ae6bdcc359e3,958613.61,6010191.3,Comfortable,45.6
1785877980000,NOISE-NR3,74469165-c65c-4435-a387-36920379578d,959234.31,6010383.42,Comfortable,47.6
1785878040000,NOISE-N,b291e7be-9f14-44ed-87c1-0f02b8ca35b3,958906.23,6010563.72,Comfortable,50
1785878040000,NOISE-E,7be9696e-9ace-4085-a81b-0b04c83955db,959045.15,6010445.49,Comfortable,50.7
1785878040000,NOISE-S,b543d03f-a7d0-4faa-8507-0b3e31081e0b,958885.54,6010297.7,Comfortable,51
1785878040000,NOISE-W,49a1ac8f-b89d-4356-8260-a3e73765a98a,958749.58,6010415.93,Comfortable,51.2
1785878040000,NOISE-NR1,5c7eb3a5-3ace-49d5-b023-33009a594311,959160.42,6010678.99,Comfortable,46.3
1785878040000,NOISE-NR2,a7b30385-932d-4325-b84b-ae6bdcc359e3,958613.61,6010191.3,Comfortable,45.5
1785878040000,NOISE-NR3,74469165-c65c-4435-a387-36920379578d,959234.31,6010383.42,Comfortable,46.9
1785878100000,NOISE-N,b291e7be-9f14-44ed-87c1-0f02b8ca35b3,958906.23,6010563.72,Comfortable,50.7
1785878100000,NOISE-E,7be9696e-9ace-4085-a81b-0b04c83955db,959045.15,6010445.49,Comfortable,50.3
1785878100000,NOISE-S,b543d03f-a7d0-4faa-8507-0b3e31081e0b,958885.54,6010297.7,Comfortable,50.2
1785878100000,NOISE-W,49a1ac8f-b89d-4356-8260-a3e73765a98a,958749.58,6010415.93,Comfortable,51
1785878100000,NOISE-NR1,5c7eb3a5-3ace-49d5-b023-33009a594311,959160.42,6010678.99,Comfortable,46.2
1785878100000,NOISE-NR2,a7b30385-932d-4325-b84b-ae6bdcc359e3,958613.61,6010191.3,Comfortable,45.7
1785878100000,NOISE-NR3,74469165-c65c-4435-a387-36920379578d,959234.31,6010383.42,Comfortable,47.6
1785878160000,NOISE-N,b291e7be-9f14-44ed-87c1-0f02b8ca35b3,958906.23,6010563.72,Comfortable,50.9
1785878160000,NOISE-E,7be9696e-9ace-4085-a81b-0b04c83955db,959045.15,6010445.49,Comfortable,50.5
1785878160000,NOISE-S,b543d03f-a7d0-4faa-8507-0b3e31081e0b,958885.54,6010297.7,Comfortable,49.4
1785878160000,NOISE-W,49a1ac8f-b89d-4356-8260-a3e73765a98a,958749.58,6010415.93,Comfortable,51.7
1785878160000,NOISE-NR1,5c7eb3a5-3ace-49d5-b023-33009a594311,959160.42,6010678.99,Comfortable,46.7
1785878160000,NOISE-NR2,a7b30385-932d-4325-b84b-ae6bdcc359e3,958613.61,6010191.3,Comfortable,45.2
1785878160000,NOISE-NR3,74469165-c65c-4435-a387-36920379578d,959234.31,6010383.42,Comfortable,47.3
1785878220000,NOISE-N,b291e7be-9f14-44ed-87c1-0f02b8ca35b3,958906.23,6010563.72,Comfortable,51.5
1785878220000,NOISE-E,7be9696e-9ace-4085-a81b-0b04c83955db,959045.15,6010445.49,Comfortable,51
1785878220000,NOISE-S,b543d03f-a7d0-4faa-8507-0b3e31081e0b,958885.54,6010297.7,Comfortable,50.3
1785878220000,NOISE-W,49a1ac8f-b89d-4356-8260-a3e73765a98a,958749.58,6010415.93,Comfortable,51.4
1785878220000,NOISE-NR1,5c7eb3a5-3ace-49d5-b023-33009a594311,959160.42,6010678.99,Comfortable,47.3
1785878220000,NOISE-NR2,a7b30385-932d-4325-b84b-ae6bdcc359e3,958613.61,6010191.3,Comfortable,45.4
1785878220000,NOISE-NR3,74469165-c65c-4435-a387-36920379578d,959234.31,6010383.42,Comfortable,47.2
1785878280000,NOISE-N,b291e7be-9f14-44ed-87c1-0f02b8ca35b3,958906.23,6010563.72,Comfortable,51.5
1785878280000,NOISE-E,7be9696e-9ace-4085-a81b-0b04c83955db,959045.15,6010445.49,Comfortable,52
1785878280000,NOISE-S,b543d03f-a7d0-4faa-8507-0b3e31081e0b,958885.54,6010297.7,Comfortable,50.8
1785878280000,NOISE-W,49a1ac8f-b89d-4356-8260-a3e73765a98a,958749.58,6010415.93,Comfortable,50.6
1785878280000,NOISE-NR1,5c7eb3a5-3ace-49d5-b023-33009a594311,959160.42,6010678.99,Comfortable,47.8
1785878280000,NOISE-NR2,a7b30385-932d-4325-b84b-ae6bdcc359e3,958613.61,6010191.3,Comfortable,46.2
1785878280000,NOISE-NR3,74469165-c65c-4435-a387-36920379578d,959234.31,6010383.42,Comfortable,47.4
1785878340000,NOISE-N,b291e7be-9f14-44ed-87c1-0f02b8ca35b3,958906.23,6010563.72,Comfortable,51.2
1785878340000,NOISE-E,7be9696e-9ace-4085-a81b-0b04c83955db,959045.15,6010445.49,Comfortable,52.3
1785878340000,NOISE-S,b543d03f-a7d0-4faa-8507-0b3e31081e0b,958885.54,6010297.7,Comfortable,50
1785878340000,NOISE-W,49a1ac8f-b89d-4356-8260-a3e73765a98a,958749.58,6010415.93,Comfortable,50.7
1785878340000,NOISE-NR1,5c7eb3a5-3ace-49d5-b023-33009a594311,959160.42,6010678.99,Comfortable,47.4
1785878340000,NOISE-NR2,a7b30385-932d-4325-b84b-ae6bdcc359e3,958613.61,6010191.3,Comfortable,45.5
1785878340000,NOISE-NR3,74469165-c65c-4435-a387-36920379578d,959234.31,6010383.42,Comfortable,48.1
1785878400000,NOISE-N,b291e7be-9f14-44ed-87c1-0f02b8ca35b3,958906.23,6010563.72,Comfortable,51
1785878400000,NOISE-E,7be9696e-9ace-4085-a81b-0b04c83955db,959045.15,6010445.49,Comfortable,52.2
1785878400000,NOISE-S,b543d03f-a7d0-4faa-8507-0b3e31081e0b,958885.54,6010297.7,Comfortable,50.6
1785878400000,NOISE-W,49a1ac8f-b89d-4356-8260-a3e73765a98a,958749.58,6010415.93,Comfortable,50
1785878400000,NOISE-NR1,5c7eb3a5-3ace-49d5-b023-33009a594311,959160.42,6010678.99,Comfortable,47.8
1785878400000,NOISE-NR2,a7b30385-932d-4325-b84b-ae6bdcc359e3,958613.61,6010191.3,Comfortable,45.8
1785878400000,NOISE-NR3,74469165-c65c-4435-a387-36920379578d,959234.31,6010383.42,Comfortable,48.2
1785878460000,NOISE-N,b291e7be-9f14-44ed-87c1-0f02b8ca35b3,958906.23,6010563.72,Comfortable,51.5
1785878460000,NOISE-E,7be9696e-9ace-4085-a81b-0b04c83955db,959045.15,6010445.49,Comfortable,51.9
1785878460000,NOISE-S,b543d03f-a7d0-4faa-8507-0b3e31081e0b,958885.54,6010297.7,Comfortable,49.8
1785878460000,NOISE-W,49a1ac8f-b89d-4356-8260-a3e73765a98a,958749.58,6010415.93,Comfortable,50.9
1785878460000,NOISE-NR1,5c7eb3a5-3ace-49d5-b023-33009a594311,959160.42,6010678.99,Comfortable,47.1
1785878460000,NOISE-NR2,a7b30385-932d-4325-b84b-ae6bdcc359e3,958613.61,6010191.3,Comfortable,45.5
1785878460000,NOISE-NR3,74469165-c65c-4435-a387-36920379578d,959234.31,6010383.42,Comfortable,48.9
1785878520000,NOISE-N,b291e7be-9f14-44ed-87c1-0f02b8ca35b3,958906.23,6010563.72,Comfortable,51.2
1785878520000,NOISE-E,7be9696e-9ace-4085-a81b-0b04c83955db,959045.15,6010445.49,Comfortable,51.7
1785878520000,NOISE-S,b543d03f-a7d0-4faa-8507-0b3e31081e0b,958885.54,6010297.7,Comfortable,49.3
1785878520000,NOISE-W,49a1ac8f-b89d-4356-8260-a3e73765a98a,958749.58,6010415.93,Comfortable,51.2
1785878520000,NOISE-NR1,5c7eb3a5-3ace-49d5-b023-33009a594311,959160.42,6010678.99,Comfortable,46.5
1785878520000,NOISE-NR2,a7b30385-932d-4325-b84b-ae6bdcc359e3,958613.61,6010191.3,Comfortable,45.2
1785878520000,NOISE-NR3,74469165-c65c-4435-a387-36920379578d,959234.31,6010383.42,Comfortable,49.3
1785878580000,NOISE-N,b291e7be-9f14-44ed-87c1-0f02b8ca35b3,958906.23,6010563.72,Comfortable,50.9
1785878580000,NOISE-E,7be9696e-9ace-4085-a81b-0b04c83955db,959045.15,6010445.49,Comfortable,52.3
1785878580000,NOISE-S,b543d03f-a7d0-4faa-8507-0b3e31081e0b,958885.54,6010297.7,Comfortable,49.7
1785878580000,NOISE-W,49a1ac8f-b89d-4356-8260-a3e73765a98a,958749.58,6010415.93,Comfortable,50.8
1785878580000,NOISE-NR1,5c7eb3a5-3ace-49d5-b023-33009a594311,959160.42,6010678.99,Comfortable,46.4
1785878580000,NOISE-NR2,a7b30385-932d-4325-b84b-ae6bdcc359e3,958613.61,6010191.3,Comfortable,45.1
1785878580000,NOISE-NR3,74469165-c65c-4435-a387-36920379578d,959234.31,6010383.42,Comfortable,48.3
1785878640000,NOISE-N,b291e7be-9f14-44ed-87c1-0f02b8ca35b3,958906.23,6010563.72,Comfortable,51.6
1785878640000,NOISE-E,7be9696e-9ace-4085-a81b-0b04c83955db,959045.15,6010445.49,Comfortable,51.9
1785878640000,NOISE-S,b543d03f-a7d0-4faa-8507-0b3e31081e0b,958885.54,6010297.7,Comfortable,49.4
1785878640000,NOISE-W,49a1ac8f-b89d-4356-8260-a3e73765a98a,958749.58,6010415.93,Comfortable,50.6
1785878640000,NOISE-NR1,5c7eb3a5-3ace-49d5-b023-33009a594311,959160.42,6010678.99,Comfortable,46.5
1785878640000,NOISE-NR2,a7b30385-932d-4325-b84b-ae6bdcc359e3,958613.61,6010191.3,Comfortable,45.3
1785878640000,NOISE-NR3,74469165-c65c-4435-a387-36920379578d,959234.31,6010383.42,Comfortable,48.1
1785878700000,NOISE-N,b291e7be-9f14-44ed-87c1-0f02b8ca35b3,958906.23,6010563.72,Comfortable,52.1
1785878700000,NOISE-E,7be9696e-9ace-4085-a81b-0b04c83955db,959045.15,6010445.49,Comfortable,51.6
1785878700000,NOISE-S,b543d03f-a7d0-4faa-8507-0b3e31081e0b,958885.54,6010297.7,Comfortable,49.7
1785878700000,NOISE-W,49a1ac8f-b89d-4356-8260-a3e73765a98a,958749.58,6010415.93,Comfortable,51.3
1785878700000,NOISE-NR1,5c7eb3a5-3ace-49d5-b023-33009a594311,959160.42,6010678.99,Comfortable,46.3
1785878700000,NOISE-NR2,a7b30385-932d-4325-b84b-ae6bdcc359e3,958613.61,6010191.3,Comfortable,45.2
1785878700000,NOISE-NR3,74469165-c65c-4435-a387-36920379578d,959234.31,6010383.42,Comfortable,48.3
1785878760000,NOISE-N,b291e7be-9f14-44ed-87c1-0f02b8ca35b3,958906.23,6010563.72,Comfortable,51.5
1785878760000,NOISE-E,7be9696e-9ace-4085-a81b-0b04c83955db,959045.15,6010445.49,Comfortable,50.9
1785878760000,NOISE-S,b543d03f-a7d0-4faa-8507-0b3e31081e0b,958885.54,6010297.7,Comfortable,49.5
1785878760000,NOISE-W,49a1ac8f-b89d-4356-8260-a3e73765a98a,958749.58,6010415.93,Comfortable,51.8
1785878760000,NOISE-NR1,5c7eb3a5-3ace-49d5-b023-33009a594311,959160.42,6010678.99,Comfortable,46.7
1785878760000,NOISE-NR2,a7b30385-932d-4325-b84b-ae6bdcc359e3,958613.61,6010191.3,Comfortable,45
1785878760000,NOISE-NR3,74469165-c65c-4435-a387-36920379578d,959234.31,6010383.42,Comfortable,48.1
1785878820000,NOISE-N,b291e7be-9f14-44ed-87c1-0f02b8ca35b3,958906.23,6010563.72,Comfortable,51.3
1785878820000,NOISE-E,7be9696e-9ace-4085-a81b-0b04c83955db,959045.15,6010445.49,Comfortable,51.2
1785878820000,NOISE-S,b543d03f-a7d0-4faa-8507-0b3e31081e0b,958885.54,6010297.7,Comfortable,50.3
1785878820000,NOISE-W,49a1ac8f-b89d-4356-8260-a3e73765a98a,958749.58,6010415.93,Comfortable,50.9
1785878820000,NOISE-NR1,5c7eb3a5-3ace-49d5-b023-33009a594311,959160.42,6010678.99,Comfortable,46.9
1785878820000,NOISE-NR2,a7b30385-932d-4325-b84b-ae6bdcc359e3,958613.61,6010191.3,Comfortable,45.7
1785878820000,NOISE-NR3,74469165-c65c-4435-a387-36920379578d,959234.31,6010383.42,Comfortable,47.6
1785878880000,NOISE-N,b291e7be-9f14-44ed-87c1-0f02b8ca35b3,958906.23,6010563.72,Comfortable,50.6
1785878880000,NOISE-E,7be9696e-9ace-4085-a81b-0b04c83955db,959045.15,6010445.49,Comfortable,50.8
1785878880000,NOISE-S,b543d03f-a7d0-4faa-8507-0b3e31081e0b,958885.54,6010297.7,Comfortable,50.7
1785878880000,NOISE-W,49a1ac8f-b89d-4356-8260-a3e73765a98a,958749.58,6010415.93,Comfortable,51.3
1785878880000,NOISE-NR1,5c7eb3a5-3ace-49d5-b023-33009a594311,959160.42,6010678.99,Comfortable,47.5
1785878880000,NOISE-NR2,a7b30385-932d-4325-b84b-ae6bdcc359e3,958613.61,6010191.3,Comfortable,45.6
1785878880000,NOISE-NR3,74469165-c65c-4435-a387-36920379578d,959234.31,6010383.42,Comfortable,47.9
1785878940000,NOISE-N,b291e7be-9f14-44ed-87c1-0f02b8ca35b3,958906.23,6010563.72,Comfortable,50.7
1785878940000,NOISE-E,7be9696e-9ace-4085-a81b-0b04c83955db,959045.15,6010445.49,Comfortable,51
1785878940000,NOISE-S,b543d03f-a7d0-4faa-8507-0b3e31081e0b,958885.54,6010297.7,Comfortable,50
1785878940000,NOISE-W,49a1ac8f-b89d-4356-8260-a3e73765a98a,958749.58,6010415.93,Comfortable,50.5
1785878940000,NOISE-NR1,5c7eb3a5-3ace-49d5-b023-33009a594311,959160.42,6010678.99,Comfortable,47.6
1785878940000,NOISE-NR2,a7b30385-932d-4325-b84b-ae6bdcc359e3,958613.61,6010191.3,Comfortable,45.3
1785878940000,NOISE-NR3,74469165-c65c-4435-a387-36920379578d,959234.31,6010383.42,Comfortable,48.6
1785879000000,NOISE-N,b291e7be-9f14-44ed-87c1-0f02b8ca35b3,958906.23,6010563.72,Comfortable,50.2
1785879000000,NOISE-E,7be9696e-9ace-4085-a81b-0b04c83955db,959045.15,6010445.49,Comfortable,51
1785879000000,NOISE-S,b543d03f-a7d0-4faa-8507-0b3e31081e0b,958885.54,6010297.7,Comfortable,50.1
1785879000000,NOISE-W,49a1ac8f-b89d-4356-8260-a3e73765a98a,958749.58,6010415.93,Comfortable,50.6
1785879000000,NOISE-NR1,5c7eb3a5-3ace-49d5-b023-33009a594311,959160.42,6010678.99,Comfortable,47.6
1785879000000,NOISE-NR2,a7b30385-932d-4325-b84b-ae6bdcc359e3,958613.61,6010191.3,Comfortable,45.4
1785879000000,NOISE-NR3,74469165-c65c-4435-a387-36920379578d,959234.31,6010383.42,Comfortable,47.8
1785879060000,NOISE-N,b291e7be-9f14-44ed-87c1-0f02b8ca35b3,958906.23,6010563.72,Comfortable,50.9
1785879060000,NOISE-E,7be9696e-9ace-4085-a81b-0b04c83955db,959045.15,6010445.49,Comfortable,51.9
1785879060000,NOISE-S,b543d03f-a7d0-4faa-8507-0b3e31081e0b,958885.54,6010297.7,Comfortable,49.5
1785879060000,NOISE-W,49a1ac8f-b89d-4356-8260-a3e73765a98a,958749.58,6010415.93,Comfortable,51
1785879060000,NOISE-NR1,5c7eb3a5-3ace-49d5-b023-33009a594311,959160.42,6010678.99,Comfortable,48
1785879060000,NOISE-NR2,a7b30385-932d-4325-b84b-ae6bdcc359e3,958613.61,6010191.3,Comfortable,45.2
1785879060000,NOISE-NR3,74469165-c65c-4435-a387-36920379578d,959234.31,6010383.42,Comfortable,47.9
1785879120000,NOISE-N,b291e7be-9f14-44ed-87c1-0f02b8ca35b3,958906.23,6010563.72,Comfortable,51.1
1785879120000,NOISE-E,7be9696e-9ace-4085-a81b-0b04c83955db,959045.15,6010445.49,Comfortable,51.8
1785879120000,NOISE-S,b543d03f-a7d0-4faa-8507-0b3e31081e0b,958885.54,6010297.7,Comfortable,49.1
1785879120000,NOISE-W,49a1ac8f-b89d-4356-8260-a3e73765a98a,958749.58,6010415.93,Comfortable,50.2
1785879120000,NOISE-NR1,5c7eb3a5-3ace-49d5-b023-33009a594311,959160.42,6010678.99,Comfortable,46.9
1785879120000,NOISE-NR2,a7b30385-932d-4325-b84b-ae6bdcc359e3,958613.61,6010191.3,Comfortable,44.6
1785879120000,NOISE-NR3,74469165-c65c-4435-a387-36920379578d,959234.31,6010383.42,Comfortable,47.9
1785879180000,NOISE-N,b291e7be-9f14-44ed-87c1-0f02b8ca35b3,958906.23,6010563.72,Comfortable,50.4
1785879180000,NOISE-E,7be9696e-9ace-4085-a81b-0b04c83955db,959045.15,6010445.49,Comfortable,52
1785879180000,NOISE-S,b543d03f-a7d0-4faa-8507-0b3e31081e0b,958885.54,6010297.7,Comfortable,49.9
1785879180000,NOISE-W,49a1ac8f-b89d-4356-8260-a3e73765a98a,958749.58,6010415.93,Comfortable,50.9
1785879180000,NOISE-NR1,5c7eb3a5-3ace-49d5-b023-33009a594311,959160.42,6010678.99,Comfortable,47
1785879180000,NOISE-NR2,a7b30385-932d-4325-b84b-ae6bdcc359e3,958613.61,6010191.3,Comfortable,44.3
1785879180000,NOISE-NR3,74469165-c65c-4435-a387-36920379578d,959234.31,6010383.42,Comfortable,47.1
1785879240000,NOISE-N,b291e7be-9f14-44ed-87c1-0f02b8ca35b3,958906.23,6010563.72,Comfortable,50.6
1785879240000,NOISE-E,7be9696e-9ace-4085-a81b-0b04c83955db,959045.15,6010445.49,Comfortable,51.4
1785879240000,NOISE-S,b543d03f-a7d0-4faa-8507-0b3e31081e0b,958885.54,6010297.7,Comfortable,49.2
1785879240000,NOISE-W,49a1ac8f-b89d-4356-8260-a3e73765a98a,958749.58,6010415.93,Comfortable,51.2
1785879240000,NOISE-NR1,5c7eb3a5-3ace-49d5-b023-33009a594311,959160.42,6010678.99,Comfortable,47.3
1785879240000,NOISE-NR2,a7b30385-932d-4325-b84b-ae6bdcc359e3,958613.61,6010191.3,Comfortable,43.9
1785879240000,NOISE-NR3,74469165-c65c-4435-a387-36920379578d,959234.31,6010383.42,Comfortable,46.7
1785879300000,NOISE-N,b291e7be-9f14-44ed-87c1-0f02b8ca35b3,958906.23,6010563.72,Comfortable,50.6
1785879300000,NOISE-E,7be9696e-9ace-4085-a81b-0b04c83955db,959045.15,6010445.49,Comfortable,51.9
1785879300000,NOISE-S,b543d03f-a7d0-4faa-8507-0b3e31081e0b,958885.54,6010297.7,Comfortable,48.8
1785879300000,NOISE-W,49a1ac8f-b89d-4356-8260-a3e73765a98a,958749.58,6010415.93,Comfortable,51.8
1785879300000,NOISE-NR1,5c7eb3a5-3ace-49d5-b023-33009a594311,959160.42,6010678.99,Comfortable,46.9
1785879300000,NOISE-NR2,a7b30385-932d-4325-b84b-ae6bdcc359e3,958613.61,6010191.3,Comfortable,44.6
1785879300000,NOISE-NR3,74469165-c65c-4435-a387-36920379578d,959234.31,6010383.42,Comfortable,46.4
1785879360000,NOISE-N,b291e7be-9f14-44ed-87c1-0f02b8ca35b3,958906.23,6010563.72,Comfortable,51
1785879360000,NOISE-E,7be9696e-9ace-4085-a81b-0b04c83955db,959045.15,6010445.49,Comfortable,51.6
1785879360000,NOISE-S,b543d03f-a7d0-4faa-8507-0b3e31081e0b,958885.54,6010297.7,Comfortable,48.7
1785879360000,NOISE-W,49a1ac8f-b89d-4356-8260-a3e73765a98a,958749.58,6010415.93,Comfortable,51
1785879360000,NOISE-NR1,5c7eb3a5-3ace-49d5-b023-33009a594311,959160.42,6010678.99,Comfortable,46.2
1785879360000,NOISE-NR2,a7b30385-932d-4325-b84b-ae6bdcc359e3,958613.61,6010191.3,Comfortable,44.5
1785879360000,NOISE-NR3,74469165-c65c-4435-a387-36920379578d,959234.31,6010383.42,Comfortable,47.4
1785879420000,NOISE-N,b291e7be-9f14-44ed-87c1-0f02b8ca35b3,958906.23,6010563.72,Comfortable,51.5
1785879420000,NOISE-E,7be9696e-9ace-4085-a81b-0b04c83955db,959045.15,6010445.49,Comfortable,51.4
1785879420000,NOISE-S,b543d03f-a7d0-4faa-8507-0b3e31081e0b,958885.54,6010297.7,Comfortable,49.3
1785879420000,NOISE-W,49a1ac8f-b89d-4356-8260-a3e73765a98a,958749.58,6010415.93,Comfortable,51.7
1785879420000,NOISE-NR1,5c7eb3a5-3ace-49d5-b023-33009a594311,959160.42,6010678.99,Comfortable,45.7
1785879420000,NOISE-NR2,a7b30385-932d-4325-b84b-ae6bdcc359e3,958613.61,6010191.3,Comfortable,45.2
1785879420000,NOISE-NR3,74469165-c65c-4435-a387-36920379578d,959234.31,6010383.42,Comfortable,48.2
1785879480000,NOISE-N,b291e7be-9f14-44ed-87c1-0f02b8ca35b3,958906.23,6010563.72,Comfortable,51.7
1785879480000,NOISE-E,7be9696e-9ace-4085-a81b-0b04c83955db,959045.15,6010445.49,Comfortable,50.8
1785879480000,NOISE-S,b543d03f-a7d0-4faa-8507-0b3e31081e0b,958885.54,6010297.7,Comfortable,49.1
1785879480000,NOISE-W,49a1ac8f-b89d-4356-8260-a3e73765a98a,958749.58,6010415.93,Comfortable,51.3
1785879480000,NOISE-NR1,5c7eb3a5-3ace-49d5-b023-33009a594311,959160.42,6010678.99,Comfortable,46.7
1785879480000,NOISE-NR2,a7b30385-932d-4325-b84b-ae6bdcc359e3,958613.61,6010191.3,Comfortable,46
1785879480000,NOISE-NR3,74469165-c65c-4435-a387-36920379578d,959234.31,6010383.42,Comfortable,48.7
1785879540000,NOISE-N,b291e7be-9f14-44ed-87c1-0f02b8ca35b3,958906.23,6010563.72,Comfortable,50.8
1785879540000,NOISE-E,7be9696e-9ace-4085-a81b-0b04c83955db,959045.15,6010445.49,Comfortable,51.4
1785879540000,NOISE-S,b543d03f-a7d0-4faa-8507-0b3e31081e0b,958885.54,6010297.7,Comfortable,48.8
1785879540000,NOISE-W,49a1ac8f-b89d-4356-8260-a3e73765a98a,958749.58,6010415.93,Comfortable,50.7
1785879540000,NOISE-NR1,5c7eb3a5-3ace-49d5-b023-33009a594311,959160.42,6010678.99,Comfortable,47
1785879540000,NOISE-NR2,a7b30385-932d-4325-b84b-ae6bdcc359e3,958613.61,6010191.3,Comfortable,45.4
1785879540000,NOISE-NR3,74469165-c65c-4435-a387-36920379578d,959234.31,6010383.42,Comfortable,48.5
1785879600000,NOISE-N,b291e7be-9f14-44ed-87c1-0f02b8ca35b3,958906.23,6010563.72,Comfortable,51.5
1785879600000,NOISE-E,7be9696e-9ace-4085-a81b-0b04c83955db,959045.15,6010445.49,Comfortable,51
1785879600000,NOISE-S,b543d03f-a7d0-4faa-8507-0b3e31081e0b,958885.54,6010297.7,Comfortable,49.5
1785879600000,NOISE-W,49a1ac8f-b89d-4356-8260-a3e73765a98a,958749.58,6010415.93,Comfortable,50.5
1785879600000,NOISE-NR1,5c7eb3a5-3ace-49d5-b023-33009a594311,959160.42,6010678.99,Comfortable,46.4
1785879600000,NOISE-NR2,a7b30385-932d-4325-b84b-ae6bdcc359e3,958613.61,6010191.3,Comfortable,45.4
1785879600000,NOISE-NR3,74469165-c65c-4435-a387-36920379578d,959234.31,6010383.42,Comfortable,47.7
1785879660000,NOISE-N,b291e7be-9f14-44ed-87c1-0f02b8ca35b3,958906.23,6010563.72,Comfortable,50.9
1785879660000,NOISE-E,7be9696e-9ace-4085-a81b-0b04c83955db,959045.15,6010445.49,Comfortable,50.7
1785879660000,NOISE-S,b543d03f-a7d0-4faa-8507-0b3e31081e0b,958885.54,6010297.7,Comfortable,49.9
1785879660000,NOISE-W,49a1ac8f-b89d-4356-8260-a3e73765a98a,958749.58,6010415.93,Comfortable,50.3
1785879660000,NOISE-NR1,5c7eb3a5-3ace-49d5-b023-33009a594311,959160.42,6010678.99,Comfortable,46.8
1785879660000,NOISE-NR2,a7b30385-932d-4325-b84b-ae6bdcc359e3,958613.61,6010191.3,Comfortable,44.7
1785879660000,NOISE-NR3,74469165-c65c-4435-a387-36920379578d,959234.31,6010383.42,Comfortable,48.2
1785879720000,NOISE-N,b291e7be-9f14-44ed-87c1-0f02b8ca35b3,958906.23,6010563.72,Comfortable,50.4
1785879720000,NOISE-E,7be9696e-9ace-4085-a81b-0b04c83955db,959045.15,6010445.49,Comfortable,50.9
1785879720000,NOISE-S,b543d03f-a7d0-4faa-8507-0b3e31081e0b,958885.54,6010297.7,Comfortable,49.4
1785879720000,NOISE-W,49a1ac8f-b89d-4356-8260-a3e73765a98a,958749.58,6010415.93,Comfortable,50.4
1785879720000,NOISE-NR1,5c7eb3a5-3ace-49d5-b023-33009a594311,959160.42,6010678.99,Comfortable,47.1
1785879720000,NOISE-NR2,a7b30385-932d-4325-b84b-ae6bdcc359e3,958613.61,6010191.3,Comfortable,44.8
1785879720000,NOISE-NR3,74469165-c65c-4435-a387-36920379578d,959234.31,6010383.42,Comfortable,47.7
1785879780000,NOISE-N,b291e7be-9f14-44ed-87c1-0f02b8ca35b3,958906.23,6010563.72,Comfortable,49.9
1785879780000,NOISE-E,7be9696e-9ace-4085-a81b-0b04c83955db,959045.15,6010445.49,Comfortable,51.3
1785879780000,NOISE-S,b543d03f-a7d0-4faa-8507-0b3e31081e0b,958885.54,6010297.7,Comfortable,49.1
1785879780000,NOISE-W,49a1ac8f-b89d-4356-8260-a3e73765a98a,958749.58,6010415.93,Comfortable,51.3
1785879780000,NOISE-NR1,5c7eb3a5-3ace-49d5-b023-33009a594311,959160.42,6010678.99,Comfortable,47.2
1785879780000,NOISE-NR2,a7b30385-932d-4325-b84b-ae6bdcc359e3,958613.61,6010191.3,Comfortable,45.7
1785879780000,NOISE-NR3,74469165-c65c-4435-a387-36920379578d,959234.31,6010383.42,Comfortable,48.4
1785879840000,NOISE-N,b291e7be-9f14-44ed-87c1-0f02b8ca35b3,958906.23,6010563.72,Comfortable,50.5
1785879840000,NOISE-E,7be9696e-9ace-4085-a81b-0b04c83955db,959045.15,6010445.49,Comfortable,51.9
1785879840000,NOISE-S,b543d03f-a7d0-4faa-8507-0b3e31081e0b,958885.54,6010297.7,Comfortable,48.6
1785879840000,NOISE-W,49a1ac8f-b89d-4356-8260-a3e73765a98a,958749.58,6010415.93,Comfortable,50.4
1785879840000,NOISE-NR1,5c7eb3a5-3ace-49d5-b023-33009a594311,959160.42,6010678.99,Comfortable,46.7
1785879840000,NOISE-NR2,a7b30385-932d-4325-b84b-ae6bdcc359e3,958613.61,6010191.3,Comfortable,45.8
1785879840000,NOISE-NR3,74469165-c65c-4435-a387-36920379578d,959234.31,6010383.42,Comfortable,48.2
1785879900000,NOISE-N,b291e7be-9f14-44ed-87c1-0f02b8ca35b3,958906.23,6010563.72,Comfortable,50.4
1785879900000,NOISE-E,7be9696e-9ace-4085-a81b-0b04c83955db,959045.15,6010445.49,Comfortable,52.1
1785879900000,NOISE-S,b543d03f-a7d0-4faa-8507-0b3e31081e0b,958885.54,6010297.7,Comfortable,49
1785879900000,NOISE-W,49a1ac8f-b89d-4356-8260-a3e73765a98a,958749.58,6010415.93,Comfortable,50.6
1785879900000,NOISE-NR1,5c7eb3a5-3ace-49d5-b023-33009a594311,959160.42,6010678.99,Comfortable,46.1
1785879900000,NOISE-NR2,a7b30385-932d-4325-b84b-ae6bdcc359e3,958613.61,6010191.3,Comfortable,45.5
1785879900000,NOISE-NR3,74469165-c65c-4435-a387-36920379578d,959234.31,6010383.42,Comfortable,48.8
1785879960000,NOISE-N,b291e7be-9f14-44ed-87c1-0f02b8ca35b3,958906.23,6010563.72,Comfortable,51.1
1785879960000,NOISE-E,7be9696e-9ace-4085-a81b-0b04c83955db,959045.15,6010445.49,Comfortable,51.4
1785879960000,NOISE-S,b543d03f-a7d0-4faa-8507-0b3e31081e0b,958885.54,6010297.7,Comfortable,49.5
1785879960000,NOISE-W,49a1ac8f-b89d-4356-8260-a3e73765a98a,958749.58,6010415.93,Comfortable,50.3
1785879960000,NOISE-NR1,5c7eb3a5-3ace-49d5-b023-33009a594311,959160.42,6010678.99,Comfortable,46.5
1785879960000,NOISE-NR2,a7b30385-932d-4325-b84b-ae6bdcc359e3,958613.61,6010191.3,Comfortable,44.9
1785879960000,NOISE-NR3,74469165-c65c-4435-a387-36920379578d,959234.31,6010383.42,Comfortable,48
1785880020000,NOISE-N,b291e7be-9f14-44ed-87c1-0f02b8ca35b3,958906.23,6010563.72,Comfortable,50.6
1785880020000,NOISE-E,7be9696e-9ace-4085-a81b-0b04c83955db,959045.15,6010445.49,Comfortable,51.4
1785880020000,NOISE-S,b543d03f-a7d0-4faa-8507-0b3e31081e0b,958885.54,6010297.7,Comfortable,49.9
1785880020000,NOISE-W,49a1ac8f-b89d-4356-8260-a3e73765a98a,958749.58,6010415.93,Comfortable,50.8
1785880020000,NOISE-NR1,5c7eb3a5-3ace-49d5-b023-33009a594311,959160.42,6010678.99,Comfortable,45.9
1785880020000,NOISE-NR2,a7b30385-932d-4325-b84b-ae6bdcc359e3,958613.61,6010191.3,Comfortable,45
1785880020000,NOISE-NR3,74469165-c65c-4435-a387-36920379578d,959234.31,6010383.42,Comfortable,47.7
1785880080000,NOISE-N,b291e7be-9f14-44ed-87c1-0f02b8ca35b3,958906.23,6010563.72,Comfortable,51.1
1785880080000,NOISE-E,7be9696e-9ace-4085-a81b-0b04c83955db,959045.15,6010445.49,Comfortable,51.1
1785880080000,NOISE-S,b543d03f-a7d0-4faa-8507-0b3e31081e0b,958885.54,6010297.7,Comfortable,49.9
1785880080000,NOISE-W,49a1ac8f-b89d-4356-8260-a3e73765a98a,958749.58,6010415.93,Comfortable,50.5
1785880080000,NOISE-NR1,5c7eb3a5-3ace-49d5-b023-33009a594311,959160.42,6010678.99,Comfortable,46.3
1785880080000,NOISE-NR2,a7b30385-932d-4325-b84b-ae6bdcc359e3,958613.61,6010191.3,Comfortable,45.4
1785880080000,NOISE-NR3,74469165-c65c-4435-a387-36920379578d,959234.31,6010383.42,Comfortable,47.8
1785880140000,NOISE-N,b291e7be-9f14-44ed-87c1-0f02b8ca35b3,958906.23,6010563.72,Comfortable,51.6
1785880140000,NOISE-E,7be9696e-9ace-4085-a81b-0b04c83955db,959045.15,6010445.49,Comfortable,51.3
1785880140000,NOISE-S,b543d03f-a7d0-4faa-8507-0b3e31081e0b,958885.54,6010297.7,Comfortable,49.6
1785880140000,NOISE-W,49a1ac8f-b89d-4356-8260-a3e73765a98a,958749.58,6010415.93,Comfortable,50.6
1785880140000,NOISE-NR1,5c7eb3a5-3ace-49d5-b023-33009a594311,959160.42,6010678.99,Comfortable,47
1785880140000,NOISE-NR2,a7b30385-932d-4325-b84b-ae6bdcc359e3,958613.61,6010191.3,Comfortable,45.9
1785880140000,NOISE-NR3,74469165-c65c-4435-a387-36920379578d,959234.31,6010383.42,Comfortable,47.1
1785880200000,NOISE-N,b291e7be-9f14-44ed-87c1-0f02b8ca35b3,958906.23,6010563.72,Comfortable,51.5
1785880200000,NOISE-E,7be9696e-9ace-4085-a81b-0b04c83955db,959045.15,6010445.49,Comfortable,51.8
1785880200000,NOISE-S,b543d03f-a7d0-4faa-8507-0b3e31081e0b,958885.54,6010297.7,Comfortable,49.5
1785880200000,NOISE-W,49a1ac8f-b89d-4356-8260-a3e73765a98a,958749.58,6010415.93,Comfortable,50.3
1785880200000,NOISE-NR1,5c7eb3a5-3ace-49d5-b023-33009a594311,959160.42,6010678.99,Comfortable,46.8
1785880200000,NOISE-NR2,a7b30385-932d-4325-b84b-ae6bdcc359e3,958613.61,6010191.3,Comfortable,45.7
1785880200000,NOISE-NR3,74469165-c65c-4435-a387-36920379578d,959234.31,6010383.42,Comfortable,47.8
1785880260000,NOISE-N,b291e7be-9f14-44ed-87c1-0f02b8ca35b3,958906.23,6010563.72,Comfortable,51
1785880260000,NOISE-E,7be9696e-9ace-4085-a81b-0b04c83955db,959045.15,6010445.49,Comfortable,52.6
1785880260000,NOISE-S,b543d03f-a7d0-4faa-8507-0b3e31081e0b,958885.54,6010297.7,Comfortable,49.6
1785880260000,NOISE-W,49a1ac8f-b89d-4356-8260-a3e73765a98a,958749.58,6010415.93,Comfortable,50.9
1785880260000,NOISE-NR1,5c7eb3a5-3ace-49d5-b023-33009a594311,959160.42,6010678.99,Comfortable,46.5
1785880260000,NOISE-NR2,a7b30385-932d-4325-b84b-ae6bdcc359e3,958613.61,6010191.3,Comfortable,46
1785880260000,NOISE-NR3,74469165-c65c-4435-a387-36920379578d,959234.31,6010383.42,Comfortable,47.2
1785880320000,NOISE-N,b291e7be-9f14-44ed-87c1-0f02b8ca35b3,958906.23,6010563.72,Comfortable,50.9
1785880320000,NOISE-E,7be9696e-9ace-4085-a81b-0b04c83955db,959045.15,6010445.49,Comfortable,52.6
1785880320000,NOISE-S,b543d03f-a7d0-4faa-8507-0b3e31081e0b,958885.54,6010297.7,Comfortable,49.7
1785880320000,NOISE-W,49a1ac8f-b89d-4356-8260-a3e73765a98a,958749.58,6010415.93,Comfortable,50.5
1785880320000,NOISE-NR1,5c7eb3a5-3ace-49d5-b023-33009a594311,959160.42,6010678.99,Comfortable,46.2
1785880320000,NOISE-NR2,a7b30385-932d-4325-b84b-ae6bdcc359e3,958613.61,6010191.3,Comfortable,46.6
1785880320000,NOISE-NR3,74469165-c65c-4435-a387-36920379578d,959234.31,6010383.42,Comfortable,47.2
1785880380000,NOISE-N,b291e7be-9f14-44ed-87c1-0f02b8ca35b3,958906.23,6010563.72,Comfortable,51.2
1785880380000,NOISE-E,7be9696e-9ace-4085-a81b-0b04c83955db,959045.15,6010445.49,Comfortable,52.6
1785880380000,NOISE-S,b543d03f-a7d0-4faa-8507-0b3e31081e0b,958885.54,6010297.7,Comfortable,49.3
1785880380000,NOISE-W,49a1ac8f-b89d-4356-8260-a3e73765a98a,958749.58,6010415.93,Comfortable,50
1785880380000,NOISE-NR1,5c7eb3a5-3ace-49d5-b023-33009a594311,959160.42,6010678.99,Comfortable,47
1785880380000,NOISE-NR2,a7b30385-932d-4325-b84b-ae6bdcc359e3,958613.61,6010191.3,Comfortable,46.8
1785880380000,NOISE-NR3,74469165-c65c-4435-a387-36920379578d,959234.31,6010383.42,Comfortable,47.3
1785880440000,NOISE-N,b291e7be-9f14-44ed-87c1-0f02b8ca35b3,958906.23,6010563.72,Comfortable,51.7
1785880440000,NOISE-E,7be9696e-9ace-4085-a81b-0b04c83955db,959045.15,6010445.49,Comfortable,52.5
1785880440000,NOISE-S,b543d03f-a7d0-4faa-8507-0b3e31081e0b,958885.54,6010297.7,Comfortable,48.9
1785880440000,NOISE-W,49a1ac8f-b89d-4356-8260-a3e73765a98a,958749.58,6010415.93,Comfortable,49.8
1785880440000,NOISE-NR1,5c7eb3a5-3ace-49d5-b023-33009a594311,959160.42,6010678.99,Comfortable,46.7
1785880440000,NOISE-NR2,a7b30385-932d-4325-b84b-ae6bdcc359e3,958613.61,6010191.3,Comfortable,47.1
1785880440000,NOISE-NR3,74469165-c65c-4435-a387-36920379578d,959234.31,6010383.42,Comfortable,46.7
1785880500000,NOISE-N,b291e7be-9f14-44ed-87c1-0f02b8ca35b3,958906.23,6010563.72,Comfortable,50.9
1785880500000,NOISE-E,7be9696e-9ace-4085-a81b-0b04c83955db,959045.15,6010445.49,Comfortable,53.1
1785880500000,NOISE-S,b543d03f-a7d0-4faa-8507-0b3e31081e0b,958885.54,6010297.7,Comfortable,48.5
1785880500000,NOISE-W,49a1ac8f-b89d-4356-8260-a3e73765a98a,958749.58,6010415.93,Comfortable,49.5
1785880500000,NOISE-NR1,5c7eb3a5-3ace-49d5-b023-33009a594311,959160.42,6010678.99,Comfortable,45.9
1785880500000,NOISE-NR2,a7b30385-932d-4325-b84b-ae6bdcc359e3,958613.61,6010191.3,Comfortable,47.5
1785880500000,NOISE-NR3,74469165-c65c-4435-a387-36920379578d,959234.31,6010383.42,Comfortable,46.9
1785880560000,NOISE-N,b291e7be-9f14-44ed-87c1-0f02b8ca35b3,958906.23,6010563.72,Comfortable,51.6
1785880560000,NOISE-E,7be9696e-9ace-4085-a81b-0b04c83955db,959045.15,6010445.49,Comfortable,52.3
1785880560000,NOISE-S,b543d03f-a7d0-4faa-8507-0b3e31081e0b,958885.54,6010297.7,Comfortable,48.7
1785880560000,NOISE-W,49a1ac8f-b89d-4356-8260-a3e73765a98a,958749.58,6010415.93,Comfortable,49.2
1785880560000,NOISE-NR1,5c7eb3a5-3ace-49d5-b023-33009a594311,959160.42,6010678.99,Comfortable,45.9
1785880560000,NOISE-NR2,a7b30385-932d-4325-b84b-ae6bdcc359e3,958613.61,6010191.3,Comfortable,47.7
1785880560000,NOISE-NR3,74469165-c65c-4435-a387-36920379578d,959234.31,6010383.42,Comfortable,46.7
1785880620000,NOISE-N,b291e7be-9f14-44ed-87c1-0f02b8ca35b3,958906.23,6010563.72,Comfortable,51.2
1785880620000,NOISE-E,7be9696e-9ace-4085-a81b-0b04c83955db,959045.15,6010445.49,Comfortable,51.9
1785880620000,NOISE-S,b543d03f-a7d0-4faa-8507-0b3e31081e0b,958885.54,6010297.7,Comfortable,48.4
1785880620000,NOISE-W,49a1ac8f-b89d-4356-8260-a3e73765a98a,958749.58,6010415.93,Comfortable,50.2
1785880620000,NOISE-NR1,5c7eb3a5-3ace-49d5-b023-33009a594311,959160.42,6010678.99,Comfortable,45.4
1785880620000,NOISE-NR2,a7b30385-932d-4325-b84b-ae6bdcc359e3,958613.61,6010191.3,Comfortable,47.6
1785880620000,NOISE-NR3,74469165-c65c-4435-a387-36920379578d,959234.31,6010383.42,Comfortable,46.7
1785880680000,NOISE-N,b291e7be-9f14-44ed-87c1-0f02b8ca35b3,958906.23,6010563.72,Comfortable,50.6
1785880680000,NOISE-E,7be9696e-9ace-4085-a81b-0b04c83955db,959045.15,6010445.49,Comfortable,51.5
1785880680000,NOISE-S,b543d03f-a7d0-4faa-8507-0b3e31081e0b,958885.54,6010297.7,Comfortable,49.4
1785880680000,NOISE-W,49a1ac8f-b89d-4356-8260-a3e73765a98a,958749.58,6010415.93,Comfortable,50.4
1785880680000,NOISE-NR1,5c7eb3a5-3ace-49d5-b023-33009a594311,959160.42,6010678.99,Comfortable,45.8
1785880680000,NOISE-NR2,a7b30385-932d-4325-b84b-ae6bdcc359e3,958613.61,6010191.3,Comfortable,46.8
1785880680000,NOISE-NR3,74469165-c65c-4435-a387-36920379578d,959234.31,6010383.42,Comfortable,47
1785880740000,NOISE-N,b291e7be-9f14-44ed-87c1-0f02b8ca35b3,958906.23,6010563.72,Comfortable,50.8
1785880740000,NOISE-E,7be9696e-9ace-4085-a81b-0b04c83955db,959045.15,6010445.49,Comfortable,51.2
1785880740000,NOISE-S,b543d03f-a7d0-4faa-8507-0b3e31081e0b,958885.54,6010297.7,Comfortable,49.3
1785880740000,NOISE-W,49a1ac8f-b89d-4356-8260-a3e73765a98a,958749.58,6010415.93,Comfortable,49.8
1785880740000,NOISE-NR1,5c7eb3a5-3ace-49d5-b023-33009a594311,959160.42,6010678.99,Comfortable,45.7
1785880740000,NOISE-NR2,a7b30385-932d-4325-b84b-ae6bdcc359e3,958613.61,6010191.3,Comfortable,46
1785880740000,NOISE-NR3,74469165-c65c-4435-a387-36920379578d,959234.31,6010383.42,Comfortable,47
