Timestamp,SensorID,TrackID,Longitude,Latitude,Elevation,WindCategory,WindSpeed_ms,WindDir_deg,WindGust_ms
1785794400000,WIND-01,40078e96-523d-429e-87f4-2c6f571355de,958778.6,6010479.36,582.35,Calm,3.5,235,5.5
1785794460000,WIND-01,40078e96-523d-429e-87f4-2c6f571355de,958778.6,6010479.36,582.35,Calm,3,235,5.6
1785794520000,WIND-01,40078e96-523d-429e-87f4-2c6f571355de,958778.6,6010479.36,582.35,Calm,2.9,236,4.5
1785794580000,WIND-01,40078e96-523d-429e-87f4-2c6f571355de,958778.6,6010479.36,582.35,Calm,3.3,234,5.5
1785794640000,WIND-01,40078e96-523d-429e-87f4-2c6f571355de,958778.6,6010479.36,582.35,Calm,2.7,230,5
1785794700000,WIND-01,40078e96-523d-429e-87f4-2c6f571355de,958778.6,6010479.36,582.35,Calm,2.2,225,4
1785794760000,WIND-01,40078e96-523d-429e-87f4-2c6f571355de,958778.6,6010479.36,582.35,Calm,2.4,220,4.6
1785794820000,WIND-01,40078e96-523d-429e-87f4-2c6f571355de,958778.6,6010479.36,582.35,Calm,2.1,222,3.5
1785794880000,WIND-01,40078e96-523d-429e-87f4-2c6f571355de,958778.6,6010479.36,582.35,Calm,2.2,217,3.7
1785794940000,WIND-01,40078e96-523d-429e-87f4-2c6f571355de,958778.6,6010479.36,582.35,Calm,2.7,215,4.2
1785795000000,WIND-01,40078e96-523d-429e-87f4-2c6f571355de,958778.6,6010479.36,582.35,Calm,3.2,212,5.7
1785795060000,WIND-01,40078e96-523d-429e-87f4-2c6f571355de,958778.6,6010479.36,582.35,Calm,3.5,212,6.6
1785795120000,WIND-01,40078e96-523d-429e-87f4-2c6f571355de,958778.6,6010479.36,582.35,Calm,3.4,211,6.7
1785795180000,WIND-01,40078e96-523d-429e-87f4-2c6f571355de,958778.6,6010479.36,582.35,Calm,3.4,209,5.5
1785795240000,WIND-01,40078e96-523d-429e-87f4-2c6f571355de,958778.6,6010479.36,582.35,Calm,4,210,6.5
1785795300000,WIND-01,40078e96-523d-429e-87f4-2c6f571355de,958778.6,6010479.36,582.35,Calm,3.5,209,6.2
1785795360000,WIND-01,40078e96-523d-429e-87f4-2c6f571355de,958778.6,6010479.36,582.35,Calm,3.8,207,7.4
1785795420000,WIND-01,40078e96-523d-429e-87f4-2c6f571355de,958778.6,6010479.36,582.35,Calm,4.3,213,7
1785795480000,WIND-01,40078e96-523d-429e-87f4-2c6f571355de,958778.6,6010479.36,582.35,Calm,4.1,208,7.8
1785795540000,WIND-01,40078e96-523d-429e-87f4-2c6f571355de,958778.6,6010479.36,582.35,Calm,4.1,211,6.5
1785795600000,WIND-01,40078e96-523d-429e-87f4-2c6f571355de,958778.6,6010479.36,582.35,Calm,4.6,206,7.7
1785795660000,WIND-01,40078e96-523d-429e-87f4-2c6f571355de,958778.6,6010479.36,582.35,Calm,4.1,207,7.8
1785795720000,WIND-01,40078e96-523d-429e-87f4-2c6f571355de,958778.6,6010479.36,582.35,Calm,3.6,207,5.9
1785795780000,WIND-01,40078e96-523d-429e-87f4-2c6f571355de,958778.6,6010479.36,582.35,Calm,4.1,214,8.1
1785795840000,WIND-01,40078e96-523d-429e-87f4-2c6f571355de,958778.6,6010479.36,582.35,Calm,3.5,214,7
1785795900000,WIND-01,40078e96-523d-429e-87f4-2c6f571355de,958778.6,6010479.36,582.35,Calm,3.1,218,6
1785795960000,WIND-01,40078e96-523d-429e-87f4-2c6f571355de,958778.6,6010479.36,582.35,Calm,2.8,218,4.7
1785796020000,WIND-01,40078e96-523d-429e-87f4-2c6f571355de,958778.6,6010479.36,582.35,Calm,2.5,214,4.1
1785796080000,WIND-01,40078e96-523d-429e-87f4-2c6f571355de,958778.6,6010479.36,582.35,Calm,2.4,216,4.3
1785796140000,WIND-01,40078e96-523d-429e-87f4-2c6f571355de,958778.6,6010479.36,582.35,Calm,1.9,215,3.7
1785796200000,WIND-01,40078e96-523d-429e-87f4-2c6f571355de,958778.6,6010479.36,582.35,Calm,1.6,210,2.7
1785796260000,WIND-01,40078e96-523d-429e-87f4-2c6f571355de,958778.6,6010479.36,582.35,Calm,1.8,213,3.3
1785796320000,WIND-01,40078e96-523d-429e-87f4-2c6f571355de,958778.6,6010479.36,582.35,Calm,2.2,211,4.4
1785796380000,WIND-01,40078e96-523d-429e-87f4-2c6f571355de,958778.6,6010479.36,582.35,Calm,2.2,214,4.1
1785796440000,WIND-01,40078e96-523d-429e-87f4-2c6f571355de,958778.6,6010479.36,582.35,Calm,2.1,217,3.8
1785796500000,WIND-01,40078e96-523d-429e-87f4-2c6f571355de,958778.6,6010479.36,582.35,Calm,1.9,219,3.3
1785796560000,WIND-01,40078e96-523d-429e-87f4-2c6f571355de,958778.6,6010479.36,582.35,Calm,2.6,222,4
1785796620000,WIND-01,40078e96-523d-429e-87f4-2c6f571355de,958778.6,6010479.36,582.35,Calm,2.9,217,4.5
1785796680000,WIND-01,40078e96-523d-429e-87f4-2c6f571355de,958778.6,6010479.36,582.35,Calm,2.4,218,3.7
1785796740000,WIND-01,40078e96-523d-429e-87f4-2c6f571355de,958778.6,6010479.36,582.35,Calm,1.9,219,3.4
1785796800000,WIND-01,40078e96-523d-429e-87f4-2c6f571355de,958778.6,6010479.36,582.35,Calm,1.9,223,3.3
1785796860000,WIND-01,40078e96-523d-429e-87f4-2c6f571355de,958778.6,6010479.36,582.35,Calm,2.3,226,3.6
1785796920000,WIND-01,40078e96-523d-429e-87f4-2c6f571355de,958778.6,6010479.36,582.35,Calm,2.6,226,5
1785796980000,WIND-01,40078e96-523d-429e-87f4-2c6f571355de,958778.6,6010479.36,582.35,Calm,2.6,230,5
1785797040000,WIND-01,40078e96-523d-429e-87f4-2c6f571355de,958778.6,6010479.36,582.35,Calm,2.5,226,4.4
1785797100000,WIND-01,40078e96-523d-429e-87f4-2c6f571355de,958778.6,6010479.36,582.35,Calm,2.8,225,5.2
1785797160000,WIND-01,40078e96-523d-429e-87f4-2c6f571355de,958778.6,6010479.36,582.35,Calm,3.1,225,4.9
1785797220000,WIND-01,40078e96-523d-429e-87f4-2c6f571355de,958778.6,6010479.36,582.35,Calm,2.9,226,5.1
1785797280000,WIND-01,40078e96-523d-429e-87f4-2c6f571355de,958778.6,6010479.36,582.35,Calm,2.6,232,4.8
1785797340000,WIND-01,40078e96-523d-429e-87f4-2c6f571355de,958778.6,6010479.36,582.35,Calm,2.7,237,4.9
1785797400000,WIND-01,40078e96-523d-429e-87f4-2c6f571355de,958778.6,6010479.36,582.35,Calm,3.1,239,5.1
1785797460000,WIND-01,40078e96-523d-429e-87f4-2c6f571355de,958778.6,6010479.36,582.35,Calm,3.5,242,5.6
1785797520000,WIND-01,40078e96-523d-429e-87f4-2c6f571355de,958778.6,6010479.36,582.35,Calm,3.9,238,7.4
1785797580000,WIND-01,40078e96-523d-429e-87f4-2c6f571355de,958778.6,6010479.36,582.35,Calm,3.5,240,5.3
1785797640000,WIND-01,40078e96-523d-429e-87f4-2c6f571355de,958778.6,6010479.36,582.35,Calm,3,236,5.5
1785797700000,WIND-01,40078e96-523d-429e-87f4-2c6f571355de,958778.6,6010479.36,582.35,Calm,2.8,236,4.8
1785797760000,WIND-01,40078e96-523d-429e-87f4-2c6f571355de,958778.6,6010479.36,582.35,Calm,2.6,239,4.2
1785797820000,WIND-01,40078e96-523d-429e-87f4-2c6f571355de,958778.6,6010479.36,582.35,Calm,2.4,234,4.2
1785797880000,WIND-01,40078e96-523d-429e-87f4-2c6f571355de,958778.6,6010479.36,582.35,Calm,2.8,234,4.4
1785797940000,WIND-01,40078e96-523d-429e-87f4-2c6f571355de,958778.6,6010479.36,582.35,Calm,3.4,229,5.8
1785798000000,WIND-01,40078e96-523d-429e-87f4-2c6f571355de,958778.6,6010479.36,582.35,Calm,3.5,230,6.6
1785798060000,WIND-01,40078e96-523d-429e-87f4-2c6f571355de,958778.6,6010479.36,582.35,Calm,3.2,225,6.1
1785798120000,WIND-01,40078e96-523d-429e-87f4-2c6f571355de,958778.6,6010479.36,582.35,Calm,3.7,231,6.4
1785798180000,WIND-01,40078e96-523d-429e-87f4-2c6f571355de,958778.6,6010479.36,582.35,Calm,3.4,231,5.7
1785798240000,WIND-01,40078e96-523d-429e-87f4-2c6f571355de,958778.6,6010479.36,582.35,Calm,2.9,236,5.6
1785798300000,WIND-01,40078e96-523d-429e-87f4-2c6f571355de,958778.6,6010479.36,582.35,Calm,3.1,240,6
1785798360000,WIND-01,40078e96-523d-429e-87f4-2c6f571355de,958778.6,6010479.36,582.35,Calm,2.7,241,4
1785798420000,WIND-01,40078e96-523d-429e-87f4-2c6f571355de,958778.6,6010479.36,582.35,Calm,2.2,239,4.1
1785798480000,WIND-01,40078e96-523d-429e-87f4-2c6f571355de,958778.6,6010479.36,582.35,Calm,2.4,242,4
1785798540000,WIND-01,40078e96-523d-429e-87f4-2c6f571355de,958778.6,6010479.36,582.35,Calm,3,246,5.9
1785798600000,WIND-01,40078e96-523d-429e-87f4-2c6f571355de,958778.6,6010479.36,582.35,Calm,3.6,249,7.2
1785798660000,WIND-01,40078e96-523d-429e-87f4-2c6f571355de,958778.6,6010479.36,582.35,Calm,3.7,250,6
1785798720000,WIND-01,40078e96-523d-429e-87f4-2c6f571355de,958778.6,6010479.36,582.35,Calm,4,246,6.7
1785798780000,WIND-01,40078e96-523d-429e-87f4-2c6f571355de,958778.6,6010479.36,582.35,Calm,4,241,6.4
1785798840000,WIND-01,40078e96-523d-429e-87f4-2c6f571355de,958778.6,6010479.36,582.35,Calm,4.2,236,7.8
1785798900000,WIND-01,40078e96-523d-429e-87f4-2c6f571355de,958778.6,6010479.36,582.35,Calm,4.5,241,7.1
1785798960000,WIND-01,40078e96-523d-429e-87f4-2c6f571355de,958778.6,6010479.36,582.35,Calm,4.1,238,7.4
1785799020000,WIND-01,40078e96-523d-429e-87f4-2c6f571355de,958778.6,6010479.36,582.35,Calm,3.6,239,7.1
1785799080000,WIND-01,40078e96-523d-429e-87f4-2c6f571355de,958778.6,6010479.36,582.35,Calm,3.5,239,5.3
1785799140000,WIND-01,40078e96-523d-429e-87f4-2c6f571355de,958778.6,6010479.36,582.35,Calm,3,244,5.9
1785799200000,WIND-01,40078e96-523d-429e-87f4-2c6f571355de,958778.6,6010479.36,582.35,Calm,3.3,249,6.1
1785799260000,WIND-01,40078e96-523d-429e-87f4-2c6f571355de,958778.6,6010479.36,582.35,Calm,3.8,254,6.5
1785799320000,WIND-01,40078e96-523d-429e-87f4-2c6f571355de,958778.6,6010479.36,582.35,Calm,3.9,249,5.9
1785799380000,WIND-01,40078e96-523d-429e-87f4-2c6f571355de,958778.6,6010479.36,582.35,Calm,3.9,246,5.8
1785799440000,WIND-01,40078e96-523d-429e-87f4-2c6f571355de,958778.6,6010479.36,582.35,Calm,3.9,243,6.1
1785799500000,WIND-01,40078e96-523d-429e-87f4-2c6f571355de,958778.6,6010479.36,582.35,Calm,3.4,239,5.5
1785799560000,WIND-01,40078e96-523d-429e-87f4-2c6f571355de,958778.6,6010479.36,582.35,Calm,3,245,5.9
1785799620000,WIND-01,40078e96-523d-429e-87f4-2c6f571355de,958778.6,6010479.36,582.35,Calm,3.3,248,5.6
1785799680000,WIND-01,40078e96-523d-429e-87f4-2c6f571355de,958778.6,6010479.36,582.35,Calm,2.8,250,5.5
1785799740000,WIND-01,40078e96-523d-429e-87f4-2c6f571355de,958778.6,6010479.36,582.35,Calm,3.1,251,5
1785799800000,WIND-01,40078e96-523d-429e-87f4-2c6f571355de,958778.6,6010479.36,582.35,Calm,3,251,5.1
1785799860000,WIND-01,40078e96-523d-429e-87f4-2c6f571355de,958778.6,6010479.36,582.35,Calm,3.4,253,6.5
1785799920000,WIND-01,40078e96-523d-429e-87f4-2c6f571355de,958778.6,6010479.36,582.35,Calm,2.9,254,5.2
1785799980000,WIND-01,40078e96-523d-429e-87f4-2c6f571355de,958778.6,6010479.36,582.35,Calm,2.9,249,4.6
1785800040000,WIND-01,40078e96-523d-429e-87f4-2c6f571355de,958778.6,6010479.36,582.35,Calm,2.9,247,5.2
1785800100000,WIND-01,40078e96-523d-429e-87f4-2c6f571355de,958778.6,6010479.36,582.35,Calm,2.5,250,4.7
1785800160000,WIND-01,40078e96-523d-429e-87f4-2c6f571355de,958778.6,6010479.36,582.35,Calm,2.8,251,4.5
1785800220000,WIND-01,40078e96-523d-429e-87f4-2c6f571355de,958778.6,6010479.36,582.35,Calm,3.3,255,6.5
1785800280000,WIND-01,40078e96-523d-429e-87f4-2c6f571355de,958778.6,6010479.36,582.35,Calm,3.2,250,5.2
1785800340000,WIND-01,40078e96-523d-429e-87f4-2c6f571355de,958778.6,6010479.36,582.35,Calm,2.9,246,4.6
1785800400000,WIND-01,40078e96-523d-429e-87f4-2c6f571355de,958778.6,6010479.36,582.35,Calm,2.9,247,5.7
1785800460000,WIND-01,40078e96-523d-429e-87f4-2c6f571355de,958778.6,6010479.36,582.35,Calm,3.1,243,5.3
1785800520000,WIND-01,40078e96-523d-429e-87f4-2c6f571355de,958778.6,6010479.36,582.35,Calm,2.8,243,5.2
1785800580000,WIND-01,40078e96-523d-429e-87f4-2c6f571355de,958778.6,6010479.36,582.35,Calm,2.4,238,3.9
1785800640000,WIND-01,40078e96-523d-429e-87f4-2c6f571355de,958778.6,6010479.36,582.35,Calm,3.1,233,5.7
1785800700000,WIND-01,40078e96-523d-429e-87f4-2c6f571355de,958778.6,6010479.36,582.35,Calm,2.7,238,5.1
1785800760000,WIND-01,40078e96-523d-429e-87f4-2c6f571355de,958778.6,6010479.36,582.35,Calm,2.6,234,4.4
1785800820000,WIND-01,40078e96-523d-429e-87f4-2c6f571355de,958778.6,6010479.36,582.35,Calm,3.3,239,5.8
1785800880000,WIND-01,40078e96-523d-429e-87f4-2c6f571355de,958778.6,6010479.36,582.35,Calm,3.1,234,6
1785800940000,WIND-01,40078e96-523d-429e-87f4-2c6f571355de,958778.6,6010479.36,582.35,Calm,3.4,237,5.4
1785801000000,WIND-01,40078e96-523d-429e-87f4-2c6f571355de,958778.6,6010479.36,582.35,Calm,3.1,239,5
1785801060000,WIND-01,40078e96-523d-429e-87f4-2c6f571355de,958778.6,6010479.36,582.35,Calm,3.2,233,5.3
1785801120000,WIND-01,40078e96-523d-429e-87f4-2c6f571355de,958778.6,6010479.36,582.35,Calm,3.1,236,5.1
1785801180000,WIND-01,40078e96-523d-429e-87f4-2c6f571355de,958778.6,6010479.36,582.35,Calm,2.7,239,5.4
1785801240000,WIND-01,40078e96-523d-429e-87f4-2c6f571355de,958778.6,6010479.36,582.35,Calm,3.3,238,6.5
1785801300000,WIND-01,40078e96-523d-429e-87f4-2c6f571355de,958778.6,6010479.36,582.35,Calm,3.4,243,5.8
1785801360000,WIND-01,40078e96-523d-429e-87f4-2c6f571355de,958778.6,6010479.36,582.35,Calm,3.4,238,6.4
1785801420000,WIND-01,40078e96-523d-429e-87f4-2c6f571355de,958778.6,6010479.36,582.35,Calm,3.8,239,7.1
1785801480000,WIND-01,40078e96-523d-429e-87f4-2c6f571355de,958778.6,6010479.36,582.35,Calm,4,243,7.6
1785801540000,WIND-01,40078e96-523d-429e-87f4-2c6f571355de,958778.6,6010479.36,582.35,Calm,4.3,242,7.4
1785801600000,WIND-01,40078e96-523d-429e-87f4-2c6f571355de,958778.6,6010479.36,582.35,Calm,4.4,247,7.4
1785801660000,WIND-01,40078e96-523d-429e-87f4-2c6f571355de,958778.6,6010479.36,582.35,Calm,4,245,7.3
1785801720000,WIND-01,40078e96-523d-429e-87f4-2c6f571355de,958778.6,6010479.36,582.35,Calm,3.8,243,7
1785801780000,WIND-01,40078e96-523d-429e-87f4-2c6f571355de,958778.6,6010479.36,582.35,Calm,4,248,6.5
1785801840000,WIND-01,40078e96-523d-429e-87f4-2c6f571355de,958778.6,6010479.36,582.35,Calm,4,249,6.5
1785801900000,WIND-01,40078e96-523d-429e-87f4-2c6f571355de,958778.6,6010479.36,582.35,Calm,3.6,252,6.2
1785801960000,WIND-01,40078e96-523d-429e-87f4-2c6f571355de,958778.6,6010479.36,582.35,Calm,3.4,251,5.8
1785802020000,WIND-01,40078e96-523d-429e-87f4-2c6f571355de,958778.6,6010479.36,582.35,Calm,3.1,248,4.6
1785802080000,WIND-01,40078e96-523d-429e-87f4-2c6f571355de,958778.6,6010479.36,582.35,Calm,3.4,244,5.7
1785802140000,WIND-01,40078e96-523d-429e-87f4-2c6f571355de,958778.6,6010479.36,582.35,Calm,3.5,239,5.9
1785802200000,WIND-01,40078e96-523d-429e-87f4-2c6f571355de,958778.6,6010479.36,582.35,Calm,4,242,6.2
1785802260000,WIND-01,40078e96-523d-429e-87f4-2c6f571355de,958778.6,6010479.36,582.35,Calm,4,240,7.5
1785802320000,WIND-01,40078e96-523d-429e-87f4-2c6f571355de,958778.6,6010479.36,582.35,Calm,4,243,7.3
1785802380000,WIND-01,40078e96-523d-429e-87f4-2c6f571355de,958778.6,6010479.36,582.35,Calm,3.5,241,6.5
1785802440000,WIND-01,40078e96-523d-429e-87f4-2c6f571355de,958778.6,6010479.36,582.35,Calm,3.5,240,5.4
1785802500000,WIND-01,40078e96-523d-429e-87f4-2c6f571355de,958778.6,6010479.36,582.35,Calm,3.4,245,5.2
1785802560000,WIND-01,40078e96-523d-429e-87f4-2c6f571355de,958778.6,6010479.36,582.35,Calm,3.2,245,5
1785802620000,WIND-01,40078e96-523d-429e-87f4-2c6f571355de,958778.6,6010479.36,582.35,Calm,2.9,249,5
1785802680000,WIND-01,40078e96-523d-429e-87f4-2c6f571355de,958778.6,6010479.36,582.35,Calm,3.3,244,5.9
1785802740000,WIND-01,40078e96-523d-429e-87f4-2c6f571355de,958778.6,6010479.36,582.35,Calm,3.2,241,6.4
1785802800000,WIND-01,40078e96-523d-429e-87f4-2c6f571355de,958778.6,6010479.36,582.35,Calm,3.3,241,6
1785802860000,WIND-01,40078e96-523d-429e-87f4-2c6f571355de,958778.6,6010479.36,582.35,Calm,2.7,243,4.8
1785802920000,WIND-01,40078e96-523d-429e-87f4-2c6f571355de,958778.6,6010479.36,582.35,Calm,2.9,242,5.1
1785802980000,WIND-01,40078e96-523d-429e-87f4-2c6f571355de,958778.6,6010479.36,582.35,Calm,2.5,237,4.2
1785803040000,WIND-01,40078e96-523d-429e-87f4-2c6f571355de,958778.6,6010479.36,582.35,Calm,2.3,232,4.2
1785803100000,WIND-01,40078e96-523d-429e-87f4-2c6f571355de,958778.6,6010479.36,582.35,Calm,2.3,234,3.5
1785803160000,WIND-01,40078e96-523d-429e-87f4-2c6f571355de,958778.6,6010479.36,582.35,Calm,3,231,4.5
1785803220000,WIND-01,40078e96-523d-429e-87f4-2c6f571355de,958778.6,6010479.36,582.35,Calm,2.8,231,4.2
1785803280000,WIND-01,40078e96-523d-429e-87f4-2c6f571355de,958778.6,6010479.36,582.35,Calm,3.3,234,5.8
1785803340000,WIND-01,40078e96-523d-429e-87f4-2c6f571355de,958778.6,6010479.36,582.35,Calm,3.4,235,6.3
1785803400000,WIND-01,40078e96-523d-429e-87f4-2c6f571355de,958778.6,6010479.36,582.35,Calm,3.4,240,6
1785803460000,WIND-01,40078e96-523d-429e-87f4-2c6f571355de,958778.6,6010479.36,582.35,Calm,3.2,241,4.9
1785803520000,WIND-01,40078e96-523d-429e-87f4-2c6f571355de,958778.6,6010479.36,582.35,Calm,2.9,237,5.2
1785803580000,WIND-01,40078e96-523d-429e-87f4-2c6f571355de,958778.6,6010479.36,582.35,Calm,2.3,231,4.6
1785803640000,WIND-01,40078e96-523d-429e-87f4-2c6f571355de,958778.6,6010479.36,582.35,Calm,2.5,234,4.1
1785803700000,WIND-01,40078e96-523d-429e-87f4-2c6f571355de,958778.6,6010479.36,582.35,Calm,2.9,235,5.5
1785803760000,WIND-01,40078e96-523d-429e-87f4-2c6f571355de,958778.6,6010479.36,582.35,Calm,2.6,230,5
1785803820000,WIND-01,40078e96-523d-429e-87f4-2c6f571355de,958778.6,6010479.36,582.35,Calm,2.3,230,3.7
1785803880000,WIND-01,40078e96-523d-429e-87f4-2c6f571355de,958778.6,6010479.36,582.35,Calm,2.7,230,4.9
1785803940000,WIND-01,40078e96-523d-429e-87f4-2c6f571355de,958778.6,6010479.36,582.35,Calm,2.9,226,5.4
1785804000000,WIND-01,40078e96-523d-429e-87f4-2c6f571355de,958778.6,6010479.36,582.35,Calm,2.6,225,4.7
1785804060000,WIND-01,40078e96-523d-429e-87f4-2c6f571355de,958778.6,6010479.36,582.35,Calm,3.2,229,6.1
1785804120000,WIND-01,40078e96-523d-429e-87f4-2c6f571355de,958778.6,6010479.36,582.35,Calm,2.6,235,4.1
1785804180000,WIND-01,40078e96-523d-429e-87f4-2c6f571355de,958778.6,6010479.36,582.35,Calm,2.6,237,4.3
1785804240000,WIND-01,40078e96-523d-429e-87f4-2c6f571355de,958778.6,6010479.36,582.35,Calm,2.5,241,3.8
1785804300000,WIND-01,40078e96-523d-429e-87f4-2c6f571355de,958778.6,6010479.36,582.35,Calm,2.8,236,5.4
1785804360000,WIND-01,40078e96-523d-429e-87f4-2c6f571355de,958778.6,6010479.36,582.35,Calm,3.3,233,5.9
1785804420000,WIND-01,40078e96-523d-429e-87f4-2c6f571355de,958778.6,6010479.36,582.35,Calm,3.8,235,5.9
1785804480000,WIND-01,40078e96-523d-429e-87f4-2c6f571355de,958778.6,6010479.36,582.35,Calm,3.2,235,6.3
1785804540000,WIND-01,40078e96-523d-429e-87f4-2c6f571355de,958778.6,6010479.36,582.35,Calm,3.2,237,6
1785804600000,WIND-01,40078e96-523d-429e-87f4-2c6f571355de,958778.6,6010479.36,582.35,Calm,3.7,240,7.2
1785804660000,WIND-01,40078e96-523d-429e-87f4-2c6f571355de,958778.6,6010479.36,582.35,Calm,3.9,236,7.2
1785804720000,WIND-01,40078e96-523d-429e-87f4-2c6f571355de,958778.6,6010479.36,582.35,Calm,3.8,239,6.8
1785804780000,WIND-01,40078e96-523d-429e-87f4-2c6f571355de,958778.6,6010479.36,582.35,Calm,3.7,242,5.7
1785804840000,WIND-01,40078e96-523d-429e-87f4-2c6f571355de,958778.6,6010479.36,582.35,Calm,3.8,243,5.9
1785804900000,WIND-01,40078e96-523d-429e-87f4-2c6f571355de,958778.6,6010479.36,582.35,Calm,3.9,243,7.7
1785804960000,WIND-01,40078e96-523d-429e-87f4-2c6f571355de,958778.6,6010479.36,582.35,Calm,4.1,237,6.6
1785805020000,WIND-01,40078e96-523d-429e-87f4-2c6f571355de,958778.6,6010479.36,582.35,Calm,4.3,240,8
1785805080000,WIND-01,40078e96-523d-429e-87f4-2c6f571355de,958778.6,6010479.36,582.35,Calm,4.7,244,7.3
1785805140000,WIND-01,40078e96-523d-429e-87f4-2c6f571355de,958778.6,6010479.36,582.35,Calm,4.4,242,7.6
1785805200000,WIND-01,40078e96-523d-429e-87f4-2c6f571355de,958778.6,6010479.36,582.35,Calm,4.2,238,6.4
1785805260000,WIND-01,40078e96-523d-429e-87f4-2c6f571355de,958778.6,6010479.36,582.35,Calm,4.6,243,8
1785805320000,WIND-01,40078e96-523d-429e-87f4-2c6f571355de,958778.6,6010479.36,582.35,Calm,4.7,239,8.9
1785805380000,WIND-01,40078e96-523d-429e-87f4-2c6f571355de,958778.6,6010479.36,582.35,Calm,4,240,7.1
1785805440000,WIND-01,40078e96-523d-429e-87f4-2c6f571355de,958778.6,6010479.36,582.35,Calm,3.9,245,6.1
1785805500000,WIND-01,40078e96-523d-429e-87f4-2c6f571355de,958778.6,6010479.36,582.35,Calm,3.6,240,7.1
1785805560000,WIND-01,40078e96-523d-429e-87f4-2c6f571355de,958778.6,6010479.36,582.35,Calm,3.7,241,5.8
1785805620000,WIND-01,40078e96-523d-429e-87f4-2c6f571355de,958778.6,6010479.36,582.35,Calm,3.8,239,6.5
1785805680000,WIND-01,40078e96-523d-429e-87f4-2c6f571355de,958778.6,6010479.36,582.35,Calm,3.4,234,6.2
1785805740000,WIND-01,40078e96-523d-429e-87f4-2c6f571355de,958778.6,6010479.36,582.35,Calm,3.3,238,5.6
1785805800000,WIND-01,40078e96-523d-429e-87f4-2c6f571355de,958778.6,6010479.36,582.35,Calm,3.1,234,4.8
1785805860000,WIND-01,40078e96-523d-429e-87f4-2c6f571355de,958778.6,6010479.36,582.35,Calm,2.7,231,4.6
1785805920000,WIND-01,40078e96-523d-429e-87f4-2c6f571355de,958778.6,6010479.36,582.35,Calm,3.1,234,5
1785805980000,WIND-01,40078e96-523d-429e-87f4-2c6f571355de,958778.6,6010479.36,582.35,Calm,3.2,240,5.6
1785806040000,WIND-01,40078e96-523d-429e-87f4-2c6f571355de,958778.6,6010479.36,582.35,Calm,2.9,239,5.6
1785806100000,WIND-01,40078e96-523d-429e-87f4-2c6f571355de,958778.6,6010479.36,582.35,Calm,3.2,238,6.2
1785806160000,WIND-01,40078e96-523d-429e-87f4-2c6f571355de,958778.6,6010479.36,582.35,Calm,3.7,237,6.2
1785806220000,WIND-01,40078e96-523d-429e-87f4-2c6f571355de,958778.6,6010479.36,582.35,Calm,3.9,240,6.9
1785806280000,WIND-01,40078e96-523d-429e-87f4-2c6f571355de,958778.6,6010479.36,582.35,Calm,3.6,237,6.6
1785806340000,WIND-01,40078e96-523d-429e-87f4-2c6f571355de,958778.6,6010479.36,582.35,Calm,3.5,232,5.8
1785806400000,WIND-01,40078e96-523d-429e-87f4-2c6f571355de,958778.6,6010479.36,582.35,Calm,2.9,229,4.5
1785806460000,WIND-01,40078e96-523d-429e-87f4-2c6f571355de,958778.6,6010479.36,582.35,Calm,3.5,229,6.2
1785806520000,WIND-01,40078e96-523d-429e-87f4-2c6f571355de,958778.6,6010479.36,582.35,Calm,3.6,235,7.2
1785806580000,WIND-01,40078e96-523d-429e-87f4-2c6f571355de,958778.6,6010479.36,582.35,Calm,4.1,239,6.4
1785806640000,WIND-01,40078e96-523d-429e-87f4-2c6f571355de,958778.6,6010479.36,582.35,Calm,3.4,241,6.5
1785806700000,WIND-01,40078e96-523d-429e-87f4-2c6f571355de,958778.6,6010479.36,582.35,Calm,2.9,241,5
1785806760000,WIND-01,40078e96-523d-429e-87f4-2c6f571355de,958778.6,6010479.36,582.35,Calm,3.2,246,5.7
1785806820000,WIND-01,40078e96-523d-429e-87f4-2c6f571355de,958778.6,6010479.36,582.35,Calm,3.7,246,6.8
1785806880000,WIND-01,40078e96-523d-429e-87f4-2c6f571355de,958778.6,6010479.36,582.35,Calm,3.4,249,6.3
1785806940000,WIND-01,40078e96-523d-429e-87f4-2c6f571355de,958778.6,6010479.36,582.35,Calm,3.5,247,6.3
1785807000000,WIND-01,40078e96-523d-429e-87f4-2c6f571355de,958778.6,6010479.36,582.35,Calm,3.4,245,5.5
1785807060000,WIND-01,40078e96-523d-429e-87f4-2c6f571355de,958778.6,6010479.36,582.35,Calm,3,243,6
1785807120000,WIND-01,40078e96-523d-429e-87f4-2c6f571355de,958778.6,6010479.36,582.35,Calm,2.6,245,4.2
1785807180000,WIND-01,40078e96-523d-429e-87f4-2c6f571355de,958778.6,6010479.36,582.35,Calm,2.8,248,5
1785807240000,WIND-01,40078e96-523d-429e-87f4-2c6f571355de,958778.6,6010479.36,582.35,Calm,3.1,251,5.6
1785807300000,WIND-01,40078e96-523d-429e-87f4-2c6f571355de,958778.6,6010479.36,582.35,Calm,3,251,5.7
1785807360000,WIND-01,40078e96-523d-429e-87f4-2c6f571355de,958778.6,6010479.36,582.35,Calm,2.9,254,4.5
1785807420000,WIND-01,40078e96-523d-429e-87f4-2c6f571355de,958778.6,6010479.36,582.35,Calm,2.9,252,4.5
1785807480000,WIND-01,40078e96-523d-429e-87f4-2c6f571355de,958778.6,6010479.36,582.35,Calm,3.1,252,5.4
1785807540000,WIND-01,40078e96-523d-429e-87f4-2c6f571355de,958778.6,6010479.36,582.35,Calm,3.1,258,5.4
1785807600000,WIND-01,40078e96-523d-429e-87f4-2c6f571355de,958778.6,6010479.36,582.35,Calm,3.3,255,6.2
1785807660000,WIND-01,40078e96-523d-429e-87f4-2c6f571355de,958778.6,6010479.36,582.35,Calm,3.6,256,6.2
1785807720000,WIND-01,40078e96-523d-429e-87f4-2c6f571355de,958778.6,6010479.36,582.35,Calm,3.8,261,6.2
1785807780000,WIND-01,40078e96-523d-429e-87f4-2c6f571355de,958778.6,6010479.36,582.35,Calm,3.8,257,6.2
1785807840000,WIND-01,40078e96-523d-429e-87f4-2c6f571355de,958778.6,6010479.36,582.35,Calm,4.1,262,6.3
1785807900000,WIND-01,40078e96-523d-429e-87f4-2c6f571355de,958778.6,6010479.36,582.35,Calm,4.5,260,7.3
1785807960000,WIND-01,40078e96-523d-429e-87f4-2c6f571355de,958778.6,6010479.36,582.35,Calm,4.1,261,6.2
1785808020000,WIND-01,40078e96-523d-429e-87f4-2c6f571355de,958778.6,6010479.36,582.35,Calm,3.6,264,5.7
1785808080000,WIND-01,40078e96-523d-429e-87f4-2c6f571355de,958778.6,6010479.36,582.35,Calm,3.6,258,5.9
1785808140000,WIND-01,40078e96-523d-429e-87f4-2c6f571355de,958778.6,6010479.36,582.35,Calm,3.4,262,5.7
1785808200000,WIND-01,40078e96-523d-429e-87f4-2c6f571355de,958778.6,6010479.36,582.35,Calm,3,265,4.7
1785808260000,WIND-01,40078e96-523d-429e-87f4-2c6f571355de,958778.6,6010479.36,582.35,Calm,3,263,4.5
1785808320000,WIND-01,40078e96-523d-429e-87f4-2c6f571355de,958778.6,6010479.36,582.35,Calm,2.6,264,4.8
1785808380000,WIND-01,40078e96-523d-429e-87f4-2c6f571355de,958778.6,6010479.36,582.35,Calm,3.1,269,5.6
1785808440000,WIND-01,40078e96-523d-429e-87f4-2c6f571355de,958778.6,6010479.36,582.35,Calm,3,271,4.7
1785808500000,WIND-01,40078e96-523d-429e-87f4-2c6f571355de,958778.6,6010479.36,582.35,Calm,3.2,270,5.5
1785808560000,WIND-01,40078e96-523d-429e-87f4-2c6f571355de,958778.6,6010479.36,582.35,Calm,3.8,271,7.3
1785808620000,WIND-01,40078e96-523d-429e-87f4-2c6f571355de,958778.6,6010479.36,582.35,Calm,3.8,271,7.3
1785808680000,WIND-01,40078e96-523d-429e-87f4-2c6f571355de,958778.6,6010479.36,582.35,Calm,3.7,267,5.8
1785808740000,WIND-01,40078e96-523d-429e-87f4-2c6f571355de,958778.6,6010479.36,582.35,Calm,4.1,268,7.4
1785808800000,WIND-01,40078e96-523d-429e-87f4-2c6f571355de,958778.6,6010479.36,582.35,Calm,3.8,264,6.3
1785808860000,WIND-01,40078e96-523d-429e-87f4-2c6f571355de,958778.6,6010479.36,582.35,Calm,3.9,269,6.1
1785808920000,WIND-01,40078e96-523d-429e-87f4-2c6f571355de,958778.6,6010479.36,582.35,Calm,3.2,271,5.9
1785808980000,WIND-01,40078e96-523d-429e-87f4-2c6f571355de,958778.6,6010479.36,582.35,Calm,3.2,276,5.7
1785809040000,WIND-01,40078e96-523d-429e-87f4-2c6f571355de,958778.6,6010479.36,582.35,Calm,3.6,276,6.2
1785809100000,WIND-01,40078e96-523d-429e-87f4-2c6f571355de,958778.6,6010479.36,582.35,Calm,4.1,275,7.8
1785809160000,WIND-01,40078e96-523d-429e-87f4-2c6f571355de,958778.6,6010479.36,582.35,Calm,4.4,280,8.4
1785809220000,WIND-01,40078e96-523d-429e-87f4-2c6f571355de,958778.6,6010479.36,582.35,Calm,4.1,279,6.9
1785809280000,WIND-01,40078e96-523d-429e-87f4-2c6f571355de,958778.6,6010479.36,582.35,Calm,4.4,273,6.8
1785809340000,WIND-01,40078e96-523d-429e-87f4-2c6f571355de,958778.6,6010479.36,582.35,Calm,3.8,267,6.1
1785809400000,WIND-01,40078e96-523d-429e-87f4-2c6f571355de,958778.6,6010479.36,582.35,Calm,3.8,263,6.3
1785809460000,WIND-01,40078e96-523d-429e-87f4-2c6f571355de,958778.6,6010479.36,582.35,Calm,3.5,259,6.2
1785809520000,WIND-01,40078e96-523d-429e-87f4-2c6f571355de,958778.6,6010479.36,582.35,Calm,3.9,254,6.5
1785809580000,WIND-01,40078e96-523d-429e-87f4-2c6f571355de,958778.6,6010479.36,582.35,Calm,4.3,256,6.6
1785809640000,WIND-01,40078e96-523d-429e-87f4-2c6f571355de,958778.6,6010479.36,582.35,Calm,4,261,7.6
1785809700000,WIND-01,40078e96-523d-429e-87f4-2c6f571355de,958778.6,6010479.36,582.35,Calm,4.5,262,7
1785809760000,WIND-01,40078e96-523d-429e-87f4-2c6f571355de,958778.6,6010479.36,582.35,Calm,4.5,261,6.8
1785809820000,WIND-01,40078e96-523d-429e-87f4-2c6f571355de,958778.6,6010479.36,582.35,Calm,3.8,262,7.1
1785809880000,WIND-01,40078e96-523d-429e-87f4-2c6f571355de,958778.6,6010479.36,582.35,Calm,3.5,258,6.4
1785809940000,WIND-01,40078e96-523d-429e-87f4-2c6f571355de,958778.6,6010479.36,582.35,Calm,3.6,258,5.7
1785810000000,WIND-01,40078e96-523d-429e-87f4-2c6f571355de,958778.6,6010479.36,582.35,Calm,3.2,254,6
1785810060000,WIND-01,40078e96-523d-429e-87f4-2c6f571355de,958778.6,6010479.36,582.35,Calm,3,251,6
1785810120000,WIND-01,40078e96-523d-429e-87f4-2c6f571355de,958778.6,6010479.36,582.35,Calm,3.2,255,6
1785810180000,WIND-01,40078e96-523d-429e-87f4-2c6f571355de,958778.6,6010479.36,582.35,Calm,3.3,252,5.3
1785810240000,WIND-01,40078e96-523d-429e-87f4-2c6f571355de,958778.6,6010479.36,582.35,Calm,3.5,251,6.3
1785810300000,WIND-01,40078e96-523d-429e-87f4-2c6f571355de,958778.6,6010479.36,582.35,Calm,3.8,248,6.1
1785810360000,WIND-01,40078e96-523d-429e-87f4-2c6f571355de,958778.6,6010479.36,582.35,Calm,3.5,251,6.8
1785810420000,WIND-01,40078e96-523d-429e-87f4-2c6f571355de,958778.6,6010479.36,582.35,Calm,3.5,254,5.5
1785810480000,WIND-01,40078e96-523d-429e-87f4-2c6f571355de,958778.6,6010479.36,582.35,Calm,4,254,7.7
1785810540000,WIND-01,40078e96-523d-429e-87f4-2c6f571355de,958778.6,6010479.36,582.35,Calm,4,251,6.3
1785810600000,WIND-01,40078e96-523d-429e-87f4-2c6f571355de,958778.6,6010479.36,582.35,Calm,3.9,246,7.7
1785810660000,WIND-01,40078e96-523d-429e-87f4-2c6f571355de,958778.6,6010479.36,582.35,Calm,3.7,246,6.3
1785810720000,WIND-01,40078e96-523d-429e-87f4-2c6f571355de,958778.6,6010479.36,582.35,Calm,3.2,250,5.8
1785810780000,WIND-01,40078e96-523d-429e-87f4-2c6f571355de,958778.6,6010479.36,582.35,Calm,3.8,251,7.4
1785810840000,WIND-01,40078e96-523d-429e-87f4-2c6f571355de,958778.6,6010479.36,582.35,Calm,3.9,253,7.5
1785810900000,WIND-01,40078e96-523d-429e-87f4-2c6f571355de,958778.6,6010479.36,582.35,Calm,3.5,254,6.8
1785810960000,WIND-01,40078e96-523d-429e-87f4-2c6f571355de,958778.6,6010479.36,582.35,Calm,3.2,259,6.3
1785811020000,WIND-01,40078e96-523d-429e-87f4-2c6f571355de,958778.6,6010479.36,582.35,Calm,3.2,260,5.2
1785811080000,WIND-01,40078e96-523d-429e-87f4-2c6f571355de,958778.6,6010479.36,582.35,Calm,2.7,263,4.5
1785811140000,WIND-01,40078e96-523d-429e-87f4-2c6f571355de,958778.6,6010479.36,582.35,Calm,2.6,258,4.9
1785811200000,WIND-01,40078e96-523d-429e-87f4-2c6f571355de,958778.6,6010479.36,582.35,Calm,2.4,255,4.4
1785811260000,WIND-01,40078e96-523d-429e-87f4-2c6f571355de,958778.6,6010479.36,582.35,Calm,2.4,258,3.9
1785811320000,WIND-01,40078e96-523d-429e-87f4-2c6f571355de,958778.6,6010479.36,582.35,Calm,2.5,256,3.9
1785811380000,WIND-01,40078e96-523d-429e-87f4-2c6f571355de,958778.6,6010479.36,582.35,Calm,2.6,253,4
1785811440000,WIND-01,40078e96-523d-429e-87f4-2c6f571355de,958778.6,6010479.36,582.35,Calm,2.6,259,4.3
1785811500000,WIND-01,40078e96-523d-429e-87f4-2c6f571355de,958778.6,6010479.36,582.35,Calm,3.1,263,5.7
1785811560000,WIND-01,40078e96-523d-429e-87f4-2c6f571355de,958778.6,6010479.36,582.35,Calm,3,262,5.2
1785811620000,WIND-01,40078e96-523d-429e-87f4-2c6f571355de,958778.6,6010479.36,582.35,Calm,3.2,266,5.7
1785811680000,WIND-01,40078e96-523d-429e-87f4-2c6f571355de,958778.6,6010479.36,582.35,Calm,3.2,262,4.9
1785811740000,WIND-01,40078e96-523d-429e-87f4-2c6f571355de,958778.6,6010479.36,582.35,Calm,3.7,260,7.2
1785811800000,WIND-01,40078e96-523d-429e-87f4-2c6f571355de,958778.6,6010479.36,582.35,Calm,4.1,258,7.5
1785811860000,WIND-01,40078e96-523d-429e-87f4-2c6f571355de,958778.6,6010479.36,582.35,Calm,4.5,258,7.3
1785811920000,WIND-01,40078e96-523d-429e-87f4-2c6f571355de,958778.6,6010479.36,582.35,Calm,4,258,6.4
1785811980000,WIND-01,40078e96-523d-429e-87f4-2c6f571355de,958778.6,6010479.36,582.35,Calm,4.4,256,7
1785812040000,WIND-01,40078e96-523d-429e-87f4-2c6f571355de,958778.6,6010479.36,582.35,Calm,3.7,253,7.1
1785812100000,WIND-01,40078e96-523d-429e-87f4-2c6f571355de,958778.6,6010479.36,582.35,Calm,4,255,6.2
1785812160000,WIND-01,40078e96-523d-429e-87f4-2c6f571355de,958778.6,6010479.36,582.35,Calm,3.7,251,7.4
1785812220000,WIND-01,40078e96-523d-429e-87f4-2c6f571355de,958778.6,6010479.36,582.35,Calm,3.9,250,6.1
1785812280000,WIND-01,40078e96-523d-429e-87f4-2c6f571355de,958778.6,6010479.36,582.35,Calm,4,253,7.5
1785812340000,WIND-01,40078e96-523d-429e-87f4-2c6f571355de,958778.6,6010479.36,582.35,Calm,4.1,253,7.3
1785812400000,WIND-01,40078e96-523d-429e-87f4-2c6f571355de,958778.6,6010479.36,582.35,Calm,4.5,253,8.7
1785812460000,WIND-01,40078e96-523d-429e-87f4-2c6f571355de,958778.6,6010479.36,582.35,Calm,4.9,256,9
1785812520000,WIND-01,40078e96-523d-429e-87f4-2c6f571355de,958778.6,6010479.36,582.35,Calm,5,258,7.7
1785812580000,WIND-01,40078e96-523d-429e-87f4-2c6f571355de,958778.6,6010479.36,582.35,Calm,4.7,262,7
1785812640000,WIND-01,40078e96-523d-429e-87f4-2c6f571355de,958778.6,6010479.36,582.35,Calm,4.3,264,8.5
1785812700000,WIND-01,40078e96-523d-429e-87f4-2c6f571355de,958778.6,6010479.36,582.35,Calm,4.5,267,8.7
1785812760000,WIND-01,40078e96-523d-429e-87f4-2c6f571355de,958778.6,6010479.36,582.35,Calm,3.9,261,6.1
1785812820000,WIND-01,40078e96-523d-429e-87f4-2c6f571355de,958778.6,6010479.36,582.35,Calm,3.9,266,7.5
1785812880000,WIND-01,40078e96-523d-429e-87f4-2c6f571355de,958778.6,6010479.36,582.35,Calm,3.9,262,6.5
1785812940000,WIND-01,40078e96-523d-429e-87f4-2c6f571355de,958778.6,6010479.36,582.35,Calm,4.2,264,7.4
1785813000000,WIND-01,40078e96-523d-429e-87f4-2c6f571355de,958778.6,6010479.36,582.35,Calm,3.6,259,6.3
1785813060000,WIND-01,40078e96-523d-429e-87f4-2c6f571355de,958778.6,6010479.36,582.35,Calm,4,255,6.1
1785813120000,WIND-01,40078e96-523d-429e-87f4-2c6f571355de,958778.6,6010479.36,582.35,Calm,4,255,7.6
1785813180000,WIND-01,40078e96-523d-429e-87f4-2c6f571355de,958778.6,6010479.36,582.35,Calm,4.2,254,6.9
1785813240000,WIND-01,40078e96-523d-429e-87f4-2c6f571355de,958778.6,6010479.36,582.35,Calm,4.6,258,9
1785813300000,WIND-01,40078e96-523d-429e-87f4-2c6f571355de,958778.6,6010479.36,582.35,Calm,4.3,260,7.1
1785813360000,WIND-01,40078e96-523d-429e-87f4-2c6f571355de,958778.6,6010479.36,582.35,Calm,4,259,6.5
1785813420000,WIND-01,40078e96-523d-429e-87f4-2c6f571355de,958778.6,6010479.36,582.35,Calm,3.7,253,6.8
1785813480000,WIND-01,40078e96-523d-429e-87f4-2c6f571355de,958778.6,6010479.36,582.35,Calm,4.3,258,6.5
1785813540000,WIND-01,40078e96-523d-429e-87f4-2c6f571355de,958778.6,6010479.36,582.35,Calm,4.6,253,8.8
1785813600000,WIND-01,40078e96-523d-429e-87f4-2c6f571355de,958778.6,6010479.36,582.35,Calm,4.8,256,7.5
1785813660000,WIND-01,40078e96-523d-429e-87f4-2c6f571355de,958778.6,6010479.36,582.35,Calm,4.8,261,7.8
1785813720000,WIND-01,40078e96-523d-429e-87f4-2c6f571355de,958778.6,6010479.36,582.35,Calm,4.2,257,7.1
1785813780000,WIND-01,40078e96-523d-429e-87f4-2c6f571355de,958778.6,6010479.36,582.35,Calm,4.2,259,6.8
1785813840000,WIND-01,40078e96-523d-429e-87f4-2c6f571355de,958778.6,6010479.36,582.35,Calm,3.9,263,6.7
1785813900000,WIND-01,40078e96-523d-429e-87f4-2c6f571355de,958778.6,6010479.36,582.35,Calm,3.7,265,7.1
1785813960000,WIND-01,40078e96-523d-429e-87f4-2c6f571355de,958778.6,6010479.36,582.35,Calm,3.5,266,5.8
1785814020000,WIND-01,40078e96-523d-429e-87f4-2c6f571355de,958778.6,6010479.36,582.35,Calm,3.5,264,6.4
1785814080000,WIND-01,40078e96-523d-429e-87f4-2c6f571355de,958778.6,6010479.36,582.35,Calm,3.6,266,5.7
1785814140000,WIND-01,40078e96-523d-429e-87f4-2c6f571355de,958778.6,6010479.36,582.35,Calm,3.5,268,6.4
1785814200000,WIND-01,40078e96-523d-429e-87f4-2c6f571355de,958778.6,6010479.36,582.35,Calm,3.6,267,6.7
1785814260000,WIND-01,40078e96-523d-429e-87f4-2c6f571355de,958778.6,6010479.36,582.35,Calm,3.5,271,5.4
1785814320000,WIND-01,40078e96-523d-429e-87f4-2c6f571355de,958778.6,6010479.36,582.35,Calm,3.7,273,7.1
1785814380000,WIND-01,40078e96-523d-429e-87f4-2c6f571355de,958778.6,6010479.36,582.35,Calm,3.2,275,5.4
1785814440000,WIND-01,40078e96-523d-429e-87f4-2c6f571355de,958778.6,6010479.36,582.35,Calm,3,270,5.4
1785814500000,WIND-01,40078e96-523d-429e-87f4-2c6f571355de,958778.6,6010479.36,582.35,Calm,2.6,271,4.3
1785814560000,WIND-01,40078e96-523d-429e-87f4-2c6f571355de,958778.6,6010479.36,582.35,Calm,2.8,271,5.7
1785814620000,WIND-01,40078e96-523d-429e-87f4-2c6f571355de,958778.6,6010479.36,582.35,Calm,2.3,268,4.1
1785814680000,WIND-01,40078e96-523d-429e-87f4-2c6f571355de,958778.6,6010479.36,582.35,Calm,2.4,272,4.7
1785814740000,WIND-01,40078e96-523d-429e-87f4-2c6f571355de,958778.6,6010479.36,582.35,Calm,2.5,275,3.8
1785814800000,WIND-01,40078e96-523d-429e-87f4-2c6f571355de,958778.6,6010479.36,582.35,Calm,2.8,280,5.3
1785814860000,WIND-01,40078e96-523d-429e-87f4-2c6f571355de,958778.6,6010479.36,582.35,Calm,3.3,277,5.7
1785814920000,WIND-01,40078e96-523d-429e-87f4-2c6f571355de,958778.6,6010479.36,582.35,Calm,3.7,280,6.3
1785814980000,WIND-01,40078e96-523d-429e-87f4-2c6f571355de,958778.6,6010479.36,582.35,Calm,4,276,6.7
1785815040000,WIND-01,40078e96-523d-429e-87f4-2c6f571355de,958778.6,6010479.36,582.35,Calm,4.3,274,8.4
1785815100000,WIND-01,40078e96-523d-429e-87f4-2c6f571355de,958778.6,6010479.36,582.35,Calm,4.4,278,7.1
1785815160000,WIND-01,40078e96-523d-429e-87f4-2c6f571355de,958778.6,6010479.36,582.35,Calm,4.6,282,6.9
1785815220000,WIND-01,40078e96-523d-429e-87f4-2c6f571355de,958778.6,6010479.36,582.35,Calm,4.1,286,7.2
1785815280000,WIND-01,40078e96-523d-429e-87f4-2c6f571355de,958778.6,6010479.36,582.35,Calm,4.1,283,7.5
1785815340000,WIND-01,40078e96-523d-429e-87f4-2c6f571355de,958778.6,6010479.36,582.35,Calm,4.3,286,7.6
1785815400000,WIND-01,40078e96-523d-429e-87f4-2c6f571355de,958778.6,6010479.36,582.35,Calm,4.7,291,7.4
1785815460000,WIND-01,40078e96-523d-429e-87f4-2c6f571355de,958778.6,6010479.36,582.35,Calm,4,288,6.1
1785815520000,WIND-01,40078e96-523d-429e-87f4-2c6f571355de,958778.6,6010479.36,582.35,Calm,4,289,7.9
1785815580000,WIND-01,40078e96-523d-429e-87f4-2c6f571355de,958778.6,6010479.36,582.35,Calm,3.4,284,5.6
1785815640000,WIND-01,40078e96-523d-429e-87f4-2c6f571355de,958778.6,6010479.36,582.35,Calm,3.9,287,7
1785815700000,WIND-01,40078e96-523d-429e-87f4-2c6f571355de,958778.6,6010479.36,582.35,Calm,4.2,282,8.3
1785815760000,WIND-01,40078e96-523d-429e-87f4-2c6f571355de,958778.6,6010479.36,582.35,Calm,4.2,278,8.1
1785815820000,WIND-01,40078e96-523d-429e-87f4-2c6f571355de,958778.6,6010479.36,582.35,Calm,4.4,274,7.3
1785815880000,WIND-01,40078e96-523d-429e-87f4-2c6f571355de,958778.6,6010479.36,582.35,Calm,3.9,276,7.5
1785815940000,WIND-01,40078e96-523d-429e-87f4-2c6f571355de,958778.6,6010479.36,582.35,Calm,3.3,270,5.4
1785816000000,WIND-01,40078e96-523d-429e-87f4-2c6f571355de,958778.6,6010479.36,582.35,Calm,3.3,275,6
1785816060000,WIND-01,40078e96-523d-429e-87f4-2c6f571355de,958778.6,6010479.36,582.35,Calm,3.7,277,7.4
1785816120000,WIND-01,40078e96-523d-429e-87f4-2c6f571355de,958778.6,6010479.36,582.35,Calm,4.1,278,7.1
1785816180000,WIND-01,40078e96-523d-429e-87f4-2c6f571355de,958778.6,6010479.36,582.35,Calm,4.3,279,8.3
1785816240000,WIND-01,40078e96-523d-429e-87f4-2c6f571355de,958778.6,6010479.36,582.35,Calm,3.9,283,7.6
1785816300000,WIND-01,40078e96-523d-429e-87f4-2c6f571355de,958778.6,6010479.36,582.35,Calm,4.4,277,7.4
1785816360000,WIND-01,40078e96-523d-429e-87f4-2c6f571355de,958778.6,6010479.36,582.35,Calm,4.7,270,9.2
1785816420000,WIND-01,40078e96-523d-429e-87f4-2c6f571355de,958778.6,6010479.36,582.35,Calm,4.3,272,7.9
1785816480000,WIND-01,40078e96-523d-429e-87f4-2c6f571355de,958778.6,6010479.36,582.35,Calm,3.9,268,6.9
1785816540000,WIND-01,40078e96-523d-429e-87f4-2c6f571355de,958778.6,6010479.36,582.35,Calm,3.4,269,5.7
1785816600000,WIND-01,40078e96-523d-429e-87f4-2c6f571355de,958778.6,6010479.36,582.35,Calm,3.6,264,6.2
1785816660000,WIND-01,40078e96-523d-429e-87f4-2c6f571355de,958778.6,6010479.36,582.35,Calm,3.9,268,7
1785816720000,WIND-01,40078e96-523d-429e-87f4-2c6f571355de,958778.6,6010479.36,582.35,Calm,3.8,272,6.8
1785816780000,WIND-01,40078e96-523d-429e-87f4-2c6f571355de,958778.6,6010479.36,582.35,Calm,3.7,277,6.1
1785816840000,WIND-01,40078e96-523d-429e-87f4-2c6f571355de,958778.6,6010479.36,582.35,Calm,4.1,278,7.7
1785816900000,WIND-01,40078e96-523d-429e-87f4-2c6f571355de,958778.6,6010479.36,582.35,Calm,4,275,6
1785816960000,WIND-01,40078e96-523d-429e-87f4-2c6f571355de,958778.6,6010479.36,582.35,Calm,4.5,279,8.1
1785817020000,WIND-01,40078e96-523d-429e-87f4-2c6f571355de,958778.6,6010479.36,582.35,Calm,4.8,275,9.4
1785817080000,WIND-01,40078e96-523d-429e-87f4-2c6f571355de,958778.6,6010479.36,582.35,Calm,4.5,279,8.6
1785817140000,WIND-01,40078e96-523d-429e-87f4-2c6f571355de,958778.6,6010479.36,582.35,Calm,4,274,6.6
1785817200000,WIND-01,40078e96-523d-429e-87f4-2c6f571355de,958778.6,6010479.36,582.35,Calm,3.9,276,5.9
1785817260000,WIND-01,40078e96-523d-429e-87f4-2c6f571355de,958778.6,6010479.36,582.35,Calm,3.9,278,6.1
1785817320000,WIND-01,40078e96-523d-429e-87f4-2c6f571355de,958778.6,6010479.36,582.35,Calm,3.5,273,5.7
1785817380000,WIND-01,40078e96-523d-429e-87f4-2c6f571355de,958778.6,6010479.36,582.35,Calm,3.1,268,5.8
1785817440000,WIND-01,40078e96-523d-429e-87f4-2c6f571355de,958778.6,6010479.36,582.35,Calm,3.4,272,5.4
1785817500000,WIND-01,40078e96-523d-429e-87f4-2c6f571355de,958778.6,6010479.36,582.35,Calm,3.5,275,6.6
1785817560000,WIND-01,40078e96-523d-429e-87f4-2c6f571355de,958778.6,6010479.36,582.35,Calm,3.2,271,6.2
1785817620000,WIND-01,40078e96-523d-429e-87f4-2c6f571355de,958778.6,6010479.36,582.35,Calm,3.7,266,6.6
1785817680000,WIND-01,40078e96-523d-429e-87f4-2c6f571355de,958778.6,6010479.36,582.35,Calm,4.1,266,6.2
1785817740000,WIND-01,40078e96-523d-429e-87f4-2c6f571355de,958778.6,6010479.36,582.35,Calm,4.5,262,8
1785817800000,WIND-01,40078e96-523d-429e-87f4-2c6f571355de,958778.6,6010479.36,582.35,Calm,4.2,263,6.7
1785817860000,WIND-01,40078e96-523d-429e-87f4-2c6f571355de,958778.6,6010479.36,582.35,Calm,4.4,264,7
1785817920000,WIND-01,40078e96-523d-429e-87f4-2c6f571355de,958778.6,6010479.36,582.35,Calm,4.3,262,6.8
1785817980000,WIND-01,40078e96-523d-429e-87f4-2c6f571355de,958778.6,6010479.36,582.35,Calm,3.6,259,6.7
1785818040000,WIND-01,40078e96-523d-429e-87f4-2c6f571355de,958778.6,6010479.36,582.35,Calm,3.2,254,5.6
1785818100000,WIND-01,40078e96-523d-429e-87f4-2c6f571355de,958778.6,6010479.36,582.35,Calm,3.2,252,5.4
1785818160000,WIND-01,40078e96-523d-429e-87f4-2c6f571355de,958778.6,6010479.36,582.35,Calm,3.1,251,4.8
1785818220000,WIND-01,40078e96-523d-429e-87f4-2c6f571355de,958778.6,6010479.36,582.35,Calm,3.3,248,6.2
1785818280000,WIND-01,40078e96-523d-429e-87f4-2c6f571355de,958778.6,6010479.36,582.35,Calm,3.1,245,5.9
1785818340000,WIND-01,40078e96-523d-429e-87f4-2c6f571355de,958778.6,6010479.36,582.35,Calm,3.1,243,5.3
1785818400000,WIND-01,40078e96-523d-429e-87f4-2c6f571355de,958778.6,6010479.36,582.35,Calm,2.8,248,5
1785818460000,WIND-01,40078e96-523d-429e-87f4-2c6f571355de,958778.6,6010479.36,582.35,Calm,3.2,244,6.2
1785818520000,WIND-01,40078e96-523d-429e-87f4-2c6f571355de,958778.6,6010479.36,582.35,Calm,3.3,241,5.4
1785818580000,WIND-01,40078e96-523d-429e-87f4-2c6f571355de,958778.6,6010479.36,582.35,Calm,3.6,246,6.4
1785818640000,WIND-01,40078e96-523d-429e-87f4-2c6f571355de,958778.6,6010479.36,582.35,Calm,3.6,251,6
1785818700000,WIND-01,40078e96-523d-429e-87f4-2c6f571355de,958778.6,6010479.36,582.35,Calm,3.4,255,5.5
1785818760000,WIND-01,40078e96-523d-429e-87f4-2c6f571355de,958778.6,6010479.36,582.35,Calm,3.9,250,6.3
1785818820000,WIND-01,40078e96-523d-429e-87f4-2c6f571355de,958778.6,6010479.36,582.35,Calm,3.8,252,6.5
1785818880000,WIND-01,40078e96-523d-429e-87f4-2c6f571355de,958778.6,6010479.36,582.35,Calm,4.4,256,8.5
1785818940000,WIND-01,40078e96-523d-429e-87f4-2c6f571355de,958778.6,6010479.36,582.35,Calm,4.7,251,8.3
1785819000000,WIND-01,40078e96-523d-429e-87f4-2c6f571355de,958778.6,6010479.36,582.35,Calm,4.9,254,9.6
1785819060000,WIND-01,40078e96-523d-429e-87f4-2c6f571355de,958778.6,6010479.36,582.35,Calm,4.9,251,9.1
1785819120000,WIND-01,40078e96-523d-429e-87f4-2c6f571355de,958778.6,6010479.36,582.35,Calm,4.7,253,8.2
1785819180000,WIND-01,40078e96-523d-429e-87f4-2c6f571355de,958778.6,6010479.36,582.35,Calm,4.4,258,7.1
1785819240000,WIND-01,40078e96-523d-429e-87f4-2c6f571355de,958778.6,6010479.36,582.35,Calm,4,253,7.8
1785819300000,WIND-01,40078e96-523d-429e-87f4-2c6f571355de,958778.6,6010479.36,582.35,Calm,4.5,249,7.7
1785819360000,WIND-01,40078e96-523d-429e-87f4-2c6f571355de,958778.6,6010479.36,582.35,Calm,4.8,247,8.2
1785819420000,WIND-01,40078e96-523d-429e-87f4-2c6f571355de,958778.6,6010479.36,582.35,Calm,4.9,252,9
1785819480000,WIND-01,40078e96-523d-429e-87f4-2c6f571355de,958778.6,6010479.36,582.35,Calm,4.9,254,8.8
1785819540000,WIND-01,40078e96-523d-429e-87f4-2c6f571355de,958778.6,6010479.36,582.35,Calm,4.8,256,9.5
1785819600000,WIND-01,40078e96-523d-429e-87f4-2c6f571355de,958778.6,6010479.36,582.35,Calm,4.4,254,8.2
1785819660000,WIND-01,40078e96-523d-429e-87f4-2c6f571355de,958778.6,6010479.36,582.35,Calm,4.6,257,8.3
1785819720000,WIND-01,40078e96-523d-429e-87f4-2c6f571355de,958778.6,6010479.36,582.35,Calm,4.4,259,6.7
1785819780000,WIND-01,40078e96-523d-429e-87f4-2c6f571355de,958778.6,6010479.36,582.35,Calm,4.1,257,7.5
1785819840000,WIND-01,40078e96-523d-429e-87f4-2c6f571355de,958778.6,6010479.36,582.35,Calm,4.4,254,7.9
1785819900000,WIND-01,40078e96-523d-429e-87f4-2c6f571355de,958778.6,6010479.36,582.35,Calm,4.2,259,7.3
1785819960000,WIND-01,40078e96-523d-429e-87f4-2c6f571355de,958778.6,6010479.36,582.35,Calm,4.3,258,8.5
1785820020000,WIND-01,40078e96-523d-429e-87f4-2c6f571355de,958778.6,6010479.36,582.35,Calm,3.7,252,6.6
1785820080000,WIND-01,40078e96-523d-429e-87f4-2c6f571355de,958778.6,6010479.36,582.35,Calm,3.8,257,7.6
1785820140000,WIND-01,40078e96-523d-429e-87f4-2c6f571355de,958778.6,6010479.36,582.35,Calm,4,252,7.6
1785820200000,WIND-01,40078e96-523d-429e-87f4-2c6f571355de,958778.6,6010479.36,582.35,Calm,3.7,248,6.4
1785820260000,WIND-01,40078e96-523d-429e-87f4-2c6f571355de,958778.6,6010479.36,582.35,Calm,3.2,248,5.8
1785820320000,WIND-01,40078e96-523d-429e-87f4-2c6f571355de,958778.6,6010479.36,582.35,Calm,3.6,254,7.2
1785820380000,WIND-01,40078e96-523d-429e-87f4-2c6f571355de,958778.6,6010479.36,582.35,Calm,3.6,257,5.6
1785820440000,WIND-01,40078e96-523d-429e-87f4-2c6f571355de,958778.6,6010479.36,582.35,Calm,3,253,4.8
1785820500000,WIND-01,40078e96-523d-429e-87f4-2c6f571355de,958778.6,6010479.36,582.35,Calm,2.5,253,4.1
1785820560000,WIND-01,40078e96-523d-429e-87f4-2c6f571355de,958778.6,6010479.36,582.35,Calm,2.7,255,4.3
1785820620000,WIND-01,40078e96-523d-429e-87f4-2c6f571355de,958778.6,6010479.36,582.35,Calm,2.2,261,3.3
1785820680000,WIND-01,40078e96-523d-429e-87f4-2c6f571355de,958778.6,6010479.36,582.35,Calm,2.9,259,4.4
1785820740000,WIND-01,40078e96-523d-429e-87f4-2c6f571355de,958778.6,6010479.36,582.35,Calm,2.8,257,4.3
1785820800000,WIND-01,40078e96-523d-429e-87f4-2c6f571355de,958778.6,6010479.36,582.35,Calm,3.2,252,5.3
1785820860000,WIND-01,40078e96-523d-429e-87f4-2c6f571355de,958778.6,6010479.36,582.35,Calm,3.1,250,5.4
1785820920000,WIND-01,40078e96-523d-429e-87f4-2c6f571355de,958778.6,6010479.36,582.35,Calm,3.2,254,5.5
1785820980000,WIND-01,40078e96-523d-429e-87f4-2c6f571355de,958778.6,6010479.36,582.35,Calm,2.8,249,4.7
1785821040000,WIND-01,40078e96-523d-429e-87f4-2c6f571355de,958778.6,6010479.36,582.35,Calm,2.8,243,5.2
1785821100000,WIND-01,40078e96-523d-429e-87f4-2c6f571355de,958778.6,6010479.36,582.35,Calm,3.3,245,6.1
1785821160000,WIND-01,40078e96-523d-429e-87f4-2c6f571355de,958778.6,6010479.36,582.35,Calm,3.8,241,7.3
1785821220000,WIND-01,40078e96-523d-429e-87f4-2c6f571355de,958778.6,6010479.36,582.35,Calm,3.7,241,6.6
1785821280000,WIND-01,40078e96-523d-429e-87f4-2c6f571355de,958778.6,6010479.36,582.35,Calm,3.7,241,7.1
1785821340000,WIND-01,40078e96-523d-429e-87f4-2c6f571355de,958778.6,6010479.36,582.35,Calm,3.9,246,6.2
1785821400000,WIND-01,40078e96-523d-429e-87f4-2c6f571355de,958778.6,6010479.36,582.35,Calm,3.6,252,6.8
1785821460000,WIND-01,40078e96-523d-429e-87f4-2c6f571355de,958778.6,6010479.36,582.35,Calm,3.8,247,7.2
1785821520000,WIND-01,40078e96-523d-429e-87f4-2c6f571355de,958778.6,6010479.36,582.35,Calm,4.2,242,8
1785821580000,WIND-01,40078e96-523d-429e-87f4-2c6f571355de,958778.6,6010479.36,582.35,Calm,3.6,240,5.7
1785821640000,WIND-01,40078e96-523d-429e-87f4-2c6f571355de,958778.6,6010479.36,582.35,Calm,3.7,235,5.6
1785821700000,WIND-01,40078e96-523d-429e-87f4-2c6f571355de,958778.6,6010479.36,582.35,Calm,3.9,233,6.9
1785821760000,WIND-01,40078e96-523d-429e-87f4-2c6f571355de,958778.6,6010479.36,582.35,Calm,4.4,228,8.4
1785821820000,WIND-01,40078e96-523d-429e-87f4-2c6f571355de,958778.6,6010479.36,582.35,Calm,4.7,226,8.4
1785821880000,WIND-01,40078e96-523d-429e-87f4-2c6f571355de,958778.6,6010479.36,582.35,Calm,4.4,230,8.2
1785821940000,WIND-01,40078e96-523d-429e-87f4-2c6f571355de,958778.6,6010479.36,582.35,Calm,4.4,233,8.2
1785822000000,WIND-01,40078e96-523d-429e-87f4-2c6f571355de,958778.6,6010479.36,582.35,Calm,4.3,230,8.3
1785822060000,WIND-01,40078e96-523d-429e-87f4-2c6f571355de,958778.6,6010479.36,582.35,Calm,4.5,228,7.1
1785822120000,WIND-01,40078e96-523d-429e-87f4-2c6f571355de,958778.6,6010479.36,582.35,Calm,4.3,229,7.8
1785822180000,WIND-01,40078e96-523d-429e-87f4-2c6f571355de,958778.6,6010479.36,582.35,Calm,4.2,227,8.4
1785822240000,WIND-01,40078e96-523d-429e-87f4-2c6f571355de,958778.6,6010479.36,582.35,Calm,4.7,226,7.3
1785822300000,WIND-01,40078e96-523d-429e-87f4-2c6f571355de,958778.6,6010479.36,582.35,Calm,4.2,230,7.1
1785822360000,WIND-01,40078e96-523d-429e-87f4-2c6f571355de,958778.6,6010479.36,582.35,Calm,4.3,229,7.8
1785822420000,WIND-01,40078e96-523d-429e-87f4-2c6f571355de,958778.6,6010479.36,582.35,Calm,4.3,227,6.7
1785822480000,WIND-01,40078e96-523d-429e-87f4-2c6f571355de,958778.6,6010479.36,582.35,Calm,3.7,233,6.1
1785822540000,WIND-01,40078e96-523d-429e-87f4-2c6f571355de,958778.6,6010479.36,582.35,Calm,3.9,234,6.1
1785822600000,WIND-01,40078e96-523d-429e-87f4-2c6f571355de,958778.6,6010479.36,582.35,Calm,3.3,233,6.4
1785822660000,WIND-01,40078e96-523d-429e-87f4-2c6f571355de,958778.6,6010479.36,582.35,Calm,3,230,5.7
1785822720000,WIND-01,40078e96-523d-429e-87f4-2c6f571355de,958778.6,6010479.36,582.35,Calm,2.8,233,5.4
1785822780000,WIND-01,40078e96-523d-429e-87f4-2c6f571355de,958778.6,6010479.36,582.35,Calm,2.9,231,4.3
1785822840000,WIND-01,40078e96-523d-429e-87f4-2c6f571355de,958778.6,6010479.36,582.35,Calm,2.7,229,4.8
1785822900000,WIND-01,40078e96-523d-429e-87f4-2c6f571355de,958778.6,6010479.36,582.35,Calm,3.3,227,5.6
1785822960000,WIND-01,40078e96-523d-429e-87f4-2c6f571355de,958778.6,6010479.36,582.35,Calm,3.9,224,6.9
1785823020000,WIND-01,40078e96-523d-429e-87f4-2c6f571355de,958778.6,6010479.36,582.35,Calm,3.7,220,6.2
1785823080000,WIND-01,40078e96-523d-429e-87f4-2c6f571355de,958778.6,6010479.36,582.35,Calm,3.3,221,5.9
1785823140000,WIND-01,40078e96-523d-429e-87f4-2c6f571355de,958778.6,6010479.36,582.35,Calm,3.4,223,6.6
1785823200000,WIND-01,40078e96-523d-429e-87f4-2c6f571355de,958778.6,6010479.36,582.35,Calm,3,220,5.7
1785823260000,WIND-01,40078e96-523d-429e-87f4-2c6f571355de,958778.6,6010479.36,582.35,Calm,2.7,221,4.8
1785823320000,WIND-01,40078e96-523d-429e-87f4-2c6f571355de,958778.6,6010479.36,582.35,Calm,3.1,216,4.8
1785823380000,WIND-01,40078e96-523d-429e-87f4-2c6f571355de,958778.6,6010479.36,582.35,Calm,2.8,211,5.3
1785823440000,WIND-01,40078e96-523d-429e-87f4-2c6f571355de,958778.6,6010479.36,582.35,Calm,2.7,216,4.1
1785823500000,WIND-01,40078e96-523d-429e-87f4-2c6f571355de,958778.6,6010479.36,582.35,Calm,3.1,211,4.8
1785823560000,WIND-01,40078e96-523d-429e-87f4-2c6f571355de,958778.6,6010479.36,582.35,Calm,3,216,5
1785823620000,WIND-01,40078e96-523d-429e-87f4-2c6f571355de,958778.6,6010479.36,582.35,Calm,3.2,213,5.2
1785823680000,WIND-01,40078e96-523d-429e-87f4-2c6f571355de,958778.6,6010479.36,582.35,Calm,2.8,211,4.6
1785823740000,WIND-01,40078e96-523d-429e-87f4-2c6f571355de,958778.6,6010479.36,582.35,Calm,2.6,208,4.2
1785823800000,WIND-01,40078e96-523d-429e-87f4-2c6f571355de,958778.6,6010479.36,582.35,Calm,3,207,4.8
1785823860000,WIND-01,40078e96-523d-429e-87f4-2c6f571355de,958778.6,6010479.36,582.35,Calm,2.5,214,4.8
1785823920000,WIND-01,40078e96-523d-429e-87f4-2c6f571355de,958778.6,6010479.36,582.35,Calm,2.1,211,4.1
1785823980000,WIND-01,40078e96-523d-429e-87f4-2c6f571355de,958778.6,6010479.36,582.35,Calm,2.1,210,3.3
1785824040000,WIND-01,40078e96-523d-429e-87f4-2c6f571355de,958778.6,6010479.36,582.35,Calm,2.8,207,5.5
1785824100000,WIND-01,40078e96-523d-429e-87f4-2c6f571355de,958778.6,6010479.36,582.35,Calm,3.2,211,6.3
1785824160000,WIND-01,40078e96-523d-429e-87f4-2c6f571355de,958778.6,6010479.36,582.35,Calm,2.8,207,5.3
1785824220000,WIND-01,40078e96-523d-429e-87f4-2c6f571355de,958778.6,6010479.36,582.35,Calm,3,206,5.8
1785824280000,WIND-01,40078e96-523d-429e-87f4-2c6f571355de,958778.6,6010479.36,582.35,Calm,2.9,203,4.9
1785824340000,WIND-01,40078e96-523d-429e-87f4-2c6f571355de,958778.6,6010479.36,582.35,Calm,3.3,207,5.2
1785824400000,WIND-01,40078e96-523d-429e-87f4-2c6f571355de,958778.6,6010479.36,582.35,Calm,3.8,209,7.4
1785824460000,WIND-01,40078e96-523d-429e-87f4-2c6f571355de,958778.6,6010479.36,582.35,Calm,3.5,214,6.2
1785824520000,WIND-01,40078e96-523d-429e-87f4-2c6f571355de,958778.6,6010479.36,582.35,Calm,4,209,6.9
1785824580000,WIND-01,40078e96-523d-429e-87f4-2c6f571355de,958778.6,6010479.36,582.35,Calm,3.5,215,6.3
1785824640000,WIND-01,40078e96-523d-429e-87f4-2c6f571355de,958778.6,6010479.36,582.35,Calm,3.1,213,4.7
1785824700000,WIND-01,40078e96-523d-429e-87f4-2c6f571355de,958778.6,6010479.36,582.35,Calm,3.5,219,6.4
1785824760000,WIND-01,40078e96-523d-429e-87f4-2c6f571355de,958778.6,6010479.36,582.35,Calm,4,223,7.4
1785824820000,WIND-01,40078e96-523d-429e-87f4-2c6f571355de,958778.6,6010479.36,582.35,Calm,4.2,219,6.8
1785824880000,WIND-01,40078e96-523d-429e-87f4-2c6f571355de,958778.6,6010479.36,582.35,Calm,3.5,220,6.1
1785824940000,WIND-01,40078e96-523d-429e-87f4-2c6f571355de,958778.6,6010479.36,582.35,Calm,3.2,218,6.1
1785825000000,WIND-01,40078e96-523d-429e-87f4-2c6f571355de,958778.6,6010479.36,582.35,Calm,2.9,223,4.5
1785825060000,WIND-01,40078e96-523d-429e-87f4-2c6f571355de,958778.6,6010479.36,582.35,Calm,3.2,224,6.1
1785825120000,WIND-01,40078e96-523d-429e-87f4-2c6f571355de,958778.6,6010479.36,582.35,Calm,3.1,223,5.6
1785825180000,WIND-01,40078e96-523d-429e-87f4-2c6f571355de,958778.6,6010479.36,582.35,Calm,2.9,219,5.2
1785825240000,WIND-01,40078e96-523d-429e-87f4-2c6f571355de,958778.6,6010479.36,582.35,Calm,2.6,220,4.4
1785825300000,WIND-01,40078e96-523d-429e-87f4-2c6f571355de,958778.6,6010479.36,582.35,Calm,2.5,224,4.4
1785825360000,WIND-01,40078e96-523d-429e-87f4-2c6f571355de,958778.6,6010479.36,582.35,Calm,2.4,222,4.3
1785825420000,WIND-01,40078e96-523d-429e-87f4-2c6f571355de,958778.6,6010479.36,582.35,Calm,3,221,5.9
1785825480000,WIND-01,40078e96-523d-429e-87f4-2c6f571355de,958778.6,6010479.36,582.35,Calm,3,227,5.6
1785825540000,WIND-01,40078e96-523d-429e-87f4-2c6f571355de,958778.6,6010479.36,582.35,Calm,2.8,229,4.4
1785825600000,WIND-01,40078e96-523d-429e-87f4-2c6f571355de,958778.6,6010479.36,582.35,Calm,3.1,230,4.8
1785825660000,WIND-01,40078e96-523d-429e-87f4-2c6f571355de,958778.6,6010479.36,582.35,Calm,2.7,230,4.4
1785825720000,WIND-01,40078e96-523d-429e-87f4-2c6f571355de,958778.6,6010479.36,582.35,Calm,3,235,4.9
1785825780000,WIND-01,40078e96-523d-429e-87f4-2c6f571355de,958778.6,6010479.36,582.35,Calm,3.6,230,6.1
1785825840000,WIND-01,40078e96-523d-429e-87f4-2c6f571355de,958778.6,6010479.36,582.35,Calm,3.9,229,7.7
1785825900000,WIND-01,40078e96-523d-429e-87f4-2c6f571355de,958778.6,6010479.36,582.35,Calm,4.2,224,7.9
1785825960000,WIND-01,40078e96-523d-429e-87f4-2c6f571355de,958778.6,6010479.36,582.35,Calm,3.9,229,6.1
1785826020000,WIND-01,40078e96-523d-429e-87f4-2c6f571355de,958778.6,6010479.36,582.35,Calm,3.3,224,5.1
1785826080000,WIND-01,40078e96-523d-429e-87f4-2c6f571355de,958778.6,6010479.36,582.35,Calm,3.8,223,7.2
1785826140000,WIND-01,40078e96-523d-429e-87f4-2c6f571355de,958778.6,6010479.36,582.35,Calm,3.6,224,6
1785826200000,WIND-01,40078e96-523d-429e-87f4-2c6f571355de,958778.6,6010479.36,582.35,Calm,3.4,227,6.3
1785826260000,WIND-01,40078e96-523d-429e-87f4-2c6f571355de,958778.6,6010479.36,582.35,Calm,2.9,230,4.9
1785826320000,WIND-01,40078e96-523d-429e-87f4-2c6f571355de,958778.6,6010479.36,582.35,Calm,3.5,226,5.5
1785826380000,WIND-01,40078e96-523d-429e-87f4-2c6f571355de,958778.6,6010479.36,582.35,Calm,3.3,225,6.4
1785826440000,WIND-01,40078e96-523d-429e-87f4-2c6f571355de,958778.6,6010479.36,582.35,Calm,3.5,223,6.2
1785826500000,WIND-01,40078e96-523d-429e-87f4-2c6f571355de,958778.6,6010479.36,582.35,Calm,3.5,222,6.7
1785826560000,WIND-01,40078e96-523d-429e-87f4-2c6f571355de,958778.6,6010479.36,582.35,Calm,3.6,221,6.2
1785826620000,WIND-01,40078e96-523d-429e-87f4-2c6f571355de,958778.6,6010479.36,582.35,Calm,3.6,222,6.5
1785826680000,WIND-01,40078e96-523d-429e-87f4-2c6f571355de,958778.6,6010479.36,582.35,Calm,3.6,225,5.8
1785826740000,WIND-01,40078e96-523d-429e-87f4-2c6f571355de,958778.6,6010479.36,582.35,Calm,3.8,226,7.1
1785826800000,WIND-01,40078e96-523d-429e-87f4-2c6f571355de,958778.6,6010479.36,582.35,Calm,3.8,227,7.6
1785826860000,WIND-01,40078e96-523d-429e-87f4-2c6f571355de,958778.6,6010479.36,582.35,Calm,4.1,222,6.3
1785826920000,WIND-01,40078e96-523d-429e-87f4-2c6f571355de,958778.6,6010479.36,582.35,Calm,3.7,224,5.9
1785826980000,WIND-01,40078e96-523d-429e-87f4-2c6f571355de,958778.6,6010479.36,582.35,Calm,3.6,219,6
1785827040000,WIND-01,40078e96-523d-429e-87f4-2c6f571355de,958778.6,6010479.36,582.35,Calm,3,217,5.5
1785827100000,WIND-01,40078e96-523d-429e-87f4-2c6f571355de,958778.6,6010479.36,582.35,Calm,3.5,213,5.5
1785827160000,WIND-01,40078e96-523d-429e-87f4-2c6f571355de,958778.6,6010479.36,582.35,Calm,3.6,219,6.3
1785827220000,WIND-01,40078e96-523d-429e-87f4-2c6f571355de,958778.6,6010479.36,582.35,Calm,3.4,214,5.9
1785827280000,WIND-01,40078e96-523d-429e-87f4-2c6f571355de,958778.6,6010479.36,582.35,Calm,3.9,219,7.4
1785827340000,WIND-01,40078e96-523d-429e-87f4-2c6f571355de,958778.6,6010479.36,582.35,Calm,3.3,218,5.6
1785827400000,WIND-01,40078e96-523d-429e-87f4-2c6f571355de,958778.6,6010479.36,582.35,Calm,3.9,224,7.2
1785827460000,WIND-01,40078e96-523d-429e-87f4-2c6f571355de,958778.6,6010479.36,582.35,Calm,3.8,228,5.7
1785827520000,WIND-01,40078e96-523d-429e-87f4-2c6f571355de,958778.6,6010479.36,582.35,Calm,3.8,232,6.8
1785827580000,WIND-01,40078e96-523d-429e-87f4-2c6f571355de,958778.6,6010479.36,582.35,Calm,3.5,238,5.9
1785827640000,WIND-01,40078e96-523d-429e-87f4-2c6f571355de,958778.6,6010479.36,582.35,Calm,3.3,238,5.5
1785827700000,WIND-01,40078e96-523d-429e-87f4-2c6f571355de,958778.6,6010479.36,582.35,Calm,3.1,239,5
1785827760000,WIND-01,40078e96-523d-429e-87f4-2c6f571355de,958778.6,6010479.36,582.35,Calm,2.9,236,5.2
1785827820000,WIND-01,40078e96-523d-429e-87f4-2c6f571355de,958778.6,6010479.36,582.35,Calm,3.3,236,5.4
1785827880000,WIND-01,40078e96-523d-429e-87f4-2c6f571355de,958778.6,6010479.36,582.35,Calm,2.9,233,5.5
1785827940000,WIND-01,40078e96-523d-429e-87f4-2c6f571355de,958778.6,6010479.36,582.35,Calm,3.3,229,5.5
1785828000000,WIND-01,40078e96-523d-429e-87f4-2c6f571355de,958778.6,6010479.36,582.35,Calm,3.6,232,6.2
1785828060000,WIND-01,40078e96-523d-429e-87f4-2c6f571355de,958778.6,6010479.36,582.35,Calm,3.1,228,5.4
1785828120000,WIND-01,40078e96-523d-429e-87f4-2c6f571355de,958778.6,6010479.36,582.35,Calm,3.1,232,5
1785828180000,WIND-01,40078e96-523d-429e-87f4-2c6f571355de,958778.6,6010479.36,582.35,Calm,3,233,5.5
1785828240000,WIND-01,40078e96-523d-429e-87f4-2c6f571355de,958778.6,6010479.36,582.35,Calm,3.4,233,5.6
1785828300000,WIND-01,40078e96-523d-429e-87f4-2c6f571355de,958778.6,6010479.36,582.35,Calm,3.8,231,7.3
1785828360000,WIND-01,40078e96-523d-429e-87f4-2c6f571355de,958778.6,6010479.36,582.35,Calm,3.5,237,5.8
1785828420000,WIND-01,40078e96-523d-429e-87f4-2c6f571355de,958778.6,6010479.36,582.35,Calm,3.9,240,6.5
1785828480000,WIND-01,40078e96-523d-429e-87f4-2c6f571355de,958778.6,6010479.36,582.35,Calm,3.9,244,6.9
1785828540000,WIND-01,40078e96-523d-429e-87f4-2c6f571355de,958778.6,6010479.36,582.35,Calm,4.3,247,7
1785828600000,WIND-01,40078e96-523d-429e-87f4-2c6f571355de,958778.6,6010479.36,582.35,Calm,4.7,247,7.9
1785828660000,WIND-01,40078e96-523d-429e-87f4-2c6f571355de,958778.6,6010479.36,582.35,Calm,4.8,243,7.4
1785828720000,WIND-01,40078e96-523d-429e-87f4-2c6f571355de,958778.6,6010479.36,582.35,Calm,4.5,239,7.4
1785828780000,WIND-01,40078e96-523d-429e-87f4-2c6f571355de,958778.6,6010479.36,582.35,Calm,4.3,238,8.3
1785828840000,WIND-01,40078e96-523d-429e-87f4-2c6f571355de,958778.6,6010479.36,582.35,Calm,4.4,241,8.3
1785828900000,WIND-01,40078e96-523d-429e-87f4-2c6f571355de,958778.6,6010479.36,582.35,Calm,4,243,6.9
1785828960000,WIND-01,40078e96-523d-429e-87f4-2c6f571355de,958778.6,6010479.36,582.35,Calm,4.2,245,6.6
1785829020000,WIND-01,40078e96-523d-429e-87f4-2c6f571355de,958778.6,6010479.36,582.35,Calm,4.8,251,7.8
1785829080000,WIND-01,40078e96-523d-429e-87f4-2c6f571355de,958778.6,6010479.36,582.35,Calm,4.5,255,7.6
1785829140000,WIND-01,40078e96-523d-429e-87f4-2c6f571355de,958778.6,6010479.36,582.35,Calm,4.5,256,9
1785829200000,WIND-01,40078e96-523d-429e-87f4-2c6f571355de,958778.6,6010479.36,582.35,Calm,4.6,250,7.2
1785829260000,WIND-01,40078e96-523d-429e-87f4-2c6f571355de,958778.6,6010479.36,582.35,Calm,4.7,250,7.4
1785829320000,WIND-01,40078e96-523d-429e-87f4-2c6f571355de,958778.6,6010479.36,582.35,Calm,4.3,247,7
1785829380000,WIND-01,40078e96-523d-429e-87f4-2c6f571355de,958778.6,6010479.36,582.35,Calm,3.9,251,7.6
1785829440000,WIND-01,40078e96-523d-429e-87f4-2c6f571355de,958778.6,6010479.36,582.35,Calm,3.8,250,6.2
1785829500000,WIND-01,40078e96-523d-429e-87f4-2c6f571355de,958778.6,6010479.36,582.35,Calm,3.9,253,7.6
1785829560000,WIND-01,40078e96-523d-429e-87f4-2c6f571355de,958778.6,6010479.36,582.35,Calm,4.2,256,7.3
1785829620000,WIND-01,40078e96-523d-429e-87f4-2c6f571355de,958778.6,6010479.36,582.35,Calm,4.2,251,7.1
1785829680000,WIND-01,40078e96-523d-429e-87f4-2c6f571355de,958778.6,6010479.36,582.35,Calm,4.1,248,8.2
1785829740000,WIND-01,40078e96-523d-429e-87f4-2c6f571355de,958778.6,6010479.36,582.35,Calm,4.3,244,7.2
1785829800000,WIND-01,40078e96-523d-429e-87f4-2c6f571355de,958778.6,6010479.36,582.35,Calm,4.4,241,6.8
1785829860000,WIND-01,40078e96-523d-429e-87f4-2c6f571355de,958778.6,6010479.36,582.35,Calm,4.7,242,8.5
1785829920000,WIND-01,40078e96-523d-429e-87f4-2c6f571355de,958778.6,6010479.36,582.35,Calm,4.2,239,8.3
1785829980000,WIND-01,40078e96-523d-429e-87f4-2c6f571355de,958778.6,6010479.36,582.35,Calm,3.8,236,6
1785830040000,WIND-01,40078e96-523d-429e-87f4-2c6f571355de,958778.6,6010479.36,582.35,Calm,3.8,236,5.9
1785830100000,WIND-01,40078e96-523d-429e-87f4-2c6f571355de,958778.6,6010479.36,582.35,Calm,3.8,237,6.2
1785830160000,WIND-01,40078e96-523d-429e-87f4-2c6f571355de,958778.6,6010479.36,582.35,Calm,4,239,6.8
1785830220000,WIND-01,40078e96-523d-429e-87f4-2c6f571355de,958778.6,6010479.36,582.35,Calm,4.2,237,7.9
1785830280000,WIND-01,40078e96-523d-429e-87f4-2c6f571355de,958778.6,6010479.36,582.35,Calm,3.8,240,6
1785830340000,WIND-01,40078e96-523d-429e-87f4-2c6f571355de,958778.6,6010479.36,582.35,Calm,3.4,238,5.5
1785830400000,WIND-01,40078e96-523d-429e-87f4-2c6f571355de,958778.6,6010479.36,582.35,Calm,2.9,238,5.1
1785830460000,WIND-01,40078e96-523d-429e-87f4-2c6f571355de,958778.6,6010479.36,582.35,Calm,2.7,234,4.7
1785830520000,WIND-01,40078e96-523d-429e-87f4-2c6f571355de,958778.6,6010479.36,582.35,Calm,2.9,229,4.9
1785830580000,WIND-01,40078e96-523d-429e-87f4-2c6f571355de,958778.6,6010479.36,582.35,Calm,3.2,234,5.1
1785830640000,WIND-01,40078e96-523d-429e-87f4-2c6f571355de,958778.6,6010479.36,582.35,Calm,3.1,230,5.1
1785830700000,WIND-01,40078e96-523d-429e-87f4-2c6f571355de,958778.6,6010479.36,582.35,Calm,3.5,235,6.4
1785830760000,WIND-01,40078e96-523d-429e-87f4-2c6f571355de,958778.6,6010479.36,582.35,Calm,4.2,237,7.4
1785830820000,WIND-01,40078e96-523d-429e-87f4-2c6f571355de,958778.6,6010479.36,582.35,Calm,4.1,238,7.8
1785830880000,WIND-01,40078e96-523d-429e-87f4-2c6f571355de,958778.6,6010479.36,582.35,Calm,4.5,241,8.5
1785830940000,WIND-01,40078e96-523d-429e-87f4-2c6f571355de,958778.6,6010479.36,582.35,Calm,4.7,243,8.4
1785831000000,WIND-01,40078e96-523d-429e-87f4-2c6f571355de,958778.6,6010479.36,582.35,Calm,5.2,249,9.8
1785831060000,WIND-01,40078e96-523d-429e-87f4-2c6f571355de,958778.6,6010479.36,582.35,Calm,5.7,245,11.2
1785831120000,WIND-01,40078e96-523d-429e-87f4-2c6f571355de,958778.6,6010479.36,582.35,Calm,5.5,251,8.6
1785831180000,WIND-01,40078e96-523d-429e-87f4-2c6f571355de,958778.6,6010479.36,582.35,Calm,5.7,251,8.8
1785831240000,WIND-01,40078e96-523d-429e-87f4-2c6f571355de,958778.6,6010479.36,582.35,Calm,5.5,255,10.2
1785831300000,WIND-01,40078e96-523d-429e-87f4-2c6f571355de,958778.6,6010479.36,582.35,Calm,5.1,257,9.5
1785831360000,WIND-01,40078e96-523d-429e-87f4-2c6f571355de,958778.6,6010479.36,582.35,Calm,4.6,253,7
1785831420000,WIND-01,40078e96-523d-429e-87f4-2c6f571355de,958778.6,6010479.36,582.35,Calm,4.3,258,8.4
1785831480000,WIND-01,40078e96-523d-429e-87f4-2c6f571355de,958778.6,6010479.36,582.35,Calm,4.4,253,7.8
1785831540000,WIND-01,40078e96-523d-429e-87f4-2c6f571355de,958778.6,6010479.36,582.35,Calm,5.1,252,7.8
1785831600000,WIND-01,40078e96-523d-429e-87f4-2c6f571355de,958778.6,6010479.36,582.35,Calm,5,247,8.6
1785831660000,WIND-01,40078e96-523d-429e-87f4-2c6f571355de,958778.6,6010479.36,582.35,Calm,4.9,248,7.8
1785831720000,WIND-01,40078e96-523d-429e-87f4-2c6f571355de,958778.6,6010479.36,582.35,Calm,4.5,242,8.1
1785831780000,WIND-01,40078e96-523d-429e-87f4-2c6f571355de,958778.6,6010479.36,582.35,Calm,4,243,6.7
1785831840000,WIND-01,40078e96-523d-429e-87f4-2c6f571355de,958778.6,6010479.36,582.35,Calm,3.8,242,7.6
1785831900000,WIND-01,40078e96-523d-429e-87f4-2c6f571355de,958778.6,6010479.36,582.35,Calm,4.5,239,8.3
1785831960000,WIND-01,40078e96-523d-429e-87f4-2c6f571355de,958778.6,6010479.36,582.35,Calm,4.6,237,7.4
1785832020000,WIND-01,40078e96-523d-429e-87f4-2c6f571355de,958778.6,6010479.36,582.35,Calm,4.7,233,9.4
1785832080000,WIND-01,40078e96-523d-429e-87f4-2c6f571355de,958778.6,6010479.36,582.35,Calm,4.9,237,9.1
1785832140000,WIND-01,40078e96-523d-429e-87f4-2c6f571355de,958778.6,6010479.36,582.35,Calm,4.4,236,7.8
1785832200000,WIND-01,40078e96-523d-429e-87f4-2c6f571355de,958778.6,6010479.36,582.35,Calm,3.9,232,6.2
1785832260000,WIND-01,40078e96-523d-429e-87f4-2c6f571355de,958778.6,6010479.36,582.35,Calm,4.2,232,8.3
1785832320000,WIND-01,40078e96-523d-429e-87f4-2c6f571355de,958778.6,6010479.36,582.35,Calm,4.4,231,7.6
1785832380000,WIND-01,40078e96-523d-429e-87f4-2c6f571355de,958778.6,6010479.36,582.35,Calm,4.1,232,7.2
1785832440000,WIND-01,40078e96-523d-429e-87f4-2c6f571355de,958778.6,6010479.36,582.35,Calm,4.4,226,6.6
1785832500000,WIND-01,40078e96-523d-429e-87f4-2c6f571355de,958778.6,6010479.36,582.35,Calm,4,229,6.6
1785832560000,WIND-01,40078e96-523d-429e-87f4-2c6f571355de,958778.6,6010479.36,582.35,Calm,4.3,228,8.2
1785832620000,WIND-01,40078e96-523d-429e-87f4-2c6f571355de,958778.6,6010479.36,582.35,Calm,3.9,223,7.1
1785832680000,WIND-01,40078e96-523d-429e-87f4-2c6f571355de,958778.6,6010479.36,582.35,Calm,4.2,228,6.4
1785832740000,WIND-01,40078e96-523d-429e-87f4-2c6f571355de,958778.6,6010479.36,582.35,Calm,4,231,7.9
1785832800000,WIND-01,40078e96-523d-429e-87f4-2c6f571355de,958778.6,6010479.36,582.35,Calm,4.5,227,9.1
1785832860000,WIND-01,40078e96-523d-429e-87f4-2c6f571355de,958778.6,6010479.36,582.35,Calm,5.1,223,9.1
1785832920000,WIND-01,40078e96-523d-429e-87f4-2c6f571355de,958778.6,6010479.36,582.35,Calm,5.5,228,9.7
1785832980000,WIND-01,40078e96-523d-429e-87f4-2c6f571355de,958778.6,6010479.36,582.35,Calm,5.2,232,9.5
1785833040000,WIND-01,40078e96-523d-429e-87f4-2c6f571355de,958778.6,6010479.36,582.35,Calm,5.7,227,10.3
1785833100000,WIND-01,40078e96-523d-429e-87f4-2c6f571355de,958778.6,6010479.36,582.35,Calm,5.8,231,11
1785833160000,WIND-01,40078e96-523d-429e-87f4-2c6f571355de,958778.6,6010479.36,582.35,Calm,6,235,11.1
1785833220000,WIND-01,40078e96-523d-429e-87f4-2c6f571355de,958778.6,6010479.36,582.35,Calm,5.8,237,9
1785833280000,WIND-01,40078e96-523d-429e-87f4-2c6f571355de,958778.6,6010479.36,582.35,Calm,5.2,231,8.9
1785833340000,WIND-01,40078e96-523d-429e-87f4-2c6f571355de,958778.6,6010479.36,582.35,Calm,4.9,227,7.7
1785833400000,WIND-01,40078e96-523d-429e-87f4-2c6f571355de,958778.6,6010479.36,582.35,Calm,4.8,228,7.8
1785833460000,WIND-01,40078e96-523d-429e-87f4-2c6f571355de,958778.6,6010479.36,582.35,Calm,5,223,7.9
1785833520000,WIND-01,40078e96-523d-429e-87f4-2c6f571355de,958778.6,6010479.36,582.35,Calm,5.2,221,10.3
1785833580000,WIND-01,40078e96-523d-429e-87f4-2c6f571355de,958778.6,6010479.36,582.35,Calm,5.8,223,10.8
1785833640000,WIND-01,40078e96-523d-429e-87f4-2c6f571355de,958778.6,6010479.36,582.35,Calm,5.4,222,8.4
1785833700000,WIND-01,40078e96-523d-429e-87f4-2c6f571355de,958778.6,6010479.36,582.35,Calm,5.1,225,7.9
1785833760000,WIND-01,40078e96-523d-429e-87f4-2c6f571355de,958778.6,6010479.36,582.35,Calm,5,220,8.6
1785833820000,WIND-01,40078e96-523d-429e-87f4-2c6f571355de,958778.6,6010479.36,582.35,Calm,4.8,219,7.6
1785833880000,WIND-01,40078e96-523d-429e-87f4-2c6f571355de,958778.6,6010479.36,582.35,Calm,5.2,220,9.9
1785833940000,WIND-01,40078e96-523d-429e-87f4-2c6f571355de,958778.6,6010479.36,582.35,Calm,5.4,215,9.8
1785834000000,WIND-01,40078e96-523d-429e-87f4-2c6f571355de,958778.6,6010479.36,582.35,Calm,5,221,8
1785834060000,WIND-01,40078e96-523d-429e-87f4-2c6f571355de,958778.6,6010479.36,582.35,Calm,4.7,221,8.8
1785834120000,WIND-01,40078e96-523d-429e-87f4-2c6f571355de,958778.6,6010479.36,582.35,Calm,5.3,217,8.4
1785834180000,WIND-01,40078e96-523d-429e-87f4-2c6f571355de,958778.6,6010479.36,582.35,Calm,4.9,222,8.7
1785834240000,WIND-01,40078e96-523d-429e-87f4-2c6f571355de,958778.6,6010479.36,582.35,Calm,4.4,222,7.1
1785834300000,WIND-01,40078e96-523d-429e-87f4-2c6f571355de,958778.6,6010479.36,582.35,Calm,4.4,224,8.3
1785834360000,WIND-01,40078e96-523d-429e-87f4-2c6f571355de,958778.6,6010479.36,582.35,Calm,5.1,223,8.2
1785834420000,WIND-01,40078e96-523d-429e-87f4-2c6f571355de,958778.6,6010479.36,582.35,Calm,4.8,225,9.2
1785834480000,WIND-01,40078e96-523d-429e-87f4-2c6f571355de,958778.6,6010479.36,582.35,Calm,4.5,220,7.5
1785834540000,WIND-01,40078e96-523d-429e-87f4-2c6f571355de,958778.6,6010479.36,582.35,Calm,5,220,8.3
1785834600000,WIND-01,40078e96-523d-429e-87f4-2c6f571355de,958778.6,6010479.36,582.35,Calm,5.4,215,8.6
1785834660000,WIND-01,40078e96-523d-429e-87f4-2c6f571355de,958778.6,6010479.36,582.35,Breeze,6,219,10.8
1785834720000,WIND-01,40078e96-523d-429e-87f4-2c6f571355de,958778.6,6010479.36,582.35,Breeze,6.5,224,12.4
1785834780000,WIND-01,40078e96-523d-429e-87f4-2c6f571355de,958778.6,6010479.36,582.35,Breeze,6.5,223,10.6
1785834840000,WIND-01,40078e96-523d-429e-87f4-2c6f571355de,958778.6,6010479.36,582.35,Breeze,6.1,229,10
1785834900000,WIND-01,40078e96-523d-429e-87f4-2c6f571355de,958778.6,6010479.36,582.35,Calm,6,224,10.6
1785834960000,WIND-01,40078e96-523d-429e-87f4-2c6f571355de,958778.6,6010479.36,582.35,Calm,5.6,221,9
1785835020000,WIND-01,40078e96-523d-429e-87f4-2c6f571355de,958778.6,6010479.36,582.35,Calm,5.7,218,9.6
1785835080000,WIND-01,40078e96-523d-429e-87f4-2c6f571355de,958778.6,6010479.36,582.35,Breeze,6.2,215,12.3
1785835140000,WIND-01,40078e96-523d-429e-87f4-2c6f571355de,958778.6,6010479.36,582.35,Breeze,6.5,213,11.6
1785835200000,WIND-01,40078e96-523d-429e-87f4-2c6f571355de,958778.6,6010479.36,582.35,Breeze,6.1,209,10.2
1785835260000,WIND-01,40078e96-523d-429e-87f4-2c6f571355de,958778.6,6010479.36,582.35,Calm,5.6,213,9.2
1785835320000,WIND-01,40078e96-523d-429e-87f4-2c6f571355de,958778.6,6010479.36,582.35,Calm,5.9,214,11.2
1785835380000,WIND-01,40078e96-523d-429e-87f4-2c6f571355de,958778.6,6010479.36,582.35,Breeze,6.1,218,11.5
1785835440000,WIND-01,40078e96-523d-429e-87f4-2c6f571355de,958778.6,6010479.36,582.35,Breeze,6.2,224,10.4
1785835500000,WIND-01,40078e96-523d-429e-87f4-2c6f571355de,958778.6,6010479.36,582.35,Calm,5.9,225,11.2
1785835560000,WIND-01,40078e96-523d-429e-87f4-2c6f571355de,958778.6,6010479.36,582.35,Breeze,6.4,222,9.7
1785835620000,WIND-01,40078e96-523d-429e-87f4-2c6f571355de,958778.6,6010479.36,582.35,Breeze,6.9,218,10.6
1785835680000,WIND-01,40078e96-523d-429e-87f4-2c6f571355de,958778.6,6010479.36,582.35,Breeze,6.3,223,12.1
1785835740000,WIND-01,40078e96-523d-429e-87f4-2c6f571355de,958778.6,6010479.36,582.35,Breeze,6.3,219,10.5
1785835800000,WIND-01,40078e96-523d-429e-87f4-2c6f571355de,958778.6,6010479.36,582.35,Breeze,6.2,218,10.1
1785835860000,WIND-01,40078e96-523d-429e-87f4-2c6f571355de,958778.6,6010479.36,582.35,Breeze,6,214,11.8
1785835920000,WIND-01,40078e96-523d-429e-87f4-2c6f571355de,958778.6,6010479.36,582.35,Calm,6,210,9.2
1785835980000,WIND-01,40078e96-523d-429e-87f4-2c6f571355de,958778.6,6010479.36,582.35,Calm,5.5,207,10.3
1785836040000,WIND-01,40078e96-523d-429e-87f4-2c6f571355de,958778.6,6010479.36,582.35,Calm,5.7,208,9.7
1785836100000,WIND-01,40078e96-523d-429e-87f4-2c6f571355de,958778.6,6010479.36,582.35,Breeze,6,207,9.2
1785836160000,WIND-01,40078e96-523d-429e-87f4-2c6f571355de,958778.6,6010479.36,582.35,Breeze,6.6,210,13.1
1785836220000,WIND-01,40078e96-523d-429e-87f4-2c6f571355de,958778.6,6010479.36,582.35,Breeze,7.1,215,13.4
1785836280000,WIND-01,40078e96-523d-429e-87f4-2c6f571355de,958778.6,6010479.36,582.35,Breeze,6.6,217,10.4
1785836340000,WIND-01,40078e96-523d-429e-87f4-2c6f571355de,958778.6,6010479.36,582.35,Breeze,6.1,215,10.6
1785836400000,WIND-01,40078e96-523d-429e-87f4-2c6f571355de,958778.6,6010479.36,582.35,Calm,5.7,212,10.4
1785836460000,WIND-01,40078e96-523d-429e-87f4-2c6f571355de,958778.6,6010479.36,582.35,Calm,5.7,212,10.6
1785836520000,WIND-01,40078e96-523d-429e-87f4-2c6f571355de,958778.6,6010479.36,582.35,Calm,6,211,11.1
1785836580000,WIND-01,40078e96-523d-429e-87f4-2c6f571355de,958778.6,6010479.36,582.35,Breeze,6.4,210,10.3
1785836640000,WIND-01,40078e96-523d-429e-87f4-2c6f571355de,958778.6,6010479.36,582.35,Breeze,6.6,210,12.6
1785836700000,WIND-01,40078e96-523d-429e-87f4-2c6f571355de,958778.6,6010479.36,582.35,Breeze,6.1,213,12
1785836760000,WIND-01,40078e96-523d-429e-87f4-2c6f571355de,958778.6,6010479.36,582.35,Breeze,6.5,217,10.7
1785836820000,WIND-01,40078e96-523d-429e-87f4-2c6f571355de,958778.6,6010479.36,582.35,Breeze,6.2,217,11.3
1785836880000,WIND-01,40078e96-523d-429e-87f4-2c6f571355de,958778.6,6010479.36,582.35,Calm,5.8,223,9.9
1785836940000,WIND-01,40078e96-523d-429e-87f4-2c6f571355de,958778.6,6010479.36,582.35,Calm,5.5,227,10
1785837000000,WIND-01,40078e96-523d-429e-87f4-2c6f571355de,958778.6,6010479.36,582.35,Breeze,6.1,226,9.7
1785837060000,WIND-01,40078e96-523d-429e-87f4-2c6f571355de,958778.6,6010479.36,582.35,Breeze,6.1,222,10.4
1785837120000,WIND-01,40078e96-523d-429e-87f4-2c6f571355de,958778.6,6010479.36,582.35,Breeze,6.3,228,10.7
1785837180000,WIND-01,40078e96-523d-429e-87f4-2c6f571355de,958778.6,6010479.36,582.35,Breeze,6.6,229,11.2
1785837240000,WIND-01,40078e96-523d-429e-87f4-2c6f571355de,958778.6,6010479.36,582.35,Breeze,7,224,13.8
1785837300000,WIND-01,40078e96-523d-429e-87f4-2c6f571355de,958778.6,6010479.36,582.35,Breeze,6.7,226,11.7
1785837360000,WIND-01,40078e96-523d-429e-87f4-2c6f571355de,958778.6,6010479.36,582.35,Breeze,7.1,232,13
1785837420000,WIND-01,40078e96-523d-429e-87f4-2c6f571355de,958778.6,6010479.36,582.35,Breeze,7.3,235,11.1
1785837480000,WIND-01,40078e96-523d-429e-87f4-2c6f571355de,958778.6,6010479.36,582.35,Breeze,6.9,229,11.1
1785837540000,WIND-01,40078e96-523d-429e-87f4-2c6f571355de,958778.6,6010479.36,582.35,Breeze,6.8,232,10.5
1785837600000,WIND-01,40078e96-523d-429e-87f4-2c6f571355de,958778.6,6010479.36,582.35,Breeze,7.3,232,11.4
1785837660000,WIND-01,40078e96-523d-429e-87f4-2c6f571355de,958778.6,6010479.36,582.35,Breeze,7.1,230,12.9
1785837720000,WIND-01,40078e96-523d-429e-87f4-2c6f571355de,958778.6,6010479.36,582.35,Breeze,6.5,230,12.7
1785837780000,WIND-01,40078e96-523d-429e-87f4-2c6f571355de,958778.6,6010479.36,582.35,Breeze,6,235,11.2
1785837840000,WIND-01,40078e96-523d-429e-87f4-2c6f571355de,958778.6,6010479.36,582.35,Breeze,6,229,10.9
1785837900000,WIND-01,40078e96-523d-429e-87f4-2c6f571355de,958778.6,6010479.36,582.35,Breeze,6.6,235,10.2
1785837960000,WIND-01,40078e96-523d-429e-87f4-2c6f571355de,958778.6,6010479.36,582.35,Breeze,6.5,232,10.3
1785838020000,WIND-01,40078e96-523d-429e-87f4-2c6f571355de,958778.6,6010479.36,582.35,Breeze,7,228,14
1785838080000,WIND-01,40078e96-523d-429e-87f4-2c6f571355de,958778.6,6010479.36,582.35,Breeze,6.4,228,9.9
1785838140000,WIND-01,40078e96-523d-429e-87f4-2c6f571355de,958778.6,6010479.36,582.35,Breeze,7,227,13
1785838200000,WIND-01,40078e96-523d-429e-87f4-2c6f571355de,958778.6,6010479.36,582.35,Breeze,7.2,232,13
1785838260000,WIND-01,40078e96-523d-429e-87f4-2c6f571355de,958778.6,6010479.36,582.35,Breeze,6.6,228,12.6
1785838320000,WIND-01,40078e96-523d-429e-87f4-2c6f571355de,958778.6,6010479.36,582.35,Breeze,6.3,231,9.8
1785838380000,WIND-01,40078e96-523d-429e-87f4-2c6f571355de,958778.6,6010479.36,582.35,Breeze,6.3,228,10.1
1785838440000,WIND-01,40078e96-523d-429e-87f4-2c6f571355de,958778.6,6010479.36,582.35,Calm,5.8,227,9.7
1785838500000,WIND-01,40078e96-523d-429e-87f4-2c6f571355de,958778.6,6010479.36,582.35,Calm,5.9,229,9.3
1785838560000,WIND-01,40078e96-523d-429e-87f4-2c6f571355de,958778.6,6010479.36,582.35,Calm,6,227,9
1785838620000,WIND-01,40078e96-523d-429e-87f4-2c6f571355de,958778.6,6010479.36,582.35,Calm,5.9,228,11.1
1785838680000,WIND-01,40078e96-523d-429e-87f4-2c6f571355de,958778.6,6010479.36,582.35,Breeze,6.3,228,10.1
1785838740000,WIND-01,40078e96-523d-429e-87f4-2c6f571355de,958778.6,6010479.36,582.35,Breeze,6.9,230,11
1785838800000,WIND-01,40078e96-523d-429e-87f4-2c6f571355de,958778.6,6010479.36,582.35,Breeze,6.6,236,11.4
1785838860000,WIND-01,40078e96-523d-429e-87f4-2c6f571355de,958778.6,6010479.36,582.35,Breeze,6.5,235,12.3
1785838920000,WIND-01,40078e96-523d-429e-87f4-2c6f571355de,958778.6,6010479.36,582.35,Breeze,6.9,238,13.3
1785838980000,WIND-01,40078e96-523d-429e-87f4-2c6f571355de,958778.6,6010479.36,582.35,Breeze,6.6,240,11.9
1785839040000,WIND-01,40078e96-523d-429e-87f4-2c6f571355de,958778.6,6010479.36,582.35,Breeze,6.5,241,11.6
1785839100000,WIND-01,40078e96-523d-429e-87f4-2c6f571355de,958778.6,6010479.36,582.35,Breeze,6.5,241,12.6
1785839160000,WIND-01,40078e96-523d-429e-87f4-2c6f571355de,958778.6,6010479.36,582.35,Breeze,6.9,240,10.8
1785839220000,WIND-01,40078e96-523d-429e-87f4-2c6f571355de,958778.6,6010479.36,582.35,Breeze,6.4,245,11.7
1785839280000,WIND-01,40078e96-523d-429e-87f4-2c6f571355de,958778.6,6010479.36,582.35,Breeze,6.2,241,9.3
1785839340000,WIND-01,40078e96-523d-429e-87f4-2c6f571355de,958778.6,6010479.36,582.35,Breeze,6.6,241,12.9
1785839400000,WIND-01,40078e96-523d-429e-87f4-2c6f571355de,958778.6,6010479.36,582.35,Breeze,7.1,238,13.7
1785839460000,WIND-01,40078e96-523d-429e-87f4-2c6f571355de,958778.6,6010479.36,582.35,Breeze,7.5,242,13.3
1785839520000,WIND-01,40078e96-523d-429e-87f4-2c6f571355de,958778.6,6010479.36,582.35,Breeze,7,241,13.8
1785839580000,WIND-01,40078e96-523d-429e-87f4-2c6f571355de,958778.6,6010479.36,582.35,Breeze,7,247,11.8
1785839640000,WIND-01,40078e96-523d-429e-87f4-2c6f571355de,958778.6,6010479.36,582.35,Breeze,7.1,246,11.7
1785839700000,WIND-01,40078e96-523d-429e-87f4-2c6f571355de,958778.6,6010479.36,582.35,Breeze,7,250,12.7
1785839760000,WIND-01,40078e96-523d-429e-87f4-2c6f571355de,958778.6,6010479.36,582.35,Breeze,7.2,249,11.3
1785839820000,WIND-01,40078e96-523d-429e-87f4-2c6f571355de,958778.6,6010479.36,582.35,Breeze,7,254,11.6
1785839880000,WIND-01,40078e96-523d-429e-87f4-2c6f571355de,958778.6,6010479.36,582.35,Breeze,6.8,256,11.3
1785839940000,WIND-01,40078e96-523d-429e-87f4-2c6f571355de,958778.6,6010479.36,582.35,Breeze,6.9,254,13.8
1785840000000,WIND-01,40078e96-523d-429e-87f4-2c6f571355de,958778.6,6010479.36,582.35,Breeze,6.4,249,12.2
1785840060000,WIND-01,40078e96-523d-429e-87f4-2c6f571355de,958778.6,6010479.36,582.35,Breeze,6.4,252,11.2
1785840120000,WIND-01,40078e96-523d-429e-87f4-2c6f571355de,958778.6,6010479.36,582.35,Calm,5.9,248,9.6
1785840180000,WIND-01,40078e96-523d-429e-87f4-2c6f571355de,958778.6,6010479.36,582.35,Calm,5.9,251,10.8
1785840240000,WIND-01,40078e96-523d-429e-87f4-2c6f571355de,958778.6,6010479.36,582.35,Calm,5.5,251,10.2
1785840300000,WIND-01,40078e96-523d-429e-87f4-2c6f571355de,958778.6,6010479.36,582.35,Breeze,6.1,245,10.7
1785840360000,WIND-01,40078e96-523d-429e-87f4-2c6f571355de,958778.6,6010479.36,582.35,Breeze,6.4,250,10.5
1785840420000,WIND-01,40078e96-523d-429e-87f4-2c6f571355de,958778.6,6010479.36,582.35,Breeze,6.3,244,11.5
1785840480000,WIND-01,40078e96-523d-429e-87f4-2c6f571355de,958778.6,6010479.36,582.35,Breeze,6.3,250,9.7
1785840540000,WIND-01,40078e96-523d-429e-87f4-2c6f571355de,958778.6,6010479.36,582.35,Breeze,6.4,252,11.2
1785840600000,WIND-01,40078e96-523d-429e-87f4-2c6f571355de,958778.6,6010479.36,582.35,Breeze,6.6,250,12.7
1785840660000,WIND-01,40078e96-523d-429e-87f4-2c6f571355de,958778.6,6010479.36,582.35,Breeze,7.2,251,10.8
1785840720000,WIND-01,40078e96-523d-429e-87f4-2c6f571355de,958778.6,6010479.36,582.35,Breeze,7.4,245,11.5
1785840780000,WIND-01,40078e96-523d-429e-87f4-2c6f571355de,958778.6,6010479.36,582.35,Breeze,6.9,247,11.4
1785840840000,WIND-01,40078e96-523d-429e-87f4-2c6f571355de,958778.6,6010479.36,582.35,Breeze,6.6,250,12.8
1785840900000,WIND-01,40078e96-523d-429e-87f4-2c6f571355de,958778.6,6010479.36,582.35,Breeze,7.1,246,14
1785840960000,WIND-01,40078e96-523d-429e-87f4-2c6f571355de,958778.6,6010479.36,582.35,Breeze,6.7,246,10.1
1785841020000,WIND-01,40078e96-523d-429e-87f4-2c6f571355de,958778.6,6010479.36,582.35,Breeze,7.1,250,12.9
1785841080000,WIND-01,40078e96-523d-429e-87f4-2c6f571355de,958778.6,6010479.36,582.35,Breeze,7,255,13.1
1785841140000,WIND-01,40078e96-523d-429e-87f4-2c6f571355de,958778.6,6010479.36,582.35,Breeze,7.4,251,13.1
1785841200000,WIND-01,40078e96-523d-429e-87f4-2c6f571355de,958778.6,6010479.36,582.35,Breeze,7.1,249,11.2
1785841260000,WIND-01,40078e96-523d-429e-87f4-2c6f571355de,958778.6,6010479.36,582.35,Breeze,7.2,255,11
1785841320000,WIND-01,40078e96-523d-429e-87f4-2c6f571355de,958778.6,6010479.36,582.35,Breeze,6.7,254,11.2
1785841380000,WIND-01,40078e96-523d-429e-87f4-2c6f571355de,958778.6,6010479.36,582.35,Breeze,7.3,250,14.6
1785841440000,WIND-01,40078e96-523d-429e-87f4-2c6f571355de,958778.6,6010479.36,582.35,Breeze,7.5,250,11.2
1785841500000,WIND-01,40078e96-523d-429e-87f4-2c6f571355de,958778.6,6010479.36,582.35,Breeze,7.3,254,11.8
1785841560000,WIND-01,40078e96-523d-429e-87f4-2c6f571355de,958778.6,6010479.36,582.35,Breeze,7.6,249,15.1
1785841620000,WIND-01,40078e96-523d-429e-87f4-2c6f571355de,958778.6,6010479.36,582.35,Breeze,7.7,249,15
1785841680000,WIND-01,40078e96-523d-429e-87f4-2c6f571355de,958778.6,6010479.36,582.35,Breeze,7.4,249,13.9
1785841740000,WIND-01,40078e96-523d-429e-87f4-2c6f571355de,958778.6,6010479.36,582.35,Breeze,7,250,13.5
1785841800000,WIND-01,40078e96-523d-429e-87f4-2c6f571355de,958778.6,6010479.36,582.35,Breeze,7.2,254,14.3
1785841860000,WIND-01,40078e96-523d-429e-87f4-2c6f571355de,958778.6,6010479.36,582.35,Breeze,7.6,250,11.4
1785841920000,WIND-01,40078e96-523d-429e-87f4-2c6f571355de,958778.6,6010479.36,582.35,Breeze,7.5,245,12.2
1785841980000,WIND-01,40078e96-523d-429e-87f4-2c6f571355de,958778.6,6010479.36,582.35,Breeze,8.1,244,13.9
1785842040000,WIND-01,40078e96-523d-429e-87f4-2c6f571355de,958778.6,6010479.36,582.35,Breeze,8.5,238,15.9
1785842100000,WIND-01,40078e96-523d-429e-87f4-2c6f571355de,958778.6,6010479.36,582.35,Breeze,8.7,236,14.9
1785842160000,WIND-01,40078e96-523d-429e-87f4-2c6f571355de,958778.6,6010479.36,582.35,Breeze,8.8,234,17.3
1785842220000,WIND-01,40078e96-523d-429e-87f4-2c6f571355de,958778.6,6010479.36,582.35,Breeze,8.8,238,15.7
1785842280000,WIND-01,40078e96-523d-429e-87f4-2c6f571355de,958778.6,6010479.36,582.35,Breeze,9.3,236,14
1785842340000,WIND-01,40078e96-523d-429e-87f4-2c6f571355de,958778.6,6010479.36,582.35,Breeze,9.4,242,15.1
1785842400000,WIND-01,40078e96-523d-429e-87f4-2c6f571355de,958778.6,6010479.36,582.35,Breeze,8.8,236,16.6
1785842460000,WIND-01,40078e96-523d-429e-87f4-2c6f571355de,958778.6,6010479.36,582.35,Breeze,8.2,238,14.5
1785842520000,WIND-01,40078e96-523d-429e-87f4-2c6f571355de,958778.6,6010479.36,582.35,Breeze,8.1,234,14.1
1785842580000,WIND-01,40078e96-523d-429e-87f4-2c6f571355de,958778.6,6010479.36,582.35,Breeze,8.4,234,15.3
1785842640000,WIND-01,40078e96-523d-429e-87f4-2c6f571355de,958778.6,6010479.36,582.35,Breeze,8.7,237,17.3
1785842700000,WIND-01,40078e96-523d-429e-87f4-2c6f571355de,958778.6,6010479.36,582.35,Breeze,8.2,238,12.3
1785842760000,WIND-01,40078e96-523d-429e-87f4-2c6f571355de,958778.6,6010479.36,582.35,Breeze,8.5,237,14.4
1785842820000,WIND-01,40078e96-523d-429e-87f4-2c6f571355de,958778.6,6010479.36,582.35,Breeze,8.9,236,17
1785842880000,WIND-01,40078e96-523d-429e-87f4-2c6f571355de,958778.6,6010479.36,582.35,Breeze,8.4,241,15.8
1785842940000,WIND-01,40078e96-523d-429e-87f4-2c6f571355de,958778.6,6010479.36,582.35,Breeze,8.2,238,14.1
1785843000000,WIND-01,40078e96-523d-429e-87f4-2c6f571355de,958778.6,6010479.36,582.35,Breeze,8.4,240,14.5
1785843060000,WIND-01,40078e96-523d-429e-87f4-2c6f571355de,958778.6,6010479.36,582.35,Breeze,8.8,235,13.1
1785843120000,WIND-01,40078e96-523d-429e-87f4-2c6f571355de,958778.6,6010479.36,582.35,Breeze,8.4,238,16
1785843180000,WIND-01,40078e96-523d-429e-87f4-2c6f571355de,958778.6,6010479.36,582.35,Breeze,8.5,241,15.3
1785843240000,WIND-01,40078e96-523d-429e-87f4-2c6f571355de,958778.6,6010479.36,582.35,Breeze,7.9,240,11.9
1785843300000,WIND-01,40078e96-523d-429e-87f4-2c6f571355de,958778.6,6010479.36,582.35,Breeze,7.4,235,12.8
1785843360000,WIND-01,40078e96-523d-429e-87f4-2c6f571355de,958778.6,6010479.36,582.35,Breeze,6.9,233,10.7
1785843420000,WIND-01,40078e96-523d-429e-87f4-2c6f571355de,958778.6,6010479.36,582.35,Breeze,7,233,12.7
1785843480000,WIND-01,40078e96-523d-429e-87f4-2c6f571355de,958778.6,6010479.36,582.35,Breeze,6.7,232,11.8
1785843540000,WIND-01,40078e96-523d-429e-87f4-2c6f571355de,958778.6,6010479.36,582.35,Breeze,6.4,233,12
1785843600000,WIND-01,40078e96-523d-429e-87f4-2c6f571355de,958778.6,6010479.36,582.35,Breeze,6.9,230,11.1
1785843660000,WIND-01,40078e96-523d-429e-87f4-2c6f571355de,958778.6,6010479.36,582.35,Breeze,7,225,13.6
1785843720000,WIND-01,40078e96-523d-429e-87f4-2c6f571355de,958778.6,6010479.36,582.35,Breeze,6.7,231,10.6
1785843780000,WIND-01,40078e96-523d-429e-87f4-2c6f571355de,958778.6,6010479.36,582.35,Breeze,6.7,231,12.8
1785843840000,WIND-01,40078e96-523d-429e-87f4-2c6f571355de,958778.6,6010479.36,582.35,Breeze,6.2,229,10.1
1785843900000,WIND-01,40078e96-523d-429e-87f4-2c6f571355de,958778.6,6010479.36,582.35,Breeze,6.3,228,9.6
1785843960000,WIND-01,40078e96-523d-429e-87f4-2c6f571355de,958778.6,6010479.36,582.35,Breeze,7,227,12.5
1785844020000,WIND-01,40078e96-523d-429e-87f4-2c6f571355de,958778.6,6010479.36,582.35,Breeze,7.5,231,12.3
1785844080000,WIND-01,40078e96-523d-429e-87f4-2c6f571355de,958778.6,6010479.36,582.35,Breeze,7.2,226,12.2
1785844140000,WIND-01,40078e96-523d-429e-87f4-2c6f571355de,958778.6,6010479.36,582.35,Breeze,6.7,225,10.2
1785844200000,WIND-01,40078e96-523d-429e-87f4-2c6f571355de,958778.6,6010479.36,582.35,Breeze,6.8,228,11.1
1785844260000,WIND-01,40078e96-523d-429e-87f4-2c6f571355de,958778.6,6010479.36,582.35,Breeze,7.4,229,13
1785844320000,WIND-01,40078e96-523d-429e-87f4-2c6f571355de,958778.6,6010479.36,582.35,Breeze,7.4,228,11.9
1785844380000,WIND-01,40078e96-523d-429e-87f4-2c6f571355de,958778.6,6010479.36,582.35,Breeze,8,227,14
1785844440000,WIND-01,40078e96-523d-429e-87f4-2c6f571355de,958778.6,6010479.36,582.35,Breeze,8.3,229,15.5
1785844500000,WIND-01,40078e96-523d-429e-87f4-2c6f571355de,958778.6,6010479.36,582.35,Breeze,8.9,230,14
1785844560000,WIND-01,40078e96-523d-429e-87f4-2c6f571355de,958778.6,6010479.36,582.35,Breeze,9.3,235,17.4
1785844620000,WIND-01,40078e96-523d-429e-87f4-2c6f571355de,958778.6,6010479.36,582.35,Breeze,9.2,232,13.9
1785844680000,WIND-01,40078e96-523d-429e-87f4-2c6f571355de,958778.6,6010479.36,582.35,Breeze,9,229,14
1785844740000,WIND-01,40078e96-523d-429e-87f4-2c6f571355de,958778.6,6010479.36,582.35,Breeze,8.6,227,14.3
1785844800000,WIND-01,40078e96-523d-429e-87f4-2c6f571355de,958778.6,6010479.36,582.35,Breeze,8.4,224,14.9
1785844860000,WIND-01,40078e96-523d-429e-87f4-2c6f571355de,958778.6,6010479.36,582.35,Breeze,8.3,222,15.4
1785844920000,WIND-01,40078e96-523d-429e-87f4-2c6f571355de,958778.6,6010479.36,582.35,Breeze,8.5,221,13.3
1785844980000,WIND-01,40078e96-523d-429e-87f4-2c6f571355de,958778.6,6010479.36,582.35,Breeze,7.9,215,14.4
1785845040000,WIND-01,40078e96-523d-429e-87f4-2c6f571355de,958778.6,6010479.36,582.35,Breeze,7.6,221,13.1
1785845100000,WIND-01,40078e96-523d-429e-87f4-2c6f571355de,958778.6,6010479.36,582.35,Breeze,7.1,227,12.3
1785845160000,WIND-01,40078e96-523d-429e-87f4-2c6f571355de,958778.6,6010479.36,582.35,Breeze,6.8,228,11.1
1785845220000,WIND-01,40078e96-523d-429e-87f4-2c6f571355de,958778.6,6010479.36,582.35,Breeze,6.5,225,12.9
1785845280000,WIND-01,40078e96-523d-429e-87f4-2c6f571355de,958778.6,6010479.36,582.35,Breeze,6.8,222,13.2
1785845340000,WIND-01,40078e96-523d-429e-87f4-2c6f571355de,958778.6,6010479.36,582.35,Breeze,7.4,219,13.1
1785845400000,WIND-01,40078e96-523d-429e-87f4-2c6f571355de,958778.6,6010479.36,582.35,Breeze,7.7,214,15
1785845460000,WIND-01,40078e96-523d-429e-87f4-2c6f571355de,958778.6,6010479.36,582.35,Breeze,7.4,211,12.2
1785845520000,WIND-01,40078e96-523d-429e-87f4-2c6f571355de,958778.6,6010479.36,582.35,Breeze,7.7,210,13.4
1785845580000,WIND-01,40078e96-523d-429e-87f4-2c6f571355de,958778.6,6010479.36,582.35,Breeze,7.9,215,12.1
1785845640000,WIND-01,40078e96-523d-429e-87f4-2c6f571355de,958778.6,6010479.36,582.35,Breeze,8.2,220,13.6
1785845700000,WIND-01,40078e96-523d-429e-87f4-2c6f571355de,958778.6,6010479.36,582.35,Breeze,8.7,223,14.8
1785845760000,WIND-01,40078e96-523d-429e-87f4-2c6f571355de,958778.6,6010479.36,582.35,Breeze,9.1,226,15.6
1785845820000,WIND-01,40078e96-523d-429e-87f4-2c6f571355de,958778.6,6010479.36,582.35,Breeze,9.3,220,17.2
1785845880000,WIND-01,40078e96-523d-429e-87f4-2c6f571355de,958778.6,6010479.36,582.35,Breeze,9.5,226,17.7
1785845940000,WIND-01,40078e96-523d-429e-87f4-2c6f571355de,958778.6,6010479.36,582.35,Breeze,9.8,231,17.3
1785846000000,WIND-01,40078e96-523d-429e-87f4-2c6f571355de,958778.6,6010479.36,582.35,Breeze,10,235,15.2
1785846060000,WIND-01,40078e96-523d-429e-87f4-2c6f571355de,958778.6,6010479.36,582.35,Breeze,9.9,234,15
1785846120000,WIND-01,40078e96-523d-429e-87f4-2c6f571355de,958778.6,6010479.36,582.35,Breeze,10.2,231,17.7
1785846180000,WIND-01,40078e96-523d-429e-87f4-2c6f571355de,958778.6,6010479.36,582.35,Breeze,9.4,233,15.4
1785846240000,WIND-01,40078e96-523d-429e-87f4-2c6f571355de,958778.6,6010479.36,582.35,Breeze,9.8,235,15.3
1785846300000,WIND-01,40078e96-523d-429e-87f4-2c6f571355de,958778.6,6010479.36,582.35,Breeze,10.2,235,15.3
1785846360000,WIND-01,40078e96-523d-429e-87f4-2c6f571355de,958778.6,6010479.36,582.35,Breeze,9.8,235,15.6
1785846420000,WIND-01,40078e96-523d-429e-87f4-2c6f571355de,958778.6,6010479.36,582.35,Breeze,9.2,241,17.9
1785846480000,WIND-01,40078e96-523d-429e-87f4-2c6f571355de,958778.6,6010479.36,582.35,Breeze,9.3,247,14.1
1785846540000,WIND-01,40078e96-523d-429e-87f4-2c6f571355de,958778.6,6010479.36,582.35,Breeze,9.6,252,18.5
1785846600000,WIND-01,40078e96-523d-429e-87f4-2c6f571355de,958778.6,6010479.36,582.35,Breeze,9.3,253,14.3
1785846660000,WIND-01,40078e96-523d-429e-87f4-2c6f571355de,958778.6,6010479.36,582.35,Breeze,9.7,257,18.9
1785846720000,WIND-01,40078e96-523d-429e-87f4-2c6f571355de,958778.6,6010479.36,582.35,Breeze,9.7,251,16.3
1785846780000,WIND-01,40078e96-523d-429e-87f4-2c6f571355de,958778.6,6010479.36,582.35,Breeze,9.6,252,15.1
1785846840000,WIND-01,40078e96-523d-429e-87f4-2c6f571355de,958778.6,6010479.36,582.35,Breeze,9.6,249,15.7
1785846900000,WIND-01,40078e96-523d-429e-87f4-2c6f571355de,958778.6,6010479.36,582.35,Breeze,9.6,250,16.9
1785846960000,WIND-01,40078e96-523d-429e-87f4-2c6f571355de,958778.6,6010479.36,582.35,Breeze,9.5,248,15.6
1785847020000,WIND-01,40078e96-523d-429e-87f4-2c6f571355de,958778.6,6010479.36,582.35,Breeze,9.7,249,15.9
1785847080000,WIND-01,40078e96-523d-429e-87f4-2c6f571355de,958778.6,6010479.36,582.35,Breeze,9.8,244,16.2
1785847140000,WIND-01,40078e96-523d-429e-87f4-2c6f571355de,958778.6,6010479.36,582.35,Breeze,9.2,249,15.9
1785847200000,WIND-01,40078e96-523d-429e-87f4-2c6f571355de,958778.6,6010479.36,582.35,Breeze,9.2,254,15.9
1785847260000,WIND-01,40078e96-523d-429e-87f4-2c6f571355de,958778.6,6010479.36,582.35,Breeze,9.5,256,17.6
1785847320000,WIND-01,40078e96-523d-429e-87f4-2c6f571355de,958778.6,6010479.36,582.35,Breeze,9.8,259,18.5
1785847380000,WIND-01,40078e96-523d-429e-87f4-2c6f571355de,958778.6,6010479.36,582.35,Breeze,9.1,264,16.9
1785847440000,WIND-01,40078e96-523d-429e-87f4-2c6f571355de,958778.6,6010479.36,582.35,Breeze,8.5,266,13.2
1785847500000,WIND-01,40078e96-523d-429e-87f4-2c6f571355de,958778.6,6010479.36,582.35,Breeze,8.8,264,16.5
1785847560000,WIND-01,40078e96-523d-429e-87f4-2c6f571355de,958778.6,6010479.36,582.35,Breeze,9,259,16.8
1785847620000,WIND-01,40078e96-523d-429e-87f4-2c6f571355de,958778.6,6010479.36,582.35,Breeze,9,259,18
1785847680000,WIND-01,40078e96-523d-429e-87f4-2c6f571355de,958778.6,6010479.36,582.35,Breeze,8.6,260,14
1785847740000,WIND-01,40078e96-523d-429e-87f4-2c6f571355de,958778.6,6010479.36,582.35,Breeze,8.7,263,14.7
1785847800000,WIND-01,40078e96-523d-429e-87f4-2c6f571355de,958778.6,6010479.36,582.35,Breeze,8.6,257,16.3
1785847860000,WIND-01,40078e96-523d-429e-87f4-2c6f571355de,958778.6,6010479.36,582.35,Breeze,8.7,253,17
1785847920000,WIND-01,40078e96-523d-429e-87f4-2c6f571355de,958778.6,6010479.36,582.35,Breeze,8.7,249,15.9
1785847980000,WIND-01,40078e96-523d-429e-87f4-2c6f571355de,958778.6,6010479.36,582.35,Breeze,9.2,254,17.6
1785848040000,WIND-01,40078e96-523d-429e-87f4-2c6f571355de,958778.6,6010479.36,582.35,Breeze,9.1,257,16.2
1785848100000,WIND-01,40078e96-523d-429e-87f4-2c6f571355de,958778.6,6010479.36,582.35,Breeze,9.5,252,18.6
1785848160000,WIND-01,40078e96-523d-429e-87f4-2c6f571355de,958778.6,6010479.36,582.35,Breeze,8.8,257,15.5
1785848220000,WIND-01,40078e96-523d-429e-87f4-2c6f571355de,958778.6,6010479.36,582.35,Breeze,9.3,253,16.9
1785848280000,WIND-01,40078e96-523d-429e-87f4-2c6f571355de,958778.6,6010479.36,582.35,Breeze,8.7,256,15.4
1785848340000,WIND-01,40078e96-523d-429e-87f4-2c6f571355de,958778.6,6010479.36,582.35,Breeze,8,257,15.9
1785848400000,WIND-01,40078e96-523d-429e-87f4-2c6f571355de,958778.6,6010479.36,582.35,Breeze,8.4,261,16.2
1785848460000,WIND-01,40078e96-523d-429e-87f4-2c6f571355de,958778.6,6010479.36,582.35,Breeze,8.9,256,16.7
1785848520000,WIND-01,40078e96-523d-429e-87f4-2c6f571355de,958778.6,6010479.36,582.35,Breeze,8.6,256,16.1
1785848580000,WIND-01,40078e96-523d-429e-87f4-2c6f571355de,958778.6,6010479.36,582.35,Breeze,8.2,260,13.1
1785848640000,WIND-01,40078e96-523d-429e-87f4-2c6f571355de,958778.6,6010479.36,582.35,Breeze,8,261,16
1785848700000,WIND-01,40078e96-523d-429e-87f4-2c6f571355de,958778.6,6010479.36,582.35,Breeze,8.6,258,14.3
1785848760000,WIND-01,40078e96-523d-429e-87f4-2c6f571355de,958778.6,6010479.36,582.35,Breeze,9.1,256,17.2
1785848820000,WIND-01,40078e96-523d-429e-87f4-2c6f571355de,958778.6,6010479.36,582.35,Breeze,8.5,253,13.5
1785848880000,WIND-01,40078e96-523d-429e-87f4-2c6f571355de,958778.6,6010479.36,582.35,Breeze,8,259,12.6
1785848940000,WIND-01,40078e96-523d-429e-87f4-2c6f571355de,958778.6,6010479.36,582.35,Breeze,7.8,262,13.5
1785849000000,WIND-01,40078e96-523d-429e-87f4-2c6f571355de,958778.6,6010479.36,582.35,Breeze,8.4,262,14.7
1785849060000,WIND-01,40078e96-523d-429e-87f4-2c6f571355de,958778.6,6010479.36,582.35,Breeze,8.9,264,17
1785849120000,WIND-01,40078e96-523d-429e-87f4-2c6f571355de,958778.6,6010479.36,582.35,Breeze,8.5,264,15.9
1785849180000,WIND-01,40078e96-523d-429e-87f4-2c6f571355de,958778.6,6010479.36,582.35,Breeze,8.2,264,14.9
1785849240000,WIND-01,40078e96-523d-429e-87f4-2c6f571355de,958778.6,6010479.36,582.35,Breeze,8.6,257,16.1
1785849300000,WIND-01,40078e96-523d-429e-87f4-2c6f571355de,958778.6,6010479.36,582.35,Breeze,8.8,254,17.2
1785849360000,WIND-01,40078e96-523d-429e-87f4-2c6f571355de,958778.6,6010479.36,582.35,Breeze,8.2,250,14
1785849420000,WIND-01,40078e96-523d-429e-87f4-2c6f571355de,958778.6,6010479.36,582.35,Breeze,8,255,15.4
1785849480000,WIND-01,40078e96-523d-429e-87f4-2c6f571355de,958778.6,6010479.36,582.35,Breeze,8.5,249,15.3
1785849540000,WIND-01,40078e96-523d-429e-87f4-2c6f571355de,958778.6,6010479.36,582.35,Breeze,8.8,246,14.1
1785849600000,WIND-01,40078e96-523d-429e-87f4-2c6f571355de,958778.6,6010479.36,582.35,Breeze,8.4,249,16.8
1785849660000,WIND-01,40078e96-523d-429e-87f4-2c6f571355de,958778.6,6010479.36,582.35,Breeze,8.6,244,13.8
1785849720000,WIND-01,40078e96-523d-429e-87f4-2c6f571355de,958778.6,6010479.36,582.35,Breeze,8.1,238,13.4
1785849780000,WIND-01,40078e96-523d-429e-87f4-2c6f571355de,958778.6,6010479.36,582.35,Breeze,8.5,235,13.1
1785849840000,WIND-01,40078e96-523d-429e-87f4-2c6f571355de,958778.6,6010479.36,582.35,Breeze,8.6,231,14.6
1785849900000,WIND-01,40078e96-523d-429e-87f4-2c6f571355de,958778.6,6010479.36,582.35,Breeze,8.9,234,15.2
1785849960000,WIND-01,40078e96-523d-429e-87f4-2c6f571355de,958778.6,6010479.36,582.35,Breeze,9.4,233,16.8
1785850020000,WIND-01,40078e96-523d-429e-87f4-2c6f571355de,958778.6,6010479.36,582.35,Breeze,9,231,16.6
1785850080000,WIND-01,40078e96-523d-429e-87f4-2c6f571355de,958778.6,6010479.36,582.35,Breeze,9,227,14.8
1785850140000,WIND-01,40078e96-523d-429e-87f4-2c6f571355de,958778.6,6010479.36,582.35,Breeze,8.6,227,13.1
1785850200000,WIND-01,40078e96-523d-429e-87f4-2c6f571355de,958778.6,6010479.36,582.35,Breeze,8.6,223,13.9
1785850260000,WIND-01,40078e96-523d-429e-87f4-2c6f571355de,958778.6,6010479.36,582.35,Breeze,8.9,219,15.1
1785850320000,WIND-01,40078e96-523d-429e-87f4-2c6f571355de,958778.6,6010479.36,582.35,Breeze,8.8,222,17
1785850380000,WIND-01,40078e96-523d-429e-87f4-2c6f571355de,958778.6,6010479.36,582.35,Breeze,8.5,225,12.8
1785850440000,WIND-01,40078e96-523d-429e-87f4-2c6f571355de,958778.6,6010479.36,582.35,Breeze,8.1,229,13.6
1785850500000,WIND-01,40078e96-523d-429e-87f4-2c6f571355de,958778.6,6010479.36,582.35,Breeze,8.3,224,13.2
1785850560000,WIND-01,40078e96-523d-429e-87f4-2c6f571355de,958778.6,6010479.36,582.35,Breeze,8.4,219,13.3
1785850620000,WIND-01,40078e96-523d-429e-87f4-2c6f571355de,958778.6,6010479.36,582.35,Breeze,8.2,219,15.5
1785850680000,WIND-01,40078e96-523d-429e-87f4-2c6f571355de,958778.6,6010479.36,582.35,Breeze,8.4,216,14.7
1785850740000,WIND-01,40078e96-523d-429e-87f4-2c6f571355de,958778.6,6010479.36,582.35,Breeze,8.5,213,13.5
1785850800000,WIND-01,40078e96-523d-429e-87f4-2c6f571355de,958778.6,6010479.36,582.35,Breeze,8.6,214,13.3
1785850860000,WIND-01,40078e96-523d-429e-87f4-2c6f571355de,958778.6,6010479.36,582.35,Breeze,9.1,219,13.7
1785850920000,WIND-01,40078e96-523d-429e-87f4-2c6f571355de,958778.6,6010479.36,582.35,Breeze,8.8,219,14.1
1785850980000,WIND-01,40078e96-523d-429e-87f4-2c6f571355de,958778.6,6010479.36,582.35,Breeze,9.2,224,16.1
1785851040000,WIND-01,40078e96-523d-429e-87f4-2c6f571355de,958778.6,6010479.36,582.35,Breeze,9.2,228,16.1
1785851100000,WIND-01,40078e96-523d-429e-87f4-2c6f571355de,958778.6,6010479.36,582.35,Breeze,9.6,223,16.8
1785851160000,WIND-01,40078e96-523d-429e-87f4-2c6f571355de,958778.6,6010479.36,582.35,Breeze,9.6,220,18.8
1785851220000,WIND-01,40078e96-523d-429e-87f4-2c6f571355de,958778.6,6010479.36,582.35,Breeze,9.5,218,14.8
1785851280000,WIND-01,40078e96-523d-429e-87f4-2c6f571355de,958778.6,6010479.36,582.35,Breeze,8.9,220,15.2
1785851340000,WIND-01,40078e96-523d-429e-87f4-2c6f571355de,958778.6,6010479.36,582.35,Breeze,8.2,216,13.2
1785851400000,WIND-01,40078e96-523d-429e-87f4-2c6f571355de,958778.6,6010479.36,582.35,Breeze,8.5,215,15.8
1785851460000,WIND-01,40078e96-523d-429e-87f4-2c6f571355de,958778.6,6010479.36,582.35,Breeze,8.4,220,12.8
1785851520000,WIND-01,40078e96-523d-429e-87f4-2c6f571355de,958778.6,6010479.36,582.35,Breeze,7.9,223,14.4
1785851580000,WIND-01,40078e96-523d-429e-87f4-2c6f571355de,958778.6,6010479.36,582.35,Breeze,8,228,14.2
1785851640000,WIND-01,40078e96-523d-429e-87f4-2c6f571355de,958778.6,6010479.36,582.35,Breeze,8,223,12.9
1785851700000,WIND-01,40078e96-523d-429e-87f4-2c6f571355de,958778.6,6010479.36,582.35,Breeze,7.4,226,14.2
1785851760000,WIND-01,40078e96-523d-429e-87f4-2c6f571355de,958778.6,6010479.36,582.35,Breeze,7.5,220,14.1
1785851820000,WIND-01,40078e96-523d-429e-87f4-2c6f571355de,958778.6,6010479.36,582.35,Breeze,7.3,216,14.5
1785851880000,WIND-01,40078e96-523d-429e-87f4-2c6f571355de,958778.6,6010479.36,582.35,Breeze,7.8,219,14.7
1785851940000,WIND-01,40078e96-523d-429e-87f4-2c6f571355de,958778.6,6010479.36,582.35,Breeze,7.8,215,12.3
1785852000000,WIND-01,40078e96-523d-429e-87f4-2c6f571355de,958778.6,6010479.36,582.35,Breeze,8.3,217,13.6
1785852060000,WIND-01,40078e96-523d-429e-87f4-2c6f571355de,958778.6,6010479.36,582.35,Breeze,8.4,220,14.9
1785852120000,WIND-01,40078e96-523d-429e-87f4-2c6f571355de,958778.6,6010479.36,582.35,Breeze,8.1,226,14.3
1785852180000,WIND-01,40078e96-523d-429e-87f4-2c6f571355de,958778.6,6010479.36,582.35,Breeze,7.5,228,14.2
1785852240000,WIND-01,40078e96-523d-429e-87f4-2c6f571355de,958778.6,6010479.36,582.35,Breeze,8.1,224,12.2
1785852300000,WIND-01,40078e96-523d-429e-87f4-2c6f571355de,958778.6,6010479.36,582.35,Breeze,7.6,229,14.3
1785852360000,WIND-01,40078e96-523d-429e-87f4-2c6f571355de,958778.6,6010479.36,582.35,Breeze,8.1,230,15.6
1785852420000,WIND-01,40078e96-523d-429e-87f4-2c6f571355de,958778.6,6010479.36,582.35,Breeze,8.2,230,13.2
1785852480000,WIND-01,40078e96-523d-429e-87f4-2c6f571355de,958778.6,6010479.36,582.35,Breeze,8.6,231,13.2
1785852540000,WIND-01,40078e96-523d-429e-87f4-2c6f571355de,958778.6,6010479.36,582.35,Breeze,8.4,231,15.4
1785852600000,WIND-01,40078e96-523d-429e-87f4-2c6f571355de,958778.6,6010479.36,582.35,Breeze,8.3,236,14.6
1785852660000,WIND-01,40078e96-523d-429e-87f4-2c6f571355de,958778.6,6010479.36,582.35,Breeze,8.7,240,15.3
1785852720000,WIND-01,40078e96-523d-429e-87f4-2c6f571355de,958778.6,6010479.36,582.35,Breeze,8.4,242,12.8
1785852780000,WIND-01,40078e96-523d-429e-87f4-2c6f571355de,958778.6,6010479.36,582.35,Breeze,8.3,241,12.7
1785852840000,WIND-01,40078e96-523d-429e-87f4-2c6f571355de,958778.6,6010479.36,582.35,Breeze,8.6,236,16.5
1785852900000,WIND-01,40078e96-523d-429e-87f4-2c6f571355de,958778.6,6010479.36,582.35,Breeze,9.1,242,14.5
1785852960000,WIND-01,40078e96-523d-429e-87f4-2c6f571355de,958778.6,6010479.36,582.35,Breeze,9.3,236,17.3
1785853020000,WIND-01,40078e96-523d-429e-87f4-2c6f571355de,958778.6,6010479.36,582.35,Breeze,9.1,230,17.7
1785853080000,WIND-01,40078e96-523d-429e-87f4-2c6f571355de,958778.6,6010479.36,582.35,Breeze,9.3,233,16.2
1785853140000,WIND-01,40078e96-523d-429e-87f4-2c6f571355de,958778.6,6010479.36,582.35,Breeze,9.1,235,15.8
1785853200000,WIND-01,40078e96-523d-429e-87f4-2c6f571355de,958778.6,6010479.36,582.35,Breeze,9.1,241,15.2
1785853260000,WIND-01,40078e96-523d-429e-87f4-2c6f571355de,958778.6,6010479.36,582.35,Breeze,8.5,241,16.5
1785853320000,WIND-01,40078e96-523d-429e-87f4-2c6f571355de,958778.6,6010479.36,582.35,Breeze,8.6,237,14.5
1785853380000,WIND-01,40078e96-523d-429e-87f4-2c6f571355de,958778.6,6010479.36,582.35,Breeze,8.6,235,13.4
1785853440000,WIND-01,40078e96-523d-429e-87f4-2c6f571355de,958778.6,6010479.36,582.35,Breeze,8.8,231,16.9
1785853500000,WIND-01,40078e96-523d-429e-87f4-2c6f571355de,958778.6,6010479.36,582.35,Breeze,8.9,225,14.1
1785853560000,WIND-01,40078e96-523d-429e-87f4-2c6f571355de,958778.6,6010479.36,582.35,Breeze,8.8,231,14
1785853620000,WIND-01,40078e96-523d-429e-87f4-2c6f571355de,958778.6,6010479.36,582.35,Breeze,8.6,228,15.3
1785853680000,WIND-01,40078e96-523d-429e-87f4-2c6f571355de,958778.6,6010479.36,582.35,Breeze,8.9,226,17.3
1785853740000,WIND-01,40078e96-523d-429e-87f4-2c6f571355de,958778.6,6010479.36,582.35,Breeze,9.1,223,17
1785853800000,WIND-01,40078e96-523d-429e-87f4-2c6f571355de,958778.6,6010479.36,582.35,Breeze,9.1,226,15.6
1785853860000,WIND-01,40078e96-523d-429e-87f4-2c6f571355de,958778.6,6010479.36,582.35,Breeze,9.3,224,14.4
1785853920000,WIND-01,40078e96-523d-429e-87f4-2c6f571355de,958778.6,6010479.36,582.35,Breeze,9.6,223,14.9
1785853980000,WIND-01,40078e96-523d-429e-87f4-2c6f571355de,958778.6,6010479.36,582.35,Breeze,9.5,230,15.4
1785854040000,WIND-01,40078e96-523d-429e-87f4-2c6f571355de,958778.6,6010479.36,582.35,Breeze,9.2,228,16.6
1785854100000,WIND-01,40078e96-523d-429e-87f4-2c6f571355de,958778.6,6010479.36,582.35,Breeze,8.9,224,17.1
1785854160000,WIND-01,40078e96-523d-429e-87f4-2c6f571355de,958778.6,6010479.36,582.35,Breeze,8.9,229,15.9
1785854220000,WIND-01,40078e96-523d-429e-87f4-2c6f571355de,958778.6,6010479.36,582.35,Breeze,8.8,233,13.3
1785854280000,WIND-01,40078e96-523d-429e-87f4-2c6f571355de,958778.6,6010479.36,582.35,Breeze,8.8,239,13.6
1785854340000,WIND-01,40078e96-523d-429e-87f4-2c6f571355de,958778.6,6010479.36,582.35,Breeze,8.8,238,14
1785854400000,WIND-01,40078e96-523d-429e-87f4-2c6f571355de,958778.6,6010479.36,582.35,Breeze,8.7,242,14.3
1785854460000,WIND-01,40078e96-523d-429e-87f4-2c6f571355de,958778.6,6010479.36,582.35,Breeze,8.1,239,14.7
1785854520000,WIND-01,40078e96-523d-429e-87f4-2c6f571355de,958778.6,6010479.36,582.35,Breeze,8.6,238,14.5
1785854580000,WIND-01,40078e96-523d-429e-87f4-2c6f571355de,958778.6,6010479.36,582.35,Breeze,8.2,237,16.1
1785854640000,WIND-01,40078e96-523d-429e-87f4-2c6f571355de,958778.6,6010479.36,582.35,Breeze,8.4,239,15.1
1785854700000,WIND-01,40078e96-523d-429e-87f4-2c6f571355de,958778.6,6010479.36,582.35,Breeze,8.4,239,13.6
1785854760000,WIND-01,40078e96-523d-429e-87f4-2c6f571355de,958778.6,6010479.36,582.35,Breeze,8.2,240,15.3
1785854820000,WIND-01,40078e96-523d-429e-87f4-2c6f571355de,958778.6,6010479.36,582.35,Breeze,8.7,235,14.2
1785854880000,WIND-01,40078e96-523d-429e-87f4-2c6f571355de,958778.6,6010479.36,582.35,Breeze,8.4,229,13.8
1785854940000,WIND-01,40078e96-523d-429e-87f4-2c6f571355de,958778.6,6010479.36,582.35,Breeze,8.5,234,16.1
1785855000000,WIND-01,40078e96-523d-429e-87f4-2c6f571355de,958778.6,6010479.36,582.35,Breeze,8.7,230,16.3
1785855060000,WIND-01,40078e96-523d-429e-87f4-2c6f571355de,958778.6,6010479.36,582.35,Breeze,8,232,12.5
1785855120000,WIND-01,40078e96-523d-429e-87f4-2c6f571355de,958778.6,6010479.36,582.35,Breeze,7.5,230,11.8
1785855180000,WIND-01,40078e96-523d-429e-87f4-2c6f571355de,958778.6,6010479.36,582.35,Breeze,7.9,226,12.7
1785855240000,WIND-01,40078e96-523d-429e-87f4-2c6f571355de,958778.6,6010479.36,582.35,Breeze,8.1,229,14.6
1785855300000,WIND-01,40078e96-523d-429e-87f4-2c6f571355de,958778.6,6010479.36,582.35,Breeze,7.7,229,13.7
1785855360000,WIND-01,40078e96-523d-429e-87f4-2c6f571355de,958778.6,6010479.36,582.35,Breeze,7.5,231,14.6
1785855420000,WIND-01,40078e96-523d-429e-87f4-2c6f571355de,958778.6,6010479.36,582.35,Breeze,7.6,229,12.7
1785855480000,WIND-01,40078e96-523d-429e-87f4-2c6f571355de,958778.6,6010479.36,582.35,Breeze,7.8,233,12.3
1785855540000,WIND-01,40078e96-523d-429e-87f4-2c6f571355de,958778.6,6010479.36,582.35,Breeze,7.7,234,15.4
1785855600000,WIND-01,40078e96-523d-429e-87f4-2c6f571355de,958778.6,6010479.36,582.35,Breeze,7.2,228,12.1
1785855660000,WIND-01,40078e96-523d-429e-87f4-2c6f571355de,958778.6,6010479.36,582.35,Breeze,6.9,233,10.4
1785855720000,WIND-01,40078e96-523d-429e-87f4-2c6f571355de,958778.6,6010479.36,582.35,Breeze,7.5,235,11.7
1785855780000,WIND-01,40078e96-523d-429e-87f4-2c6f571355de,958778.6,6010479.36,582.35,Breeze,7.3,234,11.1
1785855840000,WIND-01,40078e96-523d-429e-87f4-2c6f571355de,958778.6,6010479.36,582.35,Breeze,6.7,236,10.6
1785855900000,WIND-01,40078e96-523d-429e-87f4-2c6f571355de,958778.6,6010479.36,582.35,Breeze,7.3,232,14.4
1785855960000,WIND-01,40078e96-523d-429e-87f4-2c6f571355de,958778.6,6010479.36,582.35,Breeze,7,227,10.7
1785856020000,WIND-01,40078e96-523d-429e-87f4-2c6f571355de,958778.6,6010479.36,582.35,Breeze,6.5,233,10.8
1785856080000,WIND-01,40078e96-523d-429e-87f4-2c6f571355de,958778.6,6010479.36,582.35,Breeze,6.1,238,10.1
1785856140000,WIND-01,40078e96-523d-429e-87f4-2c6f571355de,958778.6,6010479.36,582.35,Calm,5.8,234,10.4
1785856200000,WIND-01,40078e96-523d-429e-87f4-2c6f571355de,958778.6,6010479.36,582.35,Calm,5.5,231,8.6
1785856260000,WIND-01,40078e96-523d-429e-87f4-2c6f571355de,958778.6,6010479.36,582.35,Calm,5.8,235,9
1785856320000,WIND-01,40078e96-523d-429e-87f4-2c6f571355de,958778.6,6010479.36,582.35,Breeze,6.1,232,9.5
1785856380000,WIND-01,40078e96-523d-429e-87f4-2c6f571355de,958778.6,6010479.36,582.35,Calm,5.9,229,8.9
1785856440000,WIND-01,40078e96-523d-429e-87f4-2c6f571355de,958778.6,6010479.36,582.35,Breeze,6.6,225,10.5
1785856500000,WIND-01,40078e96-523d-429e-87f4-2c6f571355de,958778.6,6010479.36,582.35,Breeze,6.2,220,10.5
1785856560000,WIND-01,40078e96-523d-429e-87f4-2c6f571355de,958778.6,6010479.36,582.35,Breeze,6,225,10.3
1785856620000,WIND-01,40078e96-523d-429e-87f4-2c6f571355de,958778.6,6010479.36,582.35,Breeze,6.6,224,10.8
1785856680000,WIND-01,40078e96-523d-429e-87f4-2c6f571355de,958778.6,6010479.36,582.35,Breeze,6.2,225,9.8
1785856740000,WIND-01,40078e96-523d-429e-87f4-2c6f571355de,958778.6,6010479.36,582.35,Calm,5.9,231,10.1
1785856800000,WIND-01,40078e96-523d-429e-87f4-2c6f571355de,958778.6,6010479.36,582.35,Breeze,6.5,232,10.6
1785856860000,WIND-01,40078e96-523d-429e-87f4-2c6f571355de,958778.6,6010479.36,582.35,Breeze,6.4,227,12.4
1785856920000,WIND-01,40078e96-523d-429e-87f4-2c6f571355de,958778.6,6010479.36,582.35,Breeze,7,226,11.1
1785856980000,WIND-01,40078e96-523d-429e-87f4-2c6f571355de,958778.6,6010479.36,582.35,Breeze,7.1,223,12.6
1785857040000,WIND-01,40078e96-523d-429e-87f4-2c6f571355de,958778.6,6010479.36,582.35,Breeze,6.6,225,12.3
1785857100000,WIND-01,40078e96-523d-429e-87f4-2c6f571355de,958778.6,6010479.36,582.35,Breeze,6.4,230,10.5
1785857160000,WIND-01,40078e96-523d-429e-87f4-2c6f571355de,958778.6,6010479.36,582.35,Breeze,6.5,235,13
1785857220000,WIND-01,40078e96-523d-429e-87f4-2c6f571355de,958778.6,6010479.36,582.35,Breeze,7.1,237,11.9
1785857280000,WIND-01,40078e96-523d-429e-87f4-2c6f571355de,958778.6,6010479.36,582.35,Breeze,7.1,234,11.2
1785857340000,WIND-01,40078e96-523d-429e-87f4-2c6f571355de,958778.6,6010479.36,582.35,Breeze,6.6,230,12.5
1785857400000,WIND-01,40078e96-523d-429e-87f4-2c6f571355de,958778.6,6010479.36,582.35,Breeze,6.2,229,11.4
1785857460000,WIND-01,40078e96-523d-429e-87f4-2c6f571355de,958778.6,6010479.36,582.35,Calm,5.9,228,10
1785857520000,WIND-01,40078e96-523d-429e-87f4-2c6f571355de,958778.6,6010479.36,582.35,Calm,5.7,225,11.3
1785857580000,WIND-01,40078e96-523d-429e-87f4-2c6f571355de,958778.6,6010479.36,582.35,Calm,5.9,219,11.7
1785857640000,WIND-01,40078e96-523d-429e-87f4-2c6f571355de,958778.6,6010479.36,582.35,Breeze,6.5,221,11.8
1785857700000,WIND-01,40078e96-523d-429e-87f4-2c6f571355de,958778.6,6010479.36,582.35,Breeze,6.4,219,12.6
1785857760000,WIND-01,40078e96-523d-429e-87f4-2c6f571355de,958778.6,6010479.36,582.35,Breeze,6.1,221,10.9
1785857820000,WIND-01,40078e96-523d-429e-87f4-2c6f571355de,958778.6,6010479.36,582.35,Calm,5.8,217,10.5
1785857880000,WIND-01,40078e96-523d-429e-87f4-2c6f571355de,958778.6,6010479.36,582.35,Calm,5.7,212,9.2
1785857940000,WIND-01,40078e96-523d-429e-87f4-2c6f571355de,958778.6,6010479.36,582.35,Calm,5.7,213,11.1
1785858000000,WIND-01,40078e96-523d-429e-87f4-2c6f571355de,958778.6,6010479.36,582.35,Breeze,6.3,215,10.3
1785858060000,WIND-01,40078e96-523d-429e-87f4-2c6f571355de,958778.6,6010479.36,582.35,Breeze,6.2,211,12.2
1785858120000,WIND-01,40078e96-523d-429e-87f4-2c6f571355de,958778.6,6010479.36,582.35,Breeze,6.2,211,11.1
1785858180000,WIND-01,40078e96-523d-429e-87f4-2c6f571355de,958778.6,6010479.36,582.35,Breeze,6.5,215,11.3
1785858240000,WIND-01,40078e96-523d-429e-87f4-2c6f571355de,958778.6,6010479.36,582.35,Breeze,6.9,213,11.3
1785858300000,WIND-01,40078e96-523d-429e-87f4-2c6f571355de,958778.6,6010479.36,582.35,Breeze,7.3,212,13.7
1785858360000,WIND-01,40078e96-523d-429e-87f4-2c6f571355de,958778.6,6010479.36,582.35,Breeze,7.1,212,13.6
1785858420000,WIND-01,40078e96-523d-429e-87f4-2c6f571355de,958778.6,6010479.36,582.35,Breeze,6.7,209,13.2
1785858480000,WIND-01,40078e96-523d-429e-87f4-2c6f571355de,958778.6,6010479.36,582.35,Breeze,6.7,212,12.4
1785858540000,WIND-01,40078e96-523d-429e-87f4-2c6f571355de,958778.6,6010479.36,582.35,Breeze,6.2,218,12.3
1785858600000,WIND-01,40078e96-523d-429e-87f4-2c6f571355de,958778.6,6010479.36,582.35,Breeze,6.3,223,12.4
1785858660000,WIND-01,40078e96-523d-429e-87f4-2c6f571355de,958778.6,6010479.36,582.35,Calm,5.9,221,10.9
1785858720000,WIND-01,40078e96-523d-429e-87f4-2c6f571355de,958778.6,6010479.36,582.35,Calm,5.8,223,8.9
1785858780000,WIND-01,40078e96-523d-429e-87f4-2c6f571355de,958778.6,6010479.36,582.35,Calm,5.7,221,8.7
1785858840000,WIND-01,40078e96-523d-429e-87f4-2c6f571355de,958778.6,6010479.36,582.35,Breeze,6.2,222,10
1785858900000,WIND-01,40078e96-523d-429e-87f4-2c6f571355de,958778.6,6010479.36,582.35,Breeze,6.1,219,9.5
1785858960000,WIND-01,40078e96-523d-429e-87f4-2c6f571355de,958778.6,6010479.36,582.35,Breeze,6.5,218,10.5
1785859020000,WIND-01,40078e96-523d-429e-87f4-2c6f571355de,958778.6,6010479.36,582.35,Breeze,6.8,221,10.5
1785859080000,WIND-01,40078e96-523d-429e-87f4-2c6f571355de,958778.6,6010479.36,582.35,Breeze,6.3,222,10.7
1785859140000,WIND-01,40078e96-523d-429e-87f4-2c6f571355de,958778.6,6010479.36,582.35,Breeze,6.2,218,9.4
1785859200000,WIND-01,40078e96-523d-429e-87f4-2c6f571355de,958778.6,6010479.36,582.35,Breeze,6.6,224,10.1
1785859260000,WIND-01,40078e96-523d-429e-87f4-2c6f571355de,958778.6,6010479.36,582.35,Breeze,6.1,225,10.4
1785859320000,WIND-01,40078e96-523d-429e-87f4-2c6f571355de,958778.6,6010479.36,582.35,Calm,5.6,229,9.9
1785859380000,WIND-01,40078e96-523d-429e-87f4-2c6f571355de,958778.6,6010479.36,582.35,Breeze,6.1,224,9.5
1785859440000,WIND-01,40078e96-523d-429e-87f4-2c6f571355de,958778.6,6010479.36,582.35,Calm,6,222,11.6
1785859500000,WIND-01,40078e96-523d-429e-87f4-2c6f571355de,958778.6,6010479.36,582.35,Calm,5.9,224,11.5
1785859560000,WIND-01,40078e96-523d-429e-87f4-2c6f571355de,958778.6,6010479.36,582.35,Calm,5.9,224,9.2
1785859620000,WIND-01,40078e96-523d-429e-87f4-2c6f571355de,958778.6,6010479.36,582.35,Breeze,6.5,227,9.8
1785859680000,WIND-01,40078e96-523d-429e-87f4-2c6f571355de,958778.6,6010479.36,582.35,Breeze,6.8,233,11.4
1785859740000,WIND-01,40078e96-523d-429e-87f4-2c6f571355de,958778.6,6010479.36,582.35,Breeze,6.6,229,12.9
1785859800000,WIND-01,40078e96-523d-429e-87f4-2c6f571355de,958778.6,6010479.36,582.35,Breeze,6.2,233,11.5
1785859860000,WIND-01,40078e96-523d-429e-87f4-2c6f571355de,958778.6,6010479.36,582.35,Calm,5.8,235,9.1
1785859920000,WIND-01,40078e96-523d-429e-87f4-2c6f571355de,958778.6,6010479.36,582.35,Breeze,6.4,233,11.4
1785859980000,WIND-01,40078e96-523d-429e-87f4-2c6f571355de,958778.6,6010479.36,582.35,Breeze,6.1,231,11
1785860040000,WIND-01,40078e96-523d-429e-87f4-2c6f571355de,958778.6,6010479.36,582.35,Breeze,6.5,238,12.9
1785860100000,WIND-01,40078e96-523d-429e-87f4-2c6f571355de,958778.6,6010479.36,582.35,Breeze,6.3,233,10.9
1785860160000,WIND-01,40078e96-523d-429e-87f4-2c6f571355de,958778.6,6010479.36,582.35,Breeze,6.1,238,9.6
1785860220000,WIND-01,40078e96-523d-429e-87f4-2c6f571355de,958778.6,6010479.36,582.35,Calm,5.6,236,9.8
1785860280000,WIND-01,40078e96-523d-429e-87f4-2c6f571355de,958778.6,6010479.36,582.35,Calm,5.2,232,7.8
1785860340000,WIND-01,40078e96-523d-429e-87f4-2c6f571355de,958778.6,6010479.36,582.35,Calm,5.8,230,10.8
1785860400000,WIND-01,40078e96-523d-429e-87f4-2c6f571355de,958778.6,6010479.36,582.35,Calm,5.7,225,10.6
1785860460000,WIND-01,40078e96-523d-429e-87f4-2c6f571355de,958778.6,6010479.36,582.35,Calm,5.5,222,10.6
1785860520000,WIND-01,40078e96-523d-429e-87f4-2c6f571355de,958778.6,6010479.36,582.35,Calm,5.5,225,8.4
1785860580000,WIND-01,40078e96-523d-429e-87f4-2c6f571355de,958778.6,6010479.36,582.35,Calm,5.4,222,10.6
1785860640000,WIND-01,40078e96-523d-429e-87f4-2c6f571355de,958778.6,6010479.36,582.35,Calm,5,221,7.7
1785860700000,WIND-01,40078e96-523d-429e-87f4-2c6f571355de,958778.6,6010479.36,582.35,Calm,4.6,219,8.2
1785860760000,WIND-01,40078e96-523d-429e-87f4-2c6f571355de,958778.6,6010479.36,582.35,Calm,4.7,219,7
1785860820000,WIND-01,40078e96-523d-429e-87f4-2c6f571355de,958778.6,6010479.36,582.35,Calm,5.3,215,9
1785860880000,WIND-01,40078e96-523d-429e-87f4-2c6f571355de,958778.6,6010479.36,582.35,Calm,5.4,216,9.7
1785860940000,WIND-01,40078e96-523d-429e-87f4-2c6f571355de,958778.6,6010479.36,582.35,Calm,5.7,218,9.6
1785861000000,WIND-01,40078e96-523d-429e-87f4-2c6f571355de,958778.6,6010479.36,582.35,Breeze,6.2,224,11.6
1785861060000,WIND-01,40078e96-523d-429e-87f4-2c6f571355de,958778.6,6010479.36,582.35,Breeze,6.1,226,10.8
1785861120000,WIND-01,40078e96-523d-429e-87f4-2c6f571355de,958778.6,6010479.36,582.35,Calm,5.5,227,8.8
1785861180000,WIND-01,40078e96-523d-429e-87f4-2c6f571355de,958778.6,6010479.36,582.35,Calm,5.2,230,8.2
1785861240000,WIND-01,40078e96-523d-429e-87f4-2c6f571355de,958778.6,6010479.36,582.35,Calm,5.2,228,9.4
1785861300000,WIND-01,40078e96-523d-429e-87f4-2c6f571355de,958778.6,6010479.36,582.35,Calm,4.8,228,8.3
1785861360000,WIND-01,40078e96-523d-429e-87f4-2c6f571355de,958778.6,6010479.36,582.35,Calm,5,233,9.9
1785861420000,WIND-01,40078e96-523d-429e-87f4-2c6f571355de,958778.6,6010479.36,582.35,Calm,5.4,227,9.1
1785861480000,WIND-01,40078e96-523d-429e-87f4-2c6f571355de,958778.6,6010479.36,582.35,Calm,5.3,229,8.2
1785861540000,WIND-01,40078e96-523d-429e-87f4-2c6f571355de,958778.6,6010479.36,582.35,Calm,5.7,228,9.2
1785861600000,WIND-01,40078e96-523d-429e-87f4-2c6f571355de,958778.6,6010479.36,582.35,Calm,5.5,231,8.5
1785861660000,WIND-01,40078e96-523d-429e-87f4-2c6f571355de,958778.6,6010479.36,582.35,Calm,5.8,232,10.6
1785861720000,WIND-01,40078e96-523d-429e-87f4-2c6f571355de,958778.6,6010479.36,582.35,Calm,5.3,231,8.9
1785861780000,WIND-01,40078e96-523d-429e-87f4-2c6f571355de,958778.6,6010479.36,582.35,Calm,5.7,226,10.3
1785861840000,WIND-01,40078e96-523d-429e-87f4-2c6f571355de,958778.6,6010479.36,582.35,Breeze,6.3,227,10.1
1785861900000,WIND-01,40078e96-523d-429e-87f4-2c6f571355de,958778.6,6010479.36,582.35,Breeze,6.4,231,10.9
1785861960000,WIND-01,40078e96-523d-429e-87f4-2c6f571355de,958778.6,6010479.36,582.35,Breeze,6.9,235,10.4
1785862020000,WIND-01,40078e96-523d-429e-87f4-2c6f571355de,958778.6,6010479.36,582.35,Breeze,6.3,231,10.3
1785862080000,WIND-01,40078e96-523d-429e-87f4-2c6f571355de,958778.6,6010479.36,582.35,Breeze,6.5,226,12.7
1785862140000,WIND-01,40078e96-523d-429e-87f4-2c6f571355de,958778.6,6010479.36,582.35,Breeze,6.9,225,13.1
1785862200000,WIND-01,40078e96-523d-429e-87f4-2c6f571355de,958778.6,6010479.36,582.35,Breeze,6.6,227,11.6
1785862260000,WIND-01,40078e96-523d-429e-87f4-2c6f571355de,958778.6,6010479.36,582.35,Breeze,6.8,228,13.3
1785862320000,WIND-01,40078e96-523d-429e-87f4-2c6f571355de,958778.6,6010479.36,582.35,Breeze,7.2,225,14.4
1785862380000,WIND-01,40078e96-523d-429e-87f4-2c6f571355de,958778.6,6010479.36,582.35,Breeze,7.3,227,11.3
1785862440000,WIND-01,40078e96-523d-429e-87f4-2c6f571355de,958778.6,6010479.36,582.35,Breeze,6.9,232,12.6
1785862500000,WIND-01,40078e96-523d-429e-87f4-2c6f571355de,958778.6,6010479.36,582.35,Breeze,6.4,228,10.5
1785862560000,WIND-01,40078e96-523d-429e-87f4-2c6f571355de,958778.6,6010479.36,582.35,Breeze,6.4,224,10.3
1785862620000,WIND-01,40078e96-523d-429e-87f4-2c6f571355de,958778.6,6010479.36,582.35,Breeze,6.7,219,10.6
1785862680000,WIND-01,40078e96-523d-429e-87f4-2c6f571355de,958778.6,6010479.36,582.35,Breeze,7.1,224,11.2
1785862740000,WIND-01,40078e96-523d-429e-87f4-2c6f571355de,958778.6,6010479.36,582.35,Breeze,6.7,221,12.6
1785862800000,WIND-01,40078e96-523d-429e-87f4-2c6f571355de,958778.6,6010479.36,582.35,Breeze,6.2,218,11.4
1785862860000,WIND-01,40078e96-523d-429e-87f4-2c6f571355de,958778.6,6010479.36,582.35,Calm,5.8,218,9.3
1785862920000,WIND-01,40078e96-523d-429e-87f4-2c6f571355de,958778.6,6010479.36,582.35,Calm,5.8,220,11.3
1785862980000,WIND-01,40078e96-523d-429e-87f4-2c6f571355de,958778.6,6010479.36,582.35,Calm,5.5,217,9.6
1785863040000,WIND-01,40078e96-523d-429e-87f4-2c6f571355de,958778.6,6010479.36,582.35,Calm,5.4,215,10.1
1785863100000,WIND-01,40078e96-523d-429e-87f4-2c6f571355de,958778.6,6010479.36,582.35,Calm,5.6,213,11.2
1785863160000,WIND-01,40078e96-523d-429e-87f4-2c6f571355de,958778.6,6010479.36,582.35,Calm,5.9,216,11.8
1785863220000,WIND-01,40078e96-523d-429e-87f4-2c6f571355de,958778.6,6010479.36,582.35,Breeze,6.3,220,10
1785863280000,WIND-01,40078e96-523d-429e-87f4-2c6f571355de,958778.6,6010479.36,582.35,Breeze,6.4,215,11.3
1785863340000,WIND-01,40078e96-523d-429e-87f4-2c6f571355de,958778.6,6010479.36,582.35,Calm,5.7,210,11
1785863400000,WIND-01,40078e96-523d-429e-87f4-2c6f571355de,958778.6,6010479.36,582.35,Calm,5.8,208,9.5
1785863460000,WIND-01,40078e96-523d-429e-87f4-2c6f571355de,958778.6,6010479.36,582.35,Calm,5.2,207,8.9
1785863520000,WIND-01,40078e96-523d-429e-87f4-2c6f571355de,958778.6,6010479.36,582.35,Calm,5.6,206,10.5
1785863580000,WIND-01,40078e96-523d-429e-87f4-2c6f571355de,958778.6,6010479.36,582.35,Calm,5.9,210,11.1
1785863640000,WIND-01,40078e96-523d-429e-87f4-2c6f571355de,958778.6,6010479.36,582.35,Calm,5.4,214,9.7
1785863700000,WIND-01,40078e96-523d-429e-87f4-2c6f571355de,958778.6,6010479.36,582.35,Calm,5,211,9.3
1785863760000,WIND-01,40078e96-523d-429e-87f4-2c6f571355de,958778.6,6010479.36,582.35,Calm,5.2,216,9.2
1785863820000,WIND-01,40078e96-523d-429e-87f4-2c6f571355de,958778.6,6010479.36,582.35,Calm,4.9,217,9.1
1785863880000,WIND-01,40078e96-523d-429e-87f4-2c6f571355de,958778.6,6010479.36,582.35,Calm,5.3,223,8.8
1785863940000,WIND-01,40078e96-523d-429e-87f4-2c6f571355de,958778.6,6010479.36,582.35,Calm,5.7,224,11.3
1785864000000,WIND-01,40078e96-523d-429e-87f4-2c6f571355de,958778.6,6010479.36,582.35,Breeze,6.2,226,10.5
1785864060000,WIND-01,40078e96-523d-429e-87f4-2c6f571355de,958778.6,6010479.36,582.35,Breeze,6.3,232,9.8
1785864120000,WIND-01,40078e96-523d-429e-87f4-2c6f571355de,958778.6,6010479.36,582.35,Calm,5.7,235,9.2
1785864180000,WIND-01,40078e96-523d-429e-87f4-2c6f571355de,958778.6,6010479.36,582.35,Breeze,6.2,238,9.6
1785864240000,WIND-01,40078e96-523d-429e-87f4-2c6f571355de,958778.6,6010479.36,582.35,Breeze,6.1,235,11.9
1785864300000,WIND-01,40078e96-523d-429e-87f4-2c6f571355de,958778.6,6010479.36,582.35,Calm,5.7,237,10.4
1785864360000,WIND-01,40078e96-523d-429e-87f4-2c6f571355de,958778.6,6010479.36,582.35,Calm,5.7,240,10.6
1785864420000,WIND-01,40078e96-523d-429e-87f4-2c6f571355de,958778.6,6010479.36,582.35,Calm,5.9,240,10.9
1785864480000,WIND-01,40078e96-523d-429e-87f4-2c6f571355de,958778.6,6010479.36,582.35,Calm,5.6,242,11.2
1785864540000,WIND-01,40078e96-523d-429e-87f4-2c6f571355de,958778.6,6010479.36,582.35,Calm,5.1,237,8.1
1785864600000,WIND-01,40078e96-523d-429e-87f4-2c6f571355de,958778.6,6010479.36,582.35,Calm,4.9,242,7.4
1785864660000,WIND-01,40078e96-523d-429e-87f4-2c6f571355de,958778.6,6010479.36,582.35,Calm,4.5,245,7
1785864720000,WIND-01,40078e96-523d-429e-87f4-2c6f571355de,958778.6,6010479.36,582.35,Calm,4.6,242,9
1785864780000,WIND-01,40078e96-523d-429e-87f4-2c6f571355de,958778.6,6010479.36,582.35,Calm,4.2,238,7.6
1785864840000,WIND-01,40078e96-523d-429e-87f4-2c6f571355de,958778.6,6010479.36,582.35,Calm,4.8,241,8.7
1785864900000,WIND-01,40078e96-523d-429e-87f4-2c6f571355de,958778.6,6010479.36,582.35,Calm,4.6,240,7.8
1785864960000,WIND-01,40078e96-523d-429e-87f4-2c6f571355de,958778.6,6010479.36,582.35,Calm,5.1,243,9.8
1785865020000,WIND-01,40078e96-523d-429e-87f4-2c6f571355de,958778.6,6010479.36,582.35,Calm,4.6,247,7.3
1785865080000,WIND-01,40078e96-523d-429e-87f4-2c6f571355de,958778.6,6010479.36,582.35,Calm,4.4,245,6.7
1785865140000,WIND-01,40078e96-523d-429e-87f4-2c6f571355de,958778.6,6010479.36,582.35,Calm,4.8,251,8.4
1785865200000,WIND-01,40078e96-523d-429e-87f4-2c6f571355de,958778.6,6010479.36,582.35,Calm,4.6,245,8.2
1785865260000,WIND-01,40078e96-523d-429e-87f4-2c6f571355de,958778.6,6010479.36,582.35,Calm,4.4,248,7.7
1785865320000,WIND-01,40078e96-523d-429e-87f4-2c6f571355de,958778.6,6010479.36,582.35,Calm,4.9,248,9.5
1785865380000,WIND-01,40078e96-523d-429e-87f4-2c6f571355de,958778.6,6010479.36,582.35,Calm,5.3,252,8.4
1785865440000,WIND-01,40078e96-523d-429e-87f4-2c6f571355de,958778.6,6010479.36,582.35,Calm,4.8,255,8.5
1785865500000,WIND-01,40078e96-523d-429e-87f4-2c6f571355de,958778.6,6010479.36,582.35,Calm,4.8,251,7.3
1785865560000,WIND-01,40078e96-523d-429e-87f4-2c6f571355de,958778.6,6010479.36,582.35,Calm,4.4,247,7.7
1785865620000,WIND-01,40078e96-523d-429e-87f4-2c6f571355de,958778.6,6010479.36,582.35,Calm,4.5,251,7.1
1785865680000,WIND-01,40078e96-523d-429e-87f4-2c6f571355de,958778.6,6010479.36,582.35,Calm,4.5,253,8.8
1785865740000,WIND-01,40078e96-523d-429e-87f4-2c6f571355de,958778.6,6010479.36,582.35,Calm,4.2,252,6.8
1785865800000,WIND-01,40078e96-523d-429e-87f4-2c6f571355de,958778.6,6010479.36,582.35,Calm,4.3,248,8
1785865860000,WIND-01,40078e96-523d-429e-87f4-2c6f571355de,958778.6,6010479.36,582.35,Calm,4.9,244,8.7
1785865920000,WIND-01,40078e96-523d-429e-87f4-2c6f571355de,958778.6,6010479.36,582.35,Calm,4.8,241,8.6
1785865980000,WIND-01,40078e96-523d-429e-87f4-2c6f571355de,958778.6,6010479.36,582.35,Calm,4.9,236,8.6
1785866040000,WIND-01,40078e96-523d-429e-87f4-2c6f571355de,958778.6,6010479.36,582.35,Calm,5.4,232,8.3
1785866100000,WIND-01,40078e96-523d-429e-87f4-2c6f571355de,958778.6,6010479.36,582.35,Calm,5.3,234,8.2
1785866160000,WIND-01,40078e96-523d-429e-87f4-2c6f571355de,958778.6,6010479.36,582.35,Calm,5.7,239,9.1
1785866220000,WIND-01,40078e96-523d-429e-87f4-2c6f571355de,958778.6,6010479.36,582.35,Calm,5.8,244,11.2
1785866280000,WIND-01,40078e96-523d-429e-87f4-2c6f571355de,958778.6,6010479.36,582.35,Calm,5.9,245,10.8
1785866340000,WIND-01,40078e96-523d-429e-87f4-2c6f571355de,958778.6,6010479.36,582.35,Breeze,6.2,245,11.2
1785866400000,WIND-01,40078e96-523d-429e-87f4-2c6f571355de,958778.6,6010479.36,582.35,Breeze,6.4,245,11.3
1785866460000,WIND-01,40078e96-523d-429e-87f4-2c6f571355de,958778.6,6010479.36,582.35,Breeze,6.1,245,9.6
1785866520000,WIND-01,40078e96-523d-429e-87f4-2c6f571355de,958778.6,6010479.36,582.35,Calm,5.5,248,8.9
1785866580000,WIND-01,40078e96-523d-429e-87f4-2c6f571355de,958778.6,6010479.36,582.35,Calm,5.8,243,9.7
1785866640000,WIND-01,40078e96-523d-429e-87f4-2c6f571355de,958778.6,6010479.36,582.35,Calm,5.5,241,9.5
1785866700000,WIND-01,40078e96-523d-429e-87f4-2c6f571355de,958778.6,6010479.36,582.35,Calm,5.2,242,7.7
1785866760000,WIND-01,40078e96-523d-429e-87f4-2c6f571355de,958778.6,6010479.36,582.35,Calm,4.9,242,8.1
1785866820000,WIND-01,40078e96-523d-429e-87f4-2c6f571355de,958778.6,6010479.36,582.35,Calm,4.7,241,8.9
1785866880000,WIND-01,40078e96-523d-429e-87f4-2c6f571355de,958778.6,6010479.36,582.35,Calm,5.2,237,8
1785866940000,WIND-01,40078e96-523d-429e-87f4-2c6f571355de,958778.6,6010479.36,582.35,Calm,4.6,240,7.2
1785867000000,WIND-01,40078e96-523d-429e-87f4-2c6f571355de,958778.6,6010479.36,582.35,Calm,5.1,236,8.6
1785867060000,WIND-01,40078e96-523d-429e-87f4-2c6f571355de,958778.6,6010479.36,582.35,Calm,5,230,8.6
1785867120000,WIND-01,40078e96-523d-429e-87f4-2c6f571355de,958778.6,6010479.36,582.35,Calm,5,226,8.7
1785867180000,WIND-01,40078e96-523d-429e-87f4-2c6f571355de,958778.6,6010479.36,582.35,Calm,5.4,230,10.7
1785867240000,WIND-01,40078e96-523d-429e-87f4-2c6f571355de,958778.6,6010479.36,582.35,Calm,5.3,233,9
1785867300000,WIND-01,40078e96-523d-429e-87f4-2c6f571355de,958778.6,6010479.36,582.35,Calm,5.8,231,11.2
1785867360000,WIND-01,40078e96-523d-429e-87f4-2c6f571355de,958778.6,6010479.36,582.35,Calm,5.5,230,10
1785867420000,WIND-01,40078e96-523d-429e-87f4-2c6f571355de,958778.6,6010479.36,582.35,Calm,5.9,232,10.3
1785867480000,WIND-01,40078e96-523d-429e-87f4-2c6f571355de,958778.6,6010479.36,582.35,Calm,5.5,234,9.7
1785867540000,WIND-01,40078e96-523d-429e-87f4-2c6f571355de,958778.6,6010479.36,582.35,Calm,5.5,235,11
1785867600000,WIND-01,40078e96-523d-429e-87f4-2c6f571355de,958778.6,6010479.36,582.35,Calm,5.9,232,11
1785867660000,WIND-01,40078e96-523d-429e-87f4-2c6f571355de,958778.6,6010479.36,582.35,Calm,5.6,236,9.7
1785867720000,WIND-01,40078e96-523d-429e-87f4-2c6f571355de,958778.6,6010479.36,582.35,Calm,5.5,233,10.3
1785867780000,WIND-01,40078e96-523d-429e-87f4-2c6f571355de,958778.6,6010479.36,582.35,Calm,5.4,230,9.6
1785867840000,WIND-01,40078e96-523d-429e-87f4-2c6f571355de,958778.6,6010479.36,582.35,Calm,4.7,234,8.8
1785867900000,WIND-01,40078e96-523d-429e-87f4-2c6f571355de,958778.6,6010479.36,582.35,Calm,4.8,230,9.2
1785867960000,WIND-01,40078e96-523d-429e-87f4-2c6f571355de,958778.6,6010479.36,582.35,Calm,4.4,229,8
1785868020000,WIND-01,40078e96-523d-429e-87f4-2c6f571355de,958778.6,6010479.36,582.35,Calm,4,227,7.1
1785868080000,WIND-01,40078e96-523d-429e-87f4-2c6f571355de,958778.6,6010479.36,582.35,Calm,3.7,222,6.5
1785868140000,WIND-01,40078e96-523d-429e-87f4-2c6f571355de,958778.6,6010479.36,582.35,Calm,3.8,216,7.6
1785868200000,WIND-01,40078e96-523d-429e-87f4-2c6f571355de,958778.6,6010479.36,582.35,Calm,3.3,223,5.6
1785868260000,WIND-01,40078e96-523d-429e-87f4-2c6f571355de,958778.6,6010479.36,582.35,Calm,3.7,223,7.1
1785868320000,WIND-01,40078e96-523d-429e-87f4-2c6f571355de,958778.6,6010479.36,582.35,Calm,4.3,222,6.8
1785868380000,WIND-01,40078e96-523d-429e-87f4-2c6f571355de,958778.6,6010479.36,582.35,Calm,4.6,225,7.7
1785868440000,WIND-01,40078e96-523d-429e-87f4-2c6f571355de,958778.6,6010479.36,582.35,Calm,4.6,229,9.1
1785868500000,WIND-01,40078e96-523d-429e-87f4-2c6f571355de,958778.6,6010479.36,582.35,Calm,4,227,7.8
1785868560000,WIND-01,40078e96-523d-429e-87f4-2c6f571355de,958778.6,6010479.36,582.35,Calm,3.5,222,6.4
1785868620000,WIND-01,40078e96-523d-429e-87f4-2c6f571355de,958778.6,6010479.36,582.35,Calm,4,220,6.3
1785868680000,WIND-01,40078e96-523d-429e-87f4-2c6f571355de,958778.6,6010479.36,582.35,Calm,4.6,222,6.9
1785868740000,WIND-01,40078e96-523d-429e-87f4-2c6f571355de,958778.6,6010479.36,582.35,Calm,5,226,7.9
1785868800000,WIND-01,40078e96-523d-429e-87f4-2c6f571355de,958778.6,6010479.36,582.35,Calm,5.2,228,9.2
1785868860000,WIND-01,40078e96-523d-429e-87f4-2c6f571355de,958778.6,6010479.36,582.35,Calm,4.5,232,8.9
1785868920000,WIND-01,40078e96-523d-429e-87f4-2c6f571355de,958778.6,6010479.36,582.35,Calm,3.9,237,6.8
1785868980000,WIND-01,40078e96-523d-429e-87f4-2c6f571355de,958778.6,6010479.36,582.35,Calm,4.5,231,6.8
1785869040000,WIND-01,40078e96-523d-429e-87f4-2c6f571355de,958778.6,6010479.36,582.35,Calm,4.3,226,7.4
1785869100000,WIND-01,40078e96-523d-429e-87f4-2c6f571355de,958778.6,6010479.36,582.35,Calm,3.8,220,6.9
1785869160000,WIND-01,40078e96-523d-429e-87f4-2c6f571355de,958778.6,6010479.36,582.35,Calm,4.1,224,7.4
1785869220000,WIND-01,40078e96-523d-429e-87f4-2c6f571355de,958778.6,6010479.36,582.35,Calm,3.5,221,6.6
1785869280000,WIND-01,40078e96-523d-429e-87f4-2c6f571355de,958778.6,6010479.36,582.35,Calm,3.9,221,7.6
1785869340000,WIND-01,40078e96-523d-429e-87f4-2c6f571355de,958778.6,6010479.36,582.35,Calm,3.9,223,6.3
1785869400000,WIND-01,40078e96-523d-429e-87f4-2c6f571355de,958778.6,6010479.36,582.35,Calm,4.2,219,8.2
1785869460000,WIND-01,40078e96-523d-429e-87f4-2c6f571355de,958778.6,6010479.36,582.35,Calm,4.1,220,6.3
1785869520000,WIND-01,40078e96-523d-429e-87f4-2c6f571355de,958778.6,6010479.36,582.35,Calm,4.2,225,8.5
1785869580000,WIND-01,40078e96-523d-429e-87f4-2c6f571355de,958778.6,6010479.36,582.35,Calm,4,228,7.4
1785869640000,WIND-01,40078e96-523d-429e-87f4-2c6f571355de,958778.6,6010479.36,582.35,Calm,3.8,224,7.3
1785869700000,WIND-01,40078e96-523d-429e-87f4-2c6f571355de,958778.6,6010479.36,582.35,Calm,4.1,229,6.3
1785869760000,WIND-01,40078e96-523d-429e-87f4-2c6f571355de,958778.6,6010479.36,582.35,Calm,3.9,228,7.4
1785869820000,WIND-01,40078e96-523d-429e-87f4-2c6f571355de,958778.6,6010479.36,582.35,Calm,3.5,232,5.7
1785869880000,WIND-01,40078e96-523d-429e-87f4-2c6f571355de,958778.6,6010479.36,582.35,Calm,2.9,231,5
1785869940000,WIND-01,40078e96-523d-429e-87f4-2c6f571355de,958778.6,6010479.36,582.35,Calm,3.1,234,4.8
1785870000000,WIND-01,40078e96-523d-429e-87f4-2c6f571355de,958778.6,6010479.36,582.35,Calm,3.1,239,5
1785870060000,WIND-01,40078e96-523d-429e-87f4-2c6f571355de,958778.6,6010479.36,582.35,Calm,2.9,243,4.8
1785870120000,WIND-01,40078e96-523d-429e-87f4-2c6f571355de,958778.6,6010479.36,582.35,Calm,2.7,243,4.4
1785870180000,WIND-01,40078e96-523d-429e-87f4-2c6f571355de,958778.6,6010479.36,582.35,Calm,3.2,241,5.6
1785870240000,WIND-01,40078e96-523d-429e-87f4-2c6f571355de,958778.6,6010479.36,582.35,Calm,2.7,242,4.3
1785870300000,WIND-01,40078e96-523d-429e-87f4-2c6f571355de,958778.6,6010479.36,582.35,Calm,2.2,244,3.4
1785870360000,WIND-01,40078e96-523d-429e-87f4-2c6f571355de,958778.6,6010479.36,582.35,Calm,2.6,250,4
1785870420000,WIND-01,40078e96-523d-429e-87f4-2c6f571355de,958778.6,6010479.36,582.35,Calm,2.2,248,3.3
1785870480000,WIND-01,40078e96-523d-429e-87f4-2c6f571355de,958778.6,6010479.36,582.35,Calm,2.6,254,5.2
1785870540000,WIND-01,40078e96-523d-429e-87f4-2c6f571355de,958778.6,6010479.36,582.35,Calm,2.7,248,5.3
1785870600000,WIND-01,40078e96-523d-429e-87f4-2c6f571355de,958778.6,6010479.36,582.35,Calm,2.9,243,5.3
1785870660000,WIND-01,40078e96-523d-429e-87f4-2c6f571355de,958778.6,6010479.36,582.35,Calm,2.5,248,4.4
1785870720000,WIND-01,40078e96-523d-429e-87f4-2c6f571355de,958778.6,6010479.36,582.35,Calm,2.8,252,4.8
1785870780000,WIND-01,40078e96-523d-429e-87f4-2c6f571355de,958778.6,6010479.36,582.35,Calm,3,246,5.9
1785870840000,WIND-01,40078e96-523d-429e-87f4-2c6f571355de,958778.6,6010479.36,582.35,Calm,3.4,251,6.9
1785870900000,WIND-01,40078e96-523d-429e-87f4-2c6f571355de,958778.6,6010479.36,582.35,Calm,3.6,247,5.6
1785870960000,WIND-01,40078e96-523d-429e-87f4-2c6f571355de,958778.6,6010479.36,582.35,Calm,3.1,253,5
1785871020000,WIND-01,40078e96-523d-429e-87f4-2c6f571355de,958778.6,6010479.36,582.35,Calm,3.5,252,6.7
1785871080000,WIND-01,40078e96-523d-429e-87f4-2c6f571355de,958778.6,6010479.36,582.35,Calm,3.3,257,5
1785871140000,WIND-01,40078e96-523d-429e-87f4-2c6f571355de,958778.6,6010479.36,582.35,Calm,3.1,259,5.5
1785871200000,WIND-01,40078e96-523d-429e-87f4-2c6f571355de,958778.6,6010479.36,582.35,Calm,3.2,262,5.6
1785871260000,WIND-01,40078e96-523d-429e-87f4-2c6f571355de,958778.6,6010479.36,582.35,Calm,3.5,261,5.9
1785871320000,WIND-01,40078e96-523d-429e-87f4-2c6f571355de,958778.6,6010479.36,582.35,Calm,3.5,264,6.3
1785871380000,WIND-01,40078e96-523d-429e-87f4-2c6f571355de,958778.6,6010479.36,582.35,Calm,3.5,259,6.5
1785871440000,WIND-01,40078e96-523d-429e-87f4-2c6f571355de,958778.6,6010479.36,582.35,Calm,3,260,5.5
1785871500000,WIND-01,40078e96-523d-429e-87f4-2c6f571355de,958778.6,6010479.36,582.35,Calm,2.9,266,5.6
1785871560000,WIND-01,40078e96-523d-429e-87f4-2c6f571355de,958778.6,6010479.36,582.35,Calm,2.8,264,4.9
1785871620000,WIND-01,40078e96-523d-429e-87f4-2c6f571355de,958778.6,6010479.36,582.35,Calm,3.2,259,5.5
1785871680000,WIND-01,40078e96-523d-429e-87f4-2c6f571355de,958778.6,6010479.36,582.35,Calm,3.7,260,6.5
1785871740000,WIND-01,40078e96-523d-429e-87f4-2c6f571355de,958778.6,6010479.36,582.35,Calm,3.4,260,5.5
1785871800000,WIND-01,40078e96-523d-429e-87f4-2c6f571355de,958778.6,6010479.36,582.35,Calm,3.3,255,6.2
1785871860000,WIND-01,40078e96-523d-429e-87f4-2c6f571355de,958778.6,6010479.36,582.35,Calm,3.3,255,5.2
1785871920000,WIND-01,40078e96-523d-429e-87f4-2c6f571355de,958778.6,6010479.36,582.35,Calm,3.9,256,7.6
1785871980000,WIND-01,40078e96-523d-429e-87f4-2c6f571355de,958778.6,6010479.36,582.35,Calm,3.4,251,5.7
1785872040000,WIND-01,40078e96-523d-429e-87f4-2c6f571355de,958778.6,6010479.36,582.35,Calm,3.5,249,6.2
1785872100000,WIND-01,40078e96-523d-429e-87f4-2c6f571355de,958778.6,6010479.36,582.35,Calm,3.8,251,6.8
1785872160000,WIND-01,40078e96-523d-429e-87f4-2c6f571355de,958778.6,6010479.36,582.35,Calm,3.6,249,6.6
1785872220000,WIND-01,40078e96-523d-429e-87f4-2c6f571355de,958778.6,6010479.36,582.35,Calm,3.1,250,5.8
1785872280000,WIND-01,40078e96-523d-429e-87f4-2c6f571355de,958778.6,6010479.36,582.35,Calm,2.9,249,5.7
1785872340000,WIND-01,40078e96-523d-429e-87f4-2c6f571355de,958778.6,6010479.36,582.35,Calm,2.7,245,4.3
1785872400000,WIND-01,40078e96-523d-429e-87f4-2c6f571355de,958778.6,6010479.36,582.35,Calm,2.6,250,4.1
1785872460000,WIND-01,40078e96-523d-429e-87f4-2c6f571355de,958778.6,6010479.36,582.35,Calm,2.9,251,5.4
1785872520000,WIND-01,40078e96-523d-429e-87f4-2c6f571355de,958778.6,6010479.36,582.35,Calm,2.7,248,4.3
1785872580000,WIND-01,40078e96-523d-429e-87f4-2c6f571355de,958778.6,6010479.36,582.35,Calm,2.6,246,4.7
1785872640000,WIND-01,40078e96-523d-429e-87f4-2c6f571355de,958778.6,6010479.36,582.35,Calm,2.7,247,5.2
1785872700000,WIND-01,40078e96-523d-429e-87f4-2c6f571355de,958778.6,6010479.36,582.35,Calm,3.2,250,4.8
1785872760000,WIND-01,40078e96-523d-429e-87f4-2c6f571355de,958778.6,6010479.36,582.35,Calm,3.2,253,5.7
1785872820000,WIND-01,40078e96-523d-429e-87f4-2c6f571355de,958778.6,6010479.36,582.35,Calm,3.3,253,6
1785872880000,WIND-01,40078e96-523d-429e-87f4-2c6f571355de,958778.6,6010479.36,582.35,Calm,2.8,252,4.3
1785872940000,WIND-01,40078e96-523d-429e-87f4-2c6f571355de,958778.6,6010479.36,582.35,Calm,3.1,252,5.8
1785873000000,WIND-01,40078e96-523d-429e-87f4-2c6f571355de,958778.6,6010479.36,582.35,Calm,3.7,252,7.1
1785873060000,WIND-01,40078e96-523d-429e-87f4-2c6f571355de,958778.6,6010479.36,582.35,Calm,4,246,7.3
1785873120000,WIND-01,40078e96-523d-429e-87f4-2c6f571355de,958778.6,6010479.36,582.35,Calm,4.4,241,8.6
1785873180000,WIND-01,40078e96-523d-429e-87f4-2c6f571355de,958778.6,6010479.36,582.35,Calm,4.7,236,8.4
1785873240000,WIND-01,40078e96-523d-429e-87f4-2c6f571355de,958778.6,6010479.36,582.35,Calm,5,238,8.4
1785873300000,WIND-01,40078e96-523d-429e-87f4-2c6f571355de,958778.6,6010479.36,582.35,Calm,4.4,243,7.2
1785873360000,WIND-01,40078e96-523d-429e-87f4-2c6f571355de,958778.6,6010479.36,582.35,Calm,4.1,244,7.7
1785873420000,WIND-01,40078e96-523d-429e-87f4-2c6f571355de,958778.6,6010479.36,582.35,Calm,4.3,245,7.8
1785873480000,WIND-01,40078e96-523d-429e-87f4-2c6f571355de,958778.6,6010479.36,582.35,Calm,4.3,246,8.1
1785873540000,WIND-01,40078e96-523d-429e-87f4-2c6f571355de,958778.6,6010479.36,582.35,Calm,3.6,246,6.5
1785873600000,WIND-01,40078e96-523d-429e-87f4-2c6f571355de,958778.6,6010479.36,582.35,Calm,4.1,245,8.1
1785873660000,WIND-01,40078e96-523d-429e-87f4-2c6f571355de,958778.6,6010479.36,582.35,Calm,4.5,247,6.8
1785873720000,WIND-01,40078e96-523d-429e-87f4-2c6f571355de,958778.6,6010479.36,582.35,Calm,4.6,253,8.5
1785873780000,WIND-01,40078e96-523d-429e-87f4-2c6f571355de,958778.6,6010479.36,582.35,Calm,4.9,258,9.2
1785873840000,WIND-01,40078e96-523d-429e-87f4-2c6f571355de,958778.6,6010479.36,582.35,Calm,4.7,261,7.2
1785873900000,WIND-01,40078e96-523d-429e-87f4-2c6f571355de,958778.6,6010479.36,582.35,Calm,4.9,261,8.1
1785873960000,WIND-01,40078e96-523d-429e-87f4-2c6f571355de,958778.6,6010479.36,582.35,Calm,4.3,255,7.6
1785874020000,WIND-01,40078e96-523d-429e-87f4-2c6f571355de,958778.6,6010479.36,582.35,Calm,4.2,252,7.4
1785874080000,WIND-01,40078e96-523d-429e-87f4-2c6f571355de,958778.6,6010479.36,582.35,Calm,3.6,256,7.3
1785874140000,WIND-01,40078e96-523d-429e-87f4-2c6f571355de,958778.6,6010479.36,582.35,Calm,3.7,255,5.8
1785874200000,WIND-01,40078e96-523d-429e-87f4-2c6f571355de,958778.6,6010479.36,582.35,Calm,3.8,259,6.4
1785874260000,WIND-01,40078e96-523d-429e-87f4-2c6f571355de,958778.6,6010479.36,582.35,Calm,3.4,261,6.5
1785874320000,WIND-01,40078e96-523d-429e-87f4-2c6f571355de,958778.6,6010479.36,582.35,Calm,3.2,257,6.2
1785874380000,WIND-01,40078e96-523d-429e-87f4-2c6f571355de,958778.6,6010479.36,582.35,Calm,3.6,252,6.6
1785874440000,WIND-01,40078e96-523d-429e-87f4-2c6f571355de,958778.6,6010479.36,582.35,Calm,4,249,7.8
1785874500000,WIND-01,40078e96-523d-429e-87f4-2c6f571355de,958778.6,6010479.36,582.35,Calm,3.5,245,5.9
1785874560000,WIND-01,40078e96-523d-429e-87f4-2c6f571355de,958778.6,6010479.36,582.35,Calm,3.4,241,6
1785874620000,WIND-01,40078e96-523d-429e-87f4-2c6f571355de,958778.6,6010479.36,582.35,Calm,3.7,236,6.6
1785874680000,WIND-01,40078e96-523d-429e-87f4-2c6f571355de,958778.6,6010479.36,582.35,Calm,4.2,237,6.3
1785874740000,WIND-01,40078e96-523d-429e-87f4-2c6f571355de,958778.6,6010479.36,582.35,Calm,3.6,242,5.5
1785874800000,WIND-01,40078e96-523d-429e-87f4-2c6f571355de,958778.6,6010479.36,582.35,Calm,3.1,245,6
1785874860000,WIND-01,40078e96-523d-429e-87f4-2c6f571355de,958778.6,6010479.36,582.35,Calm,3.1,245,5.4
1785874920000,WIND-01,40078e96-523d-429e-87f4-2c6f571355de,958778.6,6010479.36,582.35,Calm,3,241,5.2
1785874980000,WIND-01,40078e96-523d-429e-87f4-2c6f571355de,958778.6,6010479.36,582.35,Calm,2.9,245,4.5
1785875040000,WIND-01,40078e96-523d-429e-87f4-2c6f571355de,958778.6,6010479.36,582.35,Calm,2.5,246,5.1
1785875100000,WIND-01,40078e96-523d-429e-87f4-2c6f571355de,958778.6,6010479.36,582.35,Calm,3.2,246,5.5
1785875160000,WIND-01,40078e96-523d-429e-87f4-2c6f571355de,958778.6,6010479.36,582.35,Calm,2.9,240,5.8
1785875220000,WIND-01,40078e96-523d-429e-87f4-2c6f571355de,958778.6,6010479.36,582.35,Calm,3.1,245,5.6
1785875280000,WIND-01,40078e96-523d-429e-87f4-2c6f571355de,958778.6,6010479.36,582.35,Calm,2.5,246,4.3
1785875340000,WIND-01,40078e96-523d-429e-87f4-2c6f571355de,958778.6,6010479.36,582.35,Calm,3.2,248,5.2
1785875400000,WIND-01,40078e96-523d-429e-87f4-2c6f571355de,958778.6,6010479.36,582.35,Calm,3.1,252,4.7
1785875460000,WIND-01,40078e96-523d-429e-87f4-2c6f571355de,958778.6,6010479.36,582.35,Calm,3.2,248,6.4
1785875520000,WIND-01,40078e96-523d-429e-87f4-2c6f571355de,958778.6,6010479.36,582.35,Calm,2.9,243,4.9
1785875580000,WIND-01,40078e96-523d-429e-87f4-2c6f571355de,958778.6,6010479.36,582.35,Calm,3.1,242,6
1785875640000,WIND-01,40078e96-523d-429e-87f4-2c6f571355de,958778.6,6010479.36,582.35,Calm,3.2,238,5.1
1785875700000,WIND-01,40078e96-523d-429e-87f4-2c6f571355de,958778.6,6010479.36,582.35,Calm,2.8,242,5.2
1785875760000,WIND-01,40078e96-523d-429e-87f4-2c6f571355de,958778.6,6010479.36,582.35,Calm,2.7,237,5.3
1785875820000,WIND-01,40078e96-523d-429e-87f4-2c6f571355de,958778.6,6010479.36,582.35,Calm,3.2,240,5.9
1785875880000,WIND-01,40078e96-523d-429e-87f4-2c6f571355de,958778.6,6010479.36,582.35,Calm,2.6,238,4
1785875940000,WIND-01,40078e96-523d-429e-87f4-2c6f571355de,958778.6,6010479.36,582.35,Calm,2.9,232,5.7
1785876000000,WIND-01,40078e96-523d-429e-87f4-2c6f571355de,958778.6,6010479.36,582.35,Calm,2.8,230,5.2
1785876060000,WIND-01,40078e96-523d-429e-87f4-2c6f571355de,958778.6,6010479.36,582.35,Calm,2.5,227,3.9
1785876120000,WIND-01,40078e96-523d-429e-87f4-2c6f571355de,958778.6,6010479.36,582.35,Calm,2,224,3.5
1785876180000,WIND-01,40078e96-523d-429e-87f4-2c6f571355de,958778.6,6010479.36,582.35,Calm,2.3,225,3.9
1785876240000,WIND-01,40078e96-523d-429e-87f4-2c6f571355de,958778.6,6010479.36,582.35,Calm,2.6,226,3.9
1785876300000,WIND-01,40078e96-523d-429e-87f4-2c6f571355de,958778.6,6010479.36,582.35,Calm,2.8,225,5.6
1785876360000,WIND-01,40078e96-523d-429e-87f4-2c6f571355de,958778.6,6010479.36,582.35,Calm,2.7,230,5.2
1785876420000,WIND-01,40078e96-523d-429e-87f4-2c6f571355de,958778.6,6010479.36,582.35,Calm,2.2,234,3.4
1785876480000,WIND-01,40078e96-523d-429e-87f4-2c6f571355de,958778.6,6010479.36,582.35,Calm,2.8,228,5.2
1785876540000,WIND-01,40078e96-523d-429e-87f4-2c6f571355de,958778.6,6010479.36,582.35,Calm,3.5,224,6
1785876600000,WIND-01,40078e96-523d-429e-87f4-2c6f571355de,958778.6,6010479.36,582.35,Calm,3.3,223,6.3
1785876660000,WIND-01,40078e96-523d-429e-87f4-2c6f571355de,958778.6,6010479.36,582.35,Calm,3.1,218,5.5
1785876720000,WIND-01,40078e96-523d-429e-87f4-2c6f571355de,958778.6,6010479.36,582.35,Calm,2.9,220,5.1
1785876780000,WIND-01,40078e96-523d-429e-87f4-2c6f571355de,958778.6,6010479.36,582.35,Calm,2.4,217,4.5
1785876840000,WIND-01,40078e96-523d-429e-87f4-2c6f571355de,958778.6,6010479.36,582.35,Calm,2.7,220,5.2
1785876900000,WIND-01,40078e96-523d-429e-87f4-2c6f571355de,958778.6,6010479.36,582.35,Calm,2.6,219,4.8
1785876960000,WIND-01,40078e96-523d-429e-87f4-2c6f571355de,958778.6,6010479.36,582.35,Calm,2.8,217,4.6
1785877020000,WIND-01,40078e96-523d-429e-87f4-2c6f571355de,958778.6,6010479.36,582.35,Calm,3.1,223,6.2
1785877080000,WIND-01,40078e96-523d-429e-87f4-2c6f571355de,958778.6,6010479.36,582.35,Calm,3.4,219,6
1785877140000,WIND-01,40078e96-523d-429e-87f4-2c6f571355de,958778.6,6010479.36,582.35,Calm,3,217,5.5
1785877200000,WIND-01,40078e96-523d-429e-87f4-2c6f571355de,958778.6,6010479.36,582.35,Calm,3.3,221,6.5
1785877260000,WIND-01,40078e96-523d-429e-87f4-2c6f571355de,958778.6,6010479.36,582.35,Calm,3.1,224,5.6
1785877320000,WIND-01,40078e96-523d-429e-87f4-2c6f571355de,958778.6,6010479.36,582.35,Calm,3.1,229,5.2
1785877380000,WIND-01,40078e96-523d-429e-87f4-2c6f571355de,958778.6,6010479.36,582.35,Calm,2.9,232,4.6
1785877440000,WIND-01,40078e96-523d-429e-87f4-2c6f571355de,958778.6,6010479.36,582.35,Calm,2.9,229,5.6
1785877500000,WIND-01,40078e96-523d-429e-87f4-2c6f571355de,958778.6,6010479.36,582.35,Calm,3,233,5.2
1785877560000,WIND-01,40078e96-523d-429e-87f4-2c6f571355de,958778.6,6010479.36,582.35,Calm,3.3,233,5.9
1785877620000,WIND-01,40078e96-523d-429e-87f4-2c6f571355de,958778.6,6010479.36,582.35,Calm,3.2,229,6.4
1785877680000,WIND-01,40078e96-523d-429e-87f4-2c6f571355de,958778.6,6010479.36,582.35,Calm,2.9,234,4.5
1785877740000,WIND-01,40078e96-523d-429e-87f4-2c6f571355de,958778.6,6010479.36,582.35,Calm,3.3,236,5.7
1785877800000,WIND-01,40078e96-523d-429e-87f4-2c6f571355de,958778.6,6010479.36,582.35,Calm,3.1,231,4.7
1785877860000,WIND-01,40078e96-523d-429e-87f4-2c6f571355de,958778.6,6010479.36,582.35,Calm,3.2,227,6
1785877920000,WIND-01,40078e96-523d-429e-87f4-2c6f571355de,958778.6,6010479.36,582.35,Calm,3.8,231,6.4
1785877980000,WIND-01,40078e96-523d-429e-87f4-2c6f571355de,958778.6,6010479.36,582.35,Calm,4.1,235,6.5
1785878040000,WIND-01,40078e96-523d-429e-87f4-2c6f571355de,958778.6,6010479.36,582.35,Calm,4.2,239,8.3
1785878100000,WIND-01,40078e96-523d-429e-87f4-2c6f571355de,958778.6,6010479.36,582.35,Calm,4.4,235,6.9
1785878160000,WIND-01,40078e96-523d-429e-87f4-2c6f571355de,958778.6,6010479.36,582.35,Calm,4.8,234,9.1
1785878220000,WIND-01,40078e96-523d-429e-87f4-2c6f571355de,958778.6,6010479.36,582.35,Calm,4.4,232,7.8
1785878280000,WIND-01,40078e96-523d-429e-87f4-2c6f571355de,958778.6,6010479.36,582.35,Calm,4.9,229,9.6
1785878340000,WIND-01,40078e96-523d-429e-87f4-2c6f571355de,958778.6,6010479.36,582.35,Calm,4.2,233,7.5
1785878400000,WIND-01,40078e96-523d-429e-87f4-2c6f571355de,958778.6,6010479.36,582.35,Calm,3.9,235,7.3
1785878460000,WIND-01,40078e96-523d-429e-87f4-2c6f571355de,958778.6,6010479.36,582.35,Calm,4.3,229,6.6
1785878520000,WIND-01,40078e96-523d-429e-87f4-2c6f571355de,958778.6,6010479.36,582.35,Calm,3.9,229,7.5
1785878580000,WIND-01,40078e96-523d-429e-87f4-2c6f571355de,958778.6,6010479.36,582.35,Calm,3.6,227,6.2
1785878640000,WIND-01,40078e96-523d-429e-87f4-2c6f571355de,958778.6,6010479.36,582.35,Calm,3.2,231,6
1785878700000,WIND-01,40078e96-523d-429e-87f4-2c6f571355de,958778.6,6010479.36,582.35,Calm,3.6,237,7
1785878760000,WIND-01,40078e96-523d-429e-87f4-2c6f571355de,958778.6,6010479.36,582.35,Calm,3.4,243,5.6
1785878820000,WIND-01,40078e96-523d-429e-87f4-2c6f571355de,958778.6,6010479.36,582.35,Calm,3.8,241,6.2
1785878880000,WIND-01,40078e96-523d-429e-87f4-2c6f571355de,958778.6,6010479.36,582.35,Calm,3.6,238,5.9
1785878940000,WIND-01,40078e96-523d-429e-87f4-2c6f571355de,958778.6,6010479.36,582.35,Calm,4,240,6.8
1785879000000,WIND-01,40078e96-523d-429e-87f4-2c6f571355de,958778.6,6010479.36,582.35,Calm,4,242,7.7
1785879060000,WIND-01,40078e96-523d-429e-87f4-2c6f571355de,958778.6,6010479.36,582.35,Calm,4,241,7.5
1785879120000,WIND-01,40078e96-523d-429e-87f4-2c6f571355de,958778.6,6010479.36,582.35,Calm,4,240,7.5
1785879180000,WIND-01,40078e96-523d-429e-87f4-2c6f571355de,958778.6,6010479.36,582.35,Calm,4.2,234,7.7
1785879240000,WIND-01,40078e96-523d-429e-87f4-2c6f571355de,958778.6,6010479.36,582.35,Calm,3.7,240,7.3
1785879300000,WIND-01,40078e96-523d-429e-87f4-2c6f571355de,958778.6,6010479.36,582.35,Calm,3.6,240,6.4
1785879360000,WIND-01,40078e96-523d-429e-87f4-2c6f571355de,958778.6,6010479.36,582.35,Calm,3.3,244,5.8
1785879420000,WIND-01,40078e96-523d-429e-87f4-2c6f571355de,958778.6,6010479.36,582.35,Calm,3.6,244,7
1785879480000,WIND-01,40078e96-523d-429e-87f4-2c6f571355de,958778.6,6010479.36,582.35,Calm,3.2,246,5.1
1785879540000,WIND-01,40078e96-523d-429e-87f4-2c6f571355de,958778.6,6010479.36,582.35,Calm,3,245,6
1785879600000,WIND-01,40078e96-523d-429e-87f4-2c6f571355de,958778.6,6010479.36,582.35,Calm,3.1,247,5.2
1785879660000,WIND-01,40078e96-523d-429e-87f4-2c6f571355de,958778.6,6010479.36,582.35,Calm,2.9,249,5
1785879720000,WIND-01,40078e96-523d-429e-87f4-2c6f571355de,958778.6,6010479.36,582.35,Calm,3.6,251,5.7
1785879780000,WIND-01,40078e96-523d-429e-87f4-2c6f571355de,958778.6,6010479.36,582.35,Calm,3.3,246,5.3
1785879840000,WIND-01,40078e96-523d-429e-87f4-2c6f571355de,958778.6,6010479.36,582.35,Calm,3.3,245,6.3
1785879900000,WIND-01,40078e96-523d-429e-87f4-2c6f571355de,958778.6,6010479.36,582.35,Calm,2.9,245,4.5
1785879960000,WIND-01,40078e96-523d-429e-87f4-2c6f571355de,958778.6,6010479.36,582.35,Calm,3.1,248,5.5
1785880020000,WIND-01,40078e96-523d-429e-87f4-2c6f571355de,958778.6,6010479.36,582.35,Calm,3.2,242,5.3
1785880080000,WIND-01,40078e96-523d-429e-87f4-2c6f571355de,958778.6,6010479.36,582.35,Calm,3.4,236,5.9
1785880140000,WIND-01,40078e96-523d-429e-87f4-2c6f571355de,958778.6,6010479.36,582.35,Calm,3.9,232,6.8
1785880200000,WIND-01,40078e96-523d-429e-87f4-2c6f571355de,958778.6,6010479.36,582.35,Calm,4,227,7.5
1785880260000,WIND-01,40078e96-523d-429e-87f4-2c6f571355de,958778.6,6010479.36,582.35,Calm,4.2,225,7
1785880320000,WIND-01,40078e96-523d-429e-87f4-2c6f571355de,958778.6,6010479.36,582.35,Calm,4.2,230,7.4
1785880380000,WIND-01,40078e96-523d-429e-87f4-2c6f571355de,958778.6,6010479.36,582.35,Calm,3.6,233,7.2
1785880440000,WIND-01,40078e96-523d-429e-87f4-2c6f571355de,958778.6,6010479.36,582.35,Calm,3.4,229,6.5
1785880500000,WIND-01,40078e96-523d-429e-87f4-2c6f571355de,958778.6,6010479.36,582.35,Calm,2.8,231,5.2
1785880560000,WIND-01,40078e96-523d-429e-87f4-2c6f571355de,958778.6,6010479.36,582.35,Calm,3.4,230,5.3
1785880620000,WIND-01,40078e96-523d-429e-87f4-2c6f571355de,958778.6,6010479.36,582.35,Calm,3.3,235,6.2
1785880680000,WIND-01,40078e96-523d-429e-87f4-2c6f571355de,958778.6,6010479.36,582.35,Calm,2.9,236,4.6
1785880740000,WIND-01,40078e96-523d-429e-87f4-2c6f571355de,958778.6,6010479.36,582.35,Calm,3.1,235,5.1
