Timestamp,SensorID,TrackID,Longitude,Latitude,DustCategory,PM10_ugm3
1785794400000,DUST-01,ad65284f-6a8b-444e-a5f7-d0dcf56b61f9,958916.57,6010442.53,Good,22
1785794400000,DUST-02,5c5c7940-d07e-4e92-8670-ac35e6a7e956,959034.8,6010464.7,Good,19
1785794460000,DUST-01,ad65284f-6a8b-444e-a5f7-d0dcf56b61f9,958916.57,6010442.53,Good,21
1785794460000,DUST-02,5c5c7940-d07e-4e92-8670-ac35e6a7e956,959034.8,6010464.7,Good,19
1785794520000,DUST-01,ad65284f-6a8b-444e-a5f7-d0dcf56b61f9,958916.57,6010442.53,Good,21
1785794520000,DUST-02,5c5c7940-d07e-4e92-8670-ac35e6a7e956,959034.8,6010464.7,Good,19
1785794580000,DUST-01,ad65284f-6a8b-444e-a5f7-d0dcf56b61f9,958916.57,6010442.53,Good,21
1785794580000,DUST-02,5c5c7940-d07e-4e92-8670-ac35e6a7e956,959034.8,6010464.7,Good,20
1785794640000,DUST-01,ad65284f-6a8b-444e-a5f7-d0dcf56b61f9,958916.57,6010442.53,Good,22
1785794640000,DUST-02,5c5c7940-d07e-4e92-8670-ac35e6a7e956,959034.8,6010464.7,Good,20
1785794700000,DUST-01,ad65284f-6a8b-444e-a5f7-d0dcf56b61f9,958916.57,6010442.53,Good,23
1785794700000,DUST-02,5c5c7940-d07e-4e92-8670-ac35e6a7e956,959034.8,6010464.7,Good,20
1785794760000,DUST-01,ad65284f-6a8b-444e-a5f7-d0dcf56b61f9,958916.57,6010442.53,Good,24
1785794760000,DUST-02,5c5c7940-d07e-4e92-8670-ac35e6a7e956,959034.8,6010464.7,Good,20
1785794820000,DUST-01,ad65284f-6a8b-444e-a5f7-d0dcf56b61f9,958916.57,6010442.53,Good,22
1785794820000,DUST-02,5c5c7940-d07e-4e92-8670-ac35e6a7e956,959034.8,6010464.7,Good,21
1785794880000,DUST-01,ad65284f-6a8b-444e-a5f7-d0dcf56b61f9,958916.57,6010442.53,Good,22
1785794880000,DUST-02,5c5c7940-d07e-4e92-8670-ac35e6a7e956,959034.8,6010464.7,Good,20
1785794940000,DUST-01,ad65284f-6a8b-444e-a5f7-d0dcf56b61f9,958916.57,6010442.53,Good,21
1785794940000,DUST-02,5c5c7940-d07e-4e92-8670-ac35e6a7e956,959034.8,6010464.7,Good,20
1785795000000,DUST-01,ad65284f-6a8b-444e-a5f7-d0dcf56b61f9,958916.57,6010442.53,Good,22
1785795000000,DUST-02,5c5c7940-d07e-4e92-8670-ac35e6a7e956,959034.8,6010464.7,Good,20
1785795060000,DUST-01,ad65284f-6a8b-444e-a5f7-d0dcf56b61f9,958916.57,6010442.53,Good,21
1785795060000,DUST-02,5c5c7940-d07e-4e92-8670-ac35e6a7e956,959034.8,6010464.7,Good,20
1785795120000,DUST-01,ad65284f-6a8b-444e-a5f7-d0dcf56b61f9,958916.57,6010442.53,Good,22
1785795120000,DUST-02,5c5c7940-d07e-4e92-8670-ac35e6a7e956,959034.8,6010464.7,Good,19
1785795180000,DUST-01,ad65284f-6a8b-444e-a5f7-d0dcf56b61f9,958916.57,6010442.53,Good,22
1785795180000,DUST-02,5c5c7940-d07e-4e92-8670-ac35e6a7e956,959034.8,6010464.7,Good,19
1785795240000,DUST-01,ad65284f-6a8b-444e-a5f7-d0dcf56b61f9,958916.57,6010442.53,Good,23
1785795240000,DUST-02,5c5c7940-d07e-4e92-8670-ac35e6a7e956,959034.8,6010464.7,Good,19
1785795300000,DUST-01,ad65284f-6a8b-444e-a5f7-d0dcf56b61f9,958916.57,6010442.53,Good,24
1785795300000,DUST-02,5c5c7940-d07e-4e92-8670-ac35e6a7e956,959034.8,6010464.7,Good,19
1785795360000,DUST-01,ad65284f-6a8b-444e-a5f7-d0dcf56b61f9,958916.57,6010442.53,Good,24
1785795360000,DUST-02,5c5c7940-d07e-4e92-8670-ac35e6a7e956,959034.8,6010464.7,Good,19
1785795420000,DUST-01,ad65284f-6a8b-444e-a5f7-d0dcf56b61f9,958916.57,6010442.53,Good,25
1785795420000,DUST-02,5c5c7940-d07e-4e92-8670-ac35e6a7e956,959034.8,6010464.7,Good,18
1785795480000,DUST-01,ad65284f-6a8b-444e-a5f7-d0dcf56b61f9,958916.57,6010442.53,Good,24
1785795480000,DUST-02,5c5c7940-d07e-4e92-8670-ac35e6a7e956,959034.8,6010464.7,Good,18
1785795540000,DUST-01,ad65284f-6a8b-444e-a5f7-d0dcf56b61f9,958916.57,6010442.53,Good,24
1785795540000,DUST-02,5c5c7940-d07e-4e92-8670-ac35e6a7e956,959034.8,6010464.7,Good,18
1785795600000,DUST-01,ad65284f-6a8b-444e-a5f7-d0dcf56b61f9,958916.57,6010442.53,Good,24
1785795600000,DUST-02,5c5c7940-d07e-4e92-8670-ac35e6a7e956,959034.8,6010464.7,Good,18
1785795660000,DUST-01,ad65284f-6a8b-444e-a5f7-d0dcf56b61f9,958916.57,6010442.53,Good,23
1785795660000,DUST-02,5c5c7940-d07e-4e92-8670-ac35e6a7e956,959034.8,6010464.7,Good,19
1785795720000,DUST-01,ad65284f-6a8b-444e-a5f7-d0dcf56b61f9,958916.57,6010442.53,Good,23
1785795720000,DUST-02,5c5c7940-d07e-4e92-8670-ac35e6a7e956,959034.8,6010464.7,Good,20
1785795780000,DUST-01,ad65284f-6a8b-444e-a5f7-d0dcf56b61f9,958916.57,6010442.53,Good,24
1785795780000,DUST-02,5c5c7940-d07e-4e92-8670-ac35e6a7e956,959034.8,6010464.7,Good,21
1785795840000,DUST-01,ad65284f-6a8b-444e-a5f7-d0dcf56b61f9,958916.57,6010442.53,Good,25
1785795840000,DUST-02,5c5c7940-d07e-4e92-8670-ac35e6a7e956,959034.8,6010464.7,Good,21
1785795900000,DUST-01,ad65284f-6a8b-444e-a5f7-d0dcf56b61f9,958916.57,6010442.53,Good,25
1785795900000,DUST-02,5c5c7940-d07e-4e92-8670-ac35e6a7e956,959034.8,6010464.7,Good,21
1785795960000,DUST-01,ad65284f-6a8b-444e-a5f7-d0dcf56b61f9,958916.57,6010442.53,Good,25
1785795960000,DUST-02,5c5c7940-d07e-4e92-8670-ac35e6a7e956,959034.8,6010464.7,Good,22
1785796020000,DUST-01,ad65284f-6a8b-444e-a5f7-d0dcf56b61f9,958916.57,6010442.53,Good,25
1785796020000,DUST-02,5c5c7940-d07e-4e92-8670-ac35e6a7e956,959034.8,6010464.7,Good,22
1785796080000,DUST-01,ad65284f-6a8b-444e-a5f7-d0dcf56b61f9,958916.57,6010442.53,Good,24
1785796080000,DUST-02,5c5c7940-d07e-4e92-8670-ac35e6a7e956,959034.8,6010464.7,Good,20
1785796140000,DUST-01,ad65284f-6a8b-444e-a5f7-d0dcf56b61f9,958916.57,6010442.53,Good,23
1785796140000,DUST-02,5c5c7940-d07e-4e92-8670-ac35e6a7e956,959034.8,6010464.7,Good,19
1785796200000,DUST-01,ad65284f-6a8b-444e-a5f7-d0dcf56b61f9,958916.57,6010442.53,Good,24
1785796200000,DUST-02,5c5c7940-d07e-4e92-8670-ac35e6a7e956,959034.8,6010464.7,Good,19
1785796260000,DUST-01,ad65284f-6a8b-444e-a5f7-d0dcf56b61f9,958916.57,6010442.53,Good,23
1785796260000,DUST-02,5c5c7940-d07e-4e92-8670-ac35e6a7e956,959034.8,6010464.7,Good,18
1785796320000,DUST-01,ad65284f-6a8b-444e-a5f7-d0dcf56b61f9,958916.57,6010442.53,Good,22
1785796320000,DUST-02,5c5c7940-d07e-4e92-8670-ac35e6a7e956,959034.8,6010464.7,Good,18
1785796380000,DUST-01,ad65284f-6a8b-444e-a5f7-d0dcf56b61f9,958916.57,6010442.53,Good,22
1785796380000,DUST-02,5c5c7940-d07e-4e92-8670-ac35e6a7e956,959034.8,6010464.7,Good,18
1785796440000,DUST-01,ad65284f-6a8b-444e-a5f7-d0dcf56b61f9,958916.57,6010442.53,Good,21
1785796440000,DUST-02,5c5c7940-d07e-4e92-8670-ac35e6a7e956,959034.8,6010464.7,Good,17
1785796500000,DUST-01,ad65284f-6a8b-444e-a5f7-d0dcf56b61f9,958916.57,6010442.53,Good,21
1785796500000,DUST-02,5c5c7940-d07e-4e92-8670-ac35e6a7e956,959034.8,6010464.7,Good,18
1785796560000,DUST-01,ad65284f-6a8b-444e-a5f7-d0dcf56b61f9,958916.57,6010442.53,Good,22
1785796560000,DUST-02,5c5c7940-d07e-4e92-8670-ac35e6a7e956,959034.8,6010464.7,Good,18
1785796620000,DUST-01,ad65284f-6a8b-444e-a5f7-d0dcf56b61f9,958916.57,6010442.53,Good,21
1785796620000,DUST-02,5c5c7940-d07e-4e92-8670-ac35e6a7e956,959034.8,6010464.7,Good,18
1785796680000,DUST-01,ad65284f-6a8b-444e-a5f7-d0dcf56b61f9,958916.57,6010442.53,Good,21
1785796680000,DUST-02,5c5c7940-d07e-4e92-8670-ac35e6a7e956,959034.8,6010464.7,Good,18
1785796740000,DUST-01,ad65284f-6a8b-444e-a5f7-d0dcf56b61f9,958916.57,6010442.53,Good,21
1785796740000,DUST-02,5c5c7940-d07e-4e92-8670-ac35e6a7e956,959034.8,6010464.7,Good,17
1785796800000,DUST-01,ad65284f-6a8b-444e-a5f7-d0dcf56b61f9,958916.57,6010442.53,Good,21
1785796800000,DUST-02,5c5c7940-d07e-4e92-8670-ac35e6a7e956,959034.8,6010464.7,Good,18
1785796860000,DUST-01,ad65284f-6a8b-444e-a5f7-d0dcf56b61f9,958916.57,6010442.53,Good,20
1785796860000,DUST-02,5c5c7940-d07e-4e92-8670-ac35e6a7e956,959034.8,6010464.7,Good,18
1785796920000,DUST-01,ad65284f-6a8b-444e-a5f7-d0dcf56b61f9,958916.57,6010442.53,Good,21
1785796920000,DUST-02,5c5c7940-d07e-4e92-8670-ac35e6a7e956,959034.8,6010464.7,Good,18
1785796980000,DUST-01,ad65284f-6a8b-444e-a5f7-d0dcf56b61f9,958916.57,6010442.53,Good,20
1785796980000,DUST-02,5c5c7940-d07e-4e92-8670-ac35e6a7e956,959034.8,6010464.7,Good,18
1785797040000,DUST-01,ad65284f-6a8b-444e-a5f7-d0dcf56b61f9,958916.57,6010442.53,Good,20
1785797040000,DUST-02,5c5c7940-d07e-4e92-8670-ac35e6a7e956,959034.8,6010464.7,Good,18
1785797100000,DUST-01,ad65284f-6a8b-444e-a5f7-d0dcf56b61f9,958916.57,6010442.53,Good,19
1785797100000,DUST-02,5c5c7940-d07e-4e92-8670-ac35e6a7e956,959034.8,6010464.7,Good,18
1785797160000,DUST-01,ad65284f-6a8b-444e-a5f7-d0dcf56b61f9,958916.57,6010442.53,Good,19
1785797160000,DUST-02,5c5c7940-d07e-4e92-8670-ac35e6a7e956,959034.8,6010464.7,Good,19
1785797220000,DUST-01,ad65284f-6a8b-444e-a5f7-d0dcf56b61f9,958916.57,6010442.53,Good,20
1785797220000,DUST-02,5c5c7940-d07e-4e92-8670-ac35e6a7e956,959034.8,6010464.7,Good,20
1785797280000,DUST-01,ad65284f-6a8b-444e-a5f7-d0dcf56b61f9,958916.57,6010442.53,Good,22
1785797280000,DUST-02,5c5c7940-d07e-4e92-8670-ac35e6a7e956,959034.8,6010464.7,Good,18
1785797340000,DUST-01,ad65284f-6a8b-444e-a5f7-d0dcf56b61f9,958916.57,6010442.53,Good,21
1785797340000,DUST-02,5c5c7940-d07e-4e92-8670-ac35e6a7e956,959034.8,6010464.7,Good,18
1785797400000,DUST-01,ad65284f-6a8b-444e-a5f7-d0dcf56b61f9,958916.57,6010442.53,Good,21
1785797400000,DUST-02,5c5c7940-d07e-4e92-8670-ac35e6a7e956,959034.8,6010464.7,Good,18
1785797460000,DUST-01,ad65284f-6a8b-444e-a5f7-d0dcf56b61f9,958916.57,6010442.53,Good,21
1785797460000,DUST-02,5c5c7940-d07e-4e92-8670-ac35e6a7e956,959034.8,6010464.7,Good,19
1785797520000,DUST-01,ad65284f-6a8b-444e-a5f7-d0dcf56b61f9,958916.57,6010442.53,Good,21
1785797520000,DUST-02,5c5c7940-d07e-4e92-8670-ac35e6a7e956,959034.8,6010464.7,Good,20
1785797580000,DUST-01,ad65284f-6a8b-444e-a5f7-d0dcf56b61f9,958916.57,6010442.53,Good,21
1785797580000,DUST-02,5c5c7940-d07e-4e92-8670-ac35e6a7e956,959034.8,6010464.7,Good,21
1785797640000,DUST-01,ad65284f-6a8b-444e-a5f7-d0dcf56b61f9,958916.57,6010442.53,Good,21
1785797640000,DUST-02,5c5c7940-d07e-4e92-8670-ac35e6a7e956,959034.8,6010464.7,Good,19
1785797700000,DUST-01,ad65284f-6a8b-444e-a5f7-d0dcf56b61f9,958916.57,6010442.53,Good,21
1785797700000,DUST-02,5c5c7940-d07e-4e92-8670-ac35e6a7e956,959034.8,6010464.7,Good,20
1785797760000,DUST-01,ad65284f-6a8b-444e-a5f7-d0dcf56b61f9,958916.57,6010442.53,Good,21
1785797760000,DUST-02,5c5c7940-d07e-4e92-8670-ac35e6a7e956,959034.8,6010464.7,Good,21
1785797820000,DUST-01,ad65284f-6a8b-444e-a5f7-d0dcf56b61f9,958916.57,6010442.53,Good,20
1785797820000,DUST-02,5c5c7940-d07e-4e92-8670-ac35e6a7e956,959034.8,6010464.7,Good,20
1785797880000,DUST-01,ad65284f-6a8b-444e-a5f7-d0dcf56b61f9,958916.57,6010442.53,Good,19
1785797880000,DUST-02,5c5c7940-d07e-4e92-8670-ac35e6a7e956,959034.8,6010464.7,Good,20
1785797940000,DUST-01,ad65284f-6a8b-444e-a5f7-d0dcf56b61f9,958916.57,6010442.53,Good,20
1785797940000,DUST-02,5c5c7940-d07e-4e92-8670-ac35e6a7e956,959034.8,6010464.7,Good,21
1785798000000,DUST-01,ad65284f-6a8b-444e-a5f7-d0dcf56b61f9,958916.57,6010442.53,Good,20
1785798000000,DUST-02,5c5c7940-d07e-4e92-8670-ac35e6a7e956,959034.8,6010464.7,Good,21
1785798060000,DUST-01,ad65284f-6a8b-444e-a5f7-d0dcf56b61f9,958916.57,6010442.53,Good,20
1785798060000,DUST-02,5c5c7940-d07e-4e92-8670-ac35e6a7e956,959034.8,6010464.7,Good,21
1785798120000,DUST-01,ad65284f-6a8b-444e-a5f7-d0dcf56b61f9,958916.57,6010442.53,Good,20
1785798120000,DUST-02,5c5c7940-d07e-4e92-8670-ac35e6a7e956,959034.8,6010464.7,Good,20
1785798180000,DUST-01,ad65284f-6a8b-444e-a5f7-d0dcf56b61f9,958916.57,6010442.53,Good,20
1785798180000,DUST-02,5c5c7940-d07e-4e92-8670-ac35e6a7e956,959034.8,6010464.7,Good,19
1785798240000,DUST-01,ad65284f-6a8b-444e-a5f7-d0dcf56b61f9,958916.57,6010442.53,Good,20
1785798240000,DUST-02,5c5c7940-d07e-4e92-8670-ac35e6a7e956,959034.8,6010464.7,Good,19
1785798300000,DUST-01,ad65284f-6a8b-444e-a5f7-d0dcf56b61f9,958916.57,6010442.53,Good,21
1785798300000,DUST-02,5c5c7940-d07e-4e92-8670-ac35e6a7e956,959034.8,6010464.7,Good,19
1785798360000,DUST-01,ad65284f-6a8b-444e-a5f7-d0dcf56b61f9,958916.57,6010442.53,Good,22
1785798360000,DUST-02,5c5c7940-d07e-4e92-8670-ac35e6a7e956,959034.8,6010464.7,Good,18
1785798420000,DUST-01,ad65284f-6a8b-444e-a5f7-d0dcf56b61f9,958916.57,6010442.53,Good,23
1785798420000,DUST-02,5c5c7940-d07e-4e92-8670-ac35e6a7e956,959034.8,6010464.7,Good,18
1785798480000,DUST-01,ad65284f-6a8b-444e-a5f7-d0dcf56b61f9,958916.57,6010442.53,Good,23
1785798480000,DUST-02,5c5c7940-d07e-4e92-8670-ac35e6a7e956,959034.8,6010464.7,Good,17
1785798540000,DUST-01,ad65284f-6a8b-444e-a5f7-d0dcf56b61f9,958916.57,6010442.53,Good,22
1785798540000,DUST-02,5c5c7940-d07e-4e92-8670-ac35e6a7e956,959034.8,6010464.7,Good,19
1785798600000,DUST-01,ad65284f-6a8b-444e-a5f7-d0dcf56b61f9,958916.57,6010442.53,Good,23
1785798600000,DUST-02,5c5c7940-d07e-4e92-8670-ac35e6a7e956,959034.8,6010464.7,Good,19
1785798660000,DUST-01,ad65284f-6a8b-444e-a5f7-d0dcf56b61f9,958916.57,6010442.53,Good,24
1785798660000,DUST-02,5c5c7940-d07e-4e92-8670-ac35e6a7e956,959034.8,6010464.7,Good,18
1785798720000,DUST-01,ad65284f-6a8b-444e-a5f7-d0dcf56b61f9,958916.57,6010442.53,Good,22
1785798720000,DUST-02,5c5c7940-d07e-4e92-8670-ac35e6a7e956,959034.8,6010464.7,Good,19
1785798780000,DUST-01,ad65284f-6a8b-444e-a5f7-d0dcf56b61f9,958916.57,6010442.53,Good,22
1785798780000,DUST-02,5c5c7940-d07e-4e92-8670-ac35e6a7e956,959034.8,6010464.7,Good,19
1785798840000,DUST-01,ad65284f-6a8b-444e-a5f7-d0dcf56b61f9,958916.57,6010442.53,Good,23
1785798840000,DUST-02,5c5c7940-d07e-4e92-8670-ac35e6a7e956,959034.8,6010464.7,Good,18
1785798900000,DUST-01,ad65284f-6a8b-444e-a5f7-d0dcf56b61f9,958916.57,6010442.53,Good,23
1785798900000,DUST-02,5c5c7940-d07e-4e92-8670-ac35e6a7e956,959034.8,6010464.7,Good,18
1785798960000,DUST-01,ad65284f-6a8b-444e-a5f7-d0dcf56b61f9,958916.57,6010442.53,Good,24
1785798960000,DUST-02,5c5c7940-d07e-4e92-8670-ac35e6a7e956,959034.8,6010464.7,Good,18
1785799020000,DUST-01,ad65284f-6a8b-444e-a5f7-d0dcf56b61f9,958916.57,6010442.53,Good,24
1785799020000,DUST-02,5c5c7940-d07e-4e92-8670-ac35e6a7e956,959034.8,6010464.7,Good,19
1785799080000,DUST-01,ad65284f-6a8b-444e-a5f7-d0dcf56b61f9,958916.57,6010442.53,Good,23
1785799080000,DUST-02,5c5c7940-d07e-4e92-8670-ac35e6a7e956,959034.8,6010464.7,Good,20
1785799140000,DUST-01,ad65284f-6a8b-444e-a5f7-d0dcf56b61f9,958916.57,6010442.53,Good,24
1785799140000,DUST-02,5c5c7940-d07e-4e92-8670-ac35e6a7e956,959034.8,6010464.7,Good,19
1785799200000,DUST-01,ad65284f-6a8b-444e-a5f7-d0dcf56b61f9,958916.57,6010442.53,Good,22
1785799200000,DUST-02,5c5c7940-d07e-4e92-8670-ac35e6a7e956,959034.8,6010464.7,Good,20
1785799260000,DUST-01,ad65284f-6a8b-444e-a5f7-d0dcf56b61f9,958916.57,6010442.53,Good,22
1785799260000,DUST-02,5c5c7940-d07e-4e92-8670-ac35e6a7e956,959034.8,6010464.7,Good,19
1785799320000,DUST-01,ad65284f-6a8b-444e-a5f7-d0dcf56b61f9,958916.57,6010442.53,Good,21
1785799320000,DUST-02,5c5c7940-d07e-4e92-8670-ac35e6a7e956,959034.8,6010464.7,Good,18
1785799380000,DUST-01,ad65284f-6a8b-444e-a5f7-d0dcf56b61f9,958916.57,6010442.53,Good,22
1785799380000,DUST-02,5c5c7940-d07e-4e92-8670-ac35e6a7e956,959034.8,6010464.7,Good,18
1785799440000,DUST-01,ad65284f-6a8b-444e-a5f7-d0dcf56b61f9,958916.57,6010442.53,Good,21
1785799440000,DUST-02,5c5c7940-d07e-4e92-8670-ac35e6a7e956,959034.8,6010464.7,Good,18
1785799500000,DUST-01,ad65284f-6a8b-444e-a5f7-d0dcf56b61f9,958916.57,6010442.53,Good,21
1785799500000,DUST-02,5c5c7940-d07e-4e92-8670-ac35e6a7e956,959034.8,6010464.7,Good,18
1785799560000,DUST-01,ad65284f-6a8b-444e-a5f7-d0dcf56b61f9,958916.57,6010442.53,Good,20
1785799560000,DUST-02,5c5c7940-d07e-4e92-8670-ac35e6a7e956,959034.8,6010464.7,Good,20
1785799620000,DUST-01,ad65284f-6a8b-444e-a5f7-d0dcf56b61f9,958916.57,6010442.53,Good,21
1785799620000,DUST-02,5c5c7940-d07e-4e92-8670-ac35e6a7e956,959034.8,6010464.7,Good,19
1785799680000,DUST-01,ad65284f-6a8b-444e-a5f7-d0dcf56b61f9,958916.57,6010442.53,Good,22
1785799680000,DUST-02,5c5c7940-d07e-4e92-8670-ac35e6a7e956,959034.8,6010464.7,Good,20
1785799740000,DUST-01,ad65284f-6a8b-444e-a5f7-d0dcf56b61f9,958916.57,6010442.53,Good,21
1785799740000,DUST-02,5c5c7940-d07e-4e92-8670-ac35e6a7e956,959034.8,6010464.7,Good,20
1785799800000,DUST-01,ad65284f-6a8b-444e-a5f7-d0dcf56b61f9,958916.57,6010442.53,Good,22
1785799800000,DUST-02,5c5c7940-d07e-4e92-8670-ac35e6a7e956,959034.8,6010464.7,Good,20
1785799860000,DUST-01,ad65284f-6a8b-444e-a5f7-d0dcf56b61f9,958916.57,6010442.53,Good,21
1785799860000,DUST-02,5c5c7940-d07e-4e92-8670-ac35e6a7e956,959034.8,6010464.7,Good,21
1785799920000,DUST-01,ad65284f-6a8b-444e-a5f7-d0dcf56b61f9,958916.57,6010442.53,Good,22
1785799920000,DUST-02,5c5c7940-d07e-4e92-8670-ac35e6a7e956,959034.8,6010464.7,Good,21
1785799980000,DUST-01,ad65284f-6a8b-444e-a5f7-d0dcf56b61f9,958916.57,6010442.53,Good,21
1785799980000,DUST-02,5c5c7940-d07e-4e92-8670-ac35e6a7e956,959034.8,6010464.7,Good,22
1785800040000,DUST-01,ad65284f-6a8b-444e-a5f7-d0dcf56b61f9,958916.57,6010442.53,Good,21
1785800040000,DUST-02,5c5c7940-d07e-4e92-8670-ac35e6a7e956,959034.8,6010464.7,Good,22
1785800100000,DUST-01,ad65284f-6a8b-444e-a5f7-d0dcf56b61f9,958916.57,6010442.53,Good,20
1785800100000,DUST-02,5c5c7940-d07e-4e92-8670-ac35e6a7e956,959034.8,6010464.7,Good,22
1785800160000,DUST-01,ad65284f-6a8b-444e-a5f7-d0dcf56b61f9,958916.57,6010442.53,Good,21
1785800160000,DUST-02,5c5c7940-d07e-4e92-8670-ac35e6a7e956,959034.8,6010464.7,Good,22
1785800220000,DUST-01,ad65284f-6a8b-444e-a5f7-d0dcf56b61f9,958916.57,6010442.53,Good,21
1785800220000,DUST-02,5c5c7940-d07e-4e92-8670-ac35e6a7e956,959034.8,6010464.7,Good,21
1785800280000,DUST-01,ad65284f-6a8b-444e-a5f7-d0dcf56b61f9,958916.57,6010442.53,Good,21
1785800280000,DUST-02,5c5c7940-d07e-4e92-8670-ac35e6a7e956,959034.8,6010464.7,Good,20
1785800340000,DUST-01,ad65284f-6a8b-444e-a5f7-d0dcf56b61f9,958916.57,6010442.53,Good,22
1785800340000,DUST-02,5c5c7940-d07e-4e92-8670-ac35e6a7e956,959034.8,6010464.7,Good,20
1785800400000,DUST-01,ad65284f-6a8b-444e-a5f7-d0dcf56b61f9,958916.57,6010442.53,Good,21
1785800400000,DUST-02,5c5c7940-d07e-4e92-8670-ac35e6a7e956,959034.8,6010464.7,Good,20
1785800460000,DUST-01,ad65284f-6a8b-444e-a5f7-d0dcf56b61f9,958916.57,6010442.53,Good,23
1785800460000,DUST-02,5c5c7940-d07e-4e92-8670-ac35e6a7e956,959034.8,6010464.7,Good,20
1785800520000,DUST-01,ad65284f-6a8b-444e-a5f7-d0dcf56b61f9,958916.57,6010442.53,Good,22
1785800520000,DUST-02,5c5c7940-d07e-4e92-8670-ac35e6a7e956,959034.8,6010464.7,Good,21
1785800580000,DUST-01,ad65284f-6a8b-444e-a5f7-d0dcf56b61f9,958916.57,6010442.53,Good,22
1785800580000,DUST-02,5c5c7940-d07e-4e92-8670-ac35e6a7e956,959034.8,6010464.7,Good,21
1785800640000,DUST-01,ad65284f-6a8b-444e-a5f7-d0dcf56b61f9,958916.57,6010442.53,Good,23
1785800640000,DUST-02,5c5c7940-d07e-4e92-8670-ac35e6a7e956,959034.8,6010464.7,Good,22
1785800700000,DUST-01,ad65284f-6a8b-444e-a5f7-d0dcf56b61f9,958916.57,6010442.53,Good,23
1785800700000,DUST-02,5c5c7940-d07e-4e92-8670-ac35e6a7e956,959034.8,6010464.7,Good,21
1785800760000,DUST-01,ad65284f-6a8b-444e-a5f7-d0dcf56b61f9,958916.57,6010442.53,Good,23
1785800760000,DUST-02,5c5c7940-d07e-4e92-8670-ac35e6a7e956,959034.8,6010464.7,Good,21
1785800820000,DUST-01,ad65284f-6a8b-444e-a5f7-d0dcf56b61f9,958916.57,6010442.53,Good,24
1785800820000,DUST-02,5c5c7940-d07e-4e92-8670-ac35e6a7e956,959034.8,6010464.7,Good,20
1785800880000,DUST-01,ad65284f-6a8b-444e-a5f7-d0dcf56b61f9,958916.57,6010442.53,Good,23
1785800880000,DUST-02,5c5c7940-d07e-4e92-8670-ac35e6a7e956,959034.8,6010464.7,Good,19
1785800940000,DUST-01,ad65284f-6a8b-444e-a5f7-d0dcf56b61f9,958916.57,6010442.53,Good,22
1785800940000,DUST-02,5c5c7940-d07e-4e92-8670-ac35e6a7e956,959034.8,6010464.7,Good,19
1785801000000,DUST-01,ad65284f-6a8b-444e-a5f7-d0dcf56b61f9,958916.57,6010442.53,Good,22
1785801000000,DUST-02,5c5c7940-d07e-4e92-8670-ac35e6a7e956,959034.8,6010464.7,Good,18
1785801060000,DUST-01,ad65284f-6a8b-444e-a5f7-d0dcf56b61f9,958916.57,6010442.53,Good,23
1785801060000,DUST-02,5c5c7940-d07e-4e92-8670-ac35e6a7e956,959034.8,6010464.7,Good,17
1785801120000,DUST-01,ad65284f-6a8b-444e-a5f7-d0dcf56b61f9,958916.57,6010442.53,Good,23
1785801120000,DUST-02,5c5c7940-d07e-4e92-8670-ac35e6a7e956,959034.8,6010464.7,Good,17
1785801180000,DUST-01,ad65284f-6a8b-444e-a5f7-d0dcf56b61f9,958916.57,6010442.53,Good,22
1785801180000,DUST-02,5c5c7940-d07e-4e92-8670-ac35e6a7e956,959034.8,6010464.7,Good,17
1785801240000,DUST-01,ad65284f-6a8b-444e-a5f7-d0dcf56b61f9,958916.57,6010442.53,Good,21
1785801240000,DUST-02,5c5c7940-d07e-4e92-8670-ac35e6a7e956,959034.8,6010464.7,Good,18
1785801300000,DUST-01,ad65284f-6a8b-444e-a5f7-d0dcf56b61f9,958916.57,6010442.53,Good,20
1785801300000,DUST-02,5c5c7940-d07e-4e92-8670-ac35e6a7e956,959034.8,6010464.7,Good,18
1785801360000,DUST-01,ad65284f-6a8b-444e-a5f7-d0dcf56b61f9,958916.57,6010442.53,Good,21
1785801360000,DUST-02,5c5c7940-d07e-4e92-8670-ac35e6a7e956,959034.8,6010464.7,Good,17
1785801420000,DUST-01,ad65284f-6a8b-444e-a5f7-d0dcf56b61f9,958916.57,6010442.53,Good,21
1785801420000,DUST-02,5c5c7940-d07e-4e92-8670-ac35e6a7e956,959034.8,6010464.7,Good,18
1785801480000,DUST-01,ad65284f-6a8b-444e-a5f7-d0dcf56b61f9,958916.57,6010442.53,Good,21
1785801480000,DUST-02,5c5c7940-d07e-4e92-8670-ac35e6a7e956,959034.8,6010464.7,Good,18
1785801540000,DUST-01,ad65284f-6a8b-444e-a5f7-d0dcf56b61f9,958916.57,6010442.53,Good,22
1785801540000,DUST-02,5c5c7940-d07e-4e92-8670-ac35e6a7e956,959034.8,6010464.7,Good,18
1785801600000,DUST-01,ad65284f-6a8b-444e-a5f7-d0dcf56b61f9,958916.57,6010442.53,Good,22
1785801600000,DUST-02,5c5c7940-d07e-4e92-8670-ac35e6a7e956,959034.8,6010464.7,Good,19
1785801660000,DUST-01,ad65284f-6a8b-444e-a5f7-d0dcf56b61f9,958916.57,6010442.53,Good,22
1785801660000,DUST-02,5c5c7940-d07e-4e92-8670-ac35e6a7e956,959034.8,6010464.7,Good,19
1785801720000,DUST-01,ad65284f-6a8b-444e-a5f7-d0dcf56b61f9,958916.57,6010442.53,Good,22
1785801720000,DUST-02,5c5c7940-d07e-4e92-8670-ac35e6a7e956,959034.8,6010464.7,Good,19
1785801780000,DUST-01,ad65284f-6a8b-444e-a5f7-d0dcf56b61f9,958916.57,6010442.53,Good,23
1785801780000,DUST-02,5c5c7940-d07e-4e92-8670-ac35e6a7e956,959034.8,6010464.7,Good,20
1785801840000,DUST-01,ad65284f-6a8b-444e-a5f7-d0dcf56b61f9,958916.57,6010442.53,Good,22
1785801840000,DUST-02,5c5c7940-d07e-4e92-8670-ac35e6a7e956,959034.8,6010464.7,Good,21
1785801900000,DUST-01,ad65284f-6a8b-444e-a5f7-d0dcf56b61f9,958916.57,6010442.53,Good,21
1785801900000,DUST-02,5c5c7940-d07e-4e92-8670-ac35e6a7e956,959034.8,6010464.7,Good,21
1785801960000,DUST-01,ad65284f-6a8b-444e-a5f7-d0dcf56b61f9,958916.57,6010442.53,Good,21
1785801960000,DUST-02,5c5c7940-d07e-4e92-8670-ac35e6a7e956,959034.8,6010464.7,Good,21
1785802020000,DUST-01,ad65284f-6a8b-444e-a5f7-d0dcf56b61f9,958916.57,6010442.53,Good,22
1785802020000,DUST-02,5c5c7940-d07e-4e92-8670-ac35e6a7e956,959034.8,6010464.7,Good,21
1785802080000,DUST-01,ad65284f-6a8b-444e-a5f7-d0dcf56b61f9,958916.57,6010442.53,Good,22
1785802080000,DUST-02,5c5c7940-d07e-4e92-8670-ac35e6a7e956,959034.8,6010464.7,Good,22
1785802140000,DUST-01,ad65284f-6a8b-444e-a5f7-d0dcf56b61f9,958916.57,6010442.53,Good,21
1785802140000,DUST-02,5c5c7940-d07e-4e92-8670-ac35e6a7e956,959034.8,6010464.7,Good,21
1785802200000,DUST-01,ad65284f-6a8b-444e-a5f7-d0dcf56b61f9,958916.57,6010442.53,Good,20
1785802200000,DUST-02,5c5c7940-d07e-4e92-8670-ac35e6a7e956,959034.8,6010464.7,Good,21
1785802260000,DUST-01,ad65284f-6a8b-444e-a5f7-d0dcf56b61f9,958916.57,6010442.53,Good,21
1785802260000,DUST-02,5c5c7940-d07e-4e92-8670-ac35e6a7e956,959034.8,6010464.7,Good,21
1785802320000,DUST-01,ad65284f-6a8b-444e-a5f7-d0dcf56b61f9,958916.57,6010442.53,Good,22
1785802320000,DUST-02,5c5c7940-d07e-4e92-8670-ac35e6a7e956,959034.8,6010464.7,Good,20
1785802380000,DUST-01,ad65284f-6a8b-444e-a5f7-d0dcf56b61f9,958916.57,6010442.53,Good,21
1785802380000,DUST-02,5c5c7940-d07e-4e92-8670-ac35e6a7e956,959034.8,6010464.7,Good,18
1785802440000,DUST-01,ad65284f-6a8b-444e-a5f7-d0dcf56b61f9,958916.57,6010442.53,Good,23
1785802440000,DUST-02,5c5c7940-d07e-4e92-8670-ac35e6a7e956,959034.8,6010464.7,Good,18
1785802500000,DUST-01,ad65284f-6a8b-444e-a5f7-d0dcf56b61f9,958916.57,6010442.53,Good,23
1785802500000,DUST-02,5c5c7940-d07e-4e92-8670-ac35e6a7e956,959034.8,6010464.7,Good,17
1785802560000,DUST-01,ad65284f-6a8b-444e-a5f7-d0dcf56b61f9,958916.57,6010442.53,Good,22
1785802560000,DUST-02,5c5c7940-d07e-4e92-8670-ac35e6a7e956,959034.8,6010464.7,Good,18
1785802620000,DUST-01,ad65284f-6a8b-444e-a5f7-d0dcf56b61f9,958916.57,6010442.53,Good,22
1785802620000,DUST-02,5c5c7940-d07e-4e92-8670-ac35e6a7e956,959034.8,6010464.7,Good,19
1785802680000,DUST-01,ad65284f-6a8b-444e-a5f7-d0dcf56b61f9,958916.57,6010442.53,Good,22
1785802680000,DUST-02,5c5c7940-d07e-4e92-8670-ac35e6a7e956,959034.8,6010464.7,Good,19
1785802740000,DUST-01,ad65284f-6a8b-444e-a5f7-d0dcf56b61f9,958916.57,6010442.53,Good,22
1785802740000,DUST-02,5c5c7940-d07e-4e92-8670-ac35e6a7e956,959034.8,6010464.7,Good,18
1785802800000,DUST-01,ad65284f-6a8b-444e-a5f7-d0dcf56b61f9,958916.57,6010442.53,Good,21
1785802800000,DUST-02,5c5c7940-d07e-4e92-8670-ac35e6a7e956,959034.8,6010464.7,Good,18
1785802860000,DUST-01,ad65284f-6a8b-444e-a5f7-d0dcf56b61f9,958916.57,6010442.53,Good,20
1785802860000,DUST-02,5c5c7940-d07e-4e92-8670-ac35e6a7e956,959034.8,6010464.7,Good,19
1785802920000,DUST-01,ad65284f-6a8b-444e-a5f7-d0dcf56b61f9,958916.57,6010442.53,Good,21
1785802920000,DUST-02,5c5c7940-d07e-4e92-8670-ac35e6a7e956,959034.8,6010464.7,Good,20
1785802980000,DUST-01,ad65284f-6a8b-444e-a5f7-d0dcf56b61f9,958916.57,6010442.53,Good,22
1785802980000,DUST-02,5c5c7940-d07e-4e92-8670-ac35e6a7e956,959034.8,6010464.7,Good,20
1785803040000,DUST-01,ad65284f-6a8b-444e-a5f7-d0dcf56b61f9,958916.57,6010442.53,Good,23
1785803040000,DUST-02,5c5c7940-d07e-4e92-8670-ac35e6a7e956,959034.8,6010464.7,Good,19
1785803100000,DUST-01,ad65284f-6a8b-444e-a5f7-d0dcf56b61f9,958916.57,6010442.53,Good,22
1785803100000,DUST-02,5c5c7940-d07e-4e92-8670-ac35e6a7e956,959034.8,6010464.7,Good,20
1785803160000,DUST-01,ad65284f-6a8b-444e-a5f7-d0dcf56b61f9,958916.57,6010442.53,Good,22
1785803160000,DUST-02,5c5c7940-d07e-4e92-8670-ac35e6a7e956,959034.8,6010464.7,Good,20
1785803220000,DUST-01,ad65284f-6a8b-444e-a5f7-d0dcf56b61f9,958916.57,6010442.53,Good,23
1785803220000,DUST-02,5c5c7940-d07e-4e92-8670-ac35e6a7e956,959034.8,6010464.7,Good,20
1785803280000,DUST-01,ad65284f-6a8b-444e-a5f7-d0dcf56b61f9,958916.57,6010442.53,Good,22
1785803280000,DUST-02,5c5c7940-d07e-4e92-8670-ac35e6a7e956,959034.8,6010464.7,Good,19
1785803340000,DUST-01,ad65284f-6a8b-444e-a5f7-d0dcf56b61f9,958916.57,6010442.53,Good,22
1785803340000,DUST-02,5c5c7940-d07e-4e92-8670-ac35e6a7e956,959034.8,6010464.7,Good,19
1785803400000,DUST-01,ad65284f-6a8b-444e-a5f7-d0dcf56b61f9,958916.57,6010442.53,Good,22
1785803400000,DUST-02,5c5c7940-d07e-4e92-8670-ac35e6a7e956,959034.8,6010464.7,Good,20
1785803460000,DUST-01,ad65284f-6a8b-444e-a5f7-d0dcf56b61f9,958916.57,6010442.53,Good,21
1785803460000,DUST-02,5c5c7940-d07e-4e92-8670-ac35e6a7e956,959034.8,6010464.7,Good,20
1785803520000,DUST-01,ad65284f-6a8b-444e-a5f7-d0dcf56b61f9,958916.57,6010442.53,Good,22
1785803520000,DUST-02,5c5c7940-d07e-4e92-8670-ac35e6a7e956,959034.8,6010464.7,Good,19
1785803580000,DUST-01,ad65284f-6a8b-444e-a5f7-d0dcf56b61f9,958916.57,6010442.53,Good,21
1785803580000,DUST-02,5c5c7940-d07e-4e92-8670-ac35e6a7e956,959034.8,6010464.7,Good,18
1785803640000,DUST-01,ad65284f-6a8b-444e-a5f7-d0dcf56b61f9,958916.57,6010442.53,Good,20
1785803640000,DUST-02,5c5c7940-d07e-4e92-8670-ac35e6a7e956,959034.8,6010464.7,Good,18
1785803700000,DUST-01,ad65284f-6a8b-444e-a5f7-d0dcf56b61f9,958916.57,6010442.53,Good,20
1785803700000,DUST-02,5c5c7940-d07e-4e92-8670-ac35e6a7e956,959034.8,6010464.7,Good,19
1785803760000,DUST-01,ad65284f-6a8b-444e-a5f7-d0dcf56b61f9,958916.57,6010442.53,Good,19
1785803760000,DUST-02,5c5c7940-d07e-4e92-8670-ac35e6a7e956,959034.8,6010464.7,Good,20
1785803820000,DUST-01,ad65284f-6a8b-444e-a5f7-d0dcf56b61f9,958916.57,6010442.53,Good,19
1785803820000,DUST-02,5c5c7940-d07e-4e92-8670-ac35e6a7e956,959034.8,6010464.7,Good,21
1785803880000,DUST-01,ad65284f-6a8b-444e-a5f7-d0dcf56b61f9,958916.57,6010442.53,Good,19
1785803880000,DUST-02,5c5c7940-d07e-4e92-8670-ac35e6a7e956,959034.8,6010464.7,Good,22
1785803940000,DUST-01,ad65284f-6a8b-444e-a5f7-d0dcf56b61f9,958916.57,6010442.53,Good,19
1785803940000,DUST-02,5c5c7940-d07e-4e92-8670-ac35e6a7e956,959034.8,6010464.7,Good,21
1785804000000,DUST-01,ad65284f-6a8b-444e-a5f7-d0dcf56b61f9,958916.57,6010442.53,Good,20
1785804000000,DUST-02,5c5c7940-d07e-4e92-8670-ac35e6a7e956,959034.8,6010464.7,Good,20
1785804060000,DUST-01,ad65284f-6a8b-444e-a5f7-d0dcf56b61f9,958916.57,6010442.53,Good,19
1785804060000,DUST-02,5c5c7940-d07e-4e92-8670-ac35e6a7e956,959034.8,6010464.7,Good,21
1785804120000,DUST-01,ad65284f-6a8b-444e-a5f7-d0dcf56b61f9,958916.57,6010442.53,Good,20
1785804120000,DUST-02,5c5c7940-d07e-4e92-8670-ac35e6a7e956,959034.8,6010464.7,Good,21
1785804180000,DUST-01,ad65284f-6a8b-444e-a5f7-d0dcf56b61f9,958916.57,6010442.53,Good,20
1785804180000,DUST-02,5c5c7940-d07e-4e92-8670-ac35e6a7e956,959034.8,6010464.7,Good,20
1785804240000,DUST-01,ad65284f-6a8b-444e-a5f7-d0dcf56b61f9,958916.57,6010442.53,Good,19
1785804240000,DUST-02,5c5c7940-d07e-4e92-8670-ac35e6a7e956,959034.8,6010464.7,Good,19
1785804300000,DUST-01,ad65284f-6a8b-444e-a5f7-d0dcf56b61f9,958916.57,6010442.53,Good,19
1785804300000,DUST-02,5c5c7940-d07e-4e92-8670-ac35e6a7e956,959034.8,6010464.7,Good,19
1785804360000,DUST-01,ad65284f-6a8b-444e-a5f7-d0dcf56b61f9,958916.57,6010442.53,Good,19
1785804360000,DUST-02,5c5c7940-d07e-4e92-8670-ac35e6a7e956,959034.8,6010464.7,Good,18
1785804420000,DUST-01,ad65284f-6a8b-444e-a5f7-d0dcf56b61f9,958916.57,6010442.53,Good,19
1785804420000,DUST-02,5c5c7940-d07e-4e92-8670-ac35e6a7e956,959034.8,6010464.7,Good,17
1785804480000,DUST-01,ad65284f-6a8b-444e-a5f7-d0dcf56b61f9,958916.57,6010442.53,Good,20
1785804480000,DUST-02,5c5c7940-d07e-4e92-8670-ac35e6a7e956,959034.8,6010464.7,Good,18
1785804540000,DUST-01,ad65284f-6a8b-444e-a5f7-d0dcf56b61f9,958916.57,6010442.53,Good,19
1785804540000,DUST-02,5c5c7940-d07e-4e92-8670-ac35e6a7e956,959034.8,6010464.7,Good,19
1785804600000,DUST-01,ad65284f-6a8b-444e-a5f7-d0dcf56b61f9,958916.57,6010442.53,Good,20
1785804600000,DUST-02,5c5c7940-d07e-4e92-8670-ac35e6a7e956,959034.8,6010464.7,Good,20
1785804660000,DUST-01,ad65284f-6a8b-444e-a5f7-d0dcf56b61f9,958916.57,6010442.53,Good,20
1785804660000,DUST-02,5c5c7940-d07e-4e92-8670-ac35e6a7e956,959034.8,6010464.7,Good,19
1785804720000,DUST-01,ad65284f-6a8b-444e-a5f7-d0dcf56b61f9,958916.57,6010442.53,Good,20
1785804720000,DUST-02,5c5c7940-d07e-4e92-8670-ac35e6a7e956,959034.8,6010464.7,Good,19
1785804780000,DUST-01,ad65284f-6a8b-444e-a5f7-d0dcf56b61f9,958916.57,6010442.53,Good,19
1785804780000,DUST-02,5c5c7940-d07e-4e92-8670-ac35e6a7e956,959034.8,6010464.7,Good,17
1785804840000,DUST-01,ad65284f-6a8b-444e-a5f7-d0dcf56b61f9,958916.57,6010442.53,Good,21
1785804840000,DUST-02,5c5c7940-d07e-4e92-8670-ac35e6a7e956,959034.8,6010464.7,Good,17
1785804900000,DUST-01,ad65284f-6a8b-444e-a5f7-d0dcf56b61f9,958916.57,6010442.53,Good,20
1785804900000,DUST-02,5c5c7940-d07e-4e92-8670-ac35e6a7e956,959034.8,6010464.7,Good,17
1785804960000,DUST-01,ad65284f-6a8b-444e-a5f7-d0dcf56b61f9,958916.57,6010442.53,Good,20
1785804960000,DUST-02,5c5c7940-d07e-4e92-8670-ac35e6a7e956,959034.8,6010464.7,Good,17
1785805020000,DUST-01,ad65284f-6a8b-444e-a5f7-d0dcf56b61f9,958916.57,6010442.53,Good,20
1785805020000,DUST-02,5c5c7940-d07e-4e92-8670-ac35e6a7e956,959034.8,6010464.7,Good,17
1785805080000,DUST-01,ad65284f-6a8b-444e-a5f7-d0dcf56b61f9,958916.57,6010442.53,Good,21
1785805080000,DUST-02,5c5c7940-d07e-4e92-8670-ac35e6a7e956,959034.8,6010464.7,Good,18
1785805140000,DUST-01,ad65284f-6a8b-444e-a5f7-d0dcf56b61f9,958916.57,6010442.53,Good,22
1785805140000,DUST-02,5c5c7940-d07e-4e92-8670-ac35e6a7e956,959034.8,6010464.7,Good,18
1785805200000,DUST-01,ad65284f-6a8b-444e-a5f7-d0dcf56b61f9,958916.57,6010442.53,Good,22
1785805200000,DUST-02,5c5c7940-d07e-4e92-8670-ac35e6a7e956,959034.8,6010464.7,Good,19
1785805260000,DUST-01,ad65284f-6a8b-444e-a5f7-d0dcf56b61f9,958916.57,6010442.53,Good,23
1785805260000,DUST-02,5c5c7940-d07e-4e92-8670-ac35e6a7e956,959034.8,6010464.7,Good,18
1785805320000,DUST-01,ad65284f-6a8b-444e-a5f7-d0dcf56b61f9,958916.57,6010442.53,Good,22
1785805320000,DUST-02,5c5c7940-d07e-4e92-8670-ac35e6a7e956,959034.8,6010464.7,Good,17
1785805380000,DUST-01,ad65284f-6a8b-444e-a5f7-d0dcf56b61f9,958916.57,6010442.53,Good,21
1785805380000,DUST-02,5c5c7940-d07e-4e92-8670-ac35e6a7e956,959034.8,6010464.7,Good,18
1785805440000,DUST-01,ad65284f-6a8b-444e-a5f7-d0dcf56b61f9,958916.57,6010442.53,Good,20
1785805440000,DUST-02,5c5c7940-d07e-4e92-8670-ac35e6a7e956,959034.8,6010464.7,Good,18
1785805500000,DUST-01,ad65284f-6a8b-444e-a5f7-d0dcf56b61f9,958916.57,6010442.53,Good,21
1785805500000,DUST-02,5c5c7940-d07e-4e92-8670-ac35e6a7e956,959034.8,6010464.7,Good,17
1785805560000,DUST-01,ad65284f-6a8b-444e-a5f7-d0dcf56b61f9,958916.57,6010442.53,Good,22
1785805560000,DUST-02,5c5c7940-d07e-4e92-8670-ac35e6a7e956,959034.8,6010464.7,Good,18
1785805620000,DUST-01,ad65284f-6a8b-444e-a5f7-d0dcf56b61f9,958916.57,6010442.53,Good,22
1785805620000,DUST-02,5c5c7940-d07e-4e92-8670-ac35e6a7e956,959034.8,6010464.7,Good,17
1785805680000,DUST-01,ad65284f-6a8b-444e-a5f7-d0dcf56b61f9,958916.57,6010442.53,Good,22
1785805680000,DUST-02,5c5c7940-d07e-4e92-8670-ac35e6a7e956,959034.8,6010464.7,Good,17
1785805740000,DUST-01,ad65284f-6a8b-444e-a5f7-d0dcf56b61f9,958916.57,6010442.53,Good,22
1785805740000,DUST-02,5c5c7940-d07e-4e92-8670-ac35e6a7e956,959034.8,6010464.7,Good,18
1785805800000,DUST-01,ad65284f-6a8b-444e-a5f7-d0dcf56b61f9,958916.57,6010442.53,Good,22
1785805800000,DUST-02,5c5c7940-d07e-4e92-8670-ac35e6a7e956,959034.8,6010464.7,Good,19
1785805860000,DUST-01,ad65284f-6a8b-444e-a5f7-d0dcf56b61f9,958916.57,6010442.53,Good,23
1785805860000,DUST-02,5c5c7940-d07e-4e92-8670-ac35e6a7e956,959034.8,6010464.7,Good,20
1785805920000,DUST-01,ad65284f-6a8b-444e-a5f7-d0dcf56b61f9,958916.57,6010442.53,Good,23
1785805920000,DUST-02,5c5c7940-d07e-4e92-8670-ac35e6a7e956,959034.8,6010464.7,Good,19
1785805980000,DUST-01,ad65284f-6a8b-444e-a5f7-d0dcf56b61f9,958916.57,6010442.53,Good,23
1785805980000,DUST-02,5c5c7940-d07e-4e92-8670-ac35e6a7e956,959034.8,6010464.7,Good,19
1785806040000,DUST-01,ad65284f-6a8b-444e-a5f7-d0dcf56b61f9,958916.57,6010442.53,Good,24
1785806040000,DUST-02,5c5c7940-d07e-4e92-8670-ac35e6a7e956,959034.8,6010464.7,Good,18
1785806100000,DUST-01,ad65284f-6a8b-444e-a5f7-d0dcf56b61f9,958916.57,6010442.53,Good,25
1785806100000,DUST-02,5c5c7940-d07e-4e92-8670-ac35e6a7e956,959034.8,6010464.7,Good,19
1785806160000,DUST-01,ad65284f-6a8b-444e-a5f7-d0dcf56b61f9,958916.57,6010442.53,Good,25
1785806160000,DUST-02,5c5c7940-d07e-4e92-8670-ac35e6a7e956,959034.8,6010464.7,Good,20
1785806220000,DUST-01,ad65284f-6a8b-444e-a5f7-d0dcf56b61f9,958916.57,6010442.53,Good,23
1785806220000,DUST-02,5c5c7940-d07e-4e92-8670-ac35e6a7e956,959034.8,6010464.7,Good,20
1785806280000,DUST-01,ad65284f-6a8b-444e-a5f7-d0dcf56b61f9,958916.57,6010442.53,Good,23
1785806280000,DUST-02,5c5c7940-d07e-4e92-8670-ac35e6a7e956,959034.8,6010464.7,Good,20
1785806340000,DUST-01,ad65284f-6a8b-444e-a5f7-d0dcf56b61f9,958916.57,6010442.53,Good,24
1785806340000,DUST-02,5c5c7940-d07e-4e92-8670-ac35e6a7e956,959034.8,6010464.7,Good,20
1785806400000,DUST-01,ad65284f-6a8b-444e-a5f7-d0dcf56b61f9,958916.57,6010442.53,Good,24
1785806400000,DUST-02,5c5c7940-d07e-4e92-8670-ac35e6a7e956,959034.8,6010464.7,Good,20
1785806460000,DUST-01,ad65284f-6a8b-444e-a5f7-d0dcf56b61f9,958916.57,6010442.53,Good,24
1785806460000,DUST-02,5c5c7940-d07e-4e92-8670-ac35e6a7e956,959034.8,6010464.7,Good,20
1785806520000,DUST-01,ad65284f-6a8b-444e-a5f7-d0dcf56b61f9,958916.57,6010442.53,Good,24
1785806520000,DUST-02,5c5c7940-d07e-4e92-8670-ac35e6a7e956,959034.8,6010464.7,Good,20
1785806580000,DUST-01,ad65284f-6a8b-444e-a5f7-d0dcf56b61f9,958916.57,6010442.53,Good,25
1785806580000,DUST-02,5c5c7940-d07e-4e92-8670-ac35e6a7e956,959034.8,6010464.7,Good,19
1785806640000,DUST-01,ad65284f-6a8b-444e-a5f7-d0dcf56b61f9,958916.57,6010442.53,Good,23
1785806640000,DUST-02,5c5c7940-d07e-4e92-8670-ac35e6a7e956,959034.8,6010464.7,Good,19
1785806700000,DUST-01,ad65284f-6a8b-444e-a5f7-d0dcf56b61f9,958916.57,6010442.53,Good,23
1785806700000,DUST-02,5c5c7940-d07e-4e92-8670-ac35e6a7e956,959034.8,6010464.7,Good,18
1785806760000,DUST-01,ad65284f-6a8b-444e-a5f7-d0dcf56b61f9,958916.57,6010442.53,Good,24
1785806760000,DUST-02,5c5c7940-d07e-4e92-8670-ac35e6a7e956,959034.8,6010464.7,Good,18
1785806820000,DUST-01,ad65284f-6a8b-444e-a5f7-d0dcf56b61f9,958916.57,6010442.53,Good,23
1785806820000,DUST-02,5c5c7940-d07e-4e92-8670-ac35e6a7e956,959034.8,6010464.7,Good,20
1785806880000,DUST-01,ad65284f-6a8b-444e-a5f7-d0dcf56b61f9,958916.57,6010442.53,Good,24
1785806880000,DUST-02,5c5c7940-d07e-4e92-8670-ac35e6a7e956,959034.8,6010464.7,Good,19
1785806940000,DUST-01,ad65284f-6a8b-444e-a5f7-d0dcf56b61f9,958916.57,6010442.53,Good,23
1785806940000,DUST-02,5c5c7940-d07e-4e92-8670-ac35e6a7e956,959034.8,6010464.7,Good,19
1785807000000,DUST-01,ad65284f-6a8b-444e-a5f7-d0dcf56b61f9,958916.57,6010442.53,Good,22
1785807000000,DUST-02,5c5c7940-d07e-4e92-8670-ac35e6a7e956,959034.8,6010464.7,Good,19
1785807060000,DUST-01,ad65284f-6a8b-444e-a5f7-d0dcf56b61f9,958916.57,6010442.53,Good,21
1785807060000,DUST-02,5c5c7940-d07e-4e92-8670-ac35e6a7e956,959034.8,6010464.7,Good,19
1785807120000,DUST-01,ad65284f-6a8b-444e-a5f7-d0dcf56b61f9,958916.57,6010442.53,Good,21
1785807120000,DUST-02,5c5c7940-d07e-4e92-8670-ac35e6a7e956,959034.8,6010464.7,Good,18
1785807180000,DUST-01,ad65284f-6a8b-444e-a5f7-d0dcf56b61f9,958916.57,6010442.53,Good,22
1785807180000,DUST-02,5c5c7940-d07e-4e92-8670-ac35e6a7e956,959034.8,6010464.7,Good,17
1785807240000,DUST-01,ad65284f-6a8b-444e-a5f7-d0dcf56b61f9,958916.57,6010442.53,Good,21
1785807240000,DUST-02,5c5c7940-d07e-4e92-8670-ac35e6a7e956,959034.8,6010464.7,Good,18
1785807300000,DUST-01,ad65284f-6a8b-444e-a5f7-d0dcf56b61f9,958916.57,6010442.53,Good,20
1785807300000,DUST-02,5c5c7940-d07e-4e92-8670-ac35e6a7e956,959034.8,6010464.7,Good,17
1785807360000,DUST-01,ad65284f-6a8b-444e-a5f7-d0dcf56b61f9,958916.57,6010442.53,Good,21
1785807360000,DUST-02,5c5c7940-d07e-4e92-8670-ac35e6a7e956,959034.8,6010464.7,Good,17
1785807420000,DUST-01,ad65284f-6a8b-444e-a5f7-d0dcf56b61f9,958916.57,6010442.53,Good,21
1785807420000,DUST-02,5c5c7940-d07e-4e92-8670-ac35e6a7e956,959034.8,6010464.7,Good,18
1785807480000,DUST-01,ad65284f-6a8b-444e-a5f7-d0dcf56b61f9,958916.57,6010442.53,Good,21
1785807480000,DUST-02,5c5c7940-d07e-4e92-8670-ac35e6a7e956,959034.8,6010464.7,Good,18
1785807540000,DUST-01,ad65284f-6a8b-444e-a5f7-d0dcf56b61f9,958916.57,6010442.53,Good,21
1785807540000,DUST-02,5c5c7940-d07e-4e92-8670-ac35e6a7e956,959034.8,6010464.7,Good,18
1785807600000,DUST-01,ad65284f-6a8b-444e-a5f7-d0dcf56b61f9,958916.57,6010442.53,Good,20
1785807600000,DUST-02,5c5c7940-d07e-4e92-8670-ac35e6a7e956,959034.8,6010464.7,Good,19
1785807660000,DUST-01,ad65284f-6a8b-444e-a5f7-d0dcf56b61f9,958916.57,6010442.53,Good,22
1785807660000,DUST-02,5c5c7940-d07e-4e92-8670-ac35e6a7e956,959034.8,6010464.7,Good,19
1785807720000,DUST-01,ad65284f-6a8b-444e-a5f7-d0dcf56b61f9,958916.57,6010442.53,Good,21
1785807720000,DUST-02,5c5c7940-d07e-4e92-8670-ac35e6a7e956,959034.8,6010464.7,Good,18
1785807780000,DUST-01,ad65284f-6a8b-444e-a5f7-d0dcf56b61f9,958916.57,6010442.53,Good,22
1785807780000,DUST-02,5c5c7940-d07e-4e92-8670-ac35e6a7e956,959034.8,6010464.7,Good,18
1785807840000,DUST-01,ad65284f-6a8b-444e-a5f7-d0dcf56b61f9,958916.57,6010442.53,Good,23
1785807840000,DUST-02,5c5c7940-d07e-4e92-8670-ac35e6a7e956,959034.8,6010464.7,Good,19
1785807900000,DUST-01,ad65284f-6a8b-444e-a5f7-d0dcf56b61f9,958916.57,6010442.53,Good,24
1785807900000,DUST-02,5c5c7940-d07e-4e92-8670-ac35e6a7e956,959034.8,6010464.7,Good,18
1785807960000,DUST-01,ad65284f-6a8b-444e-a5f7-d0dcf56b61f9,958916.57,6010442.53,Good,23
1785807960000,DUST-02,5c5c7940-d07e-4e92-8670-ac35e6a7e956,959034.8,6010464.7,Good,19
1785808020000,DUST-01,ad65284f-6a8b-444e-a5f7-d0dcf56b61f9,958916.57,6010442.53,Good,21
1785808020000,DUST-02,5c5c7940-d07e-4e92-8670-ac35e6a7e956,959034.8,6010464.7,Good,19
1785808080000,DUST-01,ad65284f-6a8b-444e-a5f7-d0dcf56b61f9,958916.57,6010442.53,Good,21
1785808080000,DUST-02,5c5c7940-d07e-4e92-8670-ac35e6a7e956,959034.8,6010464.7,Good,20
1785808140000,DUST-01,ad65284f-6a8b-444e-a5f7-d0dcf56b61f9,958916.57,6010442.53,Good,22
1785808140000,DUST-02,5c5c7940-d07e-4e92-8670-ac35e6a7e956,959034.8,6010464.7,Good,21
1785808200000,DUST-01,ad65284f-6a8b-444e-a5f7-d0dcf56b61f9,958916.57,6010442.53,Good,21
1785808200000,DUST-02,5c5c7940-d07e-4e92-8670-ac35e6a7e956,959034.8,6010464.7,Good,20
1785808260000,DUST-01,ad65284f-6a8b-444e-a5f7-d0dcf56b61f9,958916.57,6010442.53,Good,21
1785808260000,DUST-02,5c5c7940-d07e-4e92-8670-ac35e6a7e956,959034.8,6010464.7,Good,19
1785808320000,DUST-01,ad65284f-6a8b-444e-a5f7-d0dcf56b61f9,958916.57,6010442.53,Good,21
1785808320000,DUST-02,5c5c7940-d07e-4e92-8670-ac35e6a7e956,959034.8,6010464.7,Good,20
1785808380000,DUST-01,ad65284f-6a8b-444e-a5f7-d0dcf56b61f9,958916.57,6010442.53,Good,22
1785808380000,DUST-02,5c5c7940-d07e-4e92-8670-ac35e6a7e956,959034.8,6010464.7,Good,21
1785808440000,DUST-01,ad65284f-6a8b-444e-a5f7-d0dcf56b61f9,958916.57,6010442.53,Good,23
1785808440000,DUST-02,5c5c7940-d07e-4e92-8670-ac35e6a7e956,959034.8,6010464.7,Good,20
1785808500000,DUST-01,ad65284f-6a8b-444e-a5f7-d0dcf56b61f9,958916.57,6010442.53,Good,24
1785808500000,DUST-02,5c5c7940-d07e-4e92-8670-ac35e6a7e956,959034.8,6010464.7,Good,20
1785808560000,DUST-01,ad65284f-6a8b-444e-a5f7-d0dcf56b61f9,958916.57,6010442.53,Good,23
1785808560000,DUST-02,5c5c7940-d07e-4e92-8670-ac35e6a7e956,959034.8,6010464.7,Good,19
1785808620000,DUST-01,ad65284f-6a8b-444e-a5f7-d0dcf56b61f9,958916.57,6010442.53,Good,23
1785808620000,DUST-02,5c5c7940-d07e-4e92-8670-ac35e6a7e956,959034.8,6010464.7,Good,18
1785808680000,DUST-01,ad65284f-6a8b-444e-a5f7-d0dcf56b61f9,958916.57,6010442.53,Good,24
1785808680000,DUST-02,5c5c7940-d07e-4e92-8670-ac35e6a7e956,959034.8,6010464.7,Good,18
1785808740000,DUST-01,ad65284f-6a8b-444e-a5f7-d0dcf56b61f9,958916.57,6010442.53,Good,24
1785808740000,DUST-02,5c5c7940-d07e-4e92-8670-ac35e6a7e956,959034.8,6010464.7,Good,19
1785808800000,DUST-01,ad65284f-6a8b-444e-a5f7-d0dcf56b61f9,958916.57,6010442.53,Good,25
1785808800000,DUST-02,5c5c7940-d07e-4e92-8670-ac35e6a7e956,959034.8,6010464.7,Good,19
1785808860000,DUST-01,ad65284f-6a8b-444e-a5f7-d0dcf56b61f9,958916.57,6010442.53,Good,25
1785808860000,DUST-02,5c5c7940-d07e-4e92-8670-ac35e6a7e956,959034.8,6010464.7,Good,18
1785808920000,DUST-01,ad65284f-6a8b-444e-a5f7-d0dcf56b61f9,958916.57,6010442.53,Good,25
1785808920000,DUST-02,5c5c7940-d07e-4e92-8670-ac35e6a7e956,959034.8,6010464.7,Good,18
1785808980000,DUST-01,ad65284f-6a8b-444e-a5f7-d0dcf56b61f9,958916.57,6010442.53,Good,26
1785808980000,DUST-02,5c5c7940-d07e-4e92-8670-ac35e6a7e956,959034.8,6010464.7,Good,17
1785809040000,DUST-01,ad65284f-6a8b-444e-a5f7-d0dcf56b61f9,958916.57,6010442.53,Good,24
1785809040000,DUST-02,5c5c7940-d07e-4e92-8670-ac35e6a7e956,959034.8,6010464.7,Good,18
1785809100000,DUST-01,ad65284f-6a8b-444e-a5f7-d0dcf56b61f9,958916.57,6010442.53,Good,23
1785809100000,DUST-02,5c5c7940-d07e-4e92-8670-ac35e6a7e956,959034.8,6010464.7,Good,18
1785809160000,DUST-01,ad65284f-6a8b-444e-a5f7-d0dcf56b61f9,958916.57,6010442.53,Good,24
1785809160000,DUST-02,5c5c7940-d07e-4e92-8670-ac35e6a7e956,959034.8,6010464.7,Good,18
1785809220000,DUST-01,ad65284f-6a8b-444e-a5f7-d0dcf56b61f9,958916.57,6010442.53,Good,24
1785809220000,DUST-02,5c5c7940-d07e-4e92-8670-ac35e6a7e956,959034.8,6010464.7,Good,18
1785809280000,DUST-01,ad65284f-6a8b-444e-a5f7-d0dcf56b61f9,958916.57,6010442.53,Good,24
1785809280000,DUST-02,5c5c7940-d07e-4e92-8670-ac35e6a7e956,959034.8,6010464.7,Good,17
1785809340000,DUST-01,ad65284f-6a8b-444e-a5f7-d0dcf56b61f9,958916.57,6010442.53,Good,24
1785809340000,DUST-02,5c5c7940-d07e-4e92-8670-ac35e6a7e956,959034.8,6010464.7,Good,17
1785809400000,DUST-01,ad65284f-6a8b-444e-a5f7-d0dcf56b61f9,958916.57,6010442.53,Good,24
1785809400000,DUST-02,5c5c7940-d07e-4e92-8670-ac35e6a7e956,959034.8,6010464.7,Good,16
1785809460000,DUST-01,ad65284f-6a8b-444e-a5f7-d0dcf56b61f9,958916.57,6010442.53,Good,25
1785809460000,DUST-02,5c5c7940-d07e-4e92-8670-ac35e6a7e956,959034.8,6010464.7,Good,18
1785809520000,DUST-01,ad65284f-6a8b-444e-a5f7-d0dcf56b61f9,958916.57,6010442.53,Good,24
1785809520000,DUST-02,5c5c7940-d07e-4e92-8670-ac35e6a7e956,959034.8,6010464.7,Good,17
1785809580000,DUST-01,ad65284f-6a8b-444e-a5f7-d0dcf56b61f9,958916.57,6010442.53,Good,22
1785809580000,DUST-02,5c5c7940-d07e-4e92-8670-ac35e6a7e956,959034.8,6010464.7,Good,17
1785809640000,DUST-01,ad65284f-6a8b-444e-a5f7-d0dcf56b61f9,958916.57,6010442.53,Good,22
1785809640000,DUST-02,5c5c7940-d07e-4e92-8670-ac35e6a7e956,959034.8,6010464.7,Good,19
1785809700000,DUST-01,ad65284f-6a8b-444e-a5f7-d0dcf56b61f9,958916.57,6010442.53,Good,22
1785809700000,DUST-02,5c5c7940-d07e-4e92-8670-ac35e6a7e956,959034.8,6010464.7,Good,18
1785809760000,DUST-01,ad65284f-6a8b-444e-a5f7-d0dcf56b61f9,958916.57,6010442.53,Good,22
1785809760000,DUST-02,5c5c7940-d07e-4e92-8670-ac35e6a7e956,959034.8,6010464.7,Good,19
1785809820000,DUST-01,ad65284f-6a8b-444e-a5f7-d0dcf56b61f9,958916.57,6010442.53,Good,21
1785809820000,DUST-02,5c5c7940-d07e-4e92-8670-ac35e6a7e956,959034.8,6010464.7,Good,20
1785809880000,DUST-01,ad65284f-6a8b-444e-a5f7-d0dcf56b61f9,958916.57,6010442.53,Good,20
1785809880000,DUST-02,5c5c7940-d07e-4e92-8670-ac35e6a7e956,959034.8,6010464.7,Good,19
1785809940000,DUST-01,ad65284f-6a8b-444e-a5f7-d0dcf56b61f9,958916.57,6010442.53,Good,20
1785809940000,DUST-02,5c5c7940-d07e-4e92-8670-ac35e6a7e956,959034.8,6010464.7,Good,20
1785810000000,DUST-01,ad65284f-6a8b-444e-a5f7-d0dcf56b61f9,958916.57,6010442.53,Good,20
1785810000000,DUST-02,5c5c7940-d07e-4e92-8670-ac35e6a7e956,959034.8,6010464.7,Good,19
1785810060000,DUST-01,ad65284f-6a8b-444e-a5f7-d0dcf56b61f9,958916.57,6010442.53,Good,20
1785810060000,DUST-02,5c5c7940-d07e-4e92-8670-ac35e6a7e956,959034.8,6010464.7,Good,18
1785810120000,DUST-01,ad65284f-6a8b-444e-a5f7-d0dcf56b61f9,958916.57,6010442.53,Good,20
1785810120000,DUST-02,5c5c7940-d07e-4e92-8670-ac35e6a7e956,959034.8,6010464.7,Good,19
1785810180000,DUST-01,ad65284f-6a8b-444e-a5f7-d0dcf56b61f9,958916.57,6010442.53,Good,21
1785810180000,DUST-02,5c5c7940-d07e-4e92-8670-ac35e6a7e956,959034.8,6010464.7,Good,20
1785810240000,DUST-01,ad65284f-6a8b-444e-a5f7-d0dcf56b61f9,958916.57,6010442.53,Good,21
1785810240000,DUST-02,5c5c7940-d07e-4e92-8670-ac35e6a7e956,959034.8,6010464.7,Good,20
1785810300000,DUST-01,ad65284f-6a8b-444e-a5f7-d0dcf56b61f9,958916.57,6010442.53,Good,20
1785810300000,DUST-02,5c5c7940-d07e-4e92-8670-ac35e6a7e956,959034.8,6010464.7,Good,19
1785810360000,DUST-01,ad65284f-6a8b-444e-a5f7-d0dcf56b61f9,958916.57,6010442.53,Good,19
1785810360000,DUST-02,5c5c7940-d07e-4e92-8670-ac35e6a7e956,959034.8,6010464.7,Good,19
1785810420000,DUST-01,ad65284f-6a8b-444e-a5f7-d0dcf56b61f9,958916.57,6010442.53,Good,21
1785810420000,DUST-02,5c5c7940-d07e-4e92-8670-ac35e6a7e956,959034.8,6010464.7,Good,20
1785810480000,DUST-01,ad65284f-6a8b-444e-a5f7-d0dcf56b61f9,958916.57,6010442.53,Good,20
1785810480000,DUST-02,5c5c7940-d07e-4e92-8670-ac35e6a7e956,959034.8,6010464.7,Good,21
1785810540000,DUST-01,ad65284f-6a8b-444e-a5f7-d0dcf56b61f9,958916.57,6010442.53,Good,19
1785810540000,DUST-02,5c5c7940-d07e-4e92-8670-ac35e6a7e956,959034.8,6010464.7,Good,21
1785810600000,DUST-01,ad65284f-6a8b-444e-a5f7-d0dcf56b61f9,958916.57,6010442.53,Good,19
1785810600000,DUST-02,5c5c7940-d07e-4e92-8670-ac35e6a7e956,959034.8,6010464.7,Good,20
1785810660000,DUST-01,ad65284f-6a8b-444e-a5f7-d0dcf56b61f9,958916.57,6010442.53,Good,20
1785810660000,DUST-02,5c5c7940-d07e-4e92-8670-ac35e6a7e956,959034.8,6010464.7,Good,20
1785810720000,DUST-01,ad65284f-6a8b-444e-a5f7-d0dcf56b61f9,958916.57,6010442.53,Good,21
1785810720000,DUST-02,5c5c7940-d07e-4e92-8670-ac35e6a7e956,959034.8,6010464.7,Good,19
1785810780000,DUST-01,ad65284f-6a8b-444e-a5f7-d0dcf56b61f9,958916.57,6010442.53,Good,21
1785810780000,DUST-02,5c5c7940-d07e-4e92-8670-ac35e6a7e956,959034.8,6010464.7,Good,20
1785810840000,DUST-01,ad65284f-6a8b-444e-a5f7-d0dcf56b61f9,958916.57,6010442.53,Good,21
1785810840000,DUST-02,5c5c7940-d07e-4e92-8670-ac35e6a7e956,959034.8,6010464.7,Good,21
1785810900000,DUST-01,ad65284f-6a8b-444e-a5f7-d0dcf56b61f9,958916.57,6010442.53,Good,21
1785810900000,DUST-02,5c5c7940-d07e-4e92-8670-ac35e6a7e956,959034.8,6010464.7,Good,20
1785810960000,DUST-01,ad65284f-6a8b-444e-a5f7-d0dcf56b61f9,958916.57,6010442.53,Good,22
1785810960000,DUST-02,5c5c7940-d07e-4e92-8670-ac35e6a7e956,959034.8,6010464.7,Good,20
1785811020000,DUST-01,ad65284f-6a8b-444e-a5f7-d0dcf56b61f9,958916.57,6010442.53,Good,23
1785811020000,DUST-02,5c5c7940-d07e-4e92-8670-ac35e6a7e956,959034.8,6010464.7,Good,20
1785811080000,DUST-01,ad65284f-6a8b-444e-a5f7-d0dcf56b61f9,958916.57,6010442.53,Good,23
1785811080000,DUST-02,5c5c7940-d07e-4e92-8670-ac35e6a7e956,959034.8,6010464.7,Good,19
1785811140000,DUST-01,ad65284f-6a8b-444e-a5f7-d0dcf56b61f9,958916.57,6010442.53,Good,23
1785811140000,DUST-02,5c5c7940-d07e-4e92-8670-ac35e6a7e956,959034.8,6010464.7,Good,20
1785811200000,DUST-01,ad65284f-6a8b-444e-a5f7-d0dcf56b61f9,958916.57,6010442.53,Good,22
1785811200000,DUST-02,5c5c7940-d07e-4e92-8670-ac35e6a7e956,959034.8,6010464.7,Good,21
1785811260000,DUST-01,ad65284f-6a8b-444e-a5f7-d0dcf56b61f9,958916.57,6010442.53,Good,22
1785811260000,DUST-02,5c5c7940-d07e-4e92-8670-ac35e6a7e956,959034.8,6010464.7,Good,22
1785811320000,DUST-01,ad65284f-6a8b-444e-a5f7-d0dcf56b61f9,958916.57,6010442.53,Good,22
1785811320000,DUST-02,5c5c7940-d07e-4e92-8670-ac35e6a7e956,959034.8,6010464.7,Good,21
1785811380000,DUST-01,ad65284f-6a8b-444e-a5f7-d0dcf56b61f9,958916.57,6010442.53,Good,23
1785811380000,DUST-02,5c5c7940-d07e-4e92-8670-ac35e6a7e956,959034.8,6010464.7,Good,20
1785811440000,DUST-01,ad65284f-6a8b-444e-a5f7-d0dcf56b61f9,958916.57,6010442.53,Good,24
1785811440000,DUST-02,5c5c7940-d07e-4e92-8670-ac35e6a7e956,959034.8,6010464.7,Good,19
1785811500000,DUST-01,ad65284f-6a8b-444e-a5f7-d0dcf56b61f9,958916.57,6010442.53,Good,23
1785811500000,DUST-02,5c5c7940-d07e-4e92-8670-ac35e6a7e956,959034.8,6010464.7,Good,20
1785811560000,DUST-01,ad65284f-6a8b-444e-a5f7-d0dcf56b61f9,958916.57,6010442.53,Good,22
1785811560000,DUST-02,5c5c7940-d07e-4e92-8670-ac35e6a7e956,959034.8,6010464.7,Good,20
1785811620000,DUST-01,ad65284f-6a8b-444e-a5f7-d0dcf56b61f9,958916.57,6010442.53,Good,22
1785811620000,DUST-02,5c5c7940-d07e-4e92-8670-ac35e6a7e956,959034.8,6010464.7,Good,19
1785811680000,DUST-01,ad65284f-6a8b-444e-a5f7-d0dcf56b61f9,958916.57,6010442.53,Good,21
1785811680000,DUST-02,5c5c7940-d07e-4e92-8670-ac35e6a7e956,959034.8,6010464.7,Good,20
1785811740000,DUST-01,ad65284f-6a8b-444e-a5f7-d0dcf56b61f9,958916.57,6010442.53,Good,22
1785811740000,DUST-02,5c5c7940-d07e-4e92-8670-ac35e6a7e956,959034.8,6010464.7,Good,20
1785811800000,DUST-01,ad65284f-6a8b-444e-a5f7-d0dcf56b61f9,958916.57,6010442.53,Good,22
1785811800000,DUST-02,5c5c7940-d07e-4e92-8670-ac35e6a7e956,959034.8,6010464.7,Good,20
1785811860000,DUST-01,ad65284f-6a8b-444e-a5f7-d0dcf56b61f9,958916.57,6010442.53,Good,22
1785811860000,DUST-02,5c5c7940-d07e-4e92-8670-ac35e6a7e956,959034.8,6010464.7,Good,20
1785811920000,DUST-01,ad65284f-6a8b-444e-a5f7-d0dcf56b61f9,958916.57,6010442.53,Good,22
1785811920000,DUST-02,5c5c7940-d07e-4e92-8670-ac35e6a7e956,959034.8,6010464.7,Good,21
1785811980000,DUST-01,ad65284f-6a8b-444e-a5f7-d0dcf56b61f9,958916.57,6010442.53,Good,23
1785811980000,DUST-02,5c5c7940-d07e-4e92-8670-ac35e6a7e956,959034.8,6010464.7,Good,22
1785812040000,DUST-01,ad65284f-6a8b-444e-a5f7-d0dcf56b61f9,958916.57,6010442.53,Good,22
1785812040000,DUST-02,5c5c7940-d07e-4e92-8670-ac35e6a7e956,959034.8,6010464.7,Good,21
1785812100000,DUST-01,ad65284f-6a8b-444e-a5f7-d0dcf56b61f9,958916.57,6010442.53,Good,22
1785812100000,DUST-02,5c5c7940-d07e-4e92-8670-ac35e6a7e956,959034.8,6010464.7,Good,20
1785812160000,DUST-01,ad65284f-6a8b-444e-a5f7-d0dcf56b61f9,958916.57,6010442.53,Good,23
1785812160000,DUST-02,5c5c7940-d07e-4e92-8670-ac35e6a7e956,959034.8,6010464.7,Good,18
1785812220000,DUST-01,ad65284f-6a8b-444e-a5f7-d0dcf56b61f9,958916.57,6010442.53,Good,22
1785812220000,DUST-02,5c5c7940-d07e-4e92-8670-ac35e6a7e956,959034.8,6010464.7,Good,19
1785812280000,DUST-01,ad65284f-6a8b-444e-a5f7-d0dcf56b61f9,958916.57,6010442.53,Good,22
1785812280000,DUST-02,5c5c7940-d07e-4e92-8670-ac35e6a7e956,959034.8,6010464.7,Good,20
1785812340000,DUST-01,ad65284f-6a8b-444e-a5f7-d0dcf56b61f9,958916.57,6010442.53,Good,23
1785812340000,DUST-02,5c5c7940-d07e-4e92-8670-ac35e6a7e956,959034.8,6010464.7,Good,21
1785812400000,DUST-01,ad65284f-6a8b-444e-a5f7-d0dcf56b61f9,958916.57,6010442.53,Good,21
1785812400000,DUST-02,5c5c7940-d07e-4e92-8670-ac35e6a7e956,959034.8,6010464.7,Good,21
1785812460000,DUST-01,ad65284f-6a8b-444e-a5f7-d0dcf56b61f9,958916.57,6010442.53,Good,21
1785812460000,DUST-02,5c5c7940-d07e-4e92-8670-ac35e6a7e956,959034.8,6010464.7,Good,21
1785812520000,DUST-01,ad65284f-6a8b-444e-a5f7-d0dcf56b61f9,958916.57,6010442.53,Good,23
1785812520000,DUST-02,5c5c7940-d07e-4e92-8670-ac35e6a7e956,959034.8,6010464.7,Good,21
1785812580000,DUST-01,ad65284f-6a8b-444e-a5f7-d0dcf56b61f9,958916.57,6010442.53,Good,22
1785812580000,DUST-02,5c5c7940-d07e-4e92-8670-ac35e6a7e956,959034.8,6010464.7,Good,21
1785812640000,DUST-01,ad65284f-6a8b-444e-a5f7-d0dcf56b61f9,958916.57,6010442.53,Good,21
1785812640000,DUST-02,5c5c7940-d07e-4e92-8670-ac35e6a7e956,959034.8,6010464.7,Good,20
1785812700000,DUST-01,ad65284f-6a8b-444e-a5f7-d0dcf56b61f9,958916.57,6010442.53,Good,21
1785812700000,DUST-02,5c5c7940-d07e-4e92-8670-ac35e6a7e956,959034.8,6010464.7,Good,21
1785812760000,DUST-01,ad65284f-6a8b-444e-a5f7-d0dcf56b61f9,958916.57,6010442.53,Good,22
1785812760000,DUST-02,5c5c7940-d07e-4e92-8670-ac35e6a7e956,959034.8,6010464.7,Good,21
1785812820000,DUST-01,ad65284f-6a8b-444e-a5f7-d0dcf56b61f9,958916.57,6010442.53,Good,22
1785812820000,DUST-02,5c5c7940-d07e-4e92-8670-ac35e6a7e956,959034.8,6010464.7,Good,21
1785812880000,DUST-01,ad65284f-6a8b-444e-a5f7-d0dcf56b61f9,958916.57,6010442.53,Good,23
1785812880000,DUST-02,5c5c7940-d07e-4e92-8670-ac35e6a7e956,959034.8,6010464.7,Good,21
1785812940000,DUST-01,ad65284f-6a8b-444e-a5f7-d0dcf56b61f9,958916.57,6010442.53,Good,23
1785812940000,DUST-02,5c5c7940-d07e-4e92-8670-ac35e6a7e956,959034.8,6010464.7,Good,21
1785813000000,DUST-01,ad65284f-6a8b-444e-a5f7-d0dcf56b61f9,958916.57,6010442.53,Good,22
1785813000000,DUST-02,5c5c7940-d07e-4e92-8670-ac35e6a7e956,959034.8,6010464.7,Good,20
1785813060000,DUST-01,ad65284f-6a8b-444e-a5f7-d0dcf56b61f9,958916.57,6010442.53,Good,22
1785813060000,DUST-02,5c5c7940-d07e-4e92-8670-ac35e6a7e956,959034.8,6010464.7,Good,19
1785813120000,DUST-01,ad65284f-6a8b-444e-a5f7-d0dcf56b61f9,958916.57,6010442.53,Good,21
1785813120000,DUST-02,5c5c7940-d07e-4e92-8670-ac35e6a7e956,959034.8,6010464.7,Good,20
1785813180000,DUST-01,ad65284f-6a8b-444e-a5f7-d0dcf56b61f9,958916.57,6010442.53,Good,22
1785813180000,DUST-02,5c5c7940-d07e-4e92-8670-ac35e6a7e956,959034.8,6010464.7,Good,20
1785813240000,DUST-01,ad65284f-6a8b-444e-a5f7-d0dcf56b61f9,958916.57,6010442.53,Good,22
1785813240000,DUST-02,5c5c7940-d07e-4e92-8670-ac35e6a7e956,959034.8,6010464.7,Good,20
1785813300000,DUST-01,ad65284f-6a8b-444e-a5f7-d0dcf56b61f9,958916.57,6010442.53,Good,23
1785813300000,DUST-02,5c5c7940-d07e-4e92-8670-ac35e6a7e956,959034.8,6010464.7,Good,21
1785813360000,DUST-01,ad65284f-6a8b-444e-a5f7-d0dcf56b61f9,958916.57,6010442.53,Good,23
1785813360000,DUST-02,5c5c7940-d07e-4e92-8670-ac35e6a7e956,959034.8,6010464.7,Good,21
1785813420000,DUST-01,ad65284f-6a8b-444e-a5f7-d0dcf56b61f9,958916.57,6010442.53,Good,23
1785813420000,DUST-02,5c5c7940-d07e-4e92-8670-ac35e6a7e956,959034.8,6010464.7,Good,20
1785813480000,DUST-01,ad65284f-6a8b-444e-a5f7-d0dcf56b61f9,958916.57,6010442.53,Good,24
1785813480000,DUST-02,5c5c7940-d07e-4e92-8670-ac35e6a7e956,959034.8,6010464.7,Good,20
1785813540000,DUST-01,ad65284f-6a8b-444e-a5f7-d0dcf56b61f9,958916.57,6010442.53,Good,23
1785813540000,DUST-02,5c5c7940-d07e-4e92-8670-ac35e6a7e956,959034.8,6010464.7,Good,21
1785813600000,DUST-01,ad65284f-6a8b-444e-a5f7-d0dcf56b61f9,958916.57,6010442.53,Good,24
1785813600000,DUST-02,5c5c7940-d07e-4e92-8670-ac35e6a7e956,959034.8,6010464.7,Good,20
1785813660000,DUST-01,ad65284f-6a8b-444e-a5f7-d0dcf56b61f9,958916.57,6010442.53,Good,23
1785813660000,DUST-02,5c5c7940-d07e-4e92-8670-ac35e6a7e956,959034.8,6010464.7,Good,21
1785813720000,DUST-01,ad65284f-6a8b-444e-a5f7-d0dcf56b61f9,958916.57,6010442.53,Good,22
1785813720000,DUST-02,5c5c7940-d07e-4e92-8670-ac35e6a7e956,959034.8,6010464.7,Good,21
1785813780000,DUST-01,ad65284f-6a8b-444e-a5f7-d0dcf56b61f9,958916.57,6010442.53,Good,21
1785813780000,DUST-02,5c5c7940-d07e-4e92-8670-ac35e6a7e956,959034.8,6010464.7,Good,22
1785813840000,DUST-01,ad65284f-6a8b-444e-a5f7-d0dcf56b61f9,958916.57,6010442.53,Good,20
1785813840000,DUST-02,5c5c7940-d07e-4e92-8670-ac35e6a7e956,959034.8,6010464.7,Good,22
1785813900000,DUST-01,ad65284f-6a8b-444e-a5f7-d0dcf56b61f9,958916.57,6010442.53,Good,19
1785813900000,DUST-02,5c5c7940-d07e-4e92-8670-ac35e6a7e956,959034.8,6010464.7,Good,22
1785813960000,DUST-01,ad65284f-6a8b-444e-a5f7-d0dcf56b61f9,958916.57,6010442.53,Good,19
1785813960000,DUST-02,5c5c7940-d07e-4e92-8670-ac35e6a7e956,959034.8,6010464.7,Good,22
1785814020000,DUST-01,ad65284f-6a8b-444e-a5f7-d0dcf56b61f9,958916.57,6010442.53,Good,18
1785814020000,DUST-02,5c5c7940-d07e-4e92-8670-ac35e6a7e956,959034.8,6010464.7,Good,21
1785814080000,DUST-01,ad65284f-6a8b-444e-a5f7-d0dcf56b61f9,958916.57,6010442.53,Good,18
1785814080000,DUST-02,5c5c7940-d07e-4e92-8670-ac35e6a7e956,959034.8,6010464.7,Good,20
1785814140000,DUST-01,ad65284f-6a8b-444e-a5f7-d0dcf56b61f9,958916.57,6010442.53,Good,18
1785814140000,DUST-02,5c5c7940-d07e-4e92-8670-ac35e6a7e956,959034.8,6010464.7,Good,20
1785814200000,DUST-01,ad65284f-6a8b-444e-a5f7-d0dcf56b61f9,958916.57,6010442.53,Good,19
1785814200000,DUST-02,5c5c7940-d07e-4e92-8670-ac35e6a7e956,959034.8,6010464.7,Good,20
1785814260000,DUST-01,ad65284f-6a8b-444e-a5f7-d0dcf56b61f9,958916.57,6010442.53,Good,18
1785814260000,DUST-02,5c5c7940-d07e-4e92-8670-ac35e6a7e956,959034.8,6010464.7,Good,19
1785814320000,DUST-01,ad65284f-6a8b-444e-a5f7-d0dcf56b61f9,958916.57,6010442.53,Good,18
1785814320000,DUST-02,5c5c7940-d07e-4e92-8670-ac35e6a7e956,959034.8,6010464.7,Good,19
1785814380000,DUST-01,ad65284f-6a8b-444e-a5f7-d0dcf56b61f9,958916.57,6010442.53,Good,19
1785814380000,DUST-02,5c5c7940-d07e-4e92-8670-ac35e6a7e956,959034.8,6010464.7,Good,19
1785814440000,DUST-01,ad65284f-6a8b-444e-a5f7-d0dcf56b61f9,958916.57,6010442.53,Good,20
1785814440000,DUST-02,5c5c7940-d07e-4e92-8670-ac35e6a7e956,959034.8,6010464.7,Good,19
1785814500000,DUST-01,ad65284f-6a8b-444e-a5f7-d0dcf56b61f9,958916.57,6010442.53,Good,19
1785814500000,DUST-02,5c5c7940-d07e-4e92-8670-ac35e6a7e956,959034.8,6010464.7,Good,20
1785814560000,DUST-01,ad65284f-6a8b-444e-a5f7-d0dcf56b61f9,958916.57,6010442.53,Good,20
1785814560000,DUST-02,5c5c7940-d07e-4e92-8670-ac35e6a7e956,959034.8,6010464.7,Good,20
1785814620000,DUST-01,ad65284f-6a8b-444e-a5f7-d0dcf56b61f9,958916.57,6010442.53,Good,21
1785814620000,DUST-02,5c5c7940-d07e-4e92-8670-ac35e6a7e956,959034.8,6010464.7,Good,20
1785814680000,DUST-01,ad65284f-6a8b-444e-a5f7-d0dcf56b61f9,958916.57,6010442.53,Good,22
1785814680000,DUST-02,5c5c7940-d07e-4e92-8670-ac35e6a7e956,959034.8,6010464.7,Good,19
1785814740000,DUST-01,ad65284f-6a8b-444e-a5f7-d0dcf56b61f9,958916.57,6010442.53,Good,23
1785814740000,DUST-02,5c5c7940-d07e-4e92-8670-ac35e6a7e956,959034.8,6010464.7,Good,18
1785814800000,DUST-01,ad65284f-6a8b-444e-a5f7-d0dcf56b61f9,958916.57,6010442.53,Good,23
1785814800000,DUST-02,5c5c7940-d07e-4e92-8670-ac35e6a7e956,959034.8,6010464.7,Good,19
1785814860000,DUST-01,ad65284f-6a8b-444e-a5f7-d0dcf56b61f9,958916.57,6010442.53,Good,23
1785814860000,DUST-02,5c5c7940-d07e-4e92-8670-ac35e6a7e956,959034.8,6010464.7,Good,19
1785814920000,DUST-01,ad65284f-6a8b-444e-a5f7-d0dcf56b61f9,958916.57,6010442.53,Good,22
1785814920000,DUST-02,5c5c7940-d07e-4e92-8670-ac35e6a7e956,959034.8,6010464.7,Good,19
1785814980000,DUST-01,ad65284f-6a8b-444e-a5f7-d0dcf56b61f9,958916.57,6010442.53,Good,23
1785814980000,DUST-02,5c5c7940-d07e-4e92-8670-ac35e6a7e956,959034.8,6010464.7,Good,18
1785815040000,DUST-01,ad65284f-6a8b-444e-a5f7-d0dcf56b61f9,958916.57,6010442.53,Good,23
1785815040000,DUST-02,5c5c7940-d07e-4e92-8670-ac35e6a7e956,959034.8,6010464.7,Good,20
1785815100000,DUST-01,ad65284f-6a8b-444e-a5f7-d0dcf56b61f9,958916.57,6010442.53,Good,23
1785815100000,DUST-02,5c5c7940-d07e-4e92-8670-ac35e6a7e956,959034.8,6010464.7,Good,19
1785815160000,DUST-01,ad65284f-6a8b-444e-a5f7-d0dcf56b61f9,958916.57,6010442.53,Good,23
1785815160000,DUST-02,5c5c7940-d07e-4e92-8670-ac35e6a7e956,959034.8,6010464.7,Good,18
1785815220000,DUST-01,ad65284f-6a8b-444e-a5f7-d0dcf56b61f9,958916.57,6010442.53,Good,22
1785815220000,DUST-02,5c5c7940-d07e-4e92-8670-ac35e6a7e956,959034.8,6010464.7,Good,18
1785815280000,DUST-01,ad65284f-6a8b-444e-a5f7-d0dcf56b61f9,958916.57,6010442.53,Good,22
1785815280000,DUST-02,5c5c7940-d07e-4e92-8670-ac35e6a7e956,959034.8,6010464.7,Good,18
1785815340000,DUST-01,ad65284f-6a8b-444e-a5f7-d0dcf56b61f9,958916.57,6010442.53,Good,23
1785815340000,DUST-02,5c5c7940-d07e-4e92-8670-ac35e6a7e956,959034.8,6010464.7,Good,18
1785815400000,DUST-01,ad65284f-6a8b-444e-a5f7-d0dcf56b61f9,958916.57,6010442.53,Good,23
1785815400000,DUST-02,5c5c7940-d07e-4e92-8670-ac35e6a7e956,959034.8,6010464.7,Good,19
1785815460000,DUST-01,ad65284f-6a8b-444e-a5f7-d0dcf56b61f9,958916.57,6010442.53,Good,22
1785815460000,DUST-02,5c5c7940-d07e-4e92-8670-ac35e6a7e956,959034.8,6010464.7,Good,19
1785815520000,DUST-01,ad65284f-6a8b-444e-a5f7-d0dcf56b61f9,958916.57,6010442.53,Good,23
1785815520000,DUST-02,5c5c7940-d07e-4e92-8670-ac35e6a7e956,959034.8,6010464.7,Good,19
1785815580000,DUST-01,ad65284f-6a8b-444e-a5f7-d0dcf56b61f9,958916.57,6010442.53,Good,23
1785815580000,DUST-02,5c5c7940-d07e-4e92-8670-ac35e6a7e956,959034.8,6010464.7,Good,19
1785815640000,DUST-01,ad65284f-6a8b-444e-a5f7-d0dcf56b61f9,958916.57,6010442.53,Good,22
1785815640000,DUST-02,5c5c7940-d07e-4e92-8670-ac35e6a7e956,959034.8,6010464.7,Good,19
1785815700000,DUST-01,ad65284f-6a8b-444e-a5f7-d0dcf56b61f9,958916.57,6010442.53,Good,22
1785815700000,DUST-02,5c5c7940-d07e-4e92-8670-ac35e6a7e956,959034.8,6010464.7,Good,18
1785815760000,DUST-01,ad65284f-6a8b-444e-a5f7-d0dcf56b61f9,958916.57,6010442.53,Good,23
1785815760000,DUST-02,5c5c7940-d07e-4e92-8670-ac35e6a7e956,959034.8,6010464.7,Good,18
1785815820000,DUST-01,ad65284f-6a8b-444e-a5f7-d0dcf56b61f9,958916.57,6010442.53,Good,22
1785815820000,DUST-02,5c5c7940-d07e-4e92-8670-ac35e6a7e956,959034.8,6010464.7,Good,17
1785815880000,DUST-01,ad65284f-6a8b-444e-a5f7-d0dcf56b61f9,958916.57,6010442.53,Good,22
1785815880000,DUST-02,5c5c7940-d07e-4e92-8670-ac35e6a7e956,959034.8,6010464.7,Good,18
1785815940000,DUST-01,ad65284f-6a8b-444e-a5f7-d0dcf56b61f9,958916.57,6010442.53,Good,22
1785815940000,DUST-02,5c5c7940-d07e-4e92-8670-ac35e6a7e956,959034.8,6010464.7,Good,18
1785816000000,DUST-01,ad65284f-6a8b-444e-a5f7-d0dcf56b61f9,958916.57,6010442.53,Good,23
1785816000000,DUST-02,5c5c7940-d07e-4e92-8670-ac35e6a7e956,959034.8,6010464.7,Good,18
1785816060000,DUST-01,ad65284f-6a8b-444e-a5f7-d0dcf56b61f9,958916.57,6010442.53,Good,24
1785816060000,DUST-02,5c5c7940-d07e-4e92-8670-ac35e6a7e956,959034.8,6010464.7,Good,19
1785816120000,DUST-01,ad65284f-6a8b-444e-a5f7-d0dcf56b61f9,958916.57,6010442.53,Good,23
1785816120000,DUST-02,5c5c7940-d07e-4e92-8670-ac35e6a7e956,959034.8,6010464.7,Good,20
1785816180000,DUST-01,ad65284f-6a8b-444e-a5f7-d0dcf56b61f9,958916.57,6010442.53,Good,22
1785816180000,DUST-02,5c5c7940-d07e-4e92-8670-ac35e6a7e956,959034.8,6010464.7,Good,19
1785816240000,DUST-01,ad65284f-6a8b-444e-a5f7-d0dcf56b61f9,958916.57,6010442.53,Good,22
1785816240000,DUST-02,5c5c7940-d07e-4e92-8670-ac35e6a7e956,959034.8,6010464.7,Good,18
1785816300000,DUST-01,ad65284f-6a8b-444e-a5f7-d0dcf56b61f9,958916.57,6010442.53,Good,22
1785816300000,DUST-02,5c5c7940-d07e-4e92-8670-ac35e6a7e956,959034.8,6010464.7,Good,19
1785816360000,DUST-01,ad65284f-6a8b-444e-a5f7-d0dcf56b61f9,958916.57,6010442.53,Good,23
1785816360000,DUST-02,5c5c7940-d07e-4e92-8670-ac35e6a7e956,959034.8,6010464.7,Good,18
1785816420000,DUST-01,ad65284f-6a8b-444e-a5f7-d0dcf56b61f9,958916.57,6010442.53,Good,23
1785816420000,DUST-02,5c5c7940-d07e-4e92-8670-ac35e6a7e956,959034.8,6010464.7,Good,17
1785816480000,DUST-01,ad65284f-6a8b-444e-a5f7-d0dcf56b61f9,958916.57,6010442.53,Good,22
1785816480000,DUST-02,5c5c7940-d07e-4e92-8670-ac35e6a7e956,959034.8,6010464.7,Good,17
1785816540000,DUST-01,ad65284f-6a8b-444e-a5f7-d0dcf56b61f9,958916.57,6010442.53,Good,21
1785816540000,DUST-02,5c5c7940-d07e-4e92-8670-ac35e6a7e956,959034.8,6010464.7,Good,18
1785816600000,DUST-01,ad65284f-6a8b-444e-a5f7-d0dcf56b61f9,958916.57,6010442.53,Good,22
1785816600000,DUST-02,5c5c7940-d07e-4e92-8670-ac35e6a7e956,959034.8,6010464.7,Good,18
1785816660000,DUST-01,ad65284f-6a8b-444e-a5f7-d0dcf56b61f9,958916.57,6010442.53,Good,22
1785816660000,DUST-02,5c5c7940-d07e-4e92-8670-ac35e6a7e956,959034.8,6010464.7,Good,18
1785816720000,DUST-01,ad65284f-6a8b-444e-a5f7-d0dcf56b61f9,958916.57,6010442.53,Good,21
1785816720000,DUST-02,5c5c7940-d07e-4e92-8670-ac35e6a7e956,959034.8,6010464.7,Good,19
1785816780000,DUST-01,ad65284f-6a8b-444e-a5f7-d0dcf56b61f9,958916.57,6010442.53,Good,22
1785816780000,DUST-02,5c5c7940-d07e-4e92-8670-ac35e6a7e956,959034.8,6010464.7,Good,19
1785816840000,DUST-01,ad65284f-6a8b-444e-a5f7-d0dcf56b61f9,958916.57,6010442.53,Good,23
1785816840000,DUST-02,5c5c7940-d07e-4e92-8670-ac35e6a7e956,959034.8,6010464.7,Good,20
1785816900000,DUST-01,ad65284f-6a8b-444e-a5f7-d0dcf56b61f9,958916.57,6010442.53,Good,24
1785816900000,DUST-02,5c5c7940-d07e-4e92-8670-ac35e6a7e956,959034.8,6010464.7,Good,21
1785816960000,DUST-01,ad65284f-6a8b-444e-a5f7-d0dcf56b61f9,958916.57,6010442.53,Good,24
1785816960000,DUST-02,5c5c7940-d07e-4e92-8670-ac35e6a7e956,959034.8,6010464.7,Good,21
1785817020000,DUST-01,ad65284f-6a8b-444e-a5f7-d0dcf56b61f9,958916.57,6010442.53,Good,24
1785817020000,DUST-02,5c5c7940-d07e-4e92-8670-ac35e6a7e956,959034.8,6010464.7,Good,21
1785817080000,DUST-01,ad65284f-6a8b-444e-a5f7-d0dcf56b61f9,958916.57,6010442.53,Good,24
1785817080000,DUST-02,5c5c7940-d07e-4e92-8670-ac35e6a7e956,959034.8,6010464.7,Good,22
1785817140000,DUST-01,ad65284f-6a8b-444e-a5f7-d0dcf56b61f9,958916.57,6010442.53,Good,25
1785817140000,DUST-02,5c5c7940-d07e-4e92-8670-ac35e6a7e956,959034.8,6010464.7,Good,22
1785817200000,DUST-01,ad65284f-6a8b-444e-a5f7-d0dcf56b61f9,958916.57,6010442.53,Good,24
1785817200000,DUST-02,5c5c7940-d07e-4e92-8670-ac35e6a7e956,959034.8,6010464.7,Good,20
1785817260000,DUST-01,ad65284f-6a8b-444e-a5f7-d0dcf56b61f9,958916.57,6010442.53,Good,25
1785817260000,DUST-02,5c5c7940-d07e-4e92-8670-ac35e6a7e956,959034.8,6010464.7,Good,20
1785817320000,DUST-01,ad65284f-6a8b-444e-a5f7-d0dcf56b61f9,958916.57,6010442.53,Good,25
1785817320000,DUST-02,5c5c7940-d07e-4e92-8670-ac35e6a7e956,959034.8,6010464.7,Good,20
1785817380000,DUST-01,ad65284f-6a8b-444e-a5f7-d0dcf56b61f9,958916.57,6010442.53,Good,23
1785817380000,DUST-02,5c5c7940-d07e-4e92-8670-ac35e6a7e956,959034.8,6010464.7,Good,20
1785817440000,DUST-01,ad65284f-6a8b-444e-a5f7-d0dcf56b61f9,958916.57,6010442.53,Good,23
1785817440000,DUST-02,5c5c7940-d07e-4e92-8670-ac35e6a7e956,959034.8,6010464.7,Good,20
1785817500000,DUST-01,ad65284f-6a8b-444e-a5f7-d0dcf56b61f9,958916.57,6010442.53,Good,22
1785817500000,DUST-02,5c5c7940-d07e-4e92-8670-ac35e6a7e956,959034.8,6010464.7,Good,20
1785817560000,DUST-01,ad65284f-6a8b-444e-a5f7-d0dcf56b61f9,958916.57,6010442.53,Good,21
1785817560000,DUST-02,5c5c7940-d07e-4e92-8670-ac35e6a7e956,959034.8,6010464.7,Good,20
1785817620000,DUST-01,ad65284f-6a8b-444e-a5f7-d0dcf56b61f9,958916.57,6010442.53,Good,21
1785817620000,DUST-02,5c5c7940-d07e-4e92-8670-ac35e6a7e956,959034.8,6010464.7,Good,20
1785817680000,DUST-01,ad65284f-6a8b-444e-a5f7-d0dcf56b61f9,958916.57,6010442.53,Good,21
1785817680000,DUST-02,5c5c7940-d07e-4e92-8670-ac35e6a7e956,959034.8,6010464.7,Good,19
1785817740000,DUST-01,ad65284f-6a8b-444e-a5f7-d0dcf56b61f9,958916.57,6010442.53,Good,20
1785817740000,DUST-02,5c5c7940-d07e-4e92-8670-ac35e6a7e956,959034.8,6010464.7,Good,19
1785817800000,DUST-01,ad65284f-6a8b-444e-a5f7-d0dcf56b61f9,958916.57,6010442.53,Good,20
1785817800000,DUST-02,5c5c7940-d07e-4e92-8670-ac35e6a7e956,959034.8,6010464.7,Good,20
1785817860000,DUST-01,ad65284f-6a8b-444e-a5f7-d0dcf56b61f9,958916.57,6010442.53,Good,19
1785817860000,DUST-02,5c5c7940-d07e-4e92-8670-ac35e6a7e956,959034.8,6010464.7,Good,21
1785817920000,DUST-01,ad65284f-6a8b-444e-a5f7-d0dcf56b61f9,958916.57,6010442.53,Good,19
1785817920000,DUST-02,5c5c7940-d07e-4e92-8670-ac35e6a7e956,959034.8,6010464.7,Good,21
1785817980000,DUST-01,ad65284f-6a8b-444e-a5f7-d0dcf56b61f9,958916.57,6010442.53,Good,18
1785817980000,DUST-02,5c5c7940-d07e-4e92-8670-ac35e6a7e956,959034.8,6010464.7,Good,21
1785818040000,DUST-01,ad65284f-6a8b-444e-a5f7-d0dcf56b61f9,958916.57,6010442.53,Good,20
1785818040000,DUST-02,5c5c7940-d07e-4e92-8670-ac35e6a7e956,959034.8,6010464.7,Good,21
1785818100000,DUST-01,ad65284f-6a8b-444e-a5f7-d0dcf56b61f9,958916.57,6010442.53,Good,20
1785818100000,DUST-02,5c5c7940-d07e-4e92-8670-ac35e6a7e956,959034.8,6010464.7,Good,22
1785818160000,DUST-01,ad65284f-6a8b-444e-a5f7-d0dcf56b61f9,958916.57,6010442.53,Good,20
1785818160000,DUST-02,5c5c7940-d07e-4e92-8670-ac35e6a7e956,959034.8,6010464.7,Good,21
1785818220000,DUST-01,ad65284f-6a8b-444e-a5f7-d0dcf56b61f9,958916.57,6010442.53,Good,21
1785818220000,DUST-02,5c5c7940-d07e-4e92-8670-ac35e6a7e956,959034.8,6010464.7,Good,22
1785818280000,DUST-01,ad65284f-6a8b-444e-a5f7-d0dcf56b61f9,958916.57,6010442.53,Good,21
1785818280000,DUST-02,5c5c7940-d07e-4e92-8670-ac35e6a7e956,959034.8,6010464.7,Good,23
1785818340000,DUST-01,ad65284f-6a8b-444e-a5f7-d0dcf56b61f9,958916.57,6010442.53,Good,22
1785818340000,DUST-02,5c5c7940-d07e-4e92-8670-ac35e6a7e956,959034.8,6010464.7,Good,22
1785818400000,DUST-01,ad65284f-6a8b-444e-a5f7-d0dcf56b61f9,958916.57,6010442.53,Good,22
1785818400000,DUST-02,5c5c7940-d07e-4e92-8670-ac35e6a7e956,959034.8,6010464.7,Good,22
1785818460000,DUST-01,ad65284f-6a8b-444e-a5f7-d0dcf56b61f9,958916.57,6010442.53,Good,22
1785818460000,DUST-02,5c5c7940-d07e-4e92-8670-ac35e6a7e956,959034.8,6010464.7,Good,22
1785818520000,DUST-01,ad65284f-6a8b-444e-a5f7-d0dcf56b61f9,958916.57,6010442.53,Good,22
1785818520000,DUST-02,5c5c7940-d07e-4e92-8670-ac35e6a7e956,959034.8,6010464.7,Good,23
1785818580000,DUST-01,ad65284f-6a8b-444e-a5f7-d0dcf56b61f9,958916.57,6010442.53,Good,23
1785818580000,DUST-02,5c5c7940-d07e-4e92-8670-ac35e6a7e956,959034.8,6010464.7,Good,22
1785818640000,DUST-01,ad65284f-6a8b-444e-a5f7-d0dcf56b61f9,958916.57,6010442.53,Good,23
1785818640000,DUST-02,5c5c7940-d07e-4e92-8670-ac35e6a7e956,959034.8,6010464.7,Good,23
1785818700000,DUST-01,ad65284f-6a8b-444e-a5f7-d0dcf56b61f9,958916.57,6010442.53,Good,23
1785818700000,DUST-02,5c5c7940-d07e-4e92-8670-ac35e6a7e956,959034.8,6010464.7,Good,24
1785818760000,DUST-01,ad65284f-6a8b-444e-a5f7-d0dcf56b61f9,958916.57,6010442.53,Good,24
1785818760000,DUST-02,5c5c7940-d07e-4e92-8670-ac35e6a7e956,959034.8,6010464.7,Good,25
1785818820000,DUST-01,ad65284f-6a8b-444e-a5f7-d0dcf56b61f9,958916.57,6010442.53,Good,26
1785818820000,DUST-02,5c5c7940-d07e-4e92-8670-ac35e6a7e956,959034.8,6010464.7,Good,25
1785818880000,DUST-01,ad65284f-6a8b-444e-a5f7-d0dcf56b61f9,958916.57,6010442.53,Good,26
1785818880000,DUST-02,5c5c7940-d07e-4e92-8670-ac35e6a7e956,959034.8,6010464.7,Good,25
1785818940000,DUST-01,ad65284f-6a8b-444e-a5f7-d0dcf56b61f9,958916.57,6010442.53,Good,27
1785818940000,DUST-02,5c5c7940-d07e-4e92-8670-ac35e6a7e956,959034.8,6010464.7,Good,26
1785819000000,DUST-01,ad65284f-6a8b-444e-a5f7-d0dcf56b61f9,958916.57,6010442.53,Good,27
1785819000000,DUST-02,5c5c7940-d07e-4e92-8670-ac35e6a7e956,959034.8,6010464.7,Good,27
1785819060000,DUST-01,ad65284f-6a8b-444e-a5f7-d0dcf56b61f9,958916.57,6010442.53,Good,29
1785819060000,DUST-02,5c5c7940-d07e-4e92-8670-ac35e6a7e956,959034.8,6010464.7,Good,26
1785819120000,DUST-01,ad65284f-6a8b-444e-a5f7-d0dcf56b61f9,958916.57,6010442.53,Good,29
1785819120000,DUST-02,5c5c7940-d07e-4e92-8670-ac35e6a7e956,959034.8,6010464.7,Good,27
1785819180000,DUST-01,ad65284f-6a8b-444e-a5f7-d0dcf56b61f9,958916.57,6010442.53,Good,30
1785819180000,DUST-02,5c5c7940-d07e-4e92-8670-ac35e6a7e956,959034.8,6010464.7,Good,28
1785819240000,DUST-01,ad65284f-6a8b-444e-a5f7-d0dcf56b61f9,958916.57,6010442.53,Good,31
1785819240000,DUST-02,5c5c7940-d07e-4e92-8670-ac35e6a7e956,959034.8,6010464.7,Good,28
1785819300000,DUST-01,ad65284f-6a8b-444e-a5f7-d0dcf56b61f9,958916.57,6010442.53,Good,31
1785819300000,DUST-02,5c5c7940-d07e-4e92-8670-ac35e6a7e956,959034.8,6010464.7,Good,28
1785819360000,DUST-01,ad65284f-6a8b-444e-a5f7-d0dcf56b61f9,958916.57,6010442.53,Good,30
1785819360000,DUST-02,5c5c7940-d07e-4e92-8670-ac35e6a7e956,959034.8,6010464.7,Good,29
1785819420000,DUST-01,ad65284f-6a8b-444e-a5f7-d0dcf56b61f9,958916.57,6010442.53,Good,32
1785819420000,DUST-02,5c5c7940-d07e-4e92-8670-ac35e6a7e956,959034.8,6010464.7,Good,29
1785819480000,DUST-01,ad65284f-6a8b-444e-a5f7-d0dcf56b61f9,958916.57,6010442.53,Good,33
1785819480000,DUST-02,5c5c7940-d07e-4e92-8670-ac35e6a7e956,959034.8,6010464.7,Good,29
1785819540000,DUST-01,ad65284f-6a8b-444e-a5f7-d0dcf56b61f9,958916.57,6010442.53,Good,33
1785819540000,DUST-02,5c5c7940-d07e-4e92-8670-ac35e6a7e956,959034.8,6010464.7,Good,29
1785819600000,DUST-01,ad65284f-6a8b-444e-a5f7-d0dcf56b61f9,958916.57,6010442.53,Good,34
1785819600000,DUST-02,5c5c7940-d07e-4e92-8670-ac35e6a7e956,959034.8,6010464.7,Good,28
1785819660000,DUST-01,ad65284f-6a8b-444e-a5f7-d0dcf56b61f9,958916.57,6010442.53,Good,33
1785819660000,DUST-02,5c5c7940-d07e-4e92-8670-ac35e6a7e956,959034.8,6010464.7,Good,28
1785819720000,DUST-01,ad65284f-6a8b-444e-a5f7-d0dcf56b61f9,958916.57,6010442.53,Good,33
1785819720000,DUST-02,5c5c7940-d07e-4e92-8670-ac35e6a7e956,959034.8,6010464.7,Good,28
1785819780000,DUST-01,ad65284f-6a8b-444e-a5f7-d0dcf56b61f9,958916.57,6010442.53,Good,34
1785819780000,DUST-02,5c5c7940-d07e-4e92-8670-ac35e6a7e956,959034.8,6010464.7,Good,28
1785819840000,DUST-01,ad65284f-6a8b-444e-a5f7-d0dcf56b61f9,958916.57,6010442.53,Good,34
1785819840000,DUST-02,5c5c7940-d07e-4e92-8670-ac35e6a7e956,959034.8,6010464.7,Good,29
1785819900000,DUST-01,ad65284f-6a8b-444e-a5f7-d0dcf56b61f9,958916.57,6010442.53,Good,35
1785819900000,DUST-02,5c5c7940-d07e-4e92-8670-ac35e6a7e956,959034.8,6010464.7,Good,29
1785819960000,DUST-01,ad65284f-6a8b-444e-a5f7-d0dcf56b61f9,958916.57,6010442.53,Good,36
1785819960000,DUST-02,5c5c7940-d07e-4e92-8670-ac35e6a7e956,959034.8,6010464.7,Good,28
1785820020000,DUST-01,ad65284f-6a8b-444e-a5f7-d0dcf56b61f9,958916.57,6010442.53,Good,37
1785820020000,DUST-02,5c5c7940-d07e-4e92-8670-ac35e6a7e956,959034.8,6010464.7,Good,29
1785820080000,DUST-01,ad65284f-6a8b-444e-a5f7-d0dcf56b61f9,958916.57,6010442.53,Good,37
1785820080000,DUST-02,5c5c7940-d07e-4e92-8670-ac35e6a7e956,959034.8,6010464.7,Good,30
1785820140000,DUST-01,ad65284f-6a8b-444e-a5f7-d0dcf56b61f9,958916.57,6010442.53,Good,38
1785820140000,DUST-02,5c5c7940-d07e-4e92-8670-ac35e6a7e956,959034.8,6010464.7,Good,30
1785820200000,DUST-01,ad65284f-6a8b-444e-a5f7-d0dcf56b61f9,958916.57,6010442.53,Good,40
1785820200000,DUST-02,5c5c7940-d07e-4e92-8670-ac35e6a7e956,959034.8,6010464.7,Good,30
1785820260000,DUST-01,ad65284f-6a8b-444e-a5f7-d0dcf56b61f9,958916.57,6010442.53,Good,40
1785820260000,DUST-02,5c5c7940-d07e-4e92-8670-ac35e6a7e956,959034.8,6010464.7,Good,31
1785820320000,DUST-01,ad65284f-6a8b-444e-a5f7-d0dcf56b61f9,958916.57,6010442.53,Good,42
1785820320000,DUST-02,5c5c7940-d07e-4e92-8670-ac35e6a7e956,959034.8,6010464.7,Good,32
1785820380000,DUST-01,ad65284f-6a8b-444e-a5f7-d0dcf56b61f9,958916.57,6010442.53,Good,42
1785820380000,DUST-02,5c5c7940-d07e-4e92-8670-ac35e6a7e956,959034.8,6010464.7,Good,32
1785820440000,DUST-01,ad65284f-6a8b-444e-a5f7-d0dcf56b61f9,958916.57,6010442.53,Good,44
1785820440000,DUST-02,5c5c7940-d07e-4e92-8670-ac35e6a7e956,959034.8,6010464.7,Good,33
1785820500000,DUST-01,ad65284f-6a8b-444e-a5f7-d0dcf56b61f9,958916.57,6010442.53,Good,45
1785820500000,DUST-02,5c5c7940-d07e-4e92-8670-ac35e6a7e956,959034.8,6010464.7,Good,33
1785820560000,DUST-01,ad65284f-6a8b-444e-a5f7-d0dcf56b61f9,958916.57,6010442.53,Good,45
1785820560000,DUST-02,5c5c7940-d07e-4e92-8670-ac35e6a7e956,959034.8,6010464.7,Good,34
1785820620000,DUST-01,ad65284f-6a8b-444e-a5f7-d0dcf56b61f9,958916.57,6010442.53,Good,46
1785820620000,DUST-02,5c5c7940-d07e-4e92-8670-ac35e6a7e956,959034.8,6010464.7,Good,35
1785820680000,DUST-01,ad65284f-6a8b-444e-a5f7-d0dcf56b61f9,958916.57,6010442.53,Good,46
1785820680000,DUST-02,5c5c7940-d07e-4e92-8670-ac35e6a7e956,959034.8,6010464.7,Good,37
1785820740000,DUST-01,ad65284f-6a8b-444e-a5f7-d0dcf56b61f9,958916.57,6010442.53,Good,46
1785820740000,DUST-02,5c5c7940-d07e-4e92-8670-ac35e6a7e956,959034.8,6010464.7,Good,38
1785820800000,DUST-01,ad65284f-6a8b-444e-a5f7-d0dcf56b61f9,958916.57,6010442.53,Good,48
1785820800000,DUST-02,5c5c7940-d07e-4e92-8670-ac35e6a7e956,959034.8,6010464.7,Good,37
1785820860000,DUST-01,ad65284f-6a8b-444e-a5f7-d0dcf56b61f9,958916.57,6010442.53,Good,47
1785820860000,DUST-02,5c5c7940-d07e-4e92-8670-ac35e6a7e956,959034.8,6010464.7,Good,37
1785820920000,DUST-01,ad65284f-6a8b-444e-a5f7-d0dcf56b61f9,958916.57,6010442.53,Good,49
1785820920000,DUST-02,5c5c7940-d07e-4e92-8670-ac35e6a7e956,959034.8,6010464.7,Good,38
1785820980000,DUST-01,ad65284f-6a8b-444e-a5f7-d0dcf56b61f9,958916.57,6010442.53,Good,49
1785820980000,DUST-02,5c5c7940-d07e-4e92-8670-ac35e6a7e956,959034.8,6010464.7,Good,39
1785821040000,DUST-01,ad65284f-6a8b-444e-a5f7-d0dcf56b61f9,958916.57,6010442.53,Good,49
1785821040000,DUST-02,5c5c7940-d07e-4e92-8670-ac35e6a7e956,959034.8,6010464.7,Good,40
1785821100000,DUST-01,ad65284f-6a8b-444e-a5f7-d0dcf56b61f9,958916.57,6010442.53,Good,49
1785821100000,DUST-02,5c5c7940-d07e-4e92-8670-ac35e6a7e956,959034.8,6010464.7,Good,40
1785821160000,DUST-01,ad65284f-6a8b-444e-a5f7-d0dcf56b61f9,958916.57,6010442.53,Moderate,51
1785821160000,DUST-02,5c5c7940-d07e-4e92-8670-ac35e6a7e956,959034.8,6010464.7,Good,40
1785821220000,DUST-01,ad65284f-6a8b-444e-a5f7-d0dcf56b61f9,958916.57,6010442.53,Moderate,51
1785821220000,DUST-02,5c5c7940-d07e-4e92-8670-ac35e6a7e956,959034.8,6010464.7,Good,39
1785821280000,DUST-01,ad65284f-6a8b-444e-a5f7-d0dcf56b61f9,958916.57,6010442.53,Moderate,52
1785821280000,DUST-02,5c5c7940-d07e-4e92-8670-ac35e6a7e956,959034.8,6010464.7,Good,41
1785821340000,DUST-01,ad65284f-6a8b-444e-a5f7-d0dcf56b61f9,958916.57,6010442.53,Moderate,52
1785821340000,DUST-02,5c5c7940-d07e-4e92-8670-ac35e6a7e956,959034.8,6010464.7,Good,41
1785821400000,DUST-01,ad65284f-6a8b-444e-a5f7-d0dcf56b61f9,958916.57,6010442.53,Moderate,52
1785821400000,DUST-02,5c5c7940-d07e-4e92-8670-ac35e6a7e956,959034.8,6010464.7,Good,41
1785821460000,DUST-01,ad65284f-6a8b-444e-a5f7-d0dcf56b61f9,958916.57,6010442.53,Moderate,52
1785821460000,DUST-02,5c5c7940-d07e-4e92-8670-ac35e6a7e956,959034.8,6010464.7,Good,42
1785821520000,DUST-01,ad65284f-6a8b-444e-a5f7-d0dcf56b61f9,958916.57,6010442.53,Moderate,52
1785821520000,DUST-02,5c5c7940-d07e-4e92-8670-ac35e6a7e956,959034.8,6010464.7,Good,43
1785821580000,DUST-01,ad65284f-6a8b-444e-a5f7-d0dcf56b61f9,958916.57,6010442.53,Moderate,54
1785821580000,DUST-02,5c5c7940-d07e-4e92-8670-ac35e6a7e956,959034.8,6010464.7,Good,45
1785821640000,DUST-01,ad65284f-6a8b-444e-a5f7-d0dcf56b61f9,958916.57,6010442.53,Moderate,54
1785821640000,DUST-02,5c5c7940-d07e-4e92-8670-ac35e6a7e956,959034.8,6010464.7,Good,45
1785821700000,DUST-01,ad65284f-6a8b-444e-a5f7-d0dcf56b61f9,958916.57,6010442.53,Moderate,56
1785821700000,DUST-02,5c5c7940-d07e-4e92-8670-ac35e6a7e956,959034.8,6010464.7,Good,45
1785821760000,DUST-01,ad65284f-6a8b-444e-a5f7-d0dcf56b61f9,958916.57,6010442.53,Moderate,57
1785821760000,DUST-02,5c5c7940-d07e-4e92-8670-ac35e6a7e956,959034.8,6010464.7,Good,44
1785821820000,DUST-01,ad65284f-6a8b-444e-a5f7-d0dcf56b61f9,958916.57,6010442.53,Moderate,58
1785821820000,DUST-02,5c5c7940-d07e-4e92-8670-ac35e6a7e956,959034.8,6010464.7,Good,45
1785821880000,DUST-01,ad65284f-6a8b-444e-a5f7-d0dcf56b61f9,958916.57,6010442.53,Moderate,58
1785821880000,DUST-02,5c5c7940-d07e-4e92-8670-ac35e6a7e956,959034.8,6010464.7,Good,46
1785821940000,DUST-01,ad65284f-6a8b-444e-a5f7-d0dcf56b61f9,958916.57,6010442.53,Moderate,57
1785821940000,DUST-02,5c5c7940-d07e-4e92-8670-ac35e6a7e956,959034.8,6010464.7,Good,46
1785822000000,DUST-01,ad65284f-6a8b-444e-a5f7-d0dcf56b61f9,958916.57,6010442.53,Moderate,58
1785822000000,DUST-02,5c5c7940-d07e-4e92-8670-ac35e6a7e956,959034.8,6010464.7,Good,45
1785822060000,DUST-01,ad65284f-6a8b-444e-a5f7-d0dcf56b61f9,958916.57,6010442.53,Moderate,59
1785822060000,DUST-02,5c5c7940-d07e-4e92-8670-ac35e6a7e956,959034.8,6010464.7,Good,47
1785822120000,DUST-01,ad65284f-6a8b-444e-a5f7-d0dcf56b61f9,958916.57,6010442.53,Moderate,59
1785822120000,DUST-02,5c5c7940-d07e-4e92-8670-ac35e6a7e956,959034.8,6010464.7,Good,48
1785822180000,DUST-01,ad65284f-6a8b-444e-a5f7-d0dcf56b61f9,958916.57,6010442.53,Moderate,61
1785822180000,DUST-02,5c5c7940-d07e-4e92-8670-ac35e6a7e956,959034.8,6010464.7,Good,48
1785822240000,DUST-01,ad65284f-6a8b-444e-a5f7-d0dcf56b61f9,958916.57,6010442.53,Moderate,61
1785822240000,DUST-02,5c5c7940-d07e-4e92-8670-ac35e6a7e956,959034.8,6010464.7,Good,48
1785822300000,DUST-01,ad65284f-6a8b-444e-a5f7-d0dcf56b61f9,958916.57,6010442.53,Moderate,61
1785822300000,DUST-02,5c5c7940-d07e-4e92-8670-ac35e6a7e956,959034.8,6010464.7,Good,48
1785822360000,DUST-01,ad65284f-6a8b-444e-a5f7-d0dcf56b61f9,958916.57,6010442.53,Moderate,61
1785822360000,DUST-02,5c5c7940-d07e-4e92-8670-ac35e6a7e956,959034.8,6010464.7,Good,47
1785822420000,DUST-01,ad65284f-6a8b-444e-a5f7-d0dcf56b61f9,958916.57,6010442.53,Moderate,63
1785822420000,DUST-02,5c5c7940-d07e-4e92-8670-ac35e6a7e956,959034.8,6010464.7,Good,47
1785822480000,DUST-01,ad65284f-6a8b-444e-a5f7-d0dcf56b61f9,958916.57,6010442.53,Moderate,65
1785822480000,DUST-02,5c5c7940-d07e-4e92-8670-ac35e6a7e956,959034.8,6010464.7,Good,48
1785822540000,DUST-01,ad65284f-6a8b-444e-a5f7-d0dcf56b61f9,958916.57,6010442.53,Moderate,66
1785822540000,DUST-02,5c5c7940-d07e-4e92-8670-ac35e6a7e956,959034.8,6010464.7,Good,49
1785822600000,DUST-01,ad65284f-6a8b-444e-a5f7-d0dcf56b61f9,958916.57,6010442.53,Moderate,68
1785822600000,DUST-02,5c5c7940-d07e-4e92-8670-ac35e6a7e956,959034.8,6010464.7,Good,49
1785822660000,DUST-01,ad65284f-6a8b-444e-a5f7-d0dcf56b61f9,958916.57,6010442.53,Moderate,68
1785822660000,DUST-02,5c5c7940-d07e-4e92-8670-ac35e6a7e956,959034.8,6010464.7,Good,50
1785822720000,DUST-01,ad65284f-6a8b-444e-a5f7-d0dcf56b61f9,958916.57,6010442.53,Moderate,68
1785822720000,DUST-02,5c5c7940-d07e-4e92-8670-ac35e6a7e956,959034.8,6010464.7,Good,50
1785822780000,DUST-01,ad65284f-6a8b-444e-a5f7-d0dcf56b61f9,958916.57,6010442.53,Moderate,69
1785822780000,DUST-02,5c5c7940-d07e-4e92-8670-ac35e6a7e956,959034.8,6010464.7,Good,50
1785822840000,DUST-01,ad65284f-6a8b-444e-a5f7-d0dcf56b61f9,958916.57,6010442.53,Moderate,69
1785822840000,DUST-02,5c5c7940-d07e-4e92-8670-ac35e6a7e956,959034.8,6010464.7,Moderate,50
1785822900000,DUST-01,ad65284f-6a8b-444e-a5f7-d0dcf56b61f9,958916.57,6010442.53,Moderate,69
1785822900000,DUST-02,5c5c7940-d07e-4e92-8670-ac35e6a7e956,959034.8,6010464.7,Moderate,51
1785822960000,DUST-01,ad65284f-6a8b-444e-a5f7-d0dcf56b61f9,958916.57,6010442.53,Moderate,71
1785822960000,DUST-02,5c5c7940-d07e-4e92-8670-ac35e6a7e956,959034.8,6010464.7,Moderate,52
1785823020000,DUST-01,ad65284f-6a8b-444e-a5f7-d0dcf56b61f9,958916.57,6010442.53,Moderate,72
1785823020000,DUST-02,5c5c7940-d07e-4e92-8670-ac35e6a7e956,959034.8,6010464.7,Moderate,53
1785823080000,DUST-01,ad65284f-6a8b-444e-a5f7-d0dcf56b61f9,958916.57,6010442.53,Moderate,74
1785823080000,DUST-02,5c5c7940-d07e-4e92-8670-ac35e6a7e956,959034.8,6010464.7,Moderate,53
1785823140000,DUST-01,ad65284f-6a8b-444e-a5f7-d0dcf56b61f9,958916.57,6010442.53,Moderate,74
1785823140000,DUST-02,5c5c7940-d07e-4e92-8670-ac35e6a7e956,959034.8,6010464.7,Moderate,55
1785823200000,DUST-01,ad65284f-6a8b-444e-a5f7-d0dcf56b61f9,958916.57,6010442.53,High,76
1785823200000,DUST-02,5c5c7940-d07e-4e92-8670-ac35e6a7e956,959034.8,6010464.7,Moderate,55
1785823260000,DUST-01,ad65284f-6a8b-444e-a5f7-d0dcf56b61f9,958916.57,6010442.53,High,77
1785823260000,DUST-02,5c5c7940-d07e-4e92-8670-ac35e6a7e956,959034.8,6010464.7,Moderate,56
1785823320000,DUST-01,ad65284f-6a8b-444e-a5f7-d0dcf56b61f9,958916.57,6010442.53,High,77
1785823320000,DUST-02,5c5c7940-d07e-4e92-8670-ac35e6a7e956,959034.8,6010464.7,Moderate,57
1785823380000,DUST-01,ad65284f-6a8b-444e-a5f7-d0dcf56b61f9,958916.57,6010442.53,High,76
1785823380000,DUST-02,5c5c7940-d07e-4e92-8670-ac35e6a7e956,959034.8,6010464.7,Moderate,57
1785823440000,DUST-01,ad65284f-6a8b-444e-a5f7-d0dcf56b61f9,958916.57,6010442.53,High,77
1785823440000,DUST-02,5c5c7940-d07e-4e92-8670-ac35e6a7e956,959034.8,6010464.7,Moderate,58
1785823500000,DUST-01,ad65284f-6a8b-444e-a5f7-d0dcf56b61f9,958916.57,6010442.53,High,79
1785823500000,DUST-02,5c5c7940-d07e-4e92-8670-ac35e6a7e956,959034.8,6010464.7,Moderate,57
1785823560000,DUST-01,ad65284f-6a8b-444e-a5f7-d0dcf56b61f9,958916.57,6010442.53,High,78
1785823560000,DUST-02,5c5c7940-d07e-4e92-8670-ac35e6a7e956,959034.8,6010464.7,Moderate,58
1785823620000,DUST-01,ad65284f-6a8b-444e-a5f7-d0dcf56b61f9,958916.57,6010442.53,High,77
1785823620000,DUST-02,5c5c7940-d07e-4e92-8670-ac35e6a7e956,959034.8,6010464.7,Moderate,58
1785823680000,DUST-01,ad65284f-6a8b-444e-a5f7-d0dcf56b61f9,958916.57,6010442.53,High,79
1785823680000,DUST-02,5c5c7940-d07e-4e92-8670-ac35e6a7e956,959034.8,6010464.7,Moderate,57
1785823740000,DUST-01,ad65284f-6a8b-444e-a5f7-d0dcf56b61f9,958916.57,6010442.53,High,79
1785823740000,DUST-02,5c5c7940-d07e-4e92-8670-ac35e6a7e956,959034.8,6010464.7,Moderate,58
1785823800000,DUST-01,ad65284f-6a8b-444e-a5f7-d0dcf56b61f9,958916.57,6010442.53,High,78
1785823800000,DUST-02,5c5c7940-d07e-4e92-8670-ac35e6a7e956,959034.8,6010464.7,Moderate,58
1785823860000,DUST-01,ad65284f-6a8b-444e-a5f7-d0dcf56b61f9,958916.57,6010442.53,High,78
1785823860000,DUST-02,5c5c7940-d07e-4e92-8670-ac35e6a7e956,959034.8,6010464.7,Moderate,58
1785823920000,DUST-01,ad65284f-6a8b-444e-a5f7-d0dcf56b61f9,958916.57,6010442.53,High,77
1785823920000,DUST-02,5c5c7940-d07e-4e92-8670-ac35e6a7e956,959034.8,6010464.7,Moderate,57
1785823980000,DUST-01,ad65284f-6a8b-444e-a5f7-d0dcf56b61f9,958916.57,6010442.53,High,78
1785823980000,DUST-02,5c5c7940-d07e-4e92-8670-ac35e6a7e956,959034.8,6010464.7,Moderate,57
1785824040000,DUST-01,ad65284f-6a8b-444e-a5f7-d0dcf56b61f9,958916.57,6010442.53,High,77
1785824040000,DUST-02,5c5c7940-d07e-4e92-8670-ac35e6a7e956,959034.8,6010464.7,Moderate,58
1785824100000,DUST-01,ad65284f-6a8b-444e-a5f7-d0dcf56b61f9,958916.57,6010442.53,High,78
1785824100000,DUST-02,5c5c7940-d07e-4e92-8670-ac35e6a7e956,959034.8,6010464.7,Moderate,59
1785824160000,DUST-01,ad65284f-6a8b-444e-a5f7-d0dcf56b61f9,958916.57,6010442.53,High,77
1785824160000,DUST-02,5c5c7940-d07e-4e92-8670-ac35e6a7e956,959034.8,6010464.7,Moderate,59
1785824220000,DUST-01,ad65284f-6a8b-444e-a5f7-d0dcf56b61f9,958916.57,6010442.53,High,78
1785824220000,DUST-02,5c5c7940-d07e-4e92-8670-ac35e6a7e956,959034.8,6010464.7,Moderate,59
1785824280000,DUST-01,ad65284f-6a8b-444e-a5f7-d0dcf56b61f9,958916.57,6010442.53,High,78
1785824280000,DUST-02,5c5c7940-d07e-4e92-8670-ac35e6a7e956,959034.8,6010464.7,Moderate,58
1785824340000,DUST-01,ad65284f-6a8b-444e-a5f7-d0dcf56b61f9,958916.57,6010442.53,High,77
1785824340000,DUST-02,5c5c7940-d07e-4e92-8670-ac35e6a7e956,959034.8,6010464.7,Moderate,58
1785824400000,DUST-01,ad65284f-6a8b-444e-a5f7-d0dcf56b61f9,958916.57,6010442.53,High,78
1785824400000,DUST-02,5c5c7940-d07e-4e92-8670-ac35e6a7e956,959034.8,6010464.7,Moderate,59
1785824460000,DUST-01,ad65284f-6a8b-444e-a5f7-d0dcf56b61f9,958916.57,6010442.53,High,77
1785824460000,DUST-02,5c5c7940-d07e-4e92-8670-ac35e6a7e956,959034.8,6010464.7,Moderate,60
1785824520000,DUST-01,ad65284f-6a8b-444e-a5f7-d0dcf56b61f9,958916.57,6010442.53,High,76
1785824520000,DUST-02,5c5c7940-d07e-4e92-8670-ac35e6a7e956,959034.8,6010464.7,Moderate,61
1785824580000,DUST-01,ad65284f-6a8b-444e-a5f7-d0dcf56b61f9,958916.57,6010442.53,High,75
1785824580000,DUST-02,5c5c7940-d07e-4e92-8670-ac35e6a7e956,959034.8,6010464.7,Moderate,61
1785824640000,DUST-01,ad65284f-6a8b-444e-a5f7-d0dcf56b61f9,958916.57,6010442.53,Moderate,75
1785824640000,DUST-02,5c5c7940-d07e-4e92-8670-ac35e6a7e956,959034.8,6010464.7,Moderate,62
1785824700000,DUST-01,ad65284f-6a8b-444e-a5f7-d0dcf56b61f9,958916.57,6010442.53,Moderate,75
1785824700000,DUST-02,5c5c7940-d07e-4e92-8670-ac35e6a7e956,959034.8,6010464.7,Moderate,62
1785824760000,DUST-01,ad65284f-6a8b-444e-a5f7-d0dcf56b61f9,958916.57,6010442.53,High,76
1785824760000,DUST-02,5c5c7940-d07e-4e92-8670-ac35e6a7e956,959034.8,6010464.7,Moderate,61
1785824820000,DUST-01,ad65284f-6a8b-444e-a5f7-d0dcf56b61f9,958916.57,6010442.53,High,77
1785824820000,DUST-02,5c5c7940-d07e-4e92-8670-ac35e6a7e956,959034.8,6010464.7,Moderate,60
1785824880000,DUST-01,ad65284f-6a8b-444e-a5f7-d0dcf56b61f9,958916.57,6010442.53,High,78
1785824880000,DUST-02,5c5c7940-d07e-4e92-8670-ac35e6a7e956,959034.8,6010464.7,Moderate,61
1785824940000,DUST-01,ad65284f-6a8b-444e-a5f7-d0dcf56b61f9,958916.57,6010442.53,High,77
1785824940000,DUST-02,5c5c7940-d07e-4e92-8670-ac35e6a7e956,959034.8,6010464.7,Moderate,62
1785825000000,DUST-01,ad65284f-6a8b-444e-a5f7-d0dcf56b61f9,958916.57,6010442.53,High,76
1785825000000,DUST-02,5c5c7940-d07e-4e92-8670-ac35e6a7e956,959034.8,6010464.7,Moderate,61
1785825060000,DUST-01,ad65284f-6a8b-444e-a5f7-d0dcf56b61f9,958916.57,6010442.53,High,76
1785825060000,DUST-02,5c5c7940-d07e-4e92-8670-ac35e6a7e956,959034.8,6010464.7,Moderate,61
1785825120000,DUST-01,ad65284f-6a8b-444e-a5f7-d0dcf56b61f9,958916.57,6010442.53,High,76
1785825120000,DUST-02,5c5c7940-d07e-4e92-8670-ac35e6a7e956,959034.8,6010464.7,Moderate,60
1785825180000,DUST-01,ad65284f-6a8b-444e-a5f7-d0dcf56b61f9,958916.57,6010442.53,High,76
1785825180000,DUST-02,5c5c7940-d07e-4e92-8670-ac35e6a7e956,959034.8,6010464.7,Moderate,60
1785825240000,DUST-01,ad65284f-6a8b-444e-a5f7-d0dcf56b61f9,958916.57,6010442.53,High,77
1785825240000,DUST-02,5c5c7940-d07e-4e92-8670-ac35e6a7e956,959034.8,6010464.7,Moderate,60
1785825300000,DUST-01,ad65284f-6a8b-444e-a5f7-d0dcf56b61f9,958916.57,6010442.53,High,76
1785825300000,DUST-02,5c5c7940-d07e-4e92-8670-ac35e6a7e956,959034.8,6010464.7,Moderate,60
1785825360000,DUST-01,ad65284f-6a8b-444e-a5f7-d0dcf56b61f9,958916.57,6010442.53,High,76
1785825360000,DUST-02,5c5c7940-d07e-4e92-8670-ac35e6a7e956,959034.8,6010464.7,Moderate,59
1785825420000,DUST-01,ad65284f-6a8b-444e-a5f7-d0dcf56b61f9,958916.57,6010442.53,High,76
1785825420000,DUST-02,5c5c7940-d07e-4e92-8670-ac35e6a7e956,959034.8,6010464.7,Moderate,59
1785825480000,DUST-01,ad65284f-6a8b-444e-a5f7-d0dcf56b61f9,958916.57,6010442.53,High,76
1785825480000,DUST-02,5c5c7940-d07e-4e92-8670-ac35e6a7e956,959034.8,6010464.7,Moderate,58
1785825540000,DUST-01,ad65284f-6a8b-444e-a5f7-d0dcf56b61f9,958916.57,6010442.53,High,76
1785825540000,DUST-02,5c5c7940-d07e-4e92-8670-ac35e6a7e956,959034.8,6010464.7,Moderate,59
1785825600000,DUST-01,ad65284f-6a8b-444e-a5f7-d0dcf56b61f9,958916.57,6010442.53,High,76
1785825600000,DUST-02,5c5c7940-d07e-4e92-8670-ac35e6a7e956,959034.8,6010464.7,Moderate,59
1785825660000,DUST-01,ad65284f-6a8b-444e-a5f7-d0dcf56b61f9,958916.57,6010442.53,High,77
1785825660000,DUST-02,5c5c7940-d07e-4e92-8670-ac35e6a7e956,959034.8,6010464.7,Moderate,59
1785825720000,DUST-01,ad65284f-6a8b-444e-a5f7-d0dcf56b61f9,958916.57,6010442.53,High,77
1785825720000,DUST-02,5c5c7940-d07e-4e92-8670-ac35e6a7e956,959034.8,6010464.7,Moderate,60
1785825780000,DUST-01,ad65284f-6a8b-444e-a5f7-d0dcf56b61f9,958916.57,6010442.53,High,76
1785825780000,DUST-02,5c5c7940-d07e-4e92-8670-ac35e6a7e956,959034.8,6010464.7,Moderate,59
1785825840000,DUST-01,ad65284f-6a8b-444e-a5f7-d0dcf56b61f9,958916.57,6010442.53,High,76
1785825840000,DUST-02,5c5c7940-d07e-4e92-8670-ac35e6a7e956,959034.8,6010464.7,Moderate,60
1785825900000,DUST-01,ad65284f-6a8b-444e-a5f7-d0dcf56b61f9,958916.57,6010442.53,High,76
1785825900000,DUST-02,5c5c7940-d07e-4e92-8670-ac35e6a7e956,959034.8,6010464.7,Moderate,61
1785825960000,DUST-01,ad65284f-6a8b-444e-a5f7-d0dcf56b61f9,958916.57,6010442.53,High,76
1785825960000,DUST-02,5c5c7940-d07e-4e92-8670-ac35e6a7e956,959034.8,6010464.7,Moderate,60
1785826020000,DUST-01,ad65284f-6a8b-444e-a5f7-d0dcf56b61f9,958916.57,6010442.53,High,77
1785826020000,DUST-02,5c5c7940-d07e-4e92-8670-ac35e6a7e956,959034.8,6010464.7,Moderate,60
1785826080000,DUST-01,ad65284f-6a8b-444e-a5f7-d0dcf56b61f9,958916.57,6010442.53,High,78
1785826080000,DUST-02,5c5c7940-d07e-4e92-8670-ac35e6a7e956,959034.8,6010464.7,Moderate,61
1785826140000,DUST-01,ad65284f-6a8b-444e-a5f7-d0dcf56b61f9,958916.57,6010442.53,High,78
1785826140000,DUST-02,5c5c7940-d07e-4e92-8670-ac35e6a7e956,959034.8,6010464.7,Moderate,61
1785826200000,DUST-01,ad65284f-6a8b-444e-a5f7-d0dcf56b61f9,958916.57,6010442.53,High,78
1785826200000,DUST-02,5c5c7940-d07e-4e92-8670-ac35e6a7e956,959034.8,6010464.7,Moderate,62
1785826260000,DUST-01,ad65284f-6a8b-444e-a5f7-d0dcf56b61f9,958916.57,6010442.53,High,77
1785826260000,DUST-02,5c5c7940-d07e-4e92-8670-ac35e6a7e956,959034.8,6010464.7,Moderate,62
1785826320000,DUST-01,ad65284f-6a8b-444e-a5f7-d0dcf56b61f9,958916.57,6010442.53,High,77
1785826320000,DUST-02,5c5c7940-d07e-4e92-8670-ac35e6a7e956,959034.8,6010464.7,Moderate,61
1785826380000,DUST-01,ad65284f-6a8b-444e-a5f7-d0dcf56b61f9,958916.57,6010442.53,High,76
1785826380000,DUST-02,5c5c7940-d07e-4e92-8670-ac35e6a7e956,959034.8,6010464.7,Moderate,61
1785826440000,DUST-01,ad65284f-6a8b-444e-a5f7-d0dcf56b61f9,958916.57,6010442.53,High,76
1785826440000,DUST-02,5c5c7940-d07e-4e92-8670-ac35e6a7e956,959034.8,6010464.7,Moderate,61
1785826500000,DUST-01,ad65284f-6a8b-444e-a5f7-d0dcf56b61f9,958916.57,6010442.53,High,77
1785826500000,DUST-02,5c5c7940-d07e-4e92-8670-ac35e6a7e956,959034.8,6010464.7,Moderate,61
1785826560000,DUST-01,ad65284f-6a8b-444e-a5f7-d0dcf56b61f9,958916.57,6010442.53,High,76
1785826560000,DUST-02,5c5c7940-d07e-4e92-8670-ac35e6a7e956,959034.8,6010464.7,Moderate,61
1785826620000,DUST-01,ad65284f-6a8b-444e-a5f7-d0dcf56b61f9,958916.57,6010442.53,High,77
1785826620000,DUST-02,5c5c7940-d07e-4e92-8670-ac35e6a7e956,959034.8,6010464.7,Moderate,62
1785826680000,DUST-01,ad65284f-6a8b-444e-a5f7-d0dcf56b61f9,958916.57,6010442.53,High,78
1785826680000,DUST-02,5c5c7940-d07e-4e92-8670-ac35e6a7e956,959034.8,6010464.7,Moderate,63
1785826740000,DUST-01,ad65284f-6a8b-444e-a5f7-d0dcf56b61f9,958916.57,6010442.53,High,79
1785826740000,DUST-02,5c5c7940-d07e-4e92-8670-ac35e6a7e956,959034.8,6010464.7,Moderate,63
1785826800000,DUST-01,ad65284f-6a8b-444e-a5f7-d0dcf56b61f9,958916.57,6010442.53,High,78
1785826800000,DUST-02,5c5c7940-d07e-4e92-8670-ac35e6a7e956,959034.8,6010464.7,Moderate,64
1785826860000,DUST-01,ad65284f-6a8b-444e-a5f7-d0dcf56b61f9,958916.57,6010442.53,High,79
1785826860000,DUST-02,5c5c7940-d07e-4e92-8670-ac35e6a7e956,959034.8,6010464.7,Moderate,64
1785826920000,DUST-01,ad65284f-6a8b-444e-a5f7-d0dcf56b61f9,958916.57,6010442.53,High,79
1785826920000,DUST-02,5c5c7940-d07e-4e92-8670-ac35e6a7e956,959034.8,6010464.7,Moderate,64
1785826980000,DUST-01,ad65284f-6a8b-444e-a5f7-d0dcf56b61f9,958916.57,6010442.53,High,78
1785826980000,DUST-02,5c5c7940-d07e-4e92-8670-ac35e6a7e956,959034.8,6010464.7,Moderate,63
1785827040000,DUST-01,ad65284f-6a8b-444e-a5f7-d0dcf56b61f9,958916.57,6010442.53,High,78
1785827040000,DUST-02,5c5c7940-d07e-4e92-8670-ac35e6a7e956,959034.8,6010464.7,Moderate,63
1785827100000,DUST-01,ad65284f-6a8b-444e-a5f7-d0dcf56b61f9,958916.57,6010442.53,High,78
1785827100000,DUST-02,5c5c7940-d07e-4e92-8670-ac35e6a7e956,959034.8,6010464.7,Moderate,63
1785827160000,DUST-01,ad65284f-6a8b-444e-a5f7-d0dcf56b61f9,958916.57,6010442.53,High,79
1785827160000,DUST-02,5c5c7940-d07e-4e92-8670-ac35e6a7e956,959034.8,6010464.7,Moderate,63
1785827220000,DUST-01,ad65284f-6a8b-444e-a5f7-d0dcf56b61f9,958916.57,6010442.53,High,80
1785827220000,DUST-02,5c5c7940-d07e-4e92-8670-ac35e6a7e956,959034.8,6010464.7,Moderate,62
1785827280000,DUST-01,ad65284f-6a8b-444e-a5f7-d0dcf56b61f9,958916.57,6010442.53,High,79
1785827280000,DUST-02,5c5c7940-d07e-4e92-8670-ac35e6a7e956,959034.8,6010464.7,Moderate,63
1785827340000,DUST-01,ad65284f-6a8b-444e-a5f7-d0dcf56b61f9,958916.57,6010442.53,High,79
1785827340000,DUST-02,5c5c7940-d07e-4e92-8670-ac35e6a7e956,959034.8,6010464.7,Moderate,62
1785827400000,DUST-01,ad65284f-6a8b-444e-a5f7-d0dcf56b61f9,958916.57,6010442.53,High,79
1785827400000,DUST-02,5c5c7940-d07e-4e92-8670-ac35e6a7e956,959034.8,6010464.7,Moderate,61
1785827460000,DUST-01,ad65284f-6a8b-444e-a5f7-d0dcf56b61f9,958916.57,6010442.53,High,79
1785827460000,DUST-02,5c5c7940-d07e-4e92-8670-ac35e6a7e956,959034.8,6010464.7,Moderate,61
1785827520000,DUST-01,ad65284f-6a8b-444e-a5f7-d0dcf56b61f9,958916.57,6010442.53,High,79
1785827520000,DUST-02,5c5c7940-d07e-4e92-8670-ac35e6a7e956,959034.8,6010464.7,Moderate,61
1785827580000,DUST-01,ad65284f-6a8b-444e-a5f7-d0dcf56b61f9,958916.57,6010442.53,High,79
1785827580000,DUST-02,5c5c7940-d07e-4e92-8670-ac35e6a7e956,959034.8,6010464.7,Moderate,60
1785827640000,DUST-01,ad65284f-6a8b-444e-a5f7-d0dcf56b61f9,958916.57,6010442.53,High,80
1785827640000,DUST-02,5c5c7940-d07e-4e92-8670-ac35e6a7e956,959034.8,6010464.7,Moderate,59
1785827700000,DUST-01,ad65284f-6a8b-444e-a5f7-d0dcf56b61f9,958916.57,6010442.53,High,80
1785827700000,DUST-02,5c5c7940-d07e-4e92-8670-ac35e6a7e956,959034.8,6010464.7,Moderate,60
1785827760000,DUST-01,ad65284f-6a8b-444e-a5f7-d0dcf56b61f9,958916.57,6010442.53,High,79
1785827760000,DUST-02,5c5c7940-d07e-4e92-8670-ac35e6a7e956,959034.8,6010464.7,Moderate,59
1785827820000,DUST-01,ad65284f-6a8b-444e-a5f7-d0dcf56b61f9,958916.57,6010442.53,High,78
1785827820000,DUST-02,5c5c7940-d07e-4e92-8670-ac35e6a7e956,959034.8,6010464.7,Moderate,60
1785827880000,DUST-01,ad65284f-6a8b-444e-a5f7-d0dcf56b61f9,958916.57,6010442.53,High,79
1785827880000,DUST-02,5c5c7940-d07e-4e92-8670-ac35e6a7e956,959034.8,6010464.7,Moderate,60
1785827940000,DUST-01,ad65284f-6a8b-444e-a5f7-d0dcf56b61f9,958916.57,6010442.53,High,79
1785827940000,DUST-02,5c5c7940-d07e-4e92-8670-ac35e6a7e956,959034.8,6010464.7,Moderate,59
1785828000000,DUST-01,ad65284f-6a8b-444e-a5f7-d0dcf56b61f9,958916.57,6010442.53,High,78
1785828000000,DUST-02,5c5c7940-d07e-4e92-8670-ac35e6a7e956,959034.8,6010464.7,Moderate,60
1785828060000,DUST-01,ad65284f-6a8b-444e-a5f7-d0dcf56b61f9,958916.57,6010442.53,High,77
1785828060000,DUST-02,5c5c7940-d07e-4e92-8670-ac35e6a7e956,959034.8,6010464.7,Moderate,59
1785828120000,DUST-01,ad65284f-6a8b-444e-a5f7-d0dcf56b61f9,958916.57,6010442.53,High,76
1785828120000,DUST-02,5c5c7940-d07e-4e92-8670-ac35e6a7e956,959034.8,6010464.7,Moderate,58
1785828180000,DUST-01,ad65284f-6a8b-444e-a5f7-d0dcf56b61f9,958916.57,6010442.53,High,77
1785828180000,DUST-02,5c5c7940-d07e-4e92-8670-ac35e6a7e956,959034.8,6010464.7,Moderate,59
1785828240000,DUST-01,ad65284f-6a8b-444e-a5f7-d0dcf56b61f9,958916.57,6010442.53,High,77
1785828240000,DUST-02,5c5c7940-d07e-4e92-8670-ac35e6a7e956,959034.8,6010464.7,Moderate,58
1785828300000,DUST-01,ad65284f-6a8b-444e-a5f7-d0dcf56b61f9,958916.57,6010442.53,High,77
1785828300000,DUST-02,5c5c7940-d07e-4e92-8670-ac35e6a7e956,959034.8,6010464.7,Moderate,58
1785828360000,DUST-01,ad65284f-6a8b-444e-a5f7-d0dcf56b61f9,958916.57,6010442.53,High,77
1785828360000,DUST-02,5c5c7940-d07e-4e92-8670-ac35e6a7e956,959034.8,6010464.7,Moderate,57
1785828420000,DUST-01,ad65284f-6a8b-444e-a5f7-d0dcf56b61f9,958916.57,6010442.53,High,76
1785828420000,DUST-02,5c5c7940-d07e-4e92-8670-ac35e6a7e956,959034.8,6010464.7,Moderate,56
1785828480000,DUST-01,ad65284f-6a8b-444e-a5f7-d0dcf56b61f9,958916.57,6010442.53,High,75
1785828480000,DUST-02,5c5c7940-d07e-4e92-8670-ac35e6a7e956,959034.8,6010464.7,Moderate,57
1785828540000,DUST-01,ad65284f-6a8b-444e-a5f7-d0dcf56b61f9,958916.57,6010442.53,Moderate,75
1785828540000,DUST-02,5c5c7940-d07e-4e92-8670-ac35e6a7e956,959034.8,6010464.7,Moderate,57
1785828600000,DUST-01,ad65284f-6a8b-444e-a5f7-d0dcf56b61f9,958916.57,6010442.53,Moderate,74
1785828600000,DUST-02,5c5c7940-d07e-4e92-8670-ac35e6a7e956,959034.8,6010464.7,Moderate,57
1785828660000,DUST-01,ad65284f-6a8b-444e-a5f7-d0dcf56b61f9,958916.57,6010442.53,High,75
1785828660000,DUST-02,5c5c7940-d07e-4e92-8670-ac35e6a7e956,959034.8,6010464.7,Moderate,57
1785828720000,DUST-01,ad65284f-6a8b-444e-a5f7-d0dcf56b61f9,958916.57,6010442.53,High,76
1785828720000,DUST-02,5c5c7940-d07e-4e92-8670-ac35e6a7e956,959034.8,6010464.7,Moderate,56
1785828780000,DUST-01,ad65284f-6a8b-444e-a5f7-d0dcf56b61f9,958916.57,6010442.53,Moderate,75
1785828780000,DUST-02,5c5c7940-d07e-4e92-8670-ac35e6a7e956,959034.8,6010464.7,Moderate,57
1785828840000,DUST-01,ad65284f-6a8b-444e-a5f7-d0dcf56b61f9,958916.57,6010442.53,High,76
1785828840000,DUST-02,5c5c7940-d07e-4e92-8670-ac35e6a7e956,959034.8,6010464.7,Moderate,56
1785828900000,DUST-01,ad65284f-6a8b-444e-a5f7-d0dcf56b61f9,958916.57,6010442.53,High,76
1785828900000,DUST-02,5c5c7940-d07e-4e92-8670-ac35e6a7e956,959034.8,6010464.7,Moderate,57
1785828960000,DUST-01,ad65284f-6a8b-444e-a5f7-d0dcf56b61f9,958916.57,6010442.53,High,76
1785828960000,DUST-02,5c5c7940-d07e-4e92-8670-ac35e6a7e956,959034.8,6010464.7,Moderate,57
1785829020000,DUST-01,ad65284f-6a8b-444e-a5f7-d0dcf56b61f9,958916.57,6010442.53,High,75
1785829020000,DUST-02,5c5c7940-d07e-4e92-8670-ac35e6a7e956,959034.8,6010464.7,Moderate,56
1785829080000,DUST-01,ad65284f-6a8b-444e-a5f7-d0dcf56b61f9,958916.57,6010442.53,High,77
1785829080000,DUST-02,5c5c7940-d07e-4e92-8670-ac35e6a7e956,959034.8,6010464.7,Moderate,56
1785829140000,DUST-01,ad65284f-6a8b-444e-a5f7-d0dcf56b61f9,958916.57,6010442.53,High,76
1785829140000,DUST-02,5c5c7940-d07e-4e92-8670-ac35e6a7e956,959034.8,6010464.7,Moderate,56
1785829200000,DUST-01,ad65284f-6a8b-444e-a5f7-d0dcf56b61f9,958916.57,6010442.53,High,77
1785829200000,DUST-02,5c5c7940-d07e-4e92-8670-ac35e6a7e956,959034.8,6010464.7,Moderate,56
1785829260000,DUST-01,ad65284f-6a8b-444e-a5f7-d0dcf56b61f9,958916.57,6010442.53,High,78
1785829260000,DUST-02,5c5c7940-d07e-4e92-8670-ac35e6a7e956,959034.8,6010464.7,Moderate,55
1785829320000,DUST-01,ad65284f-6a8b-444e-a5f7-d0dcf56b61f9,958916.57,6010442.53,High,77
1785829320000,DUST-02,5c5c7940-d07e-4e92-8670-ac35e6a7e956,959034.8,6010464.7,Moderate,56
1785829380000,DUST-01,ad65284f-6a8b-444e-a5f7-d0dcf56b61f9,958916.57,6010442.53,High,78
1785829380000,DUST-02,5c5c7940-d07e-4e92-8670-ac35e6a7e956,959034.8,6010464.7,Moderate,58
1785829440000,DUST-01,ad65284f-6a8b-444e-a5f7-d0dcf56b61f9,958916.57,6010442.53,High,77
1785829440000,DUST-02,5c5c7940-d07e-4e92-8670-ac35e6a7e956,959034.8,6010464.7,Moderate,58
1785829500000,DUST-01,ad65284f-6a8b-444e-a5f7-d0dcf56b61f9,958916.57,6010442.53,High,76
1785829500000,DUST-02,5c5c7940-d07e-4e92-8670-ac35e6a7e956,959034.8,6010464.7,Moderate,58
1785829560000,DUST-01,ad65284f-6a8b-444e-a5f7-d0dcf56b61f9,958916.57,6010442.53,High,77
1785829560000,DUST-02,5c5c7940-d07e-4e92-8670-ac35e6a7e956,959034.8,6010464.7,Moderate,59
1785829620000,DUST-01,ad65284f-6a8b-444e-a5f7-d0dcf56b61f9,958916.57,6010442.53,High,77
1785829620000,DUST-02,5c5c7940-d07e-4e92-8670-ac35e6a7e956,959034.8,6010464.7,Moderate,60
1785829680000,DUST-01,ad65284f-6a8b-444e-a5f7-d0dcf56b61f9,958916.57,6010442.53,High,76
1785829680000,DUST-02,5c5c7940-d07e-4e92-8670-ac35e6a7e956,959034.8,6010464.7,Moderate,61
1785829740000,DUST-01,ad65284f-6a8b-444e-a5f7-d0dcf56b61f9,958916.57,6010442.53,High,76
1785829740000,DUST-02,5c5c7940-d07e-4e92-8670-ac35e6a7e956,959034.8,6010464.7,Moderate,60
1785829800000,DUST-01,ad65284f-6a8b-444e-a5f7-d0dcf56b61f9,958916.57,6010442.53,High,76
1785829800000,DUST-02,5c5c7940-d07e-4e92-8670-ac35e6a7e956,959034.8,6010464.7,Moderate,61
1785829860000,DUST-01,ad65284f-6a8b-444e-a5f7-d0dcf56b61f9,958916.57,6010442.53,Moderate,75
1785829860000,DUST-02,5c5c7940-d07e-4e92-8670-ac35e6a7e956,959034.8,6010464.7,Moderate,60
1785829920000,DUST-01,ad65284f-6a8b-444e-a5f7-d0dcf56b61f9,958916.57,6010442.53,High,76
1785829920000,DUST-02,5c5c7940-d07e-4e92-8670-ac35e6a7e956,959034.8,6010464.7,Moderate,60
1785829980000,DUST-01,ad65284f-6a8b-444e-a5f7-d0dcf56b61f9,958916.57,6010442.53,High,75
1785829980000,DUST-02,5c5c7940-d07e-4e92-8670-ac35e6a7e956,959034.8,6010464.7,Moderate,60
1785830040000,DUST-01,ad65284f-6a8b-444e-a5f7-d0dcf56b61f9,958916.57,6010442.53,Moderate,75
1785830040000,DUST-02,5c5c7940-d07e-4e92-8670-ac35e6a7e956,959034.8,6010464.7,Moderate,61
1785830100000,DUST-01,ad65284f-6a8b-444e-a5f7-d0dcf56b61f9,958916.57,6010442.53,Moderate,75
1785830100000,DUST-02,5c5c7940-d07e-4e92-8670-ac35e6a7e956,959034.8,6010464.7,Moderate,62
1785830160000,DUST-01,ad65284f-6a8b-444e-a5f7-d0dcf56b61f9,958916.57,6010442.53,High,76
1785830160000,DUST-02,5c5c7940-d07e-4e92-8670-ac35e6a7e956,959034.8,6010464.7,Moderate,60
1785830220000,DUST-01,ad65284f-6a8b-444e-a5f7-d0dcf56b61f9,958916.57,6010442.53,High,76
1785830220000,DUST-02,5c5c7940-d07e-4e92-8670-ac35e6a7e956,959034.8,6010464.7,Moderate,60
1785830280000,DUST-01,ad65284f-6a8b-444e-a5f7-d0dcf56b61f9,958916.57,6010442.53,High,76
1785830280000,DUST-02,5c5c7940-d07e-4e92-8670-ac35e6a7e956,959034.8,6010464.7,Moderate,61
1785830340000,DUST-01,ad65284f-6a8b-444e-a5f7-d0dcf56b61f9,958916.57,6010442.53,High,76
1785830340000,DUST-02,5c5c7940-d07e-4e92-8670-ac35e6a7e956,959034.8,6010464.7,Moderate,60
1785830400000,DUST-01,ad65284f-6a8b-444e-a5f7-d0dcf56b61f9,958916.57,6010442.53,High,76
1785830400000,DUST-02,5c5c7940-d07e-4e92-8670-ac35e6a7e956,959034.8,6010464.7,Moderate,59
1785830460000,DUST-01,ad65284f-6a8b-444e-a5f7-d0dcf56b61f9,958916.57,6010442.53,High,77
1785830460000,DUST-02,5c5c7940-d07e-4e92-8670-ac35e6a7e956,959034.8,6010464.7,Moderate,60
1785830520000,DUST-01,ad65284f-6a8b-444e-a5f7-d0dcf56b61f9,958916.57,6010442.53,High,77
1785830520000,DUST-02,5c5c7940-d07e-4e92-8670-ac35e6a7e956,959034.8,6010464.7,Moderate,59
1785830580000,DUST-01,ad65284f-6a8b-444e-a5f7-d0dcf56b61f9,958916.57,6010442.53,High,76
1785830580000,DUST-02,5c5c7940-d07e-4e92-8670-ac35e6a7e956,959034.8,6010464.7,Moderate,59
1785830640000,DUST-01,ad65284f-6a8b-444e-a5f7-d0dcf56b61f9,958916.57,6010442.53,High,76
1785830640000,DUST-02,5c5c7940-d07e-4e92-8670-ac35e6a7e956,959034.8,6010464.7,Moderate,59
1785830700000,DUST-01,ad65284f-6a8b-444e-a5f7-d0dcf56b61f9,958916.57,6010442.53,High,77
1785830700000,DUST-02,5c5c7940-d07e-4e92-8670-ac35e6a7e956,959034.8,6010464.7,Moderate,58
1785830760000,DUST-01,ad65284f-6a8b-444e-a5f7-d0dcf56b61f9,958916.57,6010442.53,High,76
1785830760000,DUST-02,5c5c7940-d07e-4e92-8670-ac35e6a7e956,959034.8,6010464.7,Moderate,59
1785830820000,DUST-01,ad65284f-6a8b-444e-a5f7-d0dcf56b61f9,958916.57,6010442.53,High,77
1785830820000,DUST-02,5c5c7940-d07e-4e92-8670-ac35e6a7e956,959034.8,6010464.7,Moderate,60
1785830880000,DUST-01,ad65284f-6a8b-444e-a5f7-d0dcf56b61f9,958916.57,6010442.53,High,77
1785830880000,DUST-02,5c5c7940-d07e-4e92-8670-ac35e6a7e956,959034.8,6010464.7,Moderate,59
1785830940000,DUST-01,ad65284f-6a8b-444e-a5f7-d0dcf56b61f9,958916.57,6010442.53,High,77
1785830940000,DUST-02,5c5c7940-d07e-4e92-8670-ac35e6a7e956,959034.8,6010464.7,Moderate,58
1785831000000,DUST-01,ad65284f-6a8b-444e-a5f7-d0dcf56b61f9,958916.57,6010442.53,High,77
1785831000000,DUST-02,5c5c7940-d07e-4e92-8670-ac35e6a7e956,959034.8,6010464.7,Moderate,58
1785831060000,DUST-01,ad65284f-6a8b-444e-a5f7-d0dcf56b61f9,958916.57,6010442.53,High,76
1785831060000,DUST-02,5c5c7940-d07e-4e92-8670-ac35e6a7e956,959034.8,6010464.7,Moderate,58
1785831120000,DUST-01,ad65284f-6a8b-444e-a5f7-d0dcf56b61f9,958916.57,6010442.53,High,76
1785831120000,DUST-02,5c5c7940-d07e-4e92-8670-ac35e6a7e956,959034.8,6010464.7,Moderate,58
1785831180000,DUST-01,ad65284f-6a8b-444e-a5f7-d0dcf56b61f9,958916.57,6010442.53,High,76
1785831180000,DUST-02,5c5c7940-d07e-4e92-8670-ac35e6a7e956,959034.8,6010464.7,Moderate,59
1785831240000,DUST-01,ad65284f-6a8b-444e-a5f7-d0dcf56b61f9,958916.57,6010442.53,High,76
1785831240000,DUST-02,5c5c7940-d07e-4e92-8670-ac35e6a7e956,959034.8,6010464.7,Moderate,60
1785831300000,DUST-01,ad65284f-6a8b-444e-a5f7-d0dcf56b61f9,958916.57,6010442.53,High,78
1785831300000,DUST-02,5c5c7940-d07e-4e92-8670-ac35e6a7e956,959034.8,6010464.7,Moderate,60
1785831360000,DUST-01,ad65284f-6a8b-444e-a5f7-d0dcf56b61f9,958916.57,6010442.53,High,78
1785831360000,DUST-02,5c5c7940-d07e-4e92-8670-ac35e6a7e956,959034.8,6010464.7,Moderate,60
1785831420000,DUST-01,ad65284f-6a8b-444e-a5f7-d0dcf56b61f9,958916.57,6010442.53,High,77
1785831420000,DUST-02,5c5c7940-d07e-4e92-8670-ac35e6a7e956,959034.8,6010464.7,Moderate,60
1785831480000,DUST-01,ad65284f-6a8b-444e-a5f7-d0dcf56b61f9,958916.57,6010442.53,High,77
1785831480000,DUST-02,5c5c7940-d07e-4e92-8670-ac35e6a7e956,959034.8,6010464.7,Moderate,59
1785831540000,DUST-01,ad65284f-6a8b-444e-a5f7-d0dcf56b61f9,958916.57,6010442.53,High,77
1785831540000,DUST-02,5c5c7940-d07e-4e92-8670-ac35e6a7e956,959034.8,6010464.7,Moderate,59
1785831600000,DUST-01,ad65284f-6a8b-444e-a5f7-d0dcf56b61f9,958916.57,6010442.53,High,78
1785831600000,DUST-02,5c5c7940-d07e-4e92-8670-ac35e6a7e956,959034.8,6010464.7,Moderate,59
1785831660000,DUST-01,ad65284f-6a8b-444e-a5f7-d0dcf56b61f9,958916.57,6010442.53,High,77
1785831660000,DUST-02,5c5c7940-d07e-4e92-8670-ac35e6a7e956,959034.8,6010464.7,Moderate,58
1785831720000,DUST-01,ad65284f-6a8b-444e-a5f7-d0dcf56b61f9,958916.57,6010442.53,High,77
1785831720000,DUST-02,5c5c7940-d07e-4e92-8670-ac35e6a7e956,959034.8,6010464.7,Moderate,58
1785831780000,DUST-01,ad65284f-6a8b-444e-a5f7-d0dcf56b61f9,958916.57,6010442.53,High,77
1785831780000,DUST-02,5c5c7940-d07e-4e92-8670-ac35e6a7e956,959034.8,6010464.7,Moderate,58
1785831840000,DUST-01,ad65284f-6a8b-444e-a5f7-d0dcf56b61f9,958916.57,6010442.53,High,78
1785831840000,DUST-02,5c5c7940-d07e-4e92-8670-ac35e6a7e956,959034.8,6010464.7,Moderate,59
1785831900000,DUST-01,ad65284f-6a8b-444e-a5f7-d0dcf56b61f9,958916.57,6010442.53,High,78
1785831900000,DUST-02,5c5c7940-d07e-4e92-8670-ac35e6a7e956,959034.8,6010464.7,Moderate,58
1785831960000,DUST-01,ad65284f-6a8b-444e-a5f7-d0dcf56b61f9,958916.57,6010442.53,High,78
1785831960000,DUST-02,5c5c7940-d07e-4e92-8670-ac35e6a7e956,959034.8,6010464.7,Moderate,58
1785832020000,DUST-01,ad65284f-6a8b-444e-a5f7-d0dcf56b61f9,958916.57,6010442.53,High,77
1785832020000,DUST-02,5c5c7940-d07e-4e92-8670-ac35e6a7e956,959034.8,6010464.7,Moderate,58
1785832080000,DUST-01,ad65284f-6a8b-444e-a5f7-d0dcf56b61f9,958916.57,6010442.53,High,77
1785832080000,DUST-02,5c5c7940-d07e-4e92-8670-ac35e6a7e956,959034.8,6010464.7,Moderate,59
1785832140000,DUST-01,ad65284f-6a8b-444e-a5f7-d0dcf56b61f9,958916.57,6010442.53,High,76
1785832140000,DUST-02,5c5c7940-d07e-4e92-8670-ac35e6a7e956,959034.8,6010464.7,Moderate,60
1785832200000,DUST-01,ad65284f-6a8b-444e-a5f7-d0dcf56b61f9,958916.57,6010442.53,High,76
1785832200000,DUST-02,5c5c7940-d07e-4e92-8670-ac35e6a7e956,959034.8,6010464.7,Moderate,59
1785832260000,DUST-01,ad65284f-6a8b-444e-a5f7-d0dcf56b61f9,958916.57,6010442.53,High,76
1785832260000,DUST-02,5c5c7940-d07e-4e92-8670-ac35e6a7e956,959034.8,6010464.7,Moderate,59
1785832320000,DUST-01,ad65284f-6a8b-444e-a5f7-d0dcf56b61f9,958916.57,6010442.53,High,75
1785832320000,DUST-02,5c5c7940-d07e-4e92-8670-ac35e6a7e956,959034.8,6010464.7,Moderate,58
1785832380000,DUST-01,ad65284f-6a8b-444e-a5f7-d0dcf56b61f9,958916.57,6010442.53,Moderate,74
1785832380000,DUST-02,5c5c7940-d07e-4e92-8670-ac35e6a7e956,959034.8,6010464.7,Moderate,59
1785832440000,DUST-01,ad65284f-6a8b-444e-a5f7-d0dcf56b61f9,958916.57,6010442.53,High,76
1785832440000,DUST-02,5c5c7940-d07e-4e92-8670-ac35e6a7e956,959034.8,6010464.7,Moderate,60
1785832500000,DUST-01,ad65284f-6a8b-444e-a5f7-d0dcf56b61f9,958916.57,6010442.53,High,75
1785832500000,DUST-02,5c5c7940-d07e-4e92-8670-ac35e6a7e956,959034.8,6010464.7,Moderate,59
1785832560000,DUST-01,ad65284f-6a8b-444e-a5f7-d0dcf56b61f9,958916.57,6010442.53,High,76
1785832560000,DUST-02,5c5c7940-d07e-4e92-8670-ac35e6a7e956,959034.8,6010464.7,Moderate,59
1785832620000,DUST-01,ad65284f-6a8b-444e-a5f7-d0dcf56b61f9,958916.57,6010442.53,High,76
1785832620000,DUST-02,5c5c7940-d07e-4e92-8670-ac35e6a7e956,959034.8,6010464.7,Moderate,59
1785832680000,DUST-01,ad65284f-6a8b-444e-a5f7-d0dcf56b61f9,958916.57,6010442.53,High,77
1785832680000,DUST-02,5c5c7940-d07e-4e92-8670-ac35e6a7e956,959034.8,6010464.7,Moderate,59
1785832740000,DUST-01,ad65284f-6a8b-444e-a5f7-d0dcf56b61f9,958916.57,6010442.53,High,76
1785832740000,DUST-02,5c5c7940-d07e-4e92-8670-ac35e6a7e956,959034.8,6010464.7,Moderate,58
1785832800000,DUST-01,ad65284f-6a8b-444e-a5f7-d0dcf56b61f9,958916.57,6010442.53,High,76
1785832800000,DUST-02,5c5c7940-d07e-4e92-8670-ac35e6a7e956,959034.8,6010464.7,Moderate,58
1785832860000,DUST-01,ad65284f-6a8b-444e-a5f7-d0dcf56b61f9,958916.57,6010442.53,High,77
1785832860000,DUST-02,5c5c7940-d07e-4e92-8670-ac35e6a7e956,959034.8,6010464.7,Moderate,59
1785832920000,DUST-01,ad65284f-6a8b-444e-a5f7-d0dcf56b61f9,958916.57,6010442.53,High,77
1785832920000,DUST-02,5c5c7940-d07e-4e92-8670-ac35e6a7e956,959034.8,6010464.7,Moderate,60
1785832980000,DUST-01,ad65284f-6a8b-444e-a5f7-d0dcf56b61f9,958916.57,6010442.53,High,77
1785832980000,DUST-02,5c5c7940-d07e-4e92-8670-ac35e6a7e956,959034.8,6010464.7,Moderate,61
1785833040000,DUST-01,ad65284f-6a8b-444e-a5f7-d0dcf56b61f9,958916.57,6010442.53,High,77
1785833040000,DUST-02,5c5c7940-d07e-4e92-8670-ac35e6a7e956,959034.8,6010464.7,Moderate,61
1785833100000,DUST-01,ad65284f-6a8b-444e-a5f7-d0dcf56b61f9,958916.57,6010442.53,High,77
1785833100000,DUST-02,5c5c7940-d07e-4e92-8670-ac35e6a7e956,959034.8,6010464.7,Moderate,61
1785833160000,DUST-01,ad65284f-6a8b-444e-a5f7-d0dcf56b61f9,958916.57,6010442.53,High,77
1785833160000,DUST-02,5c5c7940-d07e-4e92-8670-ac35e6a7e956,959034.8,6010464.7,Moderate,62
1785833220000,DUST-01,ad65284f-6a8b-444e-a5f7-d0dcf56b61f9,958916.57,6010442.53,High,76
1785833220000,DUST-02,5c5c7940-d07e-4e92-8670-ac35e6a7e956,959034.8,6010464.7,Moderate,62
1785833280000,DUST-01,ad65284f-6a8b-444e-a5f7-d0dcf56b61f9,958916.57,6010442.53,High,78
1785833280000,DUST-02,5c5c7940-d07e-4e92-8670-ac35e6a7e956,959034.8,6010464.7,Moderate,63
1785833340000,DUST-01,ad65284f-6a8b-444e-a5f7-d0dcf56b61f9,958916.57,6010442.53,High,77
1785833340000,DUST-02,5c5c7940-d07e-4e92-8670-ac35e6a7e956,959034.8,6010464.7,Moderate,62
1785833400000,DUST-01,ad65284f-6a8b-444e-a5f7-d0dcf56b61f9,958916.57,6010442.53,High,77
1785833400000,DUST-02,5c5c7940-d07e-4e92-8670-ac35e6a7e956,959034.8,6010464.7,Moderate,62
1785833460000,DUST-01,ad65284f-6a8b-444e-a5f7-d0dcf56b61f9,958916.57,6010442.53,High,78
1785833460000,DUST-02,5c5c7940-d07e-4e92-8670-ac35e6a7e956,959034.8,6010464.7,Moderate,62
1785833520000,DUST-01,ad65284f-6a8b-444e-a5f7-d0dcf56b61f9,958916.57,6010442.53,High,77
1785833520000,DUST-02,5c5c7940-d07e-4e92-8670-ac35e6a7e956,959034.8,6010464.7,Moderate,62
1785833580000,DUST-01,ad65284f-6a8b-444e-a5f7-d0dcf56b61f9,958916.57,6010442.53,High,76
1785833580000,DUST-02,5c5c7940-d07e-4e92-8670-ac35e6a7e956,959034.8,6010464.7,Moderate,61
1785833640000,DUST-01,ad65284f-6a8b-444e-a5f7-d0dcf56b61f9,958916.57,6010442.53,High,77
1785833640000,DUST-02,5c5c7940-d07e-4e92-8670-ac35e6a7e956,959034.8,6010464.7,Moderate,61
1785833700000,DUST-01,ad65284f-6a8b-444e-a5f7-d0dcf56b61f9,958916.57,6010442.53,High,77
1785833700000,DUST-02,5c5c7940-d07e-4e92-8670-ac35e6a7e956,959034.8,6010464.7,Moderate,61
1785833760000,DUST-01,ad65284f-6a8b-444e-a5f7-d0dcf56b61f9,958916.57,6010442.53,High,76
1785833760000,DUST-02,5c5c7940-d07e-4e92-8670-ac35e6a7e956,959034.8,6010464.7,Moderate,61
1785833820000,DUST-01,ad65284f-6a8b-444e-a5f7-d0dcf56b61f9,958916.57,6010442.53,High,75
1785833820000,DUST-02,5c5c7940-d07e-4e92-8670-ac35e6a7e956,959034.8,6010464.7,Moderate,62
1785833880000,DUST-01,ad65284f-6a8b-444e-a5f7-d0dcf56b61f9,958916.57,6010442.53,High,75
1785833880000,DUST-02,5c5c7940-d07e-4e92-8670-ac35e6a7e956,959034.8,6010464.7,Moderate,61
1785833940000,DUST-01,ad65284f-6a8b-444e-a5f7-d0dcf56b61f9,958916.57,6010442.53,High,76
1785833940000,DUST-02,5c5c7940-d07e-4e92-8670-ac35e6a7e956,959034.8,6010464.7,Moderate,61
1785834000000,DUST-01,ad65284f-6a8b-444e-a5f7-d0dcf56b61f9,958916.57,6010442.53,High,77
1785834000000,DUST-02,5c5c7940-d07e-4e92-8670-ac35e6a7e956,959034.8,6010464.7,Moderate,62
1785834060000,DUST-01,ad65284f-6a8b-444e-a5f7-d0dcf56b61f9,958916.57,6010442.53,High,76
1785834060000,DUST-02,5c5c7940-d07e-4e92-8670-ac35e6a7e956,959034.8,6010464.7,Moderate,63
1785834120000,DUST-01,ad65284f-6a8b-444e-a5f7-d0dcf56b61f9,958916.57,6010442.53,High,75
1785834120000,DUST-02,5c5c7940-d07e-4e92-8670-ac35e6a7e956,959034.8,6010464.7,Moderate,63
1785834180000,DUST-01,ad65284f-6a8b-444e-a5f7-d0dcf56b61f9,958916.57,6010442.53,Moderate,75
1785834180000,DUST-02,5c5c7940-d07e-4e92-8670-ac35e6a7e956,959034.8,6010464.7,Moderate,63
1785834240000,DUST-01,ad65284f-6a8b-444e-a5f7-d0dcf56b61f9,958916.57,6010442.53,Moderate,75
1785834240000,DUST-02,5c5c7940-d07e-4e92-8670-ac35e6a7e956,959034.8,6010464.7,Moderate,62
1785834300000,DUST-01,ad65284f-6a8b-444e-a5f7-d0dcf56b61f9,958916.57,6010442.53,High,76
1785834300000,DUST-02,5c5c7940-d07e-4e92-8670-ac35e6a7e956,959034.8,6010464.7,Moderate,63
1785834360000,DUST-01,ad65284f-6a8b-444e-a5f7-d0dcf56b61f9,958916.57,6010442.53,High,76
1785834360000,DUST-02,5c5c7940-d07e-4e92-8670-ac35e6a7e956,959034.8,6010464.7,Moderate,61
1785834420000,DUST-01,ad65284f-6a8b-444e-a5f7-d0dcf56b61f9,958916.57,6010442.53,High,77
1785834420000,DUST-02,5c5c7940-d07e-4e92-8670-ac35e6a7e956,959034.8,6010464.7,Moderate,62
1785834480000,DUST-01,ad65284f-6a8b-444e-a5f7-d0dcf56b61f9,958916.57,6010442.53,High,78
1785834480000,DUST-02,5c5c7940-d07e-4e92-8670-ac35e6a7e956,959034.8,6010464.7,Moderate,61
1785834540000,DUST-01,ad65284f-6a8b-444e-a5f7-d0dcf56b61f9,958916.57,6010442.53,High,77
1785834540000,DUST-02,5c5c7940-d07e-4e92-8670-ac35e6a7e956,959034.8,6010464.7,Moderate,61
1785834600000,DUST-01,ad65284f-6a8b-444e-a5f7-d0dcf56b61f9,958916.57,6010442.53,High,77
1785834600000,DUST-02,5c5c7940-d07e-4e92-8670-ac35e6a7e956,959034.8,6010464.7,Moderate,61
1785834660000,DUST-01,ad65284f-6a8b-444e-a5f7-d0dcf56b61f9,958916.57,6010442.53,High,76
1785834660000,DUST-02,5c5c7940-d07e-4e92-8670-ac35e6a7e956,959034.8,6010464.7,Moderate,61
1785834720000,DUST-01,ad65284f-6a8b-444e-a5f7-d0dcf56b61f9,958916.57,6010442.53,High,76
1785834720000,DUST-02,5c5c7940-d07e-4e92-8670-ac35e6a7e956,959034.8,6010464.7,Moderate,60
1785834780000,DUST-01,ad65284f-6a8b-444e-a5f7-d0dcf56b61f9,958916.57,6010442.53,High,76
1785834780000,DUST-02,5c5c7940-d07e-4e92-8670-ac35e6a7e956,959034.8,6010464.7,Moderate,59
1785834840000,DUST-01,ad65284f-6a8b-444e-a5f7-d0dcf56b61f9,958916.57,6010442.53,High,77
1785834840000,DUST-02,5c5c7940-d07e-4e92-8670-ac35e6a7e956,959034.8,6010464.7,Moderate,60
1785834900000,DUST-01,ad65284f-6a8b-444e-a5f7-d0dcf56b61f9,958916.57,6010442.53,High,77
1785834900000,DUST-02,5c5c7940-d07e-4e92-8670-ac35e6a7e956,959034.8,6010464.7,Moderate,60
1785834960000,DUST-01,ad65284f-6a8b-444e-a5f7-d0dcf56b61f9,958916.57,6010442.53,High,76
1785834960000,DUST-02,5c5c7940-d07e-4e92-8670-ac35e6a7e956,959034.8,6010464.7,Moderate,59
1785835020000,DUST-01,ad65284f-6a8b-444e-a5f7-d0dcf56b61f9,958916.57,6010442.53,High,76
1785835020000,DUST-02,5c5c7940-d07e-4e92-8670-ac35e6a7e956,959034.8,6010464.7,Moderate,58
1785835080000,DUST-01,ad65284f-6a8b-444e-a5f7-d0dcf56b61f9,958916.57,6010442.53,High,76
1785835080000,DUST-02,5c5c7940-d07e-4e92-8670-ac35e6a7e956,959034.8,6010464.7,Moderate,60
1785835140000,DUST-01,ad65284f-6a8b-444e-a5f7-d0dcf56b61f9,958916.57,6010442.53,High,77
1785835140000,DUST-02,5c5c7940-d07e-4e92-8670-ac35e6a7e956,959034.8,6010464.7,Moderate,59
1785835200000,DUST-01,ad65284f-6a8b-444e-a5f7-d0dcf56b61f9,958916.57,6010442.53,High,78
1785835200000,DUST-02,5c5c7940-d07e-4e92-8670-ac35e6a7e956,959034.8,6010464.7,Moderate,58
1785835260000,DUST-01,ad65284f-6a8b-444e-a5f7-d0dcf56b61f9,958916.57,6010442.53,High,77
1785835260000,DUST-02,5c5c7940-d07e-4e92-8670-ac35e6a7e956,959034.8,6010464.7,Moderate,58
1785835320000,DUST-01,ad65284f-6a8b-444e-a5f7-d0dcf56b61f9,958916.57,6010442.53,High,77
1785835320000,DUST-02,5c5c7940-d07e-4e92-8670-ac35e6a7e956,959034.8,6010464.7,Moderate,58
1785835380000,DUST-01,ad65284f-6a8b-444e-a5f7-d0dcf56b61f9,958916.57,6010442.53,High,77
1785835380000,DUST-02,5c5c7940-d07e-4e92-8670-ac35e6a7e956,959034.8,6010464.7,Moderate,58
1785835440000,DUST-01,ad65284f-6a8b-444e-a5f7-d0dcf56b61f9,958916.57,6010442.53,High,77
1785835440000,DUST-02,5c5c7940-d07e-4e92-8670-ac35e6a7e956,959034.8,6010464.7,Moderate,57
1785835500000,DUST-01,ad65284f-6a8b-444e-a5f7-d0dcf56b61f9,958916.57,6010442.53,High,78
1785835500000,DUST-02,5c5c7940-d07e-4e92-8670-ac35e6a7e956,959034.8,6010464.7,Moderate,59
1785835560000,DUST-01,ad65284f-6a8b-444e-a5f7-d0dcf56b61f9,958916.57,6010442.53,High,78
1785835560000,DUST-02,5c5c7940-d07e-4e92-8670-ac35e6a7e956,959034.8,6010464.7,Moderate,59
1785835620000,DUST-01,ad65284f-6a8b-444e-a5f7-d0dcf56b61f9,958916.57,6010442.53,High,77
1785835620000,DUST-02,5c5c7940-d07e-4e92-8670-ac35e6a7e956,959034.8,6010464.7,Moderate,58
1785835680000,DUST-01,ad65284f-6a8b-444e-a5f7-d0dcf56b61f9,958916.57,6010442.53,High,77
1785835680000,DUST-02,5c5c7940-d07e-4e92-8670-ac35e6a7e956,959034.8,6010464.7,Moderate,58
1785835740000,DUST-01,ad65284f-6a8b-444e-a5f7-d0dcf56b61f9,958916.57,6010442.53,High,78
1785835740000,DUST-02,5c5c7940-d07e-4e92-8670-ac35e6a7e956,959034.8,6010464.7,Moderate,59
1785835800000,DUST-01,ad65284f-6a8b-444e-a5f7-d0dcf56b61f9,958916.57,6010442.53,High,79
1785835800000,DUST-02,5c5c7940-d07e-4e92-8670-ac35e6a7e956,959034.8,6010464.7,Moderate,58
1785835860000,DUST-01,ad65284f-6a8b-444e-a5f7-d0dcf56b61f9,958916.57,6010442.53,High,80
1785835860000,DUST-02,5c5c7940-d07e-4e92-8670-ac35e6a7e956,959034.8,6010464.7,Moderate,59
1785835920000,DUST-01,ad65284f-6a8b-444e-a5f7-d0dcf56b61f9,958916.57,6010442.53,High,80
1785835920000,DUST-02,5c5c7940-d07e-4e92-8670-ac35e6a7e956,959034.8,6010464.7,Moderate,58
1785835980000,DUST-01,ad65284f-6a8b-444e-a5f7-d0dcf56b61f9,958916.57,6010442.53,High,80
1785835980000,DUST-02,5c5c7940-d07e-4e92-8670-ac35e6a7e956,959034.8,6010464.7,Moderate,58
1785836040000,DUST-01,ad65284f-6a8b-444e-a5f7-d0dcf56b61f9,958916.57,6010442.53,High,79
1785836040000,DUST-02,5c5c7940-d07e-4e92-8670-ac35e6a7e956,959034.8,6010464.7,Moderate,58
1785836100000,DUST-01,ad65284f-6a8b-444e-a5f7-d0dcf56b61f9,958916.57,6010442.53,High,79
1785836100000,DUST-02,5c5c7940-d07e-4e92-8670-ac35e6a7e956,959034.8,6010464.7,Moderate,57
1785836160000,DUST-01,ad65284f-6a8b-444e-a5f7-d0dcf56b61f9,958916.57,6010442.53,High,79
1785836160000,DUST-02,5c5c7940-d07e-4e92-8670-ac35e6a7e956,959034.8,6010464.7,Moderate,57
1785836220000,DUST-01,ad65284f-6a8b-444e-a5f7-d0dcf56b61f9,958916.57,6010442.53,High,78
1785836220000,DUST-02,5c5c7940-d07e-4e92-8670-ac35e6a7e956,959034.8,6010464.7,Moderate,59
1785836280000,DUST-01,ad65284f-6a8b-444e-a5f7-d0dcf56b61f9,958916.57,6010442.53,High,77
1785836280000,DUST-02,5c5c7940-d07e-4e92-8670-ac35e6a7e956,959034.8,6010464.7,Moderate,59
1785836340000,DUST-01,ad65284f-6a8b-444e-a5f7-d0dcf56b61f9,958916.57,6010442.53,High,78
1785836340000,DUST-02,5c5c7940-d07e-4e92-8670-ac35e6a7e956,959034.8,6010464.7,Moderate,60
1785836400000,DUST-01,ad65284f-6a8b-444e-a5f7-d0dcf56b61f9,958916.57,6010442.53,High,77
1785836400000,DUST-02,5c5c7940-d07e-4e92-8670-ac35e6a7e956,959034.8,6010464.7,Moderate,59
1785836460000,DUST-01,ad65284f-6a8b-444e-a5f7-d0dcf56b61f9,958916.57,6010442.53,High,79
1785836460000,DUST-02,5c5c7940-d07e-4e92-8670-ac35e6a7e956,959034.8,6010464.7,Moderate,60
1785836520000,DUST-01,ad65284f-6a8b-444e-a5f7-d0dcf56b61f9,958916.57,6010442.53,High,79
1785836520000,DUST-02,5c5c7940-d07e-4e92-8670-ac35e6a7e956,959034.8,6010464.7,Moderate,61
1785836580000,DUST-01,ad65284f-6a8b-444e-a5f7-d0dcf56b61f9,958916.57,6010442.53,High,79
1785836580000,DUST-02,5c5c7940-d07e-4e92-8670-ac35e6a7e956,959034.8,6010464.7,Moderate,61
1785836640000,DUST-01,ad65284f-6a8b-444e-a5f7-d0dcf56b61f9,958916.57,6010442.53,High,79
1785836640000,DUST-02,5c5c7940-d07e-4e92-8670-ac35e6a7e956,959034.8,6010464.7,Moderate,62
1785836700000,DUST-01,ad65284f-6a8b-444e-a5f7-d0dcf56b61f9,958916.57,6010442.53,High,79
1785836700000,DUST-02,5c5c7940-d07e-4e92-8670-ac35e6a7e956,959034.8,6010464.7,Moderate,61
1785836760000,DUST-01,ad65284f-6a8b-444e-a5f7-d0dcf56b61f9,958916.57,6010442.53,High,78
1785836760000,DUST-02,5c5c7940-d07e-4e92-8670-ac35e6a7e956,959034.8,6010464.7,Moderate,61
1785836820000,DUST-01,ad65284f-6a8b-444e-a5f7-d0dcf56b61f9,958916.57,6010442.53,High,79
1785836820000,DUST-02,5c5c7940-d07e-4e92-8670-ac35e6a7e956,959034.8,6010464.7,Moderate,61
1785836880000,DUST-01,ad65284f-6a8b-444e-a5f7-d0dcf56b61f9,958916.57,6010442.53,High,79
1785836880000,DUST-02,5c5c7940-d07e-4e92-8670-ac35e6a7e956,959034.8,6010464.7,Moderate,60
1785836940000,DUST-01,ad65284f-6a8b-444e-a5f7-d0dcf56b61f9,958916.57,6010442.53,High,80
1785836940000,DUST-02,5c5c7940-d07e-4e92-8670-ac35e6a7e956,959034.8,6010464.7,Moderate,60
1785837000000,DUST-01,ad65284f-6a8b-444e-a5f7-d0dcf56b61f9,958916.57,6010442.53,High,79
1785837000000,DUST-02,5c5c7940-d07e-4e92-8670-ac35e6a7e956,959034.8,6010464.7,Moderate,59
1785837060000,DUST-01,ad65284f-6a8b-444e-a5f7-d0dcf56b61f9,958916.57,6010442.53,High,78
1785837060000,DUST-02,5c5c7940-d07e-4e92-8670-ac35e6a7e956,959034.8,6010464.7,Moderate,58
1785837120000,DUST-01,ad65284f-6a8b-444e-a5f7-d0dcf56b61f9,958916.57,6010442.53,High,78
1785837120000,DUST-02,5c5c7940-d07e-4e92-8670-ac35e6a7e956,959034.8,6010464.7,Moderate,58
1785837180000,DUST-01,ad65284f-6a8b-444e-a5f7-d0dcf56b61f9,958916.57,6010442.53,High,78
1785837180000,DUST-02,5c5c7940-d07e-4e92-8670-ac35e6a7e956,959034.8,6010464.7,Moderate,58
1785837240000,DUST-01,ad65284f-6a8b-444e-a5f7-d0dcf56b61f9,958916.57,6010442.53,High,78
1785837240000,DUST-02,5c5c7940-d07e-4e92-8670-ac35e6a7e956,959034.8,6010464.7,Moderate,58
1785837300000,DUST-01,ad65284f-6a8b-444e-a5f7-d0dcf56b61f9,958916.57,6010442.53,High,79
1785837300000,DUST-02,5c5c7940-d07e-4e92-8670-ac35e6a7e956,959034.8,6010464.7,Moderate,60
1785837360000,DUST-01,ad65284f-6a8b-444e-a5f7-d0dcf56b61f9,958916.57,6010442.53,High,79
1785837360000,DUST-02,5c5c7940-d07e-4e92-8670-ac35e6a7e956,959034.8,6010464.7,Moderate,61
1785837420000,DUST-01,ad65284f-6a8b-444e-a5f7-d0dcf56b61f9,958916.57,6010442.53,High,79
1785837420000,DUST-02,5c5c7940-d07e-4e92-8670-ac35e6a7e956,959034.8,6010464.7,Moderate,61
1785837480000,DUST-01,ad65284f-6a8b-444e-a5f7-d0dcf56b61f9,958916.57,6010442.53,High,78
1785837480000,DUST-02,5c5c7940-d07e-4e92-8670-ac35e6a7e956,959034.8,6010464.7,Moderate,61
1785837540000,DUST-01,ad65284f-6a8b-444e-a5f7-d0dcf56b61f9,958916.57,6010442.53,High,77
1785837540000,DUST-02,5c5c7940-d07e-4e92-8670-ac35e6a7e956,959034.8,6010464.7,Moderate,60
1785837600000,DUST-01,ad65284f-6a8b-444e-a5f7-d0dcf56b61f9,958916.57,6010442.53,Moderate,74
1785837600000,DUST-02,5c5c7940-d07e-4e92-8670-ac35e6a7e956,959034.8,6010464.7,Moderate,58
1785837660000,DUST-01,ad65284f-6a8b-444e-a5f7-d0dcf56b61f9,958916.57,6010442.53,Moderate,72
1785837660000,DUST-02,5c5c7940-d07e-4e92-8670-ac35e6a7e956,959034.8,6010464.7,Moderate,57
1785837720000,DUST-01,ad65284f-6a8b-444e-a5f7-d0dcf56b61f9,958916.57,6010442.53,Moderate,70
1785837720000,DUST-02,5c5c7940-d07e-4e92-8670-ac35e6a7e956,959034.8,6010464.7,Moderate,55
1785837780000,DUST-01,ad65284f-6a8b-444e-a5f7-d0dcf56b61f9,958916.57,6010442.53,Moderate,68
1785837780000,DUST-02,5c5c7940-d07e-4e92-8670-ac35e6a7e956,959034.8,6010464.7,Moderate,54
1785837840000,DUST-01,ad65284f-6a8b-444e-a5f7-d0dcf56b61f9,958916.57,6010442.53,Moderate,65
1785837840000,DUST-02,5c5c7940-d07e-4e92-8670-ac35e6a7e956,959034.8,6010464.7,Moderate,54
1785837900000,DUST-01,ad65284f-6a8b-444e-a5f7-d0dcf56b61f9,958916.57,6010442.53,Moderate,64
1785837900000,DUST-02,5c5c7940-d07e-4e92-8670-ac35e6a7e956,959034.8,6010464.7,Moderate,53
1785837960000,DUST-01,ad65284f-6a8b-444e-a5f7-d0dcf56b61f9,958916.57,6010442.53,Moderate,62
1785837960000,DUST-02,5c5c7940-d07e-4e92-8670-ac35e6a7e956,959034.8,6010464.7,Moderate,53
1785838020000,DUST-01,ad65284f-6a8b-444e-a5f7-d0dcf56b61f9,958916.57,6010442.53,Moderate,60
1785838020000,DUST-02,5c5c7940-d07e-4e92-8670-ac35e6a7e956,959034.8,6010464.7,Moderate,51
1785838080000,DUST-01,ad65284f-6a8b-444e-a5f7-d0dcf56b61f9,958916.57,6010442.53,Moderate,59
1785838080000,DUST-02,5c5c7940-d07e-4e92-8670-ac35e6a7e956,959034.8,6010464.7,Good,50
1785838140000,DUST-01,ad65284f-6a8b-444e-a5f7-d0dcf56b61f9,958916.57,6010442.53,Moderate,59
1785838140000,DUST-02,5c5c7940-d07e-4e92-8670-ac35e6a7e956,959034.8,6010464.7,Good,48
1785838200000,DUST-01,ad65284f-6a8b-444e-a5f7-d0dcf56b61f9,958916.57,6010442.53,Moderate,58
1785838200000,DUST-02,5c5c7940-d07e-4e92-8670-ac35e6a7e956,959034.8,6010464.7,Good,48
1785838260000,DUST-01,ad65284f-6a8b-444e-a5f7-d0dcf56b61f9,958916.57,6010442.53,Moderate,58
1785838260000,DUST-02,5c5c7940-d07e-4e92-8670-ac35e6a7e956,959034.8,6010464.7,Good,47
1785838320000,DUST-01,ad65284f-6a8b-444e-a5f7-d0dcf56b61f9,958916.57,6010442.53,Moderate,58
1785838320000,DUST-02,5c5c7940-d07e-4e92-8670-ac35e6a7e956,959034.8,6010464.7,Good,47
1785838380000,DUST-01,ad65284f-6a8b-444e-a5f7-d0dcf56b61f9,958916.57,6010442.53,Moderate,57
1785838380000,DUST-02,5c5c7940-d07e-4e92-8670-ac35e6a7e956,959034.8,6010464.7,Good,46
1785838440000,DUST-01,ad65284f-6a8b-444e-a5f7-d0dcf56b61f9,958916.57,6010442.53,Moderate,58
1785838440000,DUST-02,5c5c7940-d07e-4e92-8670-ac35e6a7e956,959034.8,6010464.7,Good,46
1785838500000,DUST-01,ad65284f-6a8b-444e-a5f7-d0dcf56b61f9,958916.57,6010442.53,Moderate,57
1785838500000,DUST-02,5c5c7940-d07e-4e92-8670-ac35e6a7e956,959034.8,6010464.7,Good,46
1785838560000,DUST-01,ad65284f-6a8b-444e-a5f7-d0dcf56b61f9,958916.57,6010442.53,Moderate,56
1785838560000,DUST-02,5c5c7940-d07e-4e92-8670-ac35e6a7e956,959034.8,6010464.7,Good,47
1785838620000,DUST-01,ad65284f-6a8b-444e-a5f7-d0dcf56b61f9,958916.57,6010442.53,Moderate,56
1785838620000,DUST-02,5c5c7940-d07e-4e92-8670-ac35e6a7e956,959034.8,6010464.7,Good,46
1785838680000,DUST-01,ad65284f-6a8b-444e-a5f7-d0dcf56b61f9,958916.57,6010442.53,Moderate,55
1785838680000,DUST-02,5c5c7940-d07e-4e92-8670-ac35e6a7e956,959034.8,6010464.7,Good,45
1785838740000,DUST-01,ad65284f-6a8b-444e-a5f7-d0dcf56b61f9,958916.57,6010442.53,Moderate,54
1785838740000,DUST-02,5c5c7940-d07e-4e92-8670-ac35e6a7e956,959034.8,6010464.7,Good,44
1785838800000,DUST-01,ad65284f-6a8b-444e-a5f7-d0dcf56b61f9,958916.57,6010442.53,Moderate,55
1785838800000,DUST-02,5c5c7940-d07e-4e92-8670-ac35e6a7e956,959034.8,6010464.7,Good,43
1785838860000,DUST-01,ad65284f-6a8b-444e-a5f7-d0dcf56b61f9,958916.57,6010442.53,Moderate,55
1785838860000,DUST-02,5c5c7940-d07e-4e92-8670-ac35e6a7e956,959034.8,6010464.7,Good,44
1785838920000,DUST-01,ad65284f-6a8b-444e-a5f7-d0dcf56b61f9,958916.57,6010442.53,Moderate,56
1785838920000,DUST-02,5c5c7940-d07e-4e92-8670-ac35e6a7e956,959034.8,6010464.7,Good,43
1785838980000,DUST-01,ad65284f-6a8b-444e-a5f7-d0dcf56b61f9,958916.57,6010442.53,Moderate,55
1785838980000,DUST-02,5c5c7940-d07e-4e92-8670-ac35e6a7e956,959034.8,6010464.7,Good,42
1785839040000,DUST-01,ad65284f-6a8b-444e-a5f7-d0dcf56b61f9,958916.57,6010442.53,Moderate,56
1785839040000,DUST-02,5c5c7940-d07e-4e92-8670-ac35e6a7e956,959034.8,6010464.7,Good,42
1785839100000,DUST-01,ad65284f-6a8b-444e-a5f7-d0dcf56b61f9,958916.57,6010442.53,Moderate,55
1785839100000,DUST-02,5c5c7940-d07e-4e92-8670-ac35e6a7e956,959034.8,6010464.7,Good,42
1785839160000,DUST-01,ad65284f-6a8b-444e-a5f7-d0dcf56b61f9,958916.57,6010442.53,Moderate,54
1785839160000,DUST-02,5c5c7940-d07e-4e92-8670-ac35e6a7e956,959034.8,6010464.7,Good,42
1785839220000,DUST-01,ad65284f-6a8b-444e-a5f7-d0dcf56b61f9,958916.57,6010442.53,Moderate,54
1785839220000,DUST-02,5c5c7940-d07e-4e92-8670-ac35e6a7e956,959034.8,6010464.7,Good,42
1785839280000,DUST-01,ad65284f-6a8b-444e-a5f7-d0dcf56b61f9,958916.57,6010442.53,Moderate,53
1785839280000,DUST-02,5c5c7940-d07e-4e92-8670-ac35e6a7e956,959034.8,6010464.7,Good,41
1785839340000,DUST-01,ad65284f-6a8b-444e-a5f7-d0dcf56b61f9,958916.57,6010442.53,Moderate,54
1785839340000,DUST-02,5c5c7940-d07e-4e92-8670-ac35e6a7e956,959034.8,6010464.7,Good,41
1785839400000,DUST-01,ad65284f-6a8b-444e-a5f7-d0dcf56b61f9,958916.57,6010442.53,Moderate,55
1785839400000,DUST-02,5c5c7940-d07e-4e92-8670-ac35e6a7e956,959034.8,6010464.7,Good,41
1785839460000,DUST-01,ad65284f-6a8b-444e-a5f7-d0dcf56b61f9,958916.57,6010442.53,Moderate,56
1785839460000,DUST-02,5c5c7940-d07e-4e92-8670-ac35e6a7e956,959034.8,6010464.7,Good,40
1785839520000,DUST-01,ad65284f-6a8b-444e-a5f7-d0dcf56b61f9,958916.57,6010442.53,Moderate,56
1785839520000,DUST-02,5c5c7940-d07e-4e92-8670-ac35e6a7e956,959034.8,6010464.7,Good,41
1785839580000,DUST-01,ad65284f-6a8b-444e-a5f7-d0dcf56b61f9,958916.57,6010442.53,Moderate,55
1785839580000,DUST-02,5c5c7940-d07e-4e92-8670-ac35e6a7e956,959034.8,6010464.7,Good,42
1785839640000,DUST-01,ad65284f-6a8b-444e-a5f7-d0dcf56b61f9,958916.57,6010442.53,Moderate,54
1785839640000,DUST-02,5c5c7940-d07e-4e92-8670-ac35e6a7e956,959034.8,6010464.7,Good,41
1785839700000,DUST-01,ad65284f-6a8b-444e-a5f7-d0dcf56b61f9,958916.57,6010442.53,Moderate,54
1785839700000,DUST-02,5c5c7940-d07e-4e92-8670-ac35e6a7e956,959034.8,6010464.7,Good,40
1785839760000,DUST-01,ad65284f-6a8b-444e-a5f7-d0dcf56b61f9,958916.57,6010442.53,Moderate,55
1785839760000,DUST-02,5c5c7940-d07e-4e92-8670-ac35e6a7e956,959034.8,6010464.7,Good,41
1785839820000,DUST-01,ad65284f-6a8b-444e-a5f7-d0dcf56b61f9,958916.57,6010442.53,Moderate,55
1785839820000,DUST-02,5c5c7940-d07e-4e92-8670-ac35e6a7e956,959034.8,6010464.7,Good,41
1785839880000,DUST-01,ad65284f-6a8b-444e-a5f7-d0dcf56b61f9,958916.57,6010442.53,Moderate,54
1785839880000,DUST-02,5c5c7940-d07e-4e92-8670-ac35e6a7e956,959034.8,6010464.7,Good,42
1785839940000,DUST-01,ad65284f-6a8b-444e-a5f7-d0dcf56b61f9,958916.57,6010442.53,Moderate,54
1785839940000,DUST-02,5c5c7940-d07e-4e92-8670-ac35e6a7e956,959034.8,6010464.7,Good,42
1785840000000,DUST-01,ad65284f-6a8b-444e-a5f7-d0dcf56b61f9,958916.57,6010442.53,Moderate,55
1785840000000,DUST-02,5c5c7940-d07e-4e92-8670-ac35e6a7e956,959034.8,6010464.7,Good,43
1785840060000,DUST-01,ad65284f-6a8b-444e-a5f7-d0dcf56b61f9,958916.57,6010442.53,Moderate,54
1785840060000,DUST-02,5c5c7940-d07e-4e92-8670-ac35e6a7e956,959034.8,6010464.7,Good,43
1785840120000,DUST-01,ad65284f-6a8b-444e-a5f7-d0dcf56b61f9,958916.57,6010442.53,Moderate,53
1785840120000,DUST-02,5c5c7940-d07e-4e92-8670-ac35e6a7e956,959034.8,6010464.7,Good,42
1785840180000,DUST-01,ad65284f-6a8b-444e-a5f7-d0dcf56b61f9,958916.57,6010442.53,Moderate,54
1785840180000,DUST-02,5c5c7940-d07e-4e92-8670-ac35e6a7e956,959034.8,6010464.7,Good,43
1785840240000,DUST-01,ad65284f-6a8b-444e-a5f7-d0dcf56b61f9,958916.57,6010442.53,Moderate,54
1785840240000,DUST-02,5c5c7940-d07e-4e92-8670-ac35e6a7e956,959034.8,6010464.7,Good,43
1785840300000,DUST-01,ad65284f-6a8b-444e-a5f7-d0dcf56b61f9,958916.57,6010442.53,Moderate,53
1785840300000,DUST-02,5c5c7940-d07e-4e92-8670-ac35e6a7e956,959034.8,6010464.7,Good,42
1785840360000,DUST-01,ad65284f-6a8b-444e-a5f7-d0dcf56b61f9,958916.57,6010442.53,Moderate,53
1785840360000,DUST-02,5c5c7940-d07e-4e92-8670-ac35e6a7e956,959034.8,6010464.7,Good,43
1785840420000,DUST-01,ad65284f-6a8b-444e-a5f7-d0dcf56b61f9,958916.57,6010442.53,Moderate,53
1785840420000,DUST-02,5c5c7940-d07e-4e92-8670-ac35e6a7e956,959034.8,6010464.7,Good,42
1785840480000,DUST-01,ad65284f-6a8b-444e-a5f7-d0dcf56b61f9,958916.57,6010442.53,Moderate,53
1785840480000,DUST-02,5c5c7940-d07e-4e92-8670-ac35e6a7e956,959034.8,6010464.7,Good,42
1785840540000,DUST-01,ad65284f-6a8b-444e-a5f7-d0dcf56b61f9,958916.57,6010442.53,Moderate,53
1785840540000,DUST-02,5c5c7940-d07e-4e92-8670-ac35e6a7e956,959034.8,6010464.7,Good,42
1785840600000,DUST-01,ad65284f-6a8b-444e-a5f7-d0dcf56b61f9,958916.57,6010442.53,Moderate,53
1785840600000,DUST-02,5c5c7940-d07e-4e92-8670-ac35e6a7e956,959034.8,6010464.7,Good,41
1785840660000,DUST-01,ad65284f-6a8b-444e-a5f7-d0dcf56b61f9,958916.57,6010442.53,Moderate,54
1785840660000,DUST-02,5c5c7940-d07e-4e92-8670-ac35e6a7e956,959034.8,6010464.7,Good,42
1785840720000,DUST-01,ad65284f-6a8b-444e-a5f7-d0dcf56b61f9,958916.57,6010442.53,Moderate,55
1785840720000,DUST-02,5c5c7940-d07e-4e92-8670-ac35e6a7e956,959034.8,6010464.7,Good,41
1785840780000,DUST-01,ad65284f-6a8b-444e-a5f7-d0dcf56b61f9,958916.57,6010442.53,Moderate,56
1785840780000,DUST-02,5c5c7940-d07e-4e92-8670-ac35e6a7e956,959034.8,6010464.7,Good,41
1785840840000,DUST-01,ad65284f-6a8b-444e-a5f7-d0dcf56b61f9,958916.57,6010442.53,Moderate,56
1785840840000,DUST-02,5c5c7940-d07e-4e92-8670-ac35e6a7e956,959034.8,6010464.7,Good,41
1785840900000,DUST-01,ad65284f-6a8b-444e-a5f7-d0dcf56b61f9,958916.57,6010442.53,Moderate,55
1785840900000,DUST-02,5c5c7940-d07e-4e92-8670-ac35e6a7e956,959034.8,6010464.7,Good,40
1785840960000,DUST-01,ad65284f-6a8b-444e-a5f7-d0dcf56b61f9,958916.57,6010442.53,Moderate,56
1785840960000,DUST-02,5c5c7940-d07e-4e92-8670-ac35e6a7e956,959034.8,6010464.7,Good,40
1785841020000,DUST-01,ad65284f-6a8b-444e-a5f7-d0dcf56b61f9,958916.57,6010442.53,Moderate,57
1785841020000,DUST-02,5c5c7940-d07e-4e92-8670-ac35e6a7e956,959034.8,6010464.7,Good,40
1785841080000,DUST-01,ad65284f-6a8b-444e-a5f7-d0dcf56b61f9,958916.57,6010442.53,Moderate,56
1785841080000,DUST-02,5c5c7940-d07e-4e92-8670-ac35e6a7e956,959034.8,6010464.7,Good,40
1785841140000,DUST-01,ad65284f-6a8b-444e-a5f7-d0dcf56b61f9,958916.57,6010442.53,Moderate,55
1785841140000,DUST-02,5c5c7940-d07e-4e92-8670-ac35e6a7e956,959034.8,6010464.7,Good,41
1785841200000,DUST-01,ad65284f-6a8b-444e-a5f7-d0dcf56b61f9,958916.57,6010442.53,Moderate,58
1785841200000,DUST-02,5c5c7940-d07e-4e92-8670-ac35e6a7e956,959034.8,6010464.7,Good,43
1785841260000,DUST-01,ad65284f-6a8b-444e-a5f7-d0dcf56b61f9,958916.57,6010442.53,Moderate,60
1785841260000,DUST-02,5c5c7940-d07e-4e92-8670-ac35e6a7e956,959034.8,6010464.7,Good,44
1785841320000,DUST-01,ad65284f-6a8b-444e-a5f7-d0dcf56b61f9,958916.57,6010442.53,Moderate,63
1785841320000,DUST-02,5c5c7940-d07e-4e92-8670-ac35e6a7e956,959034.8,6010464.7,Good,47
1785841380000,DUST-01,ad65284f-6a8b-444e-a5f7-d0dcf56b61f9,958916.57,6010442.53,Moderate,65
1785841380000,DUST-02,5c5c7940-d07e-4e92-8670-ac35e6a7e956,959034.8,6010464.7,Good,49
1785841440000,DUST-01,ad65284f-6a8b-444e-a5f7-d0dcf56b61f9,958916.57,6010442.53,Moderate,65
1785841440000,DUST-02,5c5c7940-d07e-4e92-8670-ac35e6a7e956,959034.8,6010464.7,Moderate,51
1785841500000,DUST-01,ad65284f-6a8b-444e-a5f7-d0dcf56b61f9,958916.57,6010442.53,Moderate,67
1785841500000,DUST-02,5c5c7940-d07e-4e92-8670-ac35e6a7e956,959034.8,6010464.7,Moderate,50
1785841560000,DUST-01,ad65284f-6a8b-444e-a5f7-d0dcf56b61f9,958916.57,6010442.53,Moderate,69
1785841560000,DUST-02,5c5c7940-d07e-4e92-8670-ac35e6a7e956,959034.8,6010464.7,Moderate,51
1785841620000,DUST-01,ad65284f-6a8b-444e-a5f7-d0dcf56b61f9,958916.57,6010442.53,Moderate,70
1785841620000,DUST-02,5c5c7940-d07e-4e92-8670-ac35e6a7e956,959034.8,6010464.7,Moderate,53
1785841680000,DUST-01,ad65284f-6a8b-444e-a5f7-d0dcf56b61f9,958916.57,6010442.53,Moderate,72
1785841680000,DUST-02,5c5c7940-d07e-4e92-8670-ac35e6a7e956,959034.8,6010464.7,Moderate,54
1785841740000,DUST-01,ad65284f-6a8b-444e-a5f7-d0dcf56b61f9,958916.57,6010442.53,Moderate,73
1785841740000,DUST-02,5c5c7940-d07e-4e92-8670-ac35e6a7e956,959034.8,6010464.7,Moderate,56
1785841800000,DUST-01,ad65284f-6a8b-444e-a5f7-d0dcf56b61f9,958916.57,6010442.53,Moderate,73
1785841800000,DUST-02,5c5c7940-d07e-4e92-8670-ac35e6a7e956,959034.8,6010464.7,Moderate,57
1785841860000,DUST-01,ad65284f-6a8b-444e-a5f7-d0dcf56b61f9,958916.57,6010442.53,Moderate,73
1785841860000,DUST-02,5c5c7940-d07e-4e92-8670-ac35e6a7e956,959034.8,6010464.7,Moderate,57
1785841920000,DUST-01,ad65284f-6a8b-444e-a5f7-d0dcf56b61f9,958916.57,6010442.53,Moderate,74
1785841920000,DUST-02,5c5c7940-d07e-4e92-8670-ac35e6a7e956,959034.8,6010464.7,Moderate,58
1785841980000,DUST-01,ad65284f-6a8b-444e-a5f7-d0dcf56b61f9,958916.57,6010442.53,High,75
1785841980000,DUST-02,5c5c7940-d07e-4e92-8670-ac35e6a7e956,959034.8,6010464.7,Moderate,59
1785842040000,DUST-01,ad65284f-6a8b-444e-a5f7-d0dcf56b61f9,958916.57,6010442.53,High,75
1785842040000,DUST-02,5c5c7940-d07e-4e92-8670-ac35e6a7e956,959034.8,6010464.7,Moderate,58
1785842100000,DUST-01,ad65284f-6a8b-444e-a5f7-d0dcf56b61f9,958916.57,6010442.53,High,76
1785842100000,DUST-02,5c5c7940-d07e-4e92-8670-ac35e6a7e956,959034.8,6010464.7,Moderate,58
1785842160000,DUST-01,ad65284f-6a8b-444e-a5f7-d0dcf56b61f9,958916.57,6010442.53,High,75
1785842160000,DUST-02,5c5c7940-d07e-4e92-8670-ac35e6a7e956,959034.8,6010464.7,Moderate,58
1785842220000,DUST-01,ad65284f-6a8b-444e-a5f7-d0dcf56b61f9,958916.57,6010442.53,Moderate,75
1785842220000,DUST-02,5c5c7940-d07e-4e92-8670-ac35e6a7e956,959034.8,6010464.7,Moderate,58
1785842280000,DUST-01,ad65284f-6a8b-444e-a5f7-d0dcf56b61f9,958916.57,6010442.53,High,75
1785842280000,DUST-02,5c5c7940-d07e-4e92-8670-ac35e6a7e956,959034.8,6010464.7,Moderate,58
1785842340000,DUST-01,ad65284f-6a8b-444e-a5f7-d0dcf56b61f9,958916.57,6010442.53,High,77
1785842340000,DUST-02,5c5c7940-d07e-4e92-8670-ac35e6a7e956,959034.8,6010464.7,Moderate,59
1785842400000,DUST-01,ad65284f-6a8b-444e-a5f7-d0dcf56b61f9,958916.57,6010442.53,High,78
1785842400000,DUST-02,5c5c7940-d07e-4e92-8670-ac35e6a7e956,959034.8,6010464.7,Moderate,58
1785842460000,DUST-01,ad65284f-6a8b-444e-a5f7-d0dcf56b61f9,958916.57,6010442.53,High,77
1785842460000,DUST-02,5c5c7940-d07e-4e92-8670-ac35e6a7e956,959034.8,6010464.7,Moderate,58
1785842520000,DUST-01,ad65284f-6a8b-444e-a5f7-d0dcf56b61f9,958916.57,6010442.53,High,76
1785842520000,DUST-02,5c5c7940-d07e-4e92-8670-ac35e6a7e956,959034.8,6010464.7,Moderate,58
1785842580000,DUST-01,ad65284f-6a8b-444e-a5f7-d0dcf56b61f9,958916.57,6010442.53,High,76
1785842580000,DUST-02,5c5c7940-d07e-4e92-8670-ac35e6a7e956,959034.8,6010464.7,Moderate,58
1785842640000,DUST-01,ad65284f-6a8b-444e-a5f7-d0dcf56b61f9,958916.57,6010442.53,Moderate,75
1785842640000,DUST-02,5c5c7940-d07e-4e92-8670-ac35e6a7e956,959034.8,6010464.7,Moderate,58
1785842700000,DUST-01,ad65284f-6a8b-444e-a5f7-d0dcf56b61f9,958916.57,6010442.53,High,76
1785842700000,DUST-02,5c5c7940-d07e-4e92-8670-ac35e6a7e956,959034.8,6010464.7,Moderate,58
1785842760000,DUST-01,ad65284f-6a8b-444e-a5f7-d0dcf56b61f9,958916.57,6010442.53,High,76
1785842760000,DUST-02,5c5c7940-d07e-4e92-8670-ac35e6a7e956,959034.8,6010464.7,Moderate,58
1785842820000,DUST-01,ad65284f-6a8b-444e-a5f7-d0dcf56b61f9,958916.57,6010442.53,High,77
1785842820000,DUST-02,5c5c7940-d07e-4e92-8670-ac35e6a7e956,959034.8,6010464.7,Moderate,58
1785842880000,DUST-01,ad65284f-6a8b-444e-a5f7-d0dcf56b61f9,958916.57,6010442.53,High,78
1785842880000,DUST-02,5c5c7940-d07e-4e92-8670-ac35e6a7e956,959034.8,6010464.7,Moderate,59
1785842940000,DUST-01,ad65284f-6a8b-444e-a5f7-d0dcf56b61f9,958916.57,6010442.53,High,79
1785842940000,DUST-02,5c5c7940-d07e-4e92-8670-ac35e6a7e956,959034.8,6010464.7,Moderate,60
1785843000000,DUST-01,ad65284f-6a8b-444e-a5f7-d0dcf56b61f9,958916.57,6010442.53,High,79
1785843000000,DUST-02,5c5c7940-d07e-4e92-8670-ac35e6a7e956,959034.8,6010464.7,Moderate,60
1785843060000,DUST-01,ad65284f-6a8b-444e-a5f7-d0dcf56b61f9,958916.57,6010442.53,High,78
1785843060000,DUST-02,5c5c7940-d07e-4e92-8670-ac35e6a7e956,959034.8,6010464.7,Moderate,59
1785843120000,DUST-01,ad65284f-6a8b-444e-a5f7-d0dcf56b61f9,958916.57,6010442.53,High,77
1785843120000,DUST-02,5c5c7940-d07e-4e92-8670-ac35e6a7e956,959034.8,6010464.7,Moderate,59
1785843180000,DUST-01,ad65284f-6a8b-444e-a5f7-d0dcf56b61f9,958916.57,6010442.53,High,77
1785843180000,DUST-02,5c5c7940-d07e-4e92-8670-ac35e6a7e956,959034.8,6010464.7,Moderate,58
1785843240000,DUST-01,ad65284f-6a8b-444e-a5f7-d0dcf56b61f9,958916.57,6010442.53,High,76
1785843240000,DUST-02,5c5c7940-d07e-4e92-8670-ac35e6a7e956,959034.8,6010464.7,Moderate,59
1785843300000,DUST-01,ad65284f-6a8b-444e-a5f7-d0dcf56b61f9,958916.57,6010442.53,High,77
1785843300000,DUST-02,5c5c7940-d07e-4e92-8670-ac35e6a7e956,959034.8,6010464.7,Moderate,58
1785843360000,DUST-01,ad65284f-6a8b-444e-a5f7-d0dcf56b61f9,958916.57,6010442.53,High,76
1785843360000,DUST-02,5c5c7940-d07e-4e92-8670-ac35e6a7e956,959034.8,6010464.7,Moderate,59
1785843420000,DUST-01,ad65284f-6a8b-444e-a5f7-d0dcf56b61f9,958916.57,6010442.53,Moderate,75
1785843420000,DUST-02,5c5c7940-d07e-4e92-8670-ac35e6a7e956,959034.8,6010464.7,Moderate,60
1785843480000,DUST-01,ad65284f-6a8b-444e-a5f7-d0dcf56b61f9,958916.57,6010442.53,High,76
1785843480000,DUST-02,5c5c7940-d07e-4e92-8670-ac35e6a7e956,959034.8,6010464.7,Moderate,60
1785843540000,DUST-01,ad65284f-6a8b-444e-a5f7-d0dcf56b61f9,958916.57,6010442.53,High,77
1785843540000,DUST-02,5c5c7940-d07e-4e92-8670-ac35e6a7e956,959034.8,6010464.7,Moderate,60
1785843600000,DUST-01,ad65284f-6a8b-444e-a5f7-d0dcf56b61f9,958916.57,6010442.53,High,79
1785843600000,DUST-02,5c5c7940-d07e-4e92-8670-ac35e6a7e956,959034.8,6010464.7,Moderate,60
1785843660000,DUST-01,ad65284f-6a8b-444e-a5f7-d0dcf56b61f9,958916.57,6010442.53,High,79
1785843660000,DUST-02,5c5c7940-d07e-4e92-8670-ac35e6a7e956,959034.8,6010464.7,Moderate,61
1785843720000,DUST-01,ad65284f-6a8b-444e-a5f7-d0dcf56b61f9,958916.57,6010442.53,High,79
1785843720000,DUST-02,5c5c7940-d07e-4e92-8670-ac35e6a7e956,959034.8,6010464.7,Moderate,62
1785843780000,DUST-01,ad65284f-6a8b-444e-a5f7-d0dcf56b61f9,958916.57,6010442.53,High,78
1785843780000,DUST-02,5c5c7940-d07e-4e92-8670-ac35e6a7e956,959034.8,6010464.7,Moderate,62
1785843840000,DUST-01,ad65284f-6a8b-444e-a5f7-d0dcf56b61f9,958916.57,6010442.53,High,78
1785843840000,DUST-02,5c5c7940-d07e-4e92-8670-ac35e6a7e956,959034.8,6010464.7,Moderate,62
1785843900000,DUST-01,ad65284f-6a8b-444e-a5f7-d0dcf56b61f9,958916.57,6010442.53,High,79
1785843900000,DUST-02,5c5c7940-d07e-4e92-8670-ac35e6a7e956,959034.8,6010464.7,Moderate,63
1785843960000,DUST-01,ad65284f-6a8b-444e-a5f7-d0dcf56b61f9,958916.57,6010442.53,High,79
1785843960000,DUST-02,5c5c7940-d07e-4e92-8670-ac35e6a7e956,959034.8,6010464.7,Moderate,62
1785844020000,DUST-01,ad65284f-6a8b-444e-a5f7-d0dcf56b61f9,958916.57,6010442.53,High,79
1785844020000,DUST-02,5c5c7940-d07e-4e92-8670-ac35e6a7e956,959034.8,6010464.7,Moderate,63
1785844080000,DUST-01,ad65284f-6a8b-444e-a5f7-d0dcf56b61f9,958916.57,6010442.53,High,80
1785844080000,DUST-02,5c5c7940-d07e-4e92-8670-ac35e6a7e956,959034.8,6010464.7,Moderate,62
1785844140000,DUST-01,ad65284f-6a8b-444e-a5f7-d0dcf56b61f9,958916.57,6010442.53,High,80
1785844140000,DUST-02,5c5c7940-d07e-4e92-8670-ac35e6a7e956,959034.8,6010464.7,Moderate,61
1785844200000,DUST-01,ad65284f-6a8b-444e-a5f7-d0dcf56b61f9,958916.57,6010442.53,High,80
1785844200000,DUST-02,5c5c7940-d07e-4e92-8670-ac35e6a7e956,959034.8,6010464.7,Moderate,60
1785844260000,DUST-01,ad65284f-6a8b-444e-a5f7-d0dcf56b61f9,958916.57,6010442.53,High,79
1785844260000,DUST-02,5c5c7940-d07e-4e92-8670-ac35e6a7e956,959034.8,6010464.7,Moderate,60
1785844320000,DUST-01,ad65284f-6a8b-444e-a5f7-d0dcf56b61f9,958916.57,6010442.53,High,79
1785844320000,DUST-02,5c5c7940-d07e-4e92-8670-ac35e6a7e956,959034.8,6010464.7,Moderate,60
1785844380000,DUST-01,ad65284f-6a8b-444e-a5f7-d0dcf56b61f9,958916.57,6010442.53,High,79
1785844380000,DUST-02,5c5c7940-d07e-4e92-8670-ac35e6a7e956,959034.8,6010464.7,Moderate,61
1785844440000,DUST-01,ad65284f-6a8b-444e-a5f7-d0dcf56b61f9,958916.57,6010442.53,High,79
1785844440000,DUST-02,5c5c7940-d07e-4e92-8670-ac35e6a7e956,959034.8,6010464.7,Moderate,60
1785844500000,DUST-01,ad65284f-6a8b-444e-a5f7-d0dcf56b61f9,958916.57,6010442.53,High,80
1785844500000,DUST-02,5c5c7940-d07e-4e92-8670-ac35e6a7e956,959034.8,6010464.7,Moderate,60
1785844560000,DUST-01,ad65284f-6a8b-444e-a5f7-d0dcf56b61f9,958916.57,6010442.53,High,79
1785844560000,DUST-02,5c5c7940-d07e-4e92-8670-ac35e6a7e956,959034.8,6010464.7,Moderate,59
1785844620000,DUST-01,ad65284f-6a8b-444e-a5f7-d0dcf56b61f9,958916.57,6010442.53,High,78
1785844620000,DUST-02,5c5c7940-d07e-4e92-8670-ac35e6a7e956,959034.8,6010464.7,Moderate,60
1785844680000,DUST-01,ad65284f-6a8b-444e-a5f7-d0dcf56b61f9,958916.57,6010442.53,High,79
1785844680000,DUST-02,5c5c7940-d07e-4e92-8670-ac35e6a7e956,959034.8,6010464.7,Moderate,60
1785844740000,DUST-01,ad65284f-6a8b-444e-a5f7-d0dcf56b61f9,958916.57,6010442.53,High,80
1785844740000,DUST-02,5c5c7940-d07e-4e92-8670-ac35e6a7e956,959034.8,6010464.7,Moderate,61
1785844800000,DUST-01,ad65284f-6a8b-444e-a5f7-d0dcf56b61f9,958916.57,6010442.53,High,80
1785844800000,DUST-02,5c5c7940-d07e-4e92-8670-ac35e6a7e956,959034.8,6010464.7,Moderate,60
1785844860000,DUST-01,ad65284f-6a8b-444e-a5f7-d0dcf56b61f9,958916.57,6010442.53,High,80
1785844860000,DUST-02,5c5c7940-d07e-4e92-8670-ac35e6a7e956,959034.8,6010464.7,Moderate,60
1785844920000,DUST-01,ad65284f-6a8b-444e-a5f7-d0dcf56b61f9,958916.57,6010442.53,High,81
1785844920000,DUST-02,5c5c7940-d07e-4e92-8670-ac35e6a7e956,959034.8,6010464.7,Moderate,59
1785844980000,DUST-01,ad65284f-6a8b-444e-a5f7-d0dcf56b61f9,958916.57,6010442.53,High,81
1785844980000,DUST-02,5c5c7940-d07e-4e92-8670-ac35e6a7e956,959034.8,6010464.7,Moderate,60
1785845040000,DUST-01,ad65284f-6a8b-444e-a5f7-d0dcf56b61f9,958916.57,6010442.53,High,79
1785845040000,DUST-02,5c5c7940-d07e-4e92-8670-ac35e6a7e956,959034.8,6010464.7,Moderate,59
1785845100000,DUST-01,ad65284f-6a8b-444e-a5f7-d0dcf56b61f9,958916.57,6010442.53,High,80
1785845100000,DUST-02,5c5c7940-d07e-4e92-8670-ac35e6a7e956,959034.8,6010464.7,Moderate,59
1785845160000,DUST-01,ad65284f-6a8b-444e-a5f7-d0dcf56b61f9,958916.57,6010442.53,High,80
1785845160000,DUST-02,5c5c7940-d07e-4e92-8670-ac35e6a7e956,959034.8,6010464.7,Moderate,59
1785845220000,DUST-01,ad65284f-6a8b-444e-a5f7-d0dcf56b61f9,958916.57,6010442.53,High,80
1785845220000,DUST-02,5c5c7940-d07e-4e92-8670-ac35e6a7e956,959034.8,6010464.7,Moderate,58
1785845280000,DUST-01,ad65284f-6a8b-444e-a5f7-d0dcf56b61f9,958916.57,6010442.53,High,80
1785845280000,DUST-02,5c5c7940-d07e-4e92-8670-ac35e6a7e956,959034.8,6010464.7,Moderate,59
1785845340000,DUST-01,ad65284f-6a8b-444e-a5f7-d0dcf56b61f9,958916.57,6010442.53,High,80
1785845340000,DUST-02,5c5c7940-d07e-4e92-8670-ac35e6a7e956,959034.8,6010464.7,Moderate,59
1785845400000,DUST-01,ad65284f-6a8b-444e-a5f7-d0dcf56b61f9,958916.57,6010442.53,High,79
1785845400000,DUST-02,5c5c7940-d07e-4e92-8670-ac35e6a7e956,959034.8,6010464.7,Moderate,58
1785845460000,DUST-01,ad65284f-6a8b-444e-a5f7-d0dcf56b61f9,958916.57,6010442.53,High,78
1785845460000,DUST-02,5c5c7940-d07e-4e92-8670-ac35e6a7e956,959034.8,6010464.7,Moderate,59
1785845520000,DUST-01,ad65284f-6a8b-444e-a5f7-d0dcf56b61f9,958916.57,6010442.53,High,78
1785845520000,DUST-02,5c5c7940-d07e-4e92-8670-ac35e6a7e956,959034.8,6010464.7,Moderate,59
1785845580000,DUST-01,ad65284f-6a8b-444e-a5f7-d0dcf56b61f9,958916.57,6010442.53,High,78
1785845580000,DUST-02,5c5c7940-d07e-4e92-8670-ac35e6a7e956,959034.8,6010464.7,Moderate,59
1785845640000,DUST-01,ad65284f-6a8b-444e-a5f7-d0dcf56b61f9,958916.57,6010442.53,High,78
1785845640000,DUST-02,5c5c7940-d07e-4e92-8670-ac35e6a7e956,959034.8,6010464.7,Moderate,58
1785845700000,DUST-01,ad65284f-6a8b-444e-a5f7-d0dcf56b61f9,958916.57,6010442.53,High,77
1785845700000,DUST-02,5c5c7940-d07e-4e92-8670-ac35e6a7e956,959034.8,6010464.7,Moderate,58
1785845760000,DUST-01,ad65284f-6a8b-444e-a5f7-d0dcf56b61f9,958916.57,6010442.53,High,77
1785845760000,DUST-02,5c5c7940-d07e-4e92-8670-ac35e6a7e956,959034.8,6010464.7,Moderate,59
1785845820000,DUST-01,ad65284f-6a8b-444e-a5f7-d0dcf56b61f9,958916.57,6010442.53,High,77
1785845820000,DUST-02,5c5c7940-d07e-4e92-8670-ac35e6a7e956,959034.8,6010464.7,Moderate,59
1785845880000,DUST-01,ad65284f-6a8b-444e-a5f7-d0dcf56b61f9,958916.57,6010442.53,High,77
1785845880000,DUST-02,5c5c7940-d07e-4e92-8670-ac35e6a7e956,959034.8,6010464.7,Moderate,58
1785845940000,DUST-01,ad65284f-6a8b-444e-a5f7-d0dcf56b61f9,958916.57,6010442.53,High,76
1785845940000,DUST-02,5c5c7940-d07e-4e92-8670-ac35e6a7e956,959034.8,6010464.7,Moderate,57
1785846000000,DUST-01,ad65284f-6a8b-444e-a5f7-d0dcf56b61f9,958916.57,6010442.53,High,76
1785846000000,DUST-02,5c5c7940-d07e-4e92-8670-ac35e6a7e956,959034.8,6010464.7,Moderate,57
1785846060000,DUST-01,ad65284f-6a8b-444e-a5f7-d0dcf56b61f9,958916.57,6010442.53,High,77
1785846060000,DUST-02,5c5c7940-d07e-4e92-8670-ac35e6a7e956,959034.8,6010464.7,Moderate,57
1785846120000,DUST-01,ad65284f-6a8b-444e-a5f7-d0dcf56b61f9,958916.57,6010442.53,High,76
1785846120000,DUST-02,5c5c7940-d07e-4e92-8670-ac35e6a7e956,959034.8,6010464.7,Moderate,58
1785846180000,DUST-01,ad65284f-6a8b-444e-a5f7-d0dcf56b61f9,958916.57,6010442.53,High,75
1785846180000,DUST-02,5c5c7940-d07e-4e92-8670-ac35e6a7e956,959034.8,6010464.7,Moderate,57
1785846240000,DUST-01,ad65284f-6a8b-444e-a5f7-d0dcf56b61f9,958916.57,6010442.53,High,75
1785846240000,DUST-02,5c5c7940-d07e-4e92-8670-ac35e6a7e956,959034.8,6010464.7,Moderate,58
1785846300000,DUST-01,ad65284f-6a8b-444e-a5f7-d0dcf56b61f9,958916.57,6010442.53,High,76
1785846300000,DUST-02,5c5c7940-d07e-4e92-8670-ac35e6a7e956,959034.8,6010464.7,Moderate,58
1785846360000,DUST-01,ad65284f-6a8b-444e-a5f7-d0dcf56b61f9,958916.57,6010442.53,High,76
1785846360000,DUST-02,5c5c7940-d07e-4e92-8670-ac35e6a7e956,959034.8,6010464.7,Moderate,59
1785846420000,DUST-01,ad65284f-6a8b-444e-a5f7-d0dcf56b61f9,958916.57,6010442.53,High,76
1785846420000,DUST-02,5c5c7940-d07e-4e92-8670-ac35e6a7e956,959034.8,6010464.7,Moderate,60
1785846480000,DUST-01,ad65284f-6a8b-444e-a5f7-d0dcf56b61f9,958916.57,6010442.53,High,76
1785846480000,DUST-02,5c5c7940-d07e-4e92-8670-ac35e6a7e956,959034.8,6010464.7,Moderate,61
1785846540000,DUST-01,ad65284f-6a8b-444e-a5f7-d0dcf56b61f9,958916.57,6010442.53,High,76
1785846540000,DUST-02,5c5c7940-d07e-4e92-8670-ac35e6a7e956,959034.8,6010464.7,Moderate,61
1785846600000,DUST-01,ad65284f-6a8b-444e-a5f7-d0dcf56b61f9,958916.57,6010442.53,High,77
1785846600000,DUST-02,5c5c7940-d07e-4e92-8670-ac35e6a7e956,959034.8,6010464.7,Moderate,60
1785846660000,DUST-01,ad65284f-6a8b-444e-a5f7-d0dcf56b61f9,958916.57,6010442.53,High,79
1785846660000,DUST-02,5c5c7940-d07e-4e92-8670-ac35e6a7e956,959034.8,6010464.7,Moderate,61
1785846720000,DUST-01,ad65284f-6a8b-444e-a5f7-d0dcf56b61f9,958916.57,6010442.53,High,78
1785846720000,DUST-02,5c5c7940-d07e-4e92-8670-ac35e6a7e956,959034.8,6010464.7,Moderate,61
1785846780000,DUST-01,ad65284f-6a8b-444e-a5f7-d0dcf56b61f9,958916.57,6010442.53,High,78
1785846780000,DUST-02,5c5c7940-d07e-4e92-8670-ac35e6a7e956,959034.8,6010464.7,Moderate,62
1785846840000,DUST-01,ad65284f-6a8b-444e-a5f7-d0dcf56b61f9,958916.57,6010442.53,High,78
1785846840000,DUST-02,5c5c7940-d07e-4e92-8670-ac35e6a7e956,959034.8,6010464.7,Moderate,62
1785846900000,DUST-01,ad65284f-6a8b-444e-a5f7-d0dcf56b61f9,958916.57,6010442.53,High,78
1785846900000,DUST-02,5c5c7940-d07e-4e92-8670-ac35e6a7e956,959034.8,6010464.7,Moderate,61
1785846960000,DUST-01,ad65284f-6a8b-444e-a5f7-d0dcf56b61f9,958916.57,6010442.53,High,77
1785846960000,DUST-02,5c5c7940-d07e-4e92-8670-ac35e6a7e956,959034.8,6010464.7,Moderate,61
1785847020000,DUST-01,ad65284f-6a8b-444e-a5f7-d0dcf56b61f9,958916.57,6010442.53,High,77
1785847020000,DUST-02,5c5c7940-d07e-4e92-8670-ac35e6a7e956,959034.8,6010464.7,Moderate,60
1785847080000,DUST-01,ad65284f-6a8b-444e-a5f7-d0dcf56b61f9,958916.57,6010442.53,High,76
1785847080000,DUST-02,5c5c7940-d07e-4e92-8670-ac35e6a7e956,959034.8,6010464.7,Moderate,60
1785847140000,DUST-01,ad65284f-6a8b-444e-a5f7-d0dcf56b61f9,958916.57,6010442.53,High,76
1785847140000,DUST-02,5c5c7940-d07e-4e92-8670-ac35e6a7e956,959034.8,6010464.7,Moderate,60
1785847200000,DUST-01,ad65284f-6a8b-444e-a5f7-d0dcf56b61f9,958916.57,6010442.53,High,77
1785847200000,DUST-02,5c5c7940-d07e-4e92-8670-ac35e6a7e956,959034.8,6010464.7,Moderate,61
1785847260000,DUST-01,ad65284f-6a8b-444e-a5f7-d0dcf56b61f9,958916.57,6010442.53,High,77
1785847260000,DUST-02,5c5c7940-d07e-4e92-8670-ac35e6a7e956,959034.8,6010464.7,Moderate,62
1785847320000,DUST-01,ad65284f-6a8b-444e-a5f7-d0dcf56b61f9,958916.57,6010442.53,High,77
1785847320000,DUST-02,5c5c7940-d07e-4e92-8670-ac35e6a7e956,959034.8,6010464.7,Moderate,61
1785847380000,DUST-01,ad65284f-6a8b-444e-a5f7-d0dcf56b61f9,958916.57,6010442.53,High,77
1785847380000,DUST-02,5c5c7940-d07e-4e92-8670-ac35e6a7e956,959034.8,6010464.7,Moderate,61
1785847440000,DUST-01,ad65284f-6a8b-444e-a5f7-d0dcf56b61f9,958916.57,6010442.53,High,78
1785847440000,DUST-02,5c5c7940-d07e-4e92-8670-ac35e6a7e956,959034.8,6010464.7,Moderate,60
1785847500000,DUST-01,ad65284f-6a8b-444e-a5f7-d0dcf56b61f9,958916.57,6010442.53,High,77
1785847500000,DUST-02,5c5c7940-d07e-4e92-8670-ac35e6a7e956,959034.8,6010464.7,Moderate,59
1785847560000,DUST-01,ad65284f-6a8b-444e-a5f7-d0dcf56b61f9,958916.57,6010442.53,High,77
1785847560000,DUST-02,5c5c7940-d07e-4e92-8670-ac35e6a7e956,959034.8,6010464.7,Moderate,59
1785847620000,DUST-01,ad65284f-6a8b-444e-a5f7-d0dcf56b61f9,958916.57,6010442.53,High,77
1785847620000,DUST-02,5c5c7940-d07e-4e92-8670-ac35e6a7e956,959034.8,6010464.7,Moderate,58
1785847680000,DUST-01,ad65284f-6a8b-444e-a5f7-d0dcf56b61f9,958916.57,6010442.53,High,76
1785847680000,DUST-02,5c5c7940-d07e-4e92-8670-ac35e6a7e956,959034.8,6010464.7,Moderate,57
1785847740000,DUST-01,ad65284f-6a8b-444e-a5f7-d0dcf56b61f9,958916.57,6010442.53,High,76
1785847740000,DUST-02,5c5c7940-d07e-4e92-8670-ac35e6a7e956,959034.8,6010464.7,Moderate,58
1785847800000,DUST-01,ad65284f-6a8b-444e-a5f7-d0dcf56b61f9,958916.57,6010442.53,High,76
1785847800000,DUST-02,5c5c7940-d07e-4e92-8670-ac35e6a7e956,959034.8,6010464.7,Moderate,58
1785847860000,DUST-01,ad65284f-6a8b-444e-a5f7-d0dcf56b61f9,958916.57,6010442.53,High,77
1785847860000,DUST-02,5c5c7940-d07e-4e92-8670-ac35e6a7e956,959034.8,6010464.7,Moderate,58
1785847920000,DUST-01,ad65284f-6a8b-444e-a5f7-d0dcf56b61f9,958916.57,6010442.53,High,78
1785847920000,DUST-02,5c5c7940-d07e-4e92-8670-ac35e6a7e956,959034.8,6010464.7,Moderate,57
1785847980000,DUST-01,ad65284f-6a8b-444e-a5f7-d0dcf56b61f9,958916.57,6010442.53,High,77
1785847980000,DUST-02,5c5c7940-d07e-4e92-8670-ac35e6a7e956,959034.8,6010464.7,Moderate,57
1785848040000,DUST-01,ad65284f-6a8b-444e-a5f7-d0dcf56b61f9,958916.57,6010442.53,High,78
1785848040000,DUST-02,5c5c7940-d07e-4e92-8670-ac35e6a7e956,959034.8,6010464.7,Moderate,57
1785848100000,DUST-01,ad65284f-6a8b-444e-a5f7-d0dcf56b61f9,958916.57,6010442.53,High,78
1785848100000,DUST-02,5c5c7940-d07e-4e92-8670-ac35e6a7e956,959034.8,6010464.7,Moderate,57
1785848160000,DUST-01,ad65284f-6a8b-444e-a5f7-d0dcf56b61f9,958916.57,6010442.53,High,78
1785848160000,DUST-02,5c5c7940-d07e-4e92-8670-ac35e6a7e956,959034.8,6010464.7,Moderate,57
1785848220000,DUST-01,ad65284f-6a8b-444e-a5f7-d0dcf56b61f9,958916.57,6010442.53,High,77
1785848220000,DUST-02,5c5c7940-d07e-4e92-8670-ac35e6a7e956,959034.8,6010464.7,Moderate,58
1785848280000,DUST-01,ad65284f-6a8b-444e-a5f7-d0dcf56b61f9,958916.57,6010442.53,High,77
1785848280000,DUST-02,5c5c7940-d07e-4e92-8670-ac35e6a7e956,959034.8,6010464.7,Moderate,58
1785848340000,DUST-01,ad65284f-6a8b-444e-a5f7-d0dcf56b61f9,958916.57,6010442.53,High,76
1785848340000,DUST-02,5c5c7940-d07e-4e92-8670-ac35e6a7e956,959034.8,6010464.7,Moderate,57
1785848400000,DUST-01,ad65284f-6a8b-444e-a5f7-d0dcf56b61f9,958916.57,6010442.53,High,76
1785848400000,DUST-02,5c5c7940-d07e-4e92-8670-ac35e6a7e956,959034.8,6010464.7,Moderate,58
1785848460000,DUST-01,ad65284f-6a8b-444e-a5f7-d0dcf56b61f9,958916.57,6010442.53,High,76
1785848460000,DUST-02,5c5c7940-d07e-4e92-8670-ac35e6a7e956,959034.8,6010464.7,Moderate,59
1785848520000,DUST-01,ad65284f-6a8b-444e-a5f7-d0dcf56b61f9,958916.57,6010442.53,High,76
1785848520000,DUST-02,5c5c7940-d07e-4e92-8670-ac35e6a7e956,959034.8,6010464.7,Moderate,59
1785848580000,DUST-01,ad65284f-6a8b-444e-a5f7-d0dcf56b61f9,958916.57,6010442.53,High,76
1785848580000,DUST-02,5c5c7940-d07e-4e92-8670-ac35e6a7e956,959034.8,6010464.7,Moderate,59
1785848640000,DUST-01,ad65284f-6a8b-444e-a5f7-d0dcf56b61f9,958916.57,6010442.53,High,76
1785848640000,DUST-02,5c5c7940-d07e-4e92-8670-ac35e6a7e956,959034.8,6010464.7,Moderate,58
1785848700000,DUST-01,ad65284f-6a8b-444e-a5f7-d0dcf56b61f9,958916.57,6010442.53,High,77
1785848700000,DUST-02,5c5c7940-d07e-4e92-8670-ac35e6a7e956,959034.8,6010464.7,Moderate,58
1785848760000,DUST-01,ad65284f-6a8b-444e-a5f7-d0dcf56b61f9,958916.57,6010442.53,High,78
1785848760000,DUST-02,5c5c7940-d07e-4e92-8670-ac35e6a7e956,959034.8,6010464.7,Moderate,59
1785848820000,DUST-01,ad65284f-6a8b-444e-a5f7-d0dcf56b61f9,958916.57,6010442.53,High,77
1785848820000,DUST-02,5c5c7940-d07e-4e92-8670-ac35e6a7e956,959034.8,6010464.7,Moderate,60
1785848880000,DUST-01,ad65284f-6a8b-444e-a5f7-d0dcf56b61f9,958916.57,6010442.53,High,78
1785848880000,DUST-02,5c5c7940-d07e-4e92-8670-ac35e6a7e956,959034.8,6010464.7,Moderate,59
1785848940000,DUST-01,ad65284f-6a8b-444e-a5f7-d0dcf56b61f9,958916.57,6010442.53,High,79
1785848940000,DUST-02,5c5c7940-d07e-4e92-8670-ac35e6a7e956,959034.8,6010464.7,Moderate,59
1785849000000,DUST-01,ad65284f-6a8b-444e-a5f7-d0dcf56b61f9,958916.57,6010442.53,High,78
1785849000000,DUST-02,5c5c7940-d07e-4e92-8670-ac35e6a7e956,959034.8,6010464.7,Moderate,59
1785849060000,DUST-01,ad65284f-6a8b-444e-a5f7-d0dcf56b61f9,958916.57,6010442.53,High,78
1785849060000,DUST-02,5c5c7940-d07e-4e92-8670-ac35e6a7e956,959034.8,6010464.7,Moderate,59
1785849120000,DUST-01,ad65284f-6a8b-444e-a5f7-d0dcf56b61f9,958916.57,6010442.53,High,78
1785849120000,DUST-02,5c5c7940-d07e-4e92-8670-ac35e6a7e956,959034.8,6010464.7,Moderate,59
1785849180000,DUST-01,ad65284f-6a8b-444e-a5f7-d0dcf56b61f9,958916.57,6010442.53,High,77
1785849180000,DUST-02,5c5c7940-d07e-4e92-8670-ac35e6a7e956,959034.8,6010464.7,Moderate,58
1785849240000,DUST-01,ad65284f-6a8b-444e-a5f7-d0dcf56b61f9,958916.57,6010442.53,High,76
1785849240000,DUST-02,5c5c7940-d07e-4e92-8670-ac35e6a7e956,959034.8,6010464.7,Moderate,58
1785849300000,DUST-01,ad65284f-6a8b-444e-a5f7-d0dcf56b61f9,958916.57,6010442.53,High,76
1785849300000,DUST-02,5c5c7940-d07e-4e92-8670-ac35e6a7e956,959034.8,6010464.7,Moderate,57
1785849360000,DUST-01,ad65284f-6a8b-444e-a5f7-d0dcf56b61f9,958916.57,6010442.53,High,76
1785849360000,DUST-02,5c5c7940-d07e-4e92-8670-ac35e6a7e956,959034.8,6010464.7,Moderate,57
1785849420000,DUST-01,ad65284f-6a8b-444e-a5f7-d0dcf56b61f9,958916.57,6010442.53,High,76
1785849420000,DUST-02,5c5c7940-d07e-4e92-8670-ac35e6a7e956,959034.8,6010464.7,Moderate,56
1785849480000,DUST-01,ad65284f-6a8b-444e-a5f7-d0dcf56b61f9,958916.57,6010442.53,High,75
1785849480000,DUST-02,5c5c7940-d07e-4e92-8670-ac35e6a7e956,959034.8,6010464.7,Moderate,56
1785849540000,DUST-01,ad65284f-6a8b-444e-a5f7-d0dcf56b61f9,958916.57,6010442.53,Moderate,75
1785849540000,DUST-02,5c5c7940-d07e-4e92-8670-ac35e6a7e956,959034.8,6010464.7,Moderate,56
1785849600000,DUST-01,ad65284f-6a8b-444e-a5f7-d0dcf56b61f9,958916.57,6010442.53,High,76
1785849600000,DUST-02,5c5c7940-d07e-4e92-8670-ac35e6a7e956,959034.8,6010464.7,Moderate,57
1785849660000,DUST-01,ad65284f-6a8b-444e-a5f7-d0dcf56b61f9,958916.57,6010442.53,High,76
1785849660000,DUST-02,5c5c7940-d07e-4e92-8670-ac35e6a7e956,959034.8,6010464.7,Moderate,58
1785849720000,DUST-01,ad65284f-6a8b-444e-a5f7-d0dcf56b61f9,958916.57,6010442.53,High,76
1785849720000,DUST-02,5c5c7940-d07e-4e92-8670-ac35e6a7e956,959034.8,6010464.7,Moderate,59
1785849780000,DUST-01,ad65284f-6a8b-444e-a5f7-d0dcf56b61f9,958916.57,6010442.53,High,77
1785849780000,DUST-02,5c5c7940-d07e-4e92-8670-ac35e6a7e956,959034.8,6010464.7,Moderate,58
1785849840000,DUST-01,ad65284f-6a8b-444e-a5f7-d0dcf56b61f9,958916.57,6010442.53,High,77
1785849840000,DUST-02,5c5c7940-d07e-4e92-8670-ac35e6a7e956,959034.8,6010464.7,Moderate,59
1785849900000,DUST-01,ad65284f-6a8b-444e-a5f7-d0dcf56b61f9,958916.57,6010442.53,High,78
1785849900000,DUST-02,5c5c7940-d07e-4e92-8670-ac35e6a7e956,959034.8,6010464.7,Moderate,60
1785849960000,DUST-01,ad65284f-6a8b-444e-a5f7-d0dcf56b61f9,958916.57,6010442.53,High,77
1785849960000,DUST-02,5c5c7940-d07e-4e92-8670-ac35e6a7e956,959034.8,6010464.7,Moderate,60
1785850020000,DUST-01,ad65284f-6a8b-444e-a5f7-d0dcf56b61f9,958916.57,6010442.53,High,77
1785850020000,DUST-02,5c5c7940-d07e-4e92-8670-ac35e6a7e956,959034.8,6010464.7,Moderate,60
1785850080000,DUST-01,ad65284f-6a8b-444e-a5f7-d0dcf56b61f9,958916.57,6010442.53,High,78
1785850080000,DUST-02,5c5c7940-d07e-4e92-8670-ac35e6a7e956,959034.8,6010464.7,Moderate,60
1785850140000,DUST-01,ad65284f-6a8b-444e-a5f7-d0dcf56b61f9,958916.57,6010442.53,High,77
1785850140000,DUST-02,5c5c7940-d07e-4e92-8670-ac35e6a7e956,959034.8,6010464.7,Moderate,61
1785850200000,DUST-01,ad65284f-6a8b-444e-a5f7-d0dcf56b61f9,958916.57,6010442.53,High,77
1785850200000,DUST-02,5c5c7940-d07e-4e92-8670-ac35e6a7e956,959034.8,6010464.7,Moderate,59
1785850260000,DUST-01,ad65284f-6a8b-444e-a5f7-d0dcf56b61f9,958916.57,6010442.53,High,77
1785850260000,DUST-02,5c5c7940-d07e-4e92-8670-ac35e6a7e956,959034.8,6010464.7,Moderate,59
1785850320000,DUST-01,ad65284f-6a8b-444e-a5f7-d0dcf56b61f9,958916.57,6010442.53,High,77
1785850320000,DUST-02,5c5c7940-d07e-4e92-8670-ac35e6a7e956,959034.8,6010464.7,Moderate,59
1785850380000,DUST-01,ad65284f-6a8b-444e-a5f7-d0dcf56b61f9,958916.57,6010442.53,High,78
1785850380000,DUST-02,5c5c7940-d07e-4e92-8670-ac35e6a7e956,959034.8,6010464.7,Moderate,58
1785850440000,DUST-01,ad65284f-6a8b-444e-a5f7-d0dcf56b61f9,958916.57,6010442.53,High,77
1785850440000,DUST-02,5c5c7940-d07e-4e92-8670-ac35e6a7e956,959034.8,6010464.7,Moderate,58
1785850500000,DUST-01,ad65284f-6a8b-444e-a5f7-d0dcf56b61f9,958916.57,6010442.53,High,77
1785850500000,DUST-02,5c5c7940-d07e-4e92-8670-ac35e6a7e956,959034.8,6010464.7,Moderate,58
1785850560000,DUST-01,ad65284f-6a8b-444e-a5f7-d0dcf56b61f9,958916.57,6010442.53,High,77
1785850560000,DUST-02,5c5c7940-d07e-4e92-8670-ac35e6a7e956,959034.8,6010464.7,Moderate,58
1785850620000,DUST-01,ad65284f-6a8b-444e-a5f7-d0dcf56b61f9,958916.57,6010442.53,High,77
1785850620000,DUST-02,5c5c7940-d07e-4e92-8670-ac35e6a7e956,959034.8,6010464.7,Moderate,58
1785850680000,DUST-01,ad65284f-6a8b-444e-a5f7-d0dcf56b61f9,958916.57,6010442.53,High,76
1785850680000,DUST-02,5c5c7940-d07e-4e92-8670-ac35e6a7e956,959034.8,6010464.7,Moderate,57
1785850740000,DUST-01,ad65284f-6a8b-444e-a5f7-d0dcf56b61f9,958916.57,6010442.53,High,77
1785850740000,DUST-02,5c5c7940-d07e-4e92-8670-ac35e6a7e956,959034.8,6010464.7,Moderate,58
1785850800000,DUST-01,ad65284f-6a8b-444e-a5f7-d0dcf56b61f9,958916.57,6010442.53,High,76
1785850800000,DUST-02,5c5c7940-d07e-4e92-8670-ac35e6a7e956,959034.8,6010464.7,Moderate,58
1785850860000,DUST-01,ad65284f-6a8b-444e-a5f7-d0dcf56b61f9,958916.57,6010442.53,High,76
1785850860000,DUST-02,5c5c7940-d07e-4e92-8670-ac35e6a7e956,959034.8,6010464.7,Moderate,59
1785850920000,DUST-01,ad65284f-6a8b-444e-a5f7-d0dcf56b61f9,958916.57,6010442.53,High,78
1785850920000,DUST-02,5c5c7940-d07e-4e92-8670-ac35e6a7e956,959034.8,6010464.7,Moderate,60
1785850980000,DUST-01,ad65284f-6a8b-444e-a5f7-d0dcf56b61f9,958916.57,6010442.53,High,78
1785850980000,DUST-02,5c5c7940-d07e-4e92-8670-ac35e6a7e956,959034.8,6010464.7,Moderate,60
1785851040000,DUST-01,ad65284f-6a8b-444e-a5f7-d0dcf56b61f9,958916.57,6010442.53,High,77
1785851040000,DUST-02,5c5c7940-d07e-4e92-8670-ac35e6a7e956,959034.8,6010464.7,Moderate,60
1785851100000,DUST-01,ad65284f-6a8b-444e-a5f7-d0dcf56b61f9,958916.57,6010442.53,High,76
1785851100000,DUST-02,5c5c7940-d07e-4e92-8670-ac35e6a7e956,959034.8,6010464.7,Moderate,59
1785851160000,DUST-01,ad65284f-6a8b-444e-a5f7-d0dcf56b61f9,958916.57,6010442.53,High,77
1785851160000,DUST-02,5c5c7940-d07e-4e92-8670-ac35e6a7e956,959034.8,6010464.7,Moderate,58
1785851220000,DUST-01,ad65284f-6a8b-444e-a5f7-d0dcf56b61f9,958916.57,6010442.53,High,76
1785851220000,DUST-02,5c5c7940-d07e-4e92-8670-ac35e6a7e956,959034.8,6010464.7,Moderate,58
1785851280000,DUST-01,ad65284f-6a8b-444e-a5f7-d0dcf56b61f9,958916.57,6010442.53,High,75
1785851280000,DUST-02,5c5c7940-d07e-4e92-8670-ac35e6a7e956,959034.8,6010464.7,Moderate,59
1785851340000,DUST-01,ad65284f-6a8b-444e-a5f7-d0dcf56b61f9,958916.57,6010442.53,Moderate,75
1785851340000,DUST-02,5c5c7940-d07e-4e92-8670-ac35e6a7e956,959034.8,6010464.7,Moderate,59
1785851400000,DUST-01,ad65284f-6a8b-444e-a5f7-d0dcf56b61f9,958916.57,6010442.53,High,76
1785851400000,DUST-02,5c5c7940-d07e-4e92-8670-ac35e6a7e956,959034.8,6010464.7,Moderate,59
1785851460000,DUST-01,ad65284f-6a8b-444e-a5f7-d0dcf56b61f9,958916.57,6010442.53,High,77
1785851460000,DUST-02,5c5c7940-d07e-4e92-8670-ac35e6a7e956,959034.8,6010464.7,Moderate,58
1785851520000,DUST-01,ad65284f-6a8b-444e-a5f7-d0dcf56b61f9,958916.57,6010442.53,High,76
1785851520000,DUST-02,5c5c7940-d07e-4e92-8670-ac35e6a7e956,959034.8,6010464.7,Moderate,59
1785851580000,DUST-01,ad65284f-6a8b-444e-a5f7-d0dcf56b61f9,958916.57,6010442.53,High,76
1785851580000,DUST-02,5c5c7940-d07e-4e92-8670-ac35e6a7e956,959034.8,6010464.7,Moderate,60
1785851640000,DUST-01,ad65284f-6a8b-444e-a5f7-d0dcf56b61f9,958916.57,6010442.53,High,76
1785851640000,DUST-02,5c5c7940-d07e-4e92-8670-ac35e6a7e956,959034.8,6010464.7,Moderate,59
1785851700000,DUST-01,ad65284f-6a8b-444e-a5f7-d0dcf56b61f9,958916.57,6010442.53,Moderate,75
1785851700000,DUST-02,5c5c7940-d07e-4e92-8670-ac35e6a7e956,959034.8,6010464.7,Moderate,59
1785851760000,DUST-01,ad65284f-6a8b-444e-a5f7-d0dcf56b61f9,958916.57,6010442.53,High,76
1785851760000,DUST-02,5c5c7940-d07e-4e92-8670-ac35e6a7e956,959034.8,6010464.7,Moderate,59
1785851820000,DUST-01,ad65284f-6a8b-444e-a5f7-d0dcf56b61f9,958916.57,6010442.53,High,77
1785851820000,DUST-02,5c5c7940-d07e-4e92-8670-ac35e6a7e956,959034.8,6010464.7,Moderate,60
1785851880000,DUST-01,ad65284f-6a8b-444e-a5f7-d0dcf56b61f9,958916.57,6010442.53,High,78
1785851880000,DUST-02,5c5c7940-d07e-4e92-8670-ac35e6a7e956,959034.8,6010464.7,Moderate,59
1785851940000,DUST-01,ad65284f-6a8b-444e-a5f7-d0dcf56b61f9,958916.57,6010442.53,High,78
1785851940000,DUST-02,5c5c7940-d07e-4e92-8670-ac35e6a7e956,959034.8,6010464.7,Moderate,59
1785852000000,DUST-01,ad65284f-6a8b-444e-a5f7-d0dcf56b61f9,958916.57,6010442.53,High,79
1785852000000,DUST-02,5c5c7940-d07e-4e92-8670-ac35e6a7e956,959034.8,6010464.7,Moderate,60
1785852060000,DUST-01,ad65284f-6a8b-444e-a5f7-d0dcf56b61f9,958916.57,6010442.53,High,78
1785852060000,DUST-02,5c5c7940-d07e-4e92-8670-ac35e6a7e956,959034.8,6010464.7,Moderate,60
1785852120000,DUST-01,ad65284f-6a8b-444e-a5f7-d0dcf56b61f9,958916.57,6010442.53,High,78
1785852120000,DUST-02,5c5c7940-d07e-4e92-8670-ac35e6a7e956,959034.8,6010464.7,Moderate,60
1785852180000,DUST-01,ad65284f-6a8b-444e-a5f7-d0dcf56b61f9,958916.57,6010442.53,High,79
1785852180000,DUST-02,5c5c7940-d07e-4e92-8670-ac35e6a7e956,959034.8,6010464.7,Moderate,60
1785852240000,DUST-01,ad65284f-6a8b-444e-a5f7-d0dcf56b61f9,958916.57,6010442.53,High,80
1785852240000,DUST-02,5c5c7940-d07e-4e92-8670-ac35e6a7e956,959034.8,6010464.7,Moderate,61
1785852300000,DUST-01,ad65284f-6a8b-444e-a5f7-d0dcf56b61f9,958916.57,6010442.53,High,79
1785852300000,DUST-02,5c5c7940-d07e-4e92-8670-ac35e6a7e956,959034.8,6010464.7,Moderate,60
1785852360000,DUST-01,ad65284f-6a8b-444e-a5f7-d0dcf56b61f9,958916.57,6010442.53,High,79
1785852360000,DUST-02,5c5c7940-d07e-4e92-8670-ac35e6a7e956,959034.8,6010464.7,Moderate,60
1785852420000,DUST-01,ad65284f-6a8b-444e-a5f7-d0dcf56b61f9,958916.57,6010442.53,High,78
1785852420000,DUST-02,5c5c7940-d07e-4e92-8670-ac35e6a7e956,959034.8,6010464.7,Moderate,59
1785852480000,DUST-01,ad65284f-6a8b-444e-a5f7-d0dcf56b61f9,958916.57,6010442.53,High,77
1785852480000,DUST-02,5c5c7940-d07e-4e92-8670-ac35e6a7e956,959034.8,6010464.7,Moderate,57
1785852540000,DUST-01,ad65284f-6a8b-444e-a5f7-d0dcf56b61f9,958916.57,6010442.53,High,78
1785852540000,DUST-02,5c5c7940-d07e-4e92-8670-ac35e6a7e956,959034.8,6010464.7,Moderate,57
1785852600000,DUST-01,ad65284f-6a8b-444e-a5f7-d0dcf56b61f9,958916.57,6010442.53,High,77
1785852600000,DUST-02,5c5c7940-d07e-4e92-8670-ac35e6a7e956,959034.8,6010464.7,Moderate,56
1785852660000,DUST-01,ad65284f-6a8b-444e-a5f7-d0dcf56b61f9,958916.57,6010442.53,High,76
1785852660000,DUST-02,5c5c7940-d07e-4e92-8670-ac35e6a7e956,959034.8,6010464.7,Moderate,55
1785852720000,DUST-01,ad65284f-6a8b-444e-a5f7-d0dcf56b61f9,958916.57,6010442.53,High,76
1785852720000,DUST-02,5c5c7940-d07e-4e92-8670-ac35e6a7e956,959034.8,6010464.7,Moderate,56
1785852780000,DUST-01,ad65284f-6a8b-444e-a5f7-d0dcf56b61f9,958916.57,6010442.53,Moderate,75
1785852780000,DUST-02,5c5c7940-d07e-4e92-8670-ac35e6a7e956,959034.8,6010464.7,Moderate,57
1785852840000,DUST-01,ad65284f-6a8b-444e-a5f7-d0dcf56b61f9,958916.57,6010442.53,Moderate,74
1785852840000,DUST-02,5c5c7940-d07e-4e92-8670-ac35e6a7e956,959034.8,6010464.7,Moderate,57
1785852900000,DUST-01,ad65284f-6a8b-444e-a5f7-d0dcf56b61f9,958916.57,6010442.53,Moderate,73
1785852900000,DUST-02,5c5c7940-d07e-4e92-8670-ac35e6a7e956,959034.8,6010464.7,Moderate,58
1785852960000,DUST-01,ad65284f-6a8b-444e-a5f7-d0dcf56b61f9,958916.57,6010442.53,Moderate,73
1785852960000,DUST-02,5c5c7940-d07e-4e92-8670-ac35e6a7e956,959034.8,6010464.7,Moderate,58
1785853020000,DUST-01,ad65284f-6a8b-444e-a5f7-d0dcf56b61f9,958916.57,6010442.53,Moderate,72
1785853020000,DUST-02,5c5c7940-d07e-4e92-8670-ac35e6a7e956,959034.8,6010464.7,Moderate,56
1785853080000,DUST-01,ad65284f-6a8b-444e-a5f7-d0dcf56b61f9,958916.57,6010442.53,Moderate,71
1785853080000,DUST-02,5c5c7940-d07e-4e92-8670-ac35e6a7e956,959034.8,6010464.7,Moderate,55
1785853140000,DUST-01,ad65284f-6a8b-444e-a5f7-d0dcf56b61f9,958916.57,6010442.53,Moderate,71
1785853140000,DUST-02,5c5c7940-d07e-4e92-8670-ac35e6a7e956,959034.8,6010464.7,Moderate,55
1785853200000,DUST-01,ad65284f-6a8b-444e-a5f7-d0dcf56b61f9,958916.57,6010442.53,Moderate,70
1785853200000,DUST-02,5c5c7940-d07e-4e92-8670-ac35e6a7e956,959034.8,6010464.7,Moderate,54
1785853260000,DUST-01,ad65284f-6a8b-444e-a5f7-d0dcf56b61f9,958916.57,6010442.53,Moderate,70
1785853260000,DUST-02,5c5c7940-d07e-4e92-8670-ac35e6a7e956,959034.8,6010464.7,Moderate,53
1785853320000,DUST-01,ad65284f-6a8b-444e-a5f7-d0dcf56b61f9,958916.57,6010442.53,Moderate,69
1785853320000,DUST-02,5c5c7940-d07e-4e92-8670-ac35e6a7e956,959034.8,6010464.7,Moderate,52
1785853380000,DUST-01,ad65284f-6a8b-444e-a5f7-d0dcf56b61f9,958916.57,6010442.53,Moderate,69
1785853380000,DUST-02,5c5c7940-d07e-4e92-8670-ac35e6a7e956,959034.8,6010464.7,Moderate,52
1785853440000,DUST-01,ad65284f-6a8b-444e-a5f7-d0dcf56b61f9,958916.57,6010442.53,Moderate,69
1785853440000,DUST-02,5c5c7940-d07e-4e92-8670-ac35e6a7e956,959034.8,6010464.7,Moderate,52
1785853500000,DUST-01,ad65284f-6a8b-444e-a5f7-d0dcf56b61f9,958916.57,6010442.53,Moderate,68
1785853500000,DUST-02,5c5c7940-d07e-4e92-8670-ac35e6a7e956,959034.8,6010464.7,Moderate,53
1785853560000,DUST-01,ad65284f-6a8b-444e-a5f7-d0dcf56b61f9,958916.57,6010442.53,Moderate,68
1785853560000,DUST-02,5c5c7940-d07e-4e92-8670-ac35e6a7e956,959034.8,6010464.7,Moderate,53
1785853620000,DUST-01,ad65284f-6a8b-444e-a5f7-d0dcf56b61f9,958916.57,6010442.53,Moderate,67
1785853620000,DUST-02,5c5c7940-d07e-4e92-8670-ac35e6a7e956,959034.8,6010464.7,Moderate,53
1785853680000,DUST-01,ad65284f-6a8b-444e-a5f7-d0dcf56b61f9,958916.57,6010442.53,Moderate,67
1785853680000,DUST-02,5c5c7940-d07e-4e92-8670-ac35e6a7e956,959034.8,6010464.7,Moderate,52
1785853740000,DUST-01,ad65284f-6a8b-444e-a5f7-d0dcf56b61f9,958916.57,6010442.53,Moderate,67
1785853740000,DUST-02,5c5c7940-d07e-4e92-8670-ac35e6a7e956,959034.8,6010464.7,Moderate,53
1785853800000,DUST-01,ad65284f-6a8b-444e-a5f7-d0dcf56b61f9,958916.57,6010442.53,Moderate,66
1785853800000,DUST-02,5c5c7940-d07e-4e92-8670-ac35e6a7e956,959034.8,6010464.7,Moderate,52
1785853860000,DUST-01,ad65284f-6a8b-444e-a5f7-d0dcf56b61f9,958916.57,6010442.53,Moderate,65
1785853860000,DUST-02,5c5c7940-d07e-4e92-8670-ac35e6a7e956,959034.8,6010464.7,Moderate,51
1785853920000,DUST-01,ad65284f-6a8b-444e-a5f7-d0dcf56b61f9,958916.57,6010442.53,Moderate,63
1785853920000,DUST-02,5c5c7940-d07e-4e92-8670-ac35e6a7e956,959034.8,6010464.7,Moderate,51
1785853980000,DUST-01,ad65284f-6a8b-444e-a5f7-d0dcf56b61f9,958916.57,6010442.53,Moderate,63
1785853980000,DUST-02,5c5c7940-d07e-4e92-8670-ac35e6a7e956,959034.8,6010464.7,Good,50
1785854040000,DUST-01,ad65284f-6a8b-444e-a5f7-d0dcf56b61f9,958916.57,6010442.53,Moderate,62
1785854040000,DUST-02,5c5c7940-d07e-4e92-8670-ac35e6a7e956,959034.8,6010464.7,Good,49
1785854100000,DUST-01,ad65284f-6a8b-444e-a5f7-d0dcf56b61f9,958916.57,6010442.53,Moderate,62
1785854100000,DUST-02,5c5c7940-d07e-4e92-8670-ac35e6a7e956,959034.8,6010464.7,Good,47
1785854160000,DUST-01,ad65284f-6a8b-444e-a5f7-d0dcf56b61f9,958916.57,6010442.53,Moderate,62
1785854160000,DUST-02,5c5c7940-d07e-4e92-8670-ac35e6a7e956,959034.8,6010464.7,Good,47
1785854220000,DUST-01,ad65284f-6a8b-444e-a5f7-d0dcf56b61f9,958916.57,6010442.53,Moderate,60
1785854220000,DUST-02,5c5c7940-d07e-4e92-8670-ac35e6a7e956,959034.8,6010464.7,Good,47
1785854280000,DUST-01,ad65284f-6a8b-444e-a5f7-d0dcf56b61f9,958916.57,6010442.53,Moderate,60
1785854280000,DUST-02,5c5c7940-d07e-4e92-8670-ac35e6a7e956,959034.8,6010464.7,Good,46
1785854340000,DUST-01,ad65284f-6a8b-444e-a5f7-d0dcf56b61f9,958916.57,6010442.53,Moderate,59
1785854340000,DUST-02,5c5c7940-d07e-4e92-8670-ac35e6a7e956,959034.8,6010464.7,Good,46
1785854400000,DUST-01,ad65284f-6a8b-444e-a5f7-d0dcf56b61f9,958916.57,6010442.53,Moderate,59
1785854400000,DUST-02,5c5c7940-d07e-4e92-8670-ac35e6a7e956,959034.8,6010464.7,Good,45
1785854460000,DUST-01,ad65284f-6a8b-444e-a5f7-d0dcf56b61f9,958916.57,6010442.53,Moderate,58
1785854460000,DUST-02,5c5c7940-d07e-4e92-8670-ac35e6a7e956,959034.8,6010464.7,Good,45
1785854520000,DUST-01,ad65284f-6a8b-444e-a5f7-d0dcf56b61f9,958916.57,6010442.53,Moderate,59
1785854520000,DUST-02,5c5c7940-d07e-4e92-8670-ac35e6a7e956,959034.8,6010464.7,Good,45
1785854580000,DUST-01,ad65284f-6a8b-444e-a5f7-d0dcf56b61f9,958916.57,6010442.53,Moderate,59
1785854580000,DUST-02,5c5c7940-d07e-4e92-8670-ac35e6a7e956,959034.8,6010464.7,Good,44
1785854640000,DUST-01,ad65284f-6a8b-444e-a5f7-d0dcf56b61f9,958916.57,6010442.53,Moderate,59
1785854640000,DUST-02,5c5c7940-d07e-4e92-8670-ac35e6a7e956,959034.8,6010464.7,Good,43
1785854700000,DUST-01,ad65284f-6a8b-444e-a5f7-d0dcf56b61f9,958916.57,6010442.53,Moderate,60
1785854700000,DUST-02,5c5c7940-d07e-4e92-8670-ac35e6a7e956,959034.8,6010464.7,Good,44
1785854760000,DUST-01,ad65284f-6a8b-444e-a5f7-d0dcf56b61f9,958916.57,6010442.53,Moderate,59
1785854760000,DUST-02,5c5c7940-d07e-4e92-8670-ac35e6a7e956,959034.8,6010464.7,Good,44
1785854820000,DUST-01,ad65284f-6a8b-444e-a5f7-d0dcf56b61f9,958916.57,6010442.53,Moderate,57
1785854820000,DUST-02,5c5c7940-d07e-4e92-8670-ac35e6a7e956,959034.8,6010464.7,Good,43
1785854880000,DUST-01,ad65284f-6a8b-444e-a5f7-d0dcf56b61f9,958916.57,6010442.53,Moderate,58
1785854880000,DUST-02,5c5c7940-d07e-4e92-8670-ac35e6a7e956,959034.8,6010464.7,Good,43
1785854940000,DUST-01,ad65284f-6a8b-444e-a5f7-d0dcf56b61f9,958916.57,6010442.53,Moderate,57
1785854940000,DUST-02,5c5c7940-d07e-4e92-8670-ac35e6a7e956,959034.8,6010464.7,Good,44
1785855000000,DUST-01,ad65284f-6a8b-444e-a5f7-d0dcf56b61f9,958916.57,6010442.53,Moderate,55
1785855000000,DUST-02,5c5c7940-d07e-4e92-8670-ac35e6a7e956,959034.8,6010464.7,Good,43
1785855060000,DUST-01,ad65284f-6a8b-444e-a5f7-d0dcf56b61f9,958916.57,6010442.53,Moderate,55
1785855060000,DUST-02,5c5c7940-d07e-4e92-8670-ac35e6a7e956,959034.8,6010464.7,Good,43
1785855120000,DUST-01,ad65284f-6a8b-444e-a5f7-d0dcf56b61f9,958916.57,6010442.53,Moderate,55
1785855120000,DUST-02,5c5c7940-d07e-4e92-8670-ac35e6a7e956,959034.8,6010464.7,Good,44
1785855180000,DUST-01,ad65284f-6a8b-444e-a5f7-d0dcf56b61f9,958916.57,6010442.53,Moderate,55
1785855180000,DUST-02,5c5c7940-d07e-4e92-8670-ac35e6a7e956,959034.8,6010464.7,Good,43
1785855240000,DUST-01,ad65284f-6a8b-444e-a5f7-d0dcf56b61f9,958916.57,6010442.53,Moderate,54
1785855240000,DUST-02,5c5c7940-d07e-4e92-8670-ac35e6a7e956,959034.8,6010464.7,Good,43
1785855300000,DUST-01,ad65284f-6a8b-444e-a5f7-d0dcf56b61f9,958916.57,6010442.53,Moderate,54
1785855300000,DUST-02,5c5c7940-d07e-4e92-8670-ac35e6a7e956,959034.8,6010464.7,Good,42
1785855360000,DUST-01,ad65284f-6a8b-444e-a5f7-d0dcf56b61f9,958916.57,6010442.53,Moderate,52
1785855360000,DUST-02,5c5c7940-d07e-4e92-8670-ac35e6a7e956,959034.8,6010464.7,Good,40
1785855420000,DUST-01,ad65284f-6a8b-444e-a5f7-d0dcf56b61f9,958916.57,6010442.53,Moderate,52
1785855420000,DUST-02,5c5c7940-d07e-4e92-8670-ac35e6a7e956,959034.8,6010464.7,Good,41
1785855480000,DUST-01,ad65284f-6a8b-444e-a5f7-d0dcf56b61f9,958916.57,6010442.53,Moderate,53
1785855480000,DUST-02,5c5c7940-d07e-4e92-8670-ac35e6a7e956,959034.8,6010464.7,Good,41
1785855540000,DUST-01,ad65284f-6a8b-444e-a5f7-d0dcf56b61f9,958916.57,6010442.53,Moderate,51
1785855540000,DUST-02,5c5c7940-d07e-4e92-8670-ac35e6a7e956,959034.8,6010464.7,Good,41
1785855600000,DUST-01,ad65284f-6a8b-444e-a5f7-d0dcf56b61f9,958916.57,6010442.53,Moderate,51
1785855600000,DUST-02,5c5c7940-d07e-4e92-8670-ac35e6a7e956,959034.8,6010464.7,Good,40
1785855660000,DUST-01,ad65284f-6a8b-444e-a5f7-d0dcf56b61f9,958916.57,6010442.53,Moderate,52
1785855660000,DUST-02,5c5c7940-d07e-4e92-8670-ac35e6a7e956,959034.8,6010464.7,Good,39
1785855720000,DUST-01,ad65284f-6a8b-444e-a5f7-d0dcf56b61f9,958916.57,6010442.53,Good,50
1785855720000,DUST-02,5c5c7940-d07e-4e92-8670-ac35e6a7e956,959034.8,6010464.7,Good,39
1785855780000,DUST-01,ad65284f-6a8b-444e-a5f7-d0dcf56b61f9,958916.57,6010442.53,Good,50
1785855780000,DUST-02,5c5c7940-d07e-4e92-8670-ac35e6a7e956,959034.8,6010464.7,Good,37
1785855840000,DUST-01,ad65284f-6a8b-444e-a5f7-d0dcf56b61f9,958916.57,6010442.53,Good,48
1785855840000,DUST-02,5c5c7940-d07e-4e92-8670-ac35e6a7e956,959034.8,6010464.7,Good,36
1785855900000,DUST-01,ad65284f-6a8b-444e-a5f7-d0dcf56b61f9,958916.57,6010442.53,Good,48
1785855900000,DUST-02,5c5c7940-d07e-4e92-8670-ac35e6a7e956,959034.8,6010464.7,Good,37
1785855960000,DUST-01,ad65284f-6a8b-444e-a5f7-d0dcf56b61f9,958916.57,6010442.53,Good,47
1785855960000,DUST-02,5c5c7940-d07e-4e92-8670-ac35e6a7e956,959034.8,6010464.7,Good,36
1785856020000,DUST-01,ad65284f-6a8b-444e-a5f7-d0dcf56b61f9,958916.57,6010442.53,Good,46
1785856020000,DUST-02,5c5c7940-d07e-4e92-8670-ac35e6a7e956,959034.8,6010464.7,Good,36
1785856080000,DUST-01,ad65284f-6a8b-444e-a5f7-d0dcf56b61f9,958916.57,6010442.53,Good,45
1785856080000,DUST-02,5c5c7940-d07e-4e92-8670-ac35e6a7e956,959034.8,6010464.7,Good,34
1785856140000,DUST-01,ad65284f-6a8b-444e-a5f7-d0dcf56b61f9,958916.57,6010442.53,Good,44
1785856140000,DUST-02,5c5c7940-d07e-4e92-8670-ac35e6a7e956,959034.8,6010464.7,Good,33
1785856200000,DUST-01,ad65284f-6a8b-444e-a5f7-d0dcf56b61f9,958916.57,6010442.53,Good,44
1785856200000,DUST-02,5c5c7940-d07e-4e92-8670-ac35e6a7e956,959034.8,6010464.7,Good,34
1785856260000,DUST-01,ad65284f-6a8b-444e-a5f7-d0dcf56b61f9,958916.57,6010442.53,Good,43
1785856260000,DUST-02,5c5c7940-d07e-4e92-8670-ac35e6a7e956,959034.8,6010464.7,Good,34
1785856320000,DUST-01,ad65284f-6a8b-444e-a5f7-d0dcf56b61f9,958916.57,6010442.53,Good,42
1785856320000,DUST-02,5c5c7940-d07e-4e92-8670-ac35e6a7e956,959034.8,6010464.7,Good,34
1785856380000,DUST-01,ad65284f-6a8b-444e-a5f7-d0dcf56b61f9,958916.57,6010442.53,Good,41
1785856380000,DUST-02,5c5c7940-d07e-4e92-8670-ac35e6a7e956,959034.8,6010464.7,Good,34
1785856440000,DUST-01,ad65284f-6a8b-444e-a5f7-d0dcf56b61f9,958916.57,6010442.53,Good,42
1785856440000,DUST-02,5c5c7940-d07e-4e92-8670-ac35e6a7e956,959034.8,6010464.7,Good,33
1785856500000,DUST-01,ad65284f-6a8b-444e-a5f7-d0dcf56b61f9,958916.57,6010442.53,Good,41
1785856500000,DUST-02,5c5c7940-d07e-4e92-8670-ac35e6a7e956,959034.8,6010464.7,Good,33
1785856560000,DUST-01,ad65284f-6a8b-444e-a5f7-d0dcf56b61f9,958916.57,6010442.53,Good,41
1785856560000,DUST-02,5c5c7940-d07e-4e92-8670-ac35e6a7e956,959034.8,6010464.7,Good,32
1785856620000,DUST-01,ad65284f-6a8b-444e-a5f7-d0dcf56b61f9,958916.57,6010442.53,Good,41
1785856620000,DUST-02,5c5c7940-d07e-4e92-8670-ac35e6a7e956,959034.8,6010464.7,Good,32
1785856680000,DUST-01,ad65284f-6a8b-444e-a5f7-d0dcf56b61f9,958916.57,6010442.53,Good,41
1785856680000,DUST-02,5c5c7940-d07e-4e92-8670-ac35e6a7e956,959034.8,6010464.7,Good,32
1785856740000,DUST-01,ad65284f-6a8b-444e-a5f7-d0dcf56b61f9,958916.57,6010442.53,Good,41
1785856740000,DUST-02,5c5c7940-d07e-4e92-8670-ac35e6a7e956,959034.8,6010464.7,Good,32
1785856800000,DUST-01,ad65284f-6a8b-444e-a5f7-d0dcf56b61f9,958916.57,6010442.53,Good,40
1785856800000,DUST-02,5c5c7940-d07e-4e92-8670-ac35e6a7e956,959034.8,6010464.7,Good,31
1785856860000,DUST-01,ad65284f-6a8b-444e-a5f7-d0dcf56b61f9,958916.57,6010442.53,Good,39
1785856860000,DUST-02,5c5c7940-d07e-4e92-8670-ac35e6a7e956,959034.8,6010464.7,Good,30
1785856920000,DUST-01,ad65284f-6a8b-444e-a5f7-d0dcf56b61f9,958916.57,6010442.53,Good,39
1785856920000,DUST-02,5c5c7940-d07e-4e92-8670-ac35e6a7e956,959034.8,6010464.7,Good,29
1785856980000,DUST-01,ad65284f-6a8b-444e-a5f7-d0dcf56b61f9,958916.57,6010442.53,Good,38
1785856980000,DUST-02,5c5c7940-d07e-4e92-8670-ac35e6a7e956,959034.8,6010464.7,Good,27
1785857040000,DUST-01,ad65284f-6a8b-444e-a5f7-d0dcf56b61f9,958916.57,6010442.53,Good,36
1785857040000,DUST-02,5c5c7940-d07e-4e92-8670-ac35e6a7e956,959034.8,6010464.7,Good,29
1785857100000,DUST-01,ad65284f-6a8b-444e-a5f7-d0dcf56b61f9,958916.57,6010442.53,Good,35
1785857100000,DUST-02,5c5c7940-d07e-4e92-8670-ac35e6a7e956,959034.8,6010464.7,Good,29
1785857160000,DUST-01,ad65284f-6a8b-444e-a5f7-d0dcf56b61f9,958916.57,6010442.53,Good,36
1785857160000,DUST-02,5c5c7940-d07e-4e92-8670-ac35e6a7e956,959034.8,6010464.7,Good,28
1785857220000,DUST-01,ad65284f-6a8b-444e-a5f7-d0dcf56b61f9,958916.57,6010442.53,Good,34
1785857220000,DUST-02,5c5c7940-d07e-4e92-8670-ac35e6a7e956,959034.8,6010464.7,Good,28
1785857280000,DUST-01,ad65284f-6a8b-444e-a5f7-d0dcf56b61f9,958916.57,6010442.53,Good,34
1785857280000,DUST-02,5c5c7940-d07e-4e92-8670-ac35e6a7e956,959034.8,6010464.7,Good,27
1785857340000,DUST-01,ad65284f-6a8b-444e-a5f7-d0dcf56b61f9,958916.57,6010442.53,Good,33
1785857340000,DUST-02,5c5c7940-d07e-4e92-8670-ac35e6a7e956,959034.8,6010464.7,Good,28
1785857400000,DUST-01,ad65284f-6a8b-444e-a5f7-d0dcf56b61f9,958916.57,6010442.53,Good,33
1785857400000,DUST-02,5c5c7940-d07e-4e92-8670-ac35e6a7e956,959034.8,6010464.7,Good,27
1785857460000,DUST-01,ad65284f-6a8b-444e-a5f7-d0dcf56b61f9,958916.57,6010442.53,Good,31
1785857460000,DUST-02,5c5c7940-d07e-4e92-8670-ac35e6a7e956,959034.8,6010464.7,Good,27
1785857520000,DUST-01,ad65284f-6a8b-444e-a5f7-d0dcf56b61f9,958916.57,6010442.53,Good,30
1785857520000,DUST-02,5c5c7940-d07e-4e92-8670-ac35e6a7e956,959034.8,6010464.7,Good,25
1785857580000,DUST-01,ad65284f-6a8b-444e-a5f7-d0dcf56b61f9,958916.57,6010442.53,Good,30
1785857580000,DUST-02,5c5c7940-d07e-4e92-8670-ac35e6a7e956,959034.8,6010464.7,Good,25
1785857640000,DUST-01,ad65284f-6a8b-444e-a5f7-d0dcf56b61f9,958916.57,6010442.53,Good,29
1785857640000,DUST-02,5c5c7940-d07e-4e92-8670-ac35e6a7e956,959034.8,6010464.7,Good,26
1785857700000,DUST-01,ad65284f-6a8b-444e-a5f7-d0dcf56b61f9,958916.57,6010442.53,Good,29
1785857700000,DUST-02,5c5c7940-d07e-4e92-8670-ac35e6a7e956,959034.8,6010464.7,Good,25
1785857760000,DUST-01,ad65284f-6a8b-444e-a5f7-d0dcf56b61f9,958916.57,6010442.53,Good,28
1785857760000,DUST-02,5c5c7940-d07e-4e92-8670-ac35e6a7e956,959034.8,6010464.7,Good,24
1785857820000,DUST-01,ad65284f-6a8b-444e-a5f7-d0dcf56b61f9,958916.57,6010442.53,Good,28
1785857820000,DUST-02,5c5c7940-d07e-4e92-8670-ac35e6a7e956,959034.8,6010464.7,Good,24
1785857880000,DUST-01,ad65284f-6a8b-444e-a5f7-d0dcf56b61f9,958916.57,6010442.53,Good,29
1785857880000,DUST-02,5c5c7940-d07e-4e92-8670-ac35e6a7e956,959034.8,6010464.7,Good,25
1785857940000,DUST-01,ad65284f-6a8b-444e-a5f7-d0dcf56b61f9,958916.57,6010442.53,Good,29
1785857940000,DUST-02,5c5c7940-d07e-4e92-8670-ac35e6a7e956,959034.8,6010464.7,Good,25
1785858000000,DUST-01,ad65284f-6a8b-444e-a5f7-d0dcf56b61f9,958916.57,6010442.53,Good,29
1785858000000,DUST-02,5c5c7940-d07e-4e92-8670-ac35e6a7e956,959034.8,6010464.7,Good,25
1785858060000,DUST-01,ad65284f-6a8b-444e-a5f7-d0dcf56b61f9,958916.57,6010442.53,Good,29
1785858060000,DUST-02,5c5c7940-d07e-4e92-8670-ac35e6a7e956,959034.8,6010464.7,Good,24
1785858120000,DUST-01,ad65284f-6a8b-444e-a5f7-d0dcf56b61f9,958916.57,6010442.53,Good,28
1785858120000,DUST-02,5c5c7940-d07e-4e92-8670-ac35e6a7e956,959034.8,6010464.7,Good,24
1785858180000,DUST-01,ad65284f-6a8b-444e-a5f7-d0dcf56b61f9,958916.57,6010442.53,Good,28
1785858180000,DUST-02,5c5c7940-d07e-4e92-8670-ac35e6a7e956,959034.8,6010464.7,Good,24
1785858240000,DUST-01,ad65284f-6a8b-444e-a5f7-d0dcf56b61f9,958916.57,6010442.53,Good,28
1785858240000,DUST-02,5c5c7940-d07e-4e92-8670-ac35e6a7e956,959034.8,6010464.7,Good,25
1785858300000,DUST-01,ad65284f-6a8b-444e-a5f7-d0dcf56b61f9,958916.57,6010442.53,Good,28
1785858300000,DUST-02,5c5c7940-d07e-4e92-8670-ac35e6a7e956,959034.8,6010464.7,Good,23
1785858360000,DUST-01,ad65284f-6a8b-444e-a5f7-d0dcf56b61f9,958916.57,6010442.53,Good,29
1785858360000,DUST-02,5c5c7940-d07e-4e92-8670-ac35e6a7e956,959034.8,6010464.7,Good,24
1785858420000,DUST-01,ad65284f-6a8b-444e-a5f7-d0dcf56b61f9,958916.57,6010442.53,Good,30
1785858420000,DUST-02,5c5c7940-d07e-4e92-8670-ac35e6a7e956,959034.8,6010464.7,Good,24
1785858480000,DUST-01,ad65284f-6a8b-444e-a5f7-d0dcf56b61f9,958916.57,6010442.53,Good,30
1785858480000,DUST-02,5c5c7940-d07e-4e92-8670-ac35e6a7e956,959034.8,6010464.7,Good,24
1785858540000,DUST-01,ad65284f-6a8b-444e-a5f7-d0dcf56b61f9,958916.57,6010442.53,Good,29
1785858540000,DUST-02,5c5c7940-d07e-4e92-8670-ac35e6a7e956,959034.8,6010464.7,Good,25
1785858600000,DUST-01,ad65284f-6a8b-444e-a5f7-d0dcf56b61f9,958916.57,6010442.53,Good,28
1785858600000,DUST-02,5c5c7940-d07e-4e92-8670-ac35e6a7e956,959034.8,6010464.7,Good,26
1785858660000,DUST-01,ad65284f-6a8b-444e-a5f7-d0dcf56b61f9,958916.57,6010442.53,Good,27
1785858660000,DUST-02,5c5c7940-d07e-4e92-8670-ac35e6a7e956,959034.8,6010464.7,Good,25
1785858720000,DUST-01,ad65284f-6a8b-444e-a5f7-d0dcf56b61f9,958916.57,6010442.53,Good,27
1785858720000,DUST-02,5c5c7940-d07e-4e92-8670-ac35e6a7e956,959034.8,6010464.7,Good,25
1785858780000,DUST-01,ad65284f-6a8b-444e-a5f7-d0dcf56b61f9,958916.57,6010442.53,Good,27
1785858780000,DUST-02,5c5c7940-d07e-4e92-8670-ac35e6a7e956,959034.8,6010464.7,Good,24
1785858840000,DUST-01,ad65284f-6a8b-444e-a5f7-d0dcf56b61f9,958916.57,6010442.53,Good,26
1785858840000,DUST-02,5c5c7940-d07e-4e92-8670-ac35e6a7e956,959034.8,6010464.7,Good,24
1785858900000,DUST-01,ad65284f-6a8b-444e-a5f7-d0dcf56b61f9,958916.57,6010442.53,Good,27
1785858900000,DUST-02,5c5c7940-d07e-4e92-8670-ac35e6a7e956,959034.8,6010464.7,Good,22
1785858960000,DUST-01,ad65284f-6a8b-444e-a5f7-d0dcf56b61f9,958916.57,6010442.53,Good,27
1785858960000,DUST-02,5c5c7940-d07e-4e92-8670-ac35e6a7e956,959034.8,6010464.7,Good,22
1785859020000,DUST-01,ad65284f-6a8b-444e-a5f7-d0dcf56b61f9,958916.57,6010442.53,Good,28
1785859020000,DUST-02,5c5c7940-d07e-4e92-8670-ac35e6a7e956,959034.8,6010464.7,Good,23
1785859080000,DUST-01,ad65284f-6a8b-444e-a5f7-d0dcf56b61f9,958916.57,6010442.53,Good,29
1785859080000,DUST-02,5c5c7940-d07e-4e92-8670-ac35e6a7e956,959034.8,6010464.7,Good,23
1785859140000,DUST-01,ad65284f-6a8b-444e-a5f7-d0dcf56b61f9,958916.57,6010442.53,Good,29
1785859140000,DUST-02,5c5c7940-d07e-4e92-8670-ac35e6a7e956,959034.8,6010464.7,Good,24
1785859200000,DUST-01,ad65284f-6a8b-444e-a5f7-d0dcf56b61f9,958916.57,6010442.53,Good,29
1785859200000,DUST-02,5c5c7940-d07e-4e92-8670-ac35e6a7e956,959034.8,6010464.7,Good,25
1785859260000,DUST-01,ad65284f-6a8b-444e-a5f7-d0dcf56b61f9,958916.57,6010442.53,Good,28
1785859260000,DUST-02,5c5c7940-d07e-4e92-8670-ac35e6a7e956,959034.8,6010464.7,Good,24
1785859320000,DUST-01,ad65284f-6a8b-444e-a5f7-d0dcf56b61f9,958916.57,6010442.53,Good,28
1785859320000,DUST-02,5c5c7940-d07e-4e92-8670-ac35e6a7e956,959034.8,6010464.7,Good,23
1785859380000,DUST-01,ad65284f-6a8b-444e-a5f7-d0dcf56b61f9,958916.57,6010442.53,Good,28
1785859380000,DUST-02,5c5c7940-d07e-4e92-8670-ac35e6a7e956,959034.8,6010464.7,Good,23
1785859440000,DUST-01,ad65284f-6a8b-444e-a5f7-d0dcf56b61f9,958916.57,6010442.53,Good,29
1785859440000,DUST-02,5c5c7940-d07e-4e92-8670-ac35e6a7e956,959034.8,6010464.7,Good,23
1785859500000,DUST-01,ad65284f-6a8b-444e-a5f7-d0dcf56b61f9,958916.57,6010442.53,Good,27
1785859500000,DUST-02,5c5c7940-d07e-4e92-8670-ac35e6a7e956,959034.8,6010464.7,Good,24
1785859560000,DUST-01,ad65284f-6a8b-444e-a5f7-d0dcf56b61f9,958916.57,6010442.53,Good,27
1785859560000,DUST-02,5c5c7940-d07e-4e92-8670-ac35e6a7e956,959034.8,6010464.7,Good,24
1785859620000,DUST-01,ad65284f-6a8b-444e-a5f7-d0dcf56b61f9,958916.57,6010442.53,Good,27
1785859620000,DUST-02,5c5c7940-d07e-4e92-8670-ac35e6a7e956,959034.8,6010464.7,Good,22
1785859680000,DUST-01,ad65284f-6a8b-444e-a5f7-d0dcf56b61f9,958916.57,6010442.53,Good,27
1785859680000,DUST-02,5c5c7940-d07e-4e92-8670-ac35e6a7e956,959034.8,6010464.7,Good,23
1785859740000,DUST-01,ad65284f-6a8b-444e-a5f7-d0dcf56b61f9,958916.57,6010442.53,Good,28
1785859740000,DUST-02,5c5c7940-d07e-4e92-8670-ac35e6a7e956,959034.8,6010464.7,Good,22
1785859800000,DUST-01,ad65284f-6a8b-444e-a5f7-d0dcf56b61f9,958916.57,6010442.53,Good,29
1785859800000,DUST-02,5c5c7940-d07e-4e92-8670-ac35e6a7e956,959034.8,6010464.7,Good,21
1785859860000,DUST-01,ad65284f-6a8b-444e-a5f7-d0dcf56b61f9,958916.57,6010442.53,Good,29
1785859860000,DUST-02,5c5c7940-d07e-4e92-8670-ac35e6a7e956,959034.8,6010464.7,Good,21
1785859920000,DUST-01,ad65284f-6a8b-444e-a5f7-d0dcf56b61f9,958916.57,6010442.53,Good,28
1785859920000,DUST-02,5c5c7940-d07e-4e92-8670-ac35e6a7e956,959034.8,6010464.7,Good,21
1785859980000,DUST-01,ad65284f-6a8b-444e-a5f7-d0dcf56b61f9,958916.57,6010442.53,Good,27
1785859980000,DUST-02,5c5c7940-d07e-4e92-8670-ac35e6a7e956,959034.8,6010464.7,Good,21
1785860040000,DUST-01,ad65284f-6a8b-444e-a5f7-d0dcf56b61f9,958916.57,6010442.53,Good,26
1785860040000,DUST-02,5c5c7940-d07e-4e92-8670-ac35e6a7e956,959034.8,6010464.7,Good,22
1785860100000,DUST-01,ad65284f-6a8b-444e-a5f7-d0dcf56b61f9,958916.57,6010442.53,Good,25
1785860100000,DUST-02,5c5c7940-d07e-4e92-8670-ac35e6a7e956,959034.8,6010464.7,Good,22
1785860160000,DUST-01,ad65284f-6a8b-444e-a5f7-d0dcf56b61f9,958916.57,6010442.53,Good,25
1785860160000,DUST-02,5c5c7940-d07e-4e92-8670-ac35e6a7e956,959034.8,6010464.7,Good,22
1785860220000,DUST-01,ad65284f-6a8b-444e-a5f7-d0dcf56b61f9,958916.57,6010442.53,Good,24
1785860220000,DUST-02,5c5c7940-d07e-4e92-8670-ac35e6a7e956,959034.8,6010464.7,Good,21
1785860280000,DUST-01,ad65284f-6a8b-444e-a5f7-d0dcf56b61f9,958916.57,6010442.53,Good,24
1785860280000,DUST-02,5c5c7940-d07e-4e92-8670-ac35e6a7e956,959034.8,6010464.7,Good,21
1785860340000,DUST-01,ad65284f-6a8b-444e-a5f7-d0dcf56b61f9,958916.57,6010442.53,Good,24
1785860340000,DUST-02,5c5c7940-d07e-4e92-8670-ac35e6a7e956,959034.8,6010464.7,Good,21
1785860400000,DUST-01,ad65284f-6a8b-444e-a5f7-d0dcf56b61f9,958916.57,6010442.53,Good,25
1785860400000,DUST-02,5c5c7940-d07e-4e92-8670-ac35e6a7e956,959034.8,6010464.7,Good,21
1785860460000,DUST-01,ad65284f-6a8b-444e-a5f7-d0dcf56b61f9,958916.57,6010442.53,Good,25
1785860460000,DUST-02,5c5c7940-d07e-4e92-8670-ac35e6a7e956,959034.8,6010464.7,Good,21
1785860520000,DUST-01,ad65284f-6a8b-444e-a5f7-d0dcf56b61f9,958916.57,6010442.53,Good,24
1785860520000,DUST-02,5c5c7940-d07e-4e92-8670-ac35e6a7e956,959034.8,6010464.7,Good,22
1785860580000,DUST-01,ad65284f-6a8b-444e-a5f7-d0dcf56b61f9,958916.57,6010442.53,Good,25
1785860580000,DUST-02,5c5c7940-d07e-4e92-8670-ac35e6a7e956,959034.8,6010464.7,Good,24
1785860640000,DUST-01,ad65284f-6a8b-444e-a5f7-d0dcf56b61f9,958916.57,6010442.53,Good,25
1785860640000,DUST-02,5c5c7940-d07e-4e92-8670-ac35e6a7e956,959034.8,6010464.7,Good,23
1785860700000,DUST-01,ad65284f-6a8b-444e-a5f7-d0dcf56b61f9,958916.57,6010442.53,Good,25
1785860700000,DUST-02,5c5c7940-d07e-4e92-8670-ac35e6a7e956,959034.8,6010464.7,Good,25
1785860760000,DUST-01,ad65284f-6a8b-444e-a5f7-d0dcf56b61f9,958916.57,6010442.53,Good,26
1785860760000,DUST-02,5c5c7940-d07e-4e92-8670-ac35e6a7e956,959034.8,6010464.7,Good,25
1785860820000,DUST-01,ad65284f-6a8b-444e-a5f7-d0dcf56b61f9,958916.57,6010442.53,Good,26
1785860820000,DUST-02,5c5c7940-d07e-4e92-8670-ac35e6a7e956,959034.8,6010464.7,Good,24
1785860880000,DUST-01,ad65284f-6a8b-444e-a5f7-d0dcf56b61f9,958916.57,6010442.53,Good,26
1785860880000,DUST-02,5c5c7940-d07e-4e92-8670-ac35e6a7e956,959034.8,6010464.7,Good,24
1785860940000,DUST-01,ad65284f-6a8b-444e-a5f7-d0dcf56b61f9,958916.57,6010442.53,Good,26
1785860940000,DUST-02,5c5c7940-d07e-4e92-8670-ac35e6a7e956,959034.8,6010464.7,Good,23
1785861000000,DUST-01,ad65284f-6a8b-444e-a5f7-d0dcf56b61f9,958916.57,6010442.53,Good,26
1785861000000,DUST-02,5c5c7940-d07e-4e92-8670-ac35e6a7e956,959034.8,6010464.7,Good,22
1785861060000,DUST-01,ad65284f-6a8b-444e-a5f7-d0dcf56b61f9,958916.57,6010442.53,Good,25
1785861060000,DUST-02,5c5c7940-d07e-4e92-8670-ac35e6a7e956,959034.8,6010464.7,Good,21
1785861120000,DUST-01,ad65284f-6a8b-444e-a5f7-d0dcf56b61f9,958916.57,6010442.53,Good,25
1785861120000,DUST-02,5c5c7940-d07e-4e92-8670-ac35e6a7e956,959034.8,6010464.7,Good,22
1785861180000,DUST-01,ad65284f-6a8b-444e-a5f7-d0dcf56b61f9,958916.57,6010442.53,Good,24
1785861180000,DUST-02,5c5c7940-d07e-4e92-8670-ac35e6a7e956,959034.8,6010464.7,Good,22
1785861240000,DUST-01,ad65284f-6a8b-444e-a5f7-d0dcf56b61f9,958916.57,6010442.53,Good,25
1785861240000,DUST-02,5c5c7940-d07e-4e92-8670-ac35e6a7e956,959034.8,6010464.7,Good,22
1785861300000,DUST-01,ad65284f-6a8b-444e-a5f7-d0dcf56b61f9,958916.57,6010442.53,Good,24
1785861300000,DUST-02,5c5c7940-d07e-4e92-8670-ac35e6a7e956,959034.8,6010464.7,Good,22
1785861360000,DUST-01,ad65284f-6a8b-444e-a5f7-d0dcf56b61f9,958916.57,6010442.53,Good,24
1785861360000,DUST-02,5c5c7940-d07e-4e92-8670-ac35e6a7e956,959034.8,6010464.7,Good,23
1785861420000,DUST-01,ad65284f-6a8b-444e-a5f7-d0dcf56b61f9,958916.57,6010442.53,Good,24
1785861420000,DUST-02,5c5c7940-d07e-4e92-8670-ac35e6a7e956,959034.8,6010464.7,Good,22
1785861480000,DUST-01,ad65284f-6a8b-444e-a5f7-d0dcf56b61f9,958916.57,6010442.53,Good,24
1785861480000,DUST-02,5c5c7940-d07e-4e92-8670-ac35e6a7e956,959034.8,6010464.7,Good,21
1785861540000,DUST-01,ad65284f-6a8b-444e-a5f7-d0dcf56b61f9,958916.57,6010442.53,Good,24
1785861540000,DUST-02,5c5c7940-d07e-4e92-8670-ac35e6a7e956,959034.8,6010464.7,Good,20
1785861600000,DUST-01,ad65284f-6a8b-444e-a5f7-d0dcf56b61f9,958916.57,6010442.53,Good,22
1785861600000,DUST-02,5c5c7940-d07e-4e92-8670-ac35e6a7e956,959034.8,6010464.7,Good,21
1785861660000,DUST-01,ad65284f-6a8b-444e-a5f7-d0dcf56b61f9,958916.57,6010442.53,Good,23
1785861660000,DUST-02,5c5c7940-d07e-4e92-8670-ac35e6a7e956,959034.8,6010464.7,Good,21
1785861720000,DUST-01,ad65284f-6a8b-444e-a5f7-d0dcf56b61f9,958916.57,6010442.53,Good,21
1785861720000,DUST-02,5c5c7940-d07e-4e92-8670-ac35e6a7e956,959034.8,6010464.7,Good,21
1785861780000,DUST-01,ad65284f-6a8b-444e-a5f7-d0dcf56b61f9,958916.57,6010442.53,Good,21
1785861780000,DUST-02,5c5c7940-d07e-4e92-8670-ac35e6a7e956,959034.8,6010464.7,Good,20
1785861840000,DUST-01,ad65284f-6a8b-444e-a5f7-d0dcf56b61f9,958916.57,6010442.53,Good,21
1785861840000,DUST-02,5c5c7940-d07e-4e92-8670-ac35e6a7e956,959034.8,6010464.7,Good,19
1785861900000,DUST-01,ad65284f-6a8b-444e-a5f7-d0dcf56b61f9,958916.57,6010442.53,Good,22
1785861900000,DUST-02,5c5c7940-d07e-4e92-8670-ac35e6a7e956,959034.8,6010464.7,Good,18
1785861960000,DUST-01,ad65284f-6a8b-444e-a5f7-d0dcf56b61f9,958916.57,6010442.53,Good,22
1785861960000,DUST-02,5c5c7940-d07e-4e92-8670-ac35e6a7e956,959034.8,6010464.7,Good,20
1785862020000,DUST-01,ad65284f-6a8b-444e-a5f7-d0dcf56b61f9,958916.57,6010442.53,Good,22
1785862020000,DUST-02,5c5c7940-d07e-4e92-8670-ac35e6a7e956,959034.8,6010464.7,Good,19
1785862080000,DUST-01,ad65284f-6a8b-444e-a5f7-d0dcf56b61f9,958916.57,6010442.53,Good,23
1785862080000,DUST-02,5c5c7940-d07e-4e92-8670-ac35e6a7e956,959034.8,6010464.7,Good,18
1785862140000,DUST-01,ad65284f-6a8b-444e-a5f7-d0dcf56b61f9,958916.57,6010442.53,Good,22
1785862140000,DUST-02,5c5c7940-d07e-4e92-8670-ac35e6a7e956,959034.8,6010464.7,Good,17
1785862200000,DUST-01,ad65284f-6a8b-444e-a5f7-d0dcf56b61f9,958916.57,6010442.53,Good,22
1785862200000,DUST-02,5c5c7940-d07e-4e92-8670-ac35e6a7e956,959034.8,6010464.7,Good,19
1785862260000,DUST-01,ad65284f-6a8b-444e-a5f7-d0dcf56b61f9,958916.57,6010442.53,Good,22
1785862260000,DUST-02,5c5c7940-d07e-4e92-8670-ac35e6a7e956,959034.8,6010464.7,Good,18
1785862320000,DUST-01,ad65284f-6a8b-444e-a5f7-d0dcf56b61f9,958916.57,6010442.53,Good,22
1785862320000,DUST-02,5c5c7940-d07e-4e92-8670-ac35e6a7e956,959034.8,6010464.7,Good,17
1785862380000,DUST-01,ad65284f-6a8b-444e-a5f7-d0dcf56b61f9,958916.57,6010442.53,Good,23
1785862380000,DUST-02,5c5c7940-d07e-4e92-8670-ac35e6a7e956,959034.8,6010464.7,Good,18
1785862440000,DUST-01,ad65284f-6a8b-444e-a5f7-d0dcf56b61f9,958916.57,6010442.53,Good,22
1785862440000,DUST-02,5c5c7940-d07e-4e92-8670-ac35e6a7e956,959034.8,6010464.7,Good,17
1785862500000,DUST-01,ad65284f-6a8b-444e-a5f7-d0dcf56b61f9,958916.57,6010442.53,Good,21
1785862500000,DUST-02,5c5c7940-d07e-4e92-8670-ac35e6a7e956,959034.8,6010464.7,Good,17
1785862560000,DUST-01,ad65284f-6a8b-444e-a5f7-d0dcf56b61f9,958916.57,6010442.53,Good,22
1785862560000,DUST-02,5c5c7940-d07e-4e92-8670-ac35e6a7e956,959034.8,6010464.7,Good,18
1785862620000,DUST-01,ad65284f-6a8b-444e-a5f7-d0dcf56b61f9,958916.57,6010442.53,Good,21
1785862620000,DUST-02,5c5c7940-d07e-4e92-8670-ac35e6a7e956,959034.8,6010464.7,Good,18
1785862680000,DUST-01,ad65284f-6a8b-444e-a5f7-d0dcf56b61f9,958916.57,6010442.53,Good,22
1785862680000,DUST-02,5c5c7940-d07e-4e92-8670-ac35e6a7e956,959034.8,6010464.7,Good,17
1785862740000,DUST-01,ad65284f-6a8b-444e-a5f7-d0dcf56b61f9,958916.57,6010442.53,Good,22
1785862740000,DUST-02,5c5c7940-d07e-4e92-8670-ac35e6a7e956,959034.8,6010464.7,Good,18
1785862800000,DUST-01,ad65284f-6a8b-444e-a5f7-d0dcf56b61f9,958916.57,6010442.53,Good,23
1785862800000,DUST-02,5c5c7940-d07e-4e92-8670-ac35e6a7e956,959034.8,6010464.7,Good,17
1785862860000,DUST-01,ad65284f-6a8b-444e-a5f7-d0dcf56b61f9,958916.57,6010442.53,Good,23
1785862860000,DUST-02,5c5c7940-d07e-4e92-8670-ac35e6a7e956,959034.8,6010464.7,Good,18
1785862920000,DUST-01,ad65284f-6a8b-444e-a5f7-d0dcf56b61f9,958916.57,6010442.53,Good,22
1785862920000,DUST-02,5c5c7940-d07e-4e92-8670-ac35e6a7e956,959034.8,6010464.7,Good,19
1785862980000,DUST-01,ad65284f-6a8b-444e-a5f7-d0dcf56b61f9,958916.57,6010442.53,Good,22
1785862980000,DUST-02,5c5c7940-d07e-4e92-8670-ac35e6a7e956,959034.8,6010464.7,Good,18
1785863040000,DUST-01,ad65284f-6a8b-444e-a5f7-d0dcf56b61f9,958916.57,6010442.53,Good,21
1785863040000,DUST-02,5c5c7940-d07e-4e92-8670-ac35e6a7e956,959034.8,6010464.7,Good,18
1785863100000,DUST-01,ad65284f-6a8b-444e-a5f7-d0dcf56b61f9,958916.57,6010442.53,Good,20
1785863100000,DUST-02,5c5c7940-d07e-4e92-8670-ac35e6a7e956,959034.8,6010464.7,Good,18
1785863160000,DUST-01,ad65284f-6a8b-444e-a5f7-d0dcf56b61f9,958916.57,6010442.53,Good,20
1785863160000,DUST-02,5c5c7940-d07e-4e92-8670-ac35e6a7e956,959034.8,6010464.7,Good,17
1785863220000,DUST-01,ad65284f-6a8b-444e-a5f7-d0dcf56b61f9,958916.57,6010442.53,Good,21
1785863220000,DUST-02,5c5c7940-d07e-4e92-8670-ac35e6a7e956,959034.8,6010464.7,Good,19
1785863280000,DUST-01,ad65284f-6a8b-444e-a5f7-d0dcf56b61f9,958916.57,6010442.53,Good,21
1785863280000,DUST-02,5c5c7940-d07e-4e92-8670-ac35e6a7e956,959034.8,6010464.7,Good,19
1785863340000,DUST-01,ad65284f-6a8b-444e-a5f7-d0dcf56b61f9,958916.57,6010442.53,Good,22
1785863340000,DUST-02,5c5c7940-d07e-4e92-8670-ac35e6a7e956,959034.8,6010464.7,Good,20
1785863400000,DUST-01,ad65284f-6a8b-444e-a5f7-d0dcf56b61f9,958916.57,6010442.53,Good,22
1785863400000,DUST-02,5c5c7940-d07e-4e92-8670-ac35e6a7e956,959034.8,6010464.7,Good,19
1785863460000,DUST-01,ad65284f-6a8b-444e-a5f7-d0dcf56b61f9,958916.57,6010442.53,Good,22
1785863460000,DUST-02,5c5c7940-d07e-4e92-8670-ac35e6a7e956,959034.8,6010464.7,Good,19
1785863520000,DUST-01,ad65284f-6a8b-444e-a5f7-d0dcf56b61f9,958916.57,6010442.53,Good,22
1785863520000,DUST-02,5c5c7940-d07e-4e92-8670-ac35e6a7e956,959034.8,6010464.7,Good,19
1785863580000,DUST-01,ad65284f-6a8b-444e-a5f7-d0dcf56b61f9,958916.57,6010442.53,Good,23
1785863580000,DUST-02,5c5c7940-d07e-4e92-8670-ac35e6a7e956,959034.8,6010464.7,Good,19
1785863640000,DUST-01,ad65284f-6a8b-444e-a5f7-d0dcf56b61f9,958916.57,6010442.53,Good,24
1785863640000,DUST-02,5c5c7940-d07e-4e92-8670-ac35e6a7e956,959034.8,6010464.7,Good,20
1785863700000,DUST-01,ad65284f-6a8b-444e-a5f7-d0dcf56b61f9,958916.57,6010442.53,Good,23
1785863700000,DUST-02,5c5c7940-d07e-4e92-8670-ac35e6a7e956,959034.8,6010464.7,Good,20
1785863760000,DUST-01,ad65284f-6a8b-444e-a5f7-d0dcf56b61f9,958916.57,6010442.53,Good,24
1785863760000,DUST-02,5c5c7940-d07e-4e92-8670-ac35e6a7e956,959034.8,6010464.7,Good,21
1785863820000,DUST-01,ad65284f-6a8b-444e-a5f7-d0dcf56b61f9,958916.57,6010442.53,Good,24
1785863820000,DUST-02,5c5c7940-d07e-4e92-8670-ac35e6a7e956,959034.8,6010464.7,Good,21
1785863880000,DUST-01,ad65284f-6a8b-444e-a5f7-d0dcf56b61f9,958916.57,6010442.53,Good,23
1785863880000,DUST-02,5c5c7940-d07e-4e92-8670-ac35e6a7e956,959034.8,6010464.7,Good,21
1785863940000,DUST-01,ad65284f-6a8b-444e-a5f7-d0dcf56b61f9,958916.57,6010442.53,Good,23
1785863940000,DUST-02,5c5c7940-d07e-4e92-8670-ac35e6a7e956,959034.8,6010464.7,Good,22
1785864000000,DUST-01,ad65284f-6a8b-444e-a5f7-d0dcf56b61f9,958916.57,6010442.53,Good,23
1785864000000,DUST-02,5c5c7940-d07e-4e92-8670-ac35e6a7e956,959034.8,6010464.7,Good,22
1785864060000,DUST-01,ad65284f-6a8b-444e-a5f7-d0dcf56b61f9,958916.57,6010442.53,Good,21
1785864060000,DUST-02,5c5c7940-d07e-4e92-8670-ac35e6a7e956,959034.8,6010464.7,Good,23
1785864120000,DUST-01,ad65284f-6a8b-444e-a5f7-d0dcf56b61f9,958916.57,6010442.53,Good,22
1785864120000,DUST-02,5c5c7940-d07e-4e92-8670-ac35e6a7e956,959034.8,6010464.7,Good,21
1785864180000,DUST-01,ad65284f-6a8b-444e-a5f7-d0dcf56b61f9,958916.57,6010442.53,Good,21
1785864180000,DUST-02,5c5c7940-d07e-4e92-8670-ac35e6a7e956,959034.8,6010464.7,Good,21
1785864240000,DUST-01,ad65284f-6a8b-444e-a5f7-d0dcf56b61f9,958916.57,6010442.53,Good,20
1785864240000,DUST-02,5c5c7940-d07e-4e92-8670-ac35e6a7e956,959034.8,6010464.7,Good,21
1785864300000,DUST-01,ad65284f-6a8b-444e-a5f7-d0dcf56b61f9,958916.57,6010442.53,Good,21
1785864300000,DUST-02,5c5c7940-d07e-4e92-8670-ac35e6a7e956,959034.8,6010464.7,Good,22
1785864360000,DUST-01,ad65284f-6a8b-444e-a5f7-d0dcf56b61f9,958916.57,6010442.53,Good,22
1785864360000,DUST-02,5c5c7940-d07e-4e92-8670-ac35e6a7e956,959034.8,6010464.7,Good,22
1785864420000,DUST-01,ad65284f-6a8b-444e-a5f7-d0dcf56b61f9,958916.57,6010442.53,Good,22
1785864420000,DUST-02,5c5c7940-d07e-4e92-8670-ac35e6a7e956,959034.8,6010464.7,Good,22
1785864480000,DUST-01,ad65284f-6a8b-444e-a5f7-d0dcf56b61f9,958916.57,6010442.53,Good,22
1785864480000,DUST-02,5c5c7940-d07e-4e92-8670-ac35e6a7e956,959034.8,6010464.7,Good,21
1785864540000,DUST-01,ad65284f-6a8b-444e-a5f7-d0dcf56b61f9,958916.57,6010442.53,Good,23
1785864540000,DUST-02,5c5c7940-d07e-4e92-8670-ac35e6a7e956,959034.8,6010464.7,Good,20
1785864600000,DUST-01,ad65284f-6a8b-444e-a5f7-d0dcf56b61f9,958916.57,6010442.53,Good,23
1785864600000,DUST-02,5c5c7940-d07e-4e92-8670-ac35e6a7e956,959034.8,6010464.7,Good,20
1785864660000,DUST-01,ad65284f-6a8b-444e-a5f7-d0dcf56b61f9,958916.57,6010442.53,Good,24
1785864660000,DUST-02,5c5c7940-d07e-4e92-8670-ac35e6a7e956,959034.8,6010464.7,Good,20
1785864720000,DUST-01,ad65284f-6a8b-444e-a5f7-d0dcf56b61f9,958916.57,6010442.53,Good,24
1785864720000,DUST-02,5c5c7940-d07e-4e92-8670-ac35e6a7e956,959034.8,6010464.7,Good,20
1785864780000,DUST-01,ad65284f-6a8b-444e-a5f7-d0dcf56b61f9,958916.57,6010442.53,Good,22
1785864780000,DUST-02,5c5c7940-d07e-4e92-8670-ac35e6a7e956,959034.8,6010464.7,Good,19
1785864840000,DUST-01,ad65284f-6a8b-444e-a5f7-d0dcf56b61f9,958916.57,6010442.53,Good,21
1785864840000,DUST-02,5c5c7940-d07e-4e92-8670-ac35e6a7e956,959034.8,6010464.7,Good,20
1785864900000,DUST-01,ad65284f-6a8b-444e-a5f7-d0dcf56b61f9,958916.57,6010442.53,Good,20
1785864900000,DUST-02,5c5c7940-d07e-4e92-8670-ac35e6a7e956,959034.8,6010464.7,Good,19
1785864960000,DUST-01,ad65284f-6a8b-444e-a5f7-d0dcf56b61f9,958916.57,6010442.53,Good,20
1785864960000,DUST-02,5c5c7940-d07e-4e92-8670-ac35e6a7e956,959034.8,6010464.7,Good,19
1785865020000,DUST-01,ad65284f-6a8b-444e-a5f7-d0dcf56b61f9,958916.57,6010442.53,Good,20
1785865020000,DUST-02,5c5c7940-d07e-4e92-8670-ac35e6a7e956,959034.8,6010464.7,Good,18
1785865080000,DUST-01,ad65284f-6a8b-444e-a5f7-d0dcf56b61f9,958916.57,6010442.53,Good,20
1785865080000,DUST-02,5c5c7940-d07e-4e92-8670-ac35e6a7e956,959034.8,6010464.7,Good,17
1785865140000,DUST-01,ad65284f-6a8b-444e-a5f7-d0dcf56b61f9,958916.57,6010442.53,Good,21
1785865140000,DUST-02,5c5c7940-d07e-4e92-8670-ac35e6a7e956,959034.8,6010464.7,Good,19
1785865200000,DUST-01,ad65284f-6a8b-444e-a5f7-d0dcf56b61f9,958916.57,6010442.53,Good,21
1785865200000,DUST-02,5c5c7940-d07e-4e92-8670-ac35e6a7e956,959034.8,6010464.7,Good,18
1785865260000,DUST-01,ad65284f-6a8b-444e-a5f7-d0dcf56b61f9,958916.57,6010442.53,Good,21
1785865260000,DUST-02,5c5c7940-d07e-4e92-8670-ac35e6a7e956,959034.8,6010464.7,Good,19
1785865320000,DUST-01,ad65284f-6a8b-444e-a5f7-d0dcf56b61f9,958916.57,6010442.53,Good,21
1785865320000,DUST-02,5c5c7940-d07e-4e92-8670-ac35e6a7e956,959034.8,6010464.7,Good,18
1785865380000,DUST-01,ad65284f-6a8b-444e-a5f7-d0dcf56b61f9,958916.57,6010442.53,Good,22
1785865380000,DUST-02,5c5c7940-d07e-4e92-8670-ac35e6a7e956,959034.8,6010464.7,Good,19
1785865440000,DUST-01,ad65284f-6a8b-444e-a5f7-d0dcf56b61f9,958916.57,6010442.53,Good,23
1785865440000,DUST-02,5c5c7940-d07e-4e92-8670-ac35e6a7e956,959034.8,6010464.7,Good,20
1785865500000,DUST-01,ad65284f-6a8b-444e-a5f7-d0dcf56b61f9,958916.57,6010442.53,Good,23
1785865500000,DUST-02,5c5c7940-d07e-4e92-8670-ac35e6a7e956,959034.8,6010464.7,Good,19
1785865560000,DUST-01,ad65284f-6a8b-444e-a5f7-d0dcf56b61f9,958916.57,6010442.53,Good,24
1785865560000,DUST-02,5c5c7940-d07e-4e92-8670-ac35e6a7e956,959034.8,6010464.7,Good,19
1785865620000,DUST-01,ad65284f-6a8b-444e-a5f7-d0dcf56b61f9,958916.57,6010442.53,Good,23
1785865620000,DUST-02,5c5c7940-d07e-4e92-8670-ac35e6a7e956,959034.8,6010464.7,Good,19
1785865680000,DUST-01,ad65284f-6a8b-444e-a5f7-d0dcf56b61f9,958916.57,6010442.53,Good,24
1785865680000,DUST-02,5c5c7940-d07e-4e92-8670-ac35e6a7e956,959034.8,6010464.7,Good,19
1785865740000,DUST-01,ad65284f-6a8b-444e-a5f7-d0dcf56b61f9,958916.57,6010442.53,Good,24
1785865740000,DUST-02,5c5c7940-d07e-4e92-8670-ac35e6a7e956,959034.8,6010464.7,Good,20
1785865800000,DUST-01,ad65284f-6a8b-444e-a5f7-d0dcf56b61f9,958916.57,6010442.53,Good,22
1785865800000,DUST-02,5c5c7940-d07e-4e92-8670-ac35e6a7e956,959034.8,6010464.7,Good,21
1785865860000,DUST-01,ad65284f-6a8b-444e-a5f7-d0dcf56b61f9,958916.57,6010442.53,Good,22
1785865860000,DUST-02,5c5c7940-d07e-4e92-8670-ac35e6a7e956,959034.8,6010464.7,Good,20
1785865920000,DUST-01,ad65284f-6a8b-444e-a5f7-d0dcf56b61f9,958916.57,6010442.53,Good,22
1785865920000,DUST-02,5c5c7940-d07e-4e92-8670-ac35e6a7e956,959034.8,6010464.7,Good,20
1785865980000,DUST-01,ad65284f-6a8b-444e-a5f7-d0dcf56b61f9,958916.57,6010442.53,Good,21
1785865980000,DUST-02,5c5c7940-d07e-4e92-8670-ac35e6a7e956,959034.8,6010464.7,Good,21
1785866040000,DUST-01,ad65284f-6a8b-444e-a5f7-d0dcf56b61f9,958916.57,6010442.53,Good,21
1785866040000,DUST-02,5c5c7940-d07e-4e92-8670-ac35e6a7e956,959034.8,6010464.7,Good,22
1785866100000,DUST-01,ad65284f-6a8b-444e-a5f7-d0dcf56b61f9,958916.57,6010442.53,Good,20
1785866100000,DUST-02,5c5c7940-d07e-4e92-8670-ac35e6a7e956,959034.8,6010464.7,Good,21
1785866160000,DUST-01,ad65284f-6a8b-444e-a5f7-d0dcf56b61f9,958916.57,6010442.53,Good,21
1785866160000,DUST-02,5c5c7940-d07e-4e92-8670-ac35e6a7e956,959034.8,6010464.7,Good,22
1785866220000,DUST-01,ad65284f-6a8b-444e-a5f7-d0dcf56b61f9,958916.57,6010442.53,Good,20
1785866220000,DUST-02,5c5c7940-d07e-4e92-8670-ac35e6a7e956,959034.8,6010464.7,Good,22
1785866280000,DUST-01,ad65284f-6a8b-444e-a5f7-d0dcf56b61f9,958916.57,6010442.53,Good,21
1785866280000,DUST-02,5c5c7940-d07e-4e92-8670-ac35e6a7e956,959034.8,6010464.7,Good,21
1785866340000,DUST-01,ad65284f-6a8b-444e-a5f7-d0dcf56b61f9,958916.57,6010442.53,Good,20
1785866340000,DUST-02,5c5c7940-d07e-4e92-8670-ac35e6a7e956,959034.8,6010464.7,Good,19
1785866400000,DUST-01,ad65284f-6a8b-444e-a5f7-d0dcf56b61f9,958916.57,6010442.53,Good,21
1785866400000,DUST-02,5c5c7940-d07e-4e92-8670-ac35e6a7e956,959034.8,6010464.7,Good,19
1785866460000,DUST-01,ad65284f-6a8b-444e-a5f7-d0dcf56b61f9,958916.57,6010442.53,Good,22
1785866460000,DUST-02,5c5c7940-d07e-4e92-8670-ac35e6a7e956,959034.8,6010464.7,Good,19
1785866520000,DUST-01,ad65284f-6a8b-444e-a5f7-d0dcf56b61f9,958916.57,6010442.53,Good,22
1785866520000,DUST-02,5c5c7940-d07e-4e92-8670-ac35e6a7e956,959034.8,6010464.7,Good,18
1785866580000,DUST-01,ad65284f-6a8b-444e-a5f7-d0dcf56b61f9,958916.57,6010442.53,Good,21
1785866580000,DUST-02,5c5c7940-d07e-4e92-8670-ac35e6a7e956,959034.8,6010464.7,Good,18
1785866640000,DUST-01,ad65284f-6a8b-444e-a5f7-d0dcf56b61f9,958916.57,6010442.53,Good,20
1785866640000,DUST-02,5c5c7940-d07e-4e92-8670-ac35e6a7e956,959034.8,6010464.7,Good,19
1785866700000,DUST-01,ad65284f-6a8b-444e-a5f7-d0dcf56b61f9,958916.57,6010442.53,Good,20
1785866700000,DUST-02,5c5c7940-d07e-4e92-8670-ac35e6a7e956,959034.8,6010464.7,Good,18
1785866760000,DUST-01,ad65284f-6a8b-444e-a5f7-d0dcf56b61f9,958916.57,6010442.53,Good,21
1785866760000,DUST-02,5c5c7940-d07e-4e92-8670-ac35e6a7e956,959034.8,6010464.7,Good,18
1785866820000,DUST-01,ad65284f-6a8b-444e-a5f7-d0dcf56b61f9,958916.57,6010442.53,Good,21
1785866820000,DUST-02,5c5c7940-d07e-4e92-8670-ac35e6a7e956,959034.8,6010464.7,Good,18
1785866880000,DUST-01,ad65284f-6a8b-444e-a5f7-d0dcf56b61f9,958916.57,6010442.53,Good,20
1785866880000,DUST-02,5c5c7940-d07e-4e92-8670-ac35e6a7e956,959034.8,6010464.7,Good,19
1785866940000,DUST-01,ad65284f-6a8b-444e-a5f7-d0dcf56b61f9,958916.57,6010442.53,Good,21
1785866940000,DUST-02,5c5c7940-d07e-4e92-8670-ac35e6a7e956,959034.8,6010464.7,Good,20
1785867000000,DUST-01,ad65284f-6a8b-444e-a5f7-d0dcf56b61f9,958916.57,6010442.53,Good,20
1785867000000,DUST-02,5c5c7940-d07e-4e92-8670-ac35e6a7e956,959034.8,6010464.7,Good,19
1785867060000,DUST-01,ad65284f-6a8b-444e-a5f7-d0dcf56b61f9,958916.57,6010442.53,Good,20
1785867060000,DUST-02,5c5c7940-d07e-4e92-8670-ac35e6a7e956,959034.8,6010464.7,Good,18
1785867120000,DUST-01,ad65284f-6a8b-444e-a5f7-d0dcf56b61f9,958916.57,6010442.53,Good,19
1785867120000,DUST-02,5c5c7940-d07e-4e92-8670-ac35e6a7e956,959034.8,6010464.7,Good,18
1785867180000,DUST-01,ad65284f-6a8b-444e-a5f7-d0dcf56b61f9,958916.57,6010442.53,Good,20
1785867180000,DUST-02,5c5c7940-d07e-4e92-8670-ac35e6a7e956,959034.8,6010464.7,Good,19
1785867240000,DUST-01,ad65284f-6a8b-444e-a5f7-d0dcf56b61f9,958916.57,6010442.53,Good,21
1785867240000,DUST-02,5c5c7940-d07e-4e92-8670-ac35e6a7e956,959034.8,6010464.7,Good,20
1785867300000,DUST-01,ad65284f-6a8b-444e-a5f7-d0dcf56b61f9,958916.57,6010442.53,Good,21
1785867300000,DUST-02,5c5c7940-d07e-4e92-8670-ac35e6a7e956,959034.8,6010464.7,Good,20
1785867360000,DUST-01,ad65284f-6a8b-444e-a5f7-d0dcf56b61f9,958916.57,6010442.53,Good,20
1785867360000,DUST-02,5c5c7940-d07e-4e92-8670-ac35e6a7e956,959034.8,6010464.7,Good,21
1785867420000,DUST-01,ad65284f-6a8b-444e-a5f7-d0dcf56b61f9,958916.57,6010442.53,Good,21
1785867420000,DUST-02,5c5c7940-d07e-4e92-8670-ac35e6a7e956,959034.8,6010464.7,Good,21
1785867480000,DUST-01,ad65284f-6a8b-444e-a5f7-d0dcf56b61f9,958916.57,6010442.53,Good,21
1785867480000,DUST-02,5c5c7940-d07e-4e92-8670-ac35e6a7e956,959034.8,6010464.7,Good,21
1785867540000,DUST-01,ad65284f-6a8b-444e-a5f7-d0dcf56b61f9,958916.57,6010442.53,Good,21
1785867540000,DUST-02,5c5c7940-d07e-4e92-8670-ac35e6a7e956,959034.8,6010464.7,Good,20
1785867600000,DUST-01,ad65284f-6a8b-444e-a5f7-d0dcf56b61f9,958916.57,6010442.53,Good,20
1785867600000,DUST-02,5c5c7940-d07e-4e92-8670-ac35e6a7e956,959034.8,6010464.7,Good,21
1785867660000,DUST-01,ad65284f-6a8b-444e-a5f7-d0dcf56b61f9,958916.57,6010442.53,Good,20
1785867660000,DUST-02,5c5c7940-d07e-4e92-8670-ac35e6a7e956,959034.8,6010464.7,Good,20
1785867720000,DUST-01,ad65284f-6a8b-444e-a5f7-d0dcf56b61f9,958916.57,6010442.53,Good,21
1785867720000,DUST-02,5c5c7940-d07e-4e92-8670-ac35e6a7e956,959034.8,6010464.7,Good,19
1785867780000,DUST-01,ad65284f-6a8b-444e-a5f7-d0dcf56b61f9,958916.57,6010442.53,Good,21
1785867780000,DUST-02,5c5c7940-d07e-4e92-8670-ac35e6a7e956,959034.8,6010464.7,Good,18
1785867840000,DUST-01,ad65284f-6a8b-444e-a5f7-d0dcf56b61f9,958916.57,6010442.53,Good,21
1785867840000,DUST-02,5c5c7940-d07e-4e92-8670-ac35e6a7e956,959034.8,6010464.7,Good,19
1785867900000,DUST-01,ad65284f-6a8b-444e-a5f7-d0dcf56b61f9,958916.57,6010442.53,Good,20
1785867900000,DUST-02,5c5c7940-d07e-4e92-8670-ac35e6a7e956,959034.8,6010464.7,Good,19
1785867960000,DUST-01,ad65284f-6a8b-444e-a5f7-d0dcf56b61f9,958916.57,6010442.53,Good,21
1785867960000,DUST-02,5c5c7940-d07e-4e92-8670-ac35e6a7e956,959034.8,6010464.7,Good,20
1785868020000,DUST-01,ad65284f-6a8b-444e-a5f7-d0dcf56b61f9,958916.57,6010442.53,Good,20
1785868020000,DUST-02,5c5c7940-d07e-4e92-8670-ac35e6a7e956,959034.8,6010464.7,Good,19
1785868080000,DUST-01,ad65284f-6a8b-444e-a5f7-d0dcf56b61f9,958916.57,6010442.53,Good,19
1785868080000,DUST-02,5c5c7940-d07e-4e92-8670-ac35e6a7e956,959034.8,6010464.7,Good,19
1785868140000,DUST-01,ad65284f-6a8b-444e-a5f7-d0dcf56b61f9,958916.57,6010442.53,Good,20
1785868140000,DUST-02,5c5c7940-d07e-4e92-8670-ac35e6a7e956,959034.8,6010464.7,Good,20
1785868200000,DUST-01,ad65284f-6a8b-444e-a5f7-d0dcf56b61f9,958916.57,6010442.53,Good,20
1785868200000,DUST-02,5c5c7940-d07e-4e92-8670-ac35e6a7e956,959034.8,6010464.7,Good,19
1785868260000,DUST-01,ad65284f-6a8b-444e-a5f7-d0dcf56b61f9,958916.57,6010442.53,Good,21
1785868260000,DUST-02,5c5c7940-d07e-4e92-8670-ac35e6a7e956,959034.8,6010464.7,Good,18
1785868320000,DUST-01,ad65284f-6a8b-444e-a5f7-d0dcf56b61f9,958916.57,6010442.53,Good,21
1785868320000,DUST-02,5c5c7940-d07e-4e92-8670-ac35e6a7e956,959034.8,6010464.7,Good,19
1785868380000,DUST-01,ad65284f-6a8b-444e-a5f7-d0dcf56b61f9,958916.57,6010442.53,Good,22
1785868380000,DUST-02,5c5c7940-d07e-4e92-8670-ac35e6a7e956,959034.8,6010464.7,Good,18
1785868440000,DUST-01,ad65284f-6a8b-444e-a5f7-d0dcf56b61f9,958916.57,6010442.53,Good,22
1785868440000,DUST-02,5c5c7940-d07e-4e92-8670-ac35e6a7e956,959034.8,6010464.7,Good,18
1785868500000,DUST-01,ad65284f-6a8b-444e-a5f7-d0dcf56b61f9,958916.57,6010442.53,Good,23
1785868500000,DUST-02,5c5c7940-d07e-4e92-8670-ac35e6a7e956,959034.8,6010464.7,Good,18
1785868560000,DUST-01,ad65284f-6a8b-444e-a5f7-d0dcf56b61f9,958916.57,6010442.53,Good,24
1785868560000,DUST-02,5c5c7940-d07e-4e92-8670-ac35e6a7e956,959034.8,6010464.7,Good,18
1785868620000,DUST-01,ad65284f-6a8b-444e-a5f7-d0dcf56b61f9,958916.57,6010442.53,Good,22
1785868620000,DUST-02,5c5c7940-d07e-4e92-8670-ac35e6a7e956,959034.8,6010464.7,Good,19
1785868680000,DUST-01,ad65284f-6a8b-444e-a5f7-d0dcf56b61f9,958916.57,6010442.53,Good,21
1785868680000,DUST-02,5c5c7940-d07e-4e92-8670-ac35e6a7e956,959034.8,6010464.7,Good,18
1785868740000,DUST-01,ad65284f-6a8b-444e-a5f7-d0dcf56b61f9,958916.57,6010442.53,Good,21
1785868740000,DUST-02,5c5c7940-d07e-4e92-8670-ac35e6a7e956,959034.8,6010464.7,Good,19
1785868800000,DUST-01,ad65284f-6a8b-444e-a5f7-d0dcf56b61f9,958916.57,6010442.53,Good,20
1785868800000,DUST-02,5c5c7940-d07e-4e92-8670-ac35e6a7e956,959034.8,6010464.7,Good,19
1785868860000,DUST-01,ad65284f-6a8b-444e-a5f7-d0dcf56b61f9,958916.57,6010442.53,Good,20
1785868860000,DUST-02,5c5c7940-d07e-4e92-8670-ac35e6a7e956,959034.8,6010464.7,Good,19
1785868920000,DUST-01,ad65284f-6a8b-444e-a5f7-d0dcf56b61f9,958916.57,6010442.53,Good,19
1785868920000,DUST-02,5c5c7940-d07e-4e92-8670-ac35e6a7e956,959034.8,6010464.7,Good,20
1785868980000,DUST-01,ad65284f-6a8b-444e-a5f7-d0dcf56b61f9,958916.57,6010442.53,Good,19
1785868980000,DUST-02,5c5c7940-d07e-4e92-8670-ac35e6a7e956,959034.8,6010464.7,Good,19
1785869040000,DUST-01,ad65284f-6a8b-444e-a5f7-d0dcf56b61f9,958916.57,6010442.53,Good,18
1785869040000,DUST-02,5c5c7940-d07e-4e92-8670-ac35e6a7e956,959034.8,6010464.7,Good,18
1785869100000,DUST-01,ad65284f-6a8b-444e-a5f7-d0dcf56b61f9,958916.57,6010442.53,Good,19
1785869100000,DUST-02,5c5c7940-d07e-4e92-8670-ac35e6a7e956,959034.8,6010464.7,Good,19
1785869160000,DUST-01,ad65284f-6a8b-444e-a5f7-d0dcf56b61f9,958916.57,6010442.53,Good,19
1785869160000,DUST-02,5c5c7940-d07e-4e92-8670-ac35e6a7e956,959034.8,6010464.7,Good,18
1785869220000,DUST-01,ad65284f-6a8b-444e-a5f7-d0dcf56b61f9,958916.57,6010442.53,Good,20
1785869220000,DUST-02,5c5c7940-d07e-4e92-8670-ac35e6a7e956,959034.8,6010464.7,Good,19
1785869280000,DUST-01,ad65284f-6a8b-444e-a5f7-d0dcf56b61f9,958916.57,6010442.53,Good,21
1785869280000,DUST-02,5c5c7940-d07e-4e92-8670-ac35e6a7e956,959034.8,6010464.7,Good,19
1785869340000,DUST-01,ad65284f-6a8b-444e-a5f7-d0dcf56b61f9,958916.57,6010442.53,Good,20
1785869340000,DUST-02,5c5c7940-d07e-4e92-8670-ac35e6a7e956,959034.8,6010464.7,Good,19
1785869400000,DUST-01,ad65284f-6a8b-444e-a5f7-d0dcf56b61f9,958916.57,6010442.53,Good,19
1785869400000,DUST-02,5c5c7940-d07e-4e92-8670-ac35e6a7e956,959034.8,6010464.7,Good,20
1785869460000,DUST-01,ad65284f-6a8b-444e-a5f7-d0dcf56b61f9,958916.57,6010442.53,Good,19
1785869460000,DUST-02,5c5c7940-d07e-4e92-8670-ac35e6a7e956,959034.8,6010464.7,Good,19
1785869520000,DUST-01,ad65284f-6a8b-444e-a5f7-d0dcf56b61f9,958916.57,6010442.53,Good,20
1785869520000,DUST-02,5c5c7940-d07e-4e92-8670-ac35e6a7e956,959034.8,6010464.7,Good,18
1785869580000,DUST-01,ad65284f-6a8b-444e-a5f7-d0dcf56b61f9,958916.57,6010442.53,Good,21
1785869580000,DUST-02,5c5c7940-d07e-4e92-8670-ac35e6a7e956,959034.8,6010464.7,Good,18
1785869640000,DUST-01,ad65284f-6a8b-444e-a5f7-d0dcf56b61f9,958916.57,6010442.53,Good,20
1785869640000,DUST-02,5c5c7940-d07e-4e92-8670-ac35e6a7e956,959034.8,6010464.7,Good,18
1785869700000,DUST-01,ad65284f-6a8b-444e-a5f7-d0dcf56b61f9,958916.57,6010442.53,Good,20
1785869700000,DUST-02,5c5c7940-d07e-4e92-8670-ac35e6a7e956,959034.8,6010464.7,Good,18
1785869760000,DUST-01,ad65284f-6a8b-444e-a5f7-d0dcf56b61f9,958916.57,6010442.53,Good,19
1785869760000,DUST-02,5c5c7940-d07e-4e92-8670-ac35e6a7e956,959034.8,6010464.7,Good,19
1785869820000,DUST-01,ad65284f-6a8b-444e-a5f7-d0dcf56b61f9,958916.57,6010442.53,Good,19
1785869820000,DUST-02,5c5c7940-d07e-4e92-8670-ac35e6a7e956,959034.8,6010464.7,Good,18
1785869880000,DUST-01,ad65284f-6a8b-444e-a5f7-d0dcf56b61f9,958916.57,6010442.53,Good,19
1785869880000,DUST-02,5c5c7940-d07e-4e92-8670-ac35e6a7e956,959034.8,6010464.7,Good,19
1785869940000,DUST-01,ad65284f-6a8b-444e-a5f7-d0dcf56b61f9,958916.57,6010442.53,Good,19
1785869940000,DUST-02,5c5c7940-d07e-4e92-8670-ac35e6a7e956,959034.8,6010464.7,Good,19
1785870000000,DUST-01,ad65284f-6a8b-444e-a5f7-d0dcf56b61f9,958916.57,6010442.53,Good,21
1785870000000,DUST-02,5c5c7940-d07e-4e92-8670-ac35e6a7e956,959034.8,6010464.7,Good,19
1785870060000,DUST-01,ad65284f-6a8b-444e-a5f7-d0dcf56b61f9,958916.57,6010442.53,Good,21
1785870060000,DUST-02,5c5c7940-d07e-4e92-8670-ac35e6a7e956,959034.8,6010464.7,Good,19
1785870120000,DUST-01,ad65284f-6a8b-444e-a5f7-d0dcf56b61f9,958916.57,6010442.53,Good,22
1785870120000,DUST-02,5c5c7940-d07e-4e92-8670-ac35e6a7e956,959034.8,6010464.7,Good,20
1785870180000,DUST-01,ad65284f-6a8b-444e-a5f7-d0dcf56b61f9,958916.57,6010442.53,Good,22
1785870180000,DUST-02,5c5c7940-d07e-4e92-8670-ac35e6a7e956,959034.8,6010464.7,Good,19
1785870240000,DUST-01,ad65284f-6a8b-444e-a5f7-d0dcf56b61f9,958916.57,6010442.53,Good,21
1785870240000,DUST-02,5c5c7940-d07e-4e92-8670-ac35e6a7e956,959034.8,6010464.7,Good,19
1785870300000,DUST-01,ad65284f-6a8b-444e-a5f7-d0dcf56b61f9,958916.57,6010442.53,Good,20
1785870300000,DUST-02,5c5c7940-d07e-4e92-8670-ac35e6a7e956,959034.8,6010464.7,Good,19
1785870360000,DUST-01,ad65284f-6a8b-444e-a5f7-d0dcf56b61f9,958916.57,6010442.53,Good,19
1785870360000,DUST-02,5c5c7940-d07e-4e92-8670-ac35e6a7e956,959034.8,6010464.7,Good,20
1785870420000,DUST-01,ad65284f-6a8b-444e-a5f7-d0dcf56b61f9,958916.57,6010442.53,Good,19
1785870420000,DUST-02,5c5c7940-d07e-4e92-8670-ac35e6a7e956,959034.8,6010464.7,Good,20
1785870480000,DUST-01,ad65284f-6a8b-444e-a5f7-d0dcf56b61f9,958916.57,6010442.53,Good,20
1785870480000,DUST-02,5c5c7940-d07e-4e92-8670-ac35e6a7e956,959034.8,6010464.7,Good,20
1785870540000,DUST-01,ad65284f-6a8b-444e-a5f7-d0dcf56b61f9,958916.57,6010442.53,Good,20
1785870540000,DUST-02,5c5c7940-d07e-4e92-8670-ac35e6a7e956,959034.8,6010464.7,Good,20
1785870600000,DUST-01,ad65284f-6a8b-444e-a5f7-d0dcf56b61f9,958916.57,6010442.53,Good,20
1785870600000,DUST-02,5c5c7940-d07e-4e92-8670-ac35e6a7e956,959034.8,6010464.7,Good,21
1785870660000,DUST-01,ad65284f-6a8b-444e-a5f7-d0dcf56b61f9,958916.57,6010442.53,Good,19
1785870660000,DUST-02,5c5c7940-d07e-4e92-8670-ac35e6a7e956,959034.8,6010464.7,Good,22
1785870720000,DUST-01,ad65284f-6a8b-444e-a5f7-d0dcf56b61f9,958916.57,6010442.53,Good,21
1785870720000,DUST-02,5c5c7940-d07e-4e92-8670-ac35e6a7e956,959034.8,6010464.7,Good,21
1785870780000,DUST-01,ad65284f-6a8b-444e-a5f7-d0dcf56b61f9,958916.57,6010442.53,Good,20
1785870780000,DUST-02,5c5c7940-d07e-4e92-8670-ac35e6a7e956,959034.8,6010464.7,Good,20
1785870840000,DUST-01,ad65284f-6a8b-444e-a5f7-d0dcf56b61f9,958916.57,6010442.53,Good,20
1785870840000,DUST-02,5c5c7940-d07e-4e92-8670-ac35e6a7e956,959034.8,6010464.7,Good,20
1785870900000,DUST-01,ad65284f-6a8b-444e-a5f7-d0dcf56b61f9,958916.57,6010442.53,Good,19
1785870900000,DUST-02,5c5c7940-d07e-4e92-8670-ac35e6a7e956,959034.8,6010464.7,Good,21
1785870960000,DUST-01,ad65284f-6a8b-444e-a5f7-d0dcf56b61f9,958916.57,6010442.53,Good,18
1785870960000,DUST-02,5c5c7940-d07e-4e92-8670-ac35e6a7e956,959034.8,6010464.7,Good,21
1785871020000,DUST-01,ad65284f-6a8b-444e-a5f7-d0dcf56b61f9,958916.57,6010442.53,Good,18
1785871020000,DUST-02,5c5c7940-d07e-4e92-8670-ac35e6a7e956,959034.8,6010464.7,Good,21
1785871080000,DUST-01,ad65284f-6a8b-444e-a5f7-d0dcf56b61f9,958916.57,6010442.53,Good,20
1785871080000,DUST-02,5c5c7940-d07e-4e92-8670-ac35e6a7e956,959034.8,6010464.7,Good,22
1785871140000,DUST-01,ad65284f-6a8b-444e-a5f7-d0dcf56b61f9,958916.57,6010442.53,Good,21
1785871140000,DUST-02,5c5c7940-d07e-4e92-8670-ac35e6a7e956,959034.8,6010464.7,Good,21
1785871200000,DUST-01,ad65284f-6a8b-444e-a5f7-d0dcf56b61f9,958916.57,6010442.53,Good,20
1785871200000,DUST-02,5c5c7940-d07e-4e92-8670-ac35e6a7e956,959034.8,6010464.7,Good,22
1785871260000,DUST-01,ad65284f-6a8b-444e-a5f7-d0dcf56b61f9,958916.57,6010442.53,Good,22
1785871260000,DUST-02,5c5c7940-d07e-4e92-8670-ac35e6a7e956,959034.8,6010464.7,Good,22
1785871320000,DUST-01,ad65284f-6a8b-444e-a5f7-d0dcf56b61f9,958916.57,6010442.53,Good,21
1785871320000,DUST-02,5c5c7940-d07e-4e92-8670-ac35e6a7e956,959034.8,6010464.7,Good,22
1785871380000,DUST-01,ad65284f-6a8b-444e-a5f7-d0dcf56b61f9,958916.57,6010442.53,Good,22
1785871380000,DUST-02,5c5c7940-d07e-4e92-8670-ac35e6a7e956,959034.8,6010464.7,Good,22
1785871440000,DUST-01,ad65284f-6a8b-444e-a5f7-d0dcf56b61f9,958916.57,6010442.53,Good,22
1785871440000,DUST-02,5c5c7940-d07e-4e92-8670-ac35e6a7e956,959034.8,6010464.7,Good,21
1785871500000,DUST-01,ad65284f-6a8b-444e-a5f7-d0dcf56b61f9,958916.57,6010442.53,Good,21
1785871500000,DUST-02,5c5c7940-d07e-4e92-8670-ac35e6a7e956,959034.8,6010464.7,Good,20
1785871560000,DUST-01,ad65284f-6a8b-444e-a5f7-d0dcf56b61f9,958916.57,6010442.53,Good,22
1785871560000,DUST-02,5c5c7940-d07e-4e92-8670-ac35e6a7e956,959034.8,6010464.7,Good,20
1785871620000,DUST-01,ad65284f-6a8b-444e-a5f7-d0dcf56b61f9,958916.57,6010442.53,Good,22
1785871620000,DUST-02,5c5c7940-d07e-4e92-8670-ac35e6a7e956,959034.8,6010464.7,Good,19
1785871680000,DUST-01,ad65284f-6a8b-444e-a5f7-d0dcf56b61f9,958916.57,6010442.53,Good,22
1785871680000,DUST-02,5c5c7940-d07e-4e92-8670-ac35e6a7e956,959034.8,6010464.7,Good,20
1785871740000,DUST-01,ad65284f-6a8b-444e-a5f7-d0dcf56b61f9,958916.57,6010442.53,Good,23
1785871740000,DUST-02,5c5c7940-d07e-4e92-8670-ac35e6a7e956,959034.8,6010464.7,Good,21
1785871800000,DUST-01,ad65284f-6a8b-444e-a5f7-d0dcf56b61f9,958916.57,6010442.53,Good,23
1785871800000,DUST-02,5c5c7940-d07e-4e92-8670-ac35e6a7e956,959034.8,6010464.7,Good,20
1785871860000,DUST-01,ad65284f-6a8b-444e-a5f7-d0dcf56b61f9,958916.57,6010442.53,Good,24
1785871860000,DUST-02,5c5c7940-d07e-4e92-8670-ac35e6a7e956,959034.8,6010464.7,Good,20
1785871920000,DUST-01,ad65284f-6a8b-444e-a5f7-d0dcf56b61f9,958916.57,6010442.53,Good,23
1785871920000,DUST-02,5c5c7940-d07e-4e92-8670-ac35e6a7e956,959034.8,6010464.7,Good,20
1785871980000,DUST-01,ad65284f-6a8b-444e-a5f7-d0dcf56b61f9,958916.57,6010442.53,Good,23
1785871980000,DUST-02,5c5c7940-d07e-4e92-8670-ac35e6a7e956,959034.8,6010464.7,Good,21
1785872040000,DUST-01,ad65284f-6a8b-444e-a5f7-d0dcf56b61f9,958916.57,6010442.53,Good,23
1785872040000,DUST-02,5c5c7940-d07e-4e92-8670-ac35e6a7e956,959034.8,6010464.7,Good,19
1785872100000,DUST-01,ad65284f-6a8b-444e-a5f7-d0dcf56b61f9,958916.57,6010442.53,Good,24
1785872100000,DUST-02,5c5c7940-d07e-4e92-8670-ac35e6a7e956,959034.8,6010464.7,Good,19
1785872160000,DUST-01,ad65284f-6a8b-444e-a5f7-d0dcf56b61f9,958916.57,6010442.53,Good,23
1785872160000,DUST-02,5c5c7940-d07e-4e92-8670-ac35e6a7e956,959034.8,6010464.7,Good,20
1785872220000,DUST-01,ad65284f-6a8b-444e-a5f7-d0dcf56b61f9,958916.57,6010442.53,Good,22
1785872220000,DUST-02,5c5c7940-d07e-4e92-8670-ac35e6a7e956,959034.8,6010464.7,Good,20
1785872280000,DUST-01,ad65284f-6a8b-444e-a5f7-d0dcf56b61f9,958916.57,6010442.53,Good,21
1785872280000,DUST-02,5c5c7940-d07e-4e92-8670-ac35e6a7e956,959034.8,6010464.7,Good,19
1785872340000,DUST-01,ad65284f-6a8b-444e-a5f7-d0dcf56b61f9,958916.57,6010442.53,Good,21
1785872340000,DUST-02,5c5c7940-d07e-4e92-8670-ac35e6a7e956,959034.8,6010464.7,Good,17
1785872400000,DUST-01,ad65284f-6a8b-444e-a5f7-d0dcf56b61f9,958916.57,6010442.53,Good,22
1785872400000,DUST-02,5c5c7940-d07e-4e92-8670-ac35e6a7e956,959034.8,6010464.7,Good,17
1785872460000,DUST-01,ad65284f-6a8b-444e-a5f7-d0dcf56b61f9,958916.57,6010442.53,Good,21
1785872460000,DUST-02,5c5c7940-d07e-4e92-8670-ac35e6a7e956,959034.8,6010464.7,Good,17
1785872520000,DUST-01,ad65284f-6a8b-444e-a5f7-d0dcf56b61f9,958916.57,6010442.53,Good,21
1785872520000,DUST-02,5c5c7940-d07e-4e92-8670-ac35e6a7e956,959034.8,6010464.7,Good,17
1785872580000,DUST-01,ad65284f-6a8b-444e-a5f7-d0dcf56b61f9,958916.57,6010442.53,Good,22
1785872580000,DUST-02,5c5c7940-d07e-4e92-8670-ac35e6a7e956,959034.8,6010464.7,Good,18
1785872640000,DUST-01,ad65284f-6a8b-444e-a5f7-d0dcf56b61f9,958916.57,6010442.53,Good,21
1785872640000,DUST-02,5c5c7940-d07e-4e92-8670-ac35e6a7e956,959034.8,6010464.7,Good,18
1785872700000,DUST-01,ad65284f-6a8b-444e-a5f7-d0dcf56b61f9,958916.57,6010442.53,Good,21
1785872700000,DUST-02,5c5c7940-d07e-4e92-8670-ac35e6a7e956,959034.8,6010464.7,Good,19
1785872760000,DUST-01,ad65284f-6a8b-444e-a5f7-d0dcf56b61f9,958916.57,6010442.53,Good,22
1785872760000,DUST-02,5c5c7940-d07e-4e92-8670-ac35e6a7e956,959034.8,6010464.7,Good,18
1785872820000,DUST-01,ad65284f-6a8b-444e-a5f7-d0dcf56b61f9,958916.57,6010442.53,Good,22
1785872820000,DUST-02,5c5c7940-d07e-4e92-8670-ac35e6a7e956,959034.8,6010464.7,Good,19
1785872880000,DUST-01,ad65284f-6a8b-444e-a5f7-d0dcf56b61f9,958916.57,6010442.53,Good,22
1785872880000,DUST-02,5c5c7940-d07e-4e92-8670-ac35e6a7e956,959034.8,6010464.7,Good,19
1785872940000,DUST-01,ad65284f-6a8b-444e-a5f7-d0dcf56b61f9,958916.57,6010442.53,Good,22
1785872940000,DUST-02,5c5c7940-d07e-4e92-8670-ac35e6a7e956,959034.8,6010464.7,Good,19
1785873000000,DUST-01,ad65284f-6a8b-444e-a5f7-d0dcf56b61f9,958916.57,6010442.53,Good,22
1785873000000,DUST-02,5c5c7940-d07e-4e92-8670-ac35e6a7e956,959034.8,6010464.7,Good,19
1785873060000,DUST-01,ad65284f-6a8b-444e-a5f7-d0dcf56b61f9,958916.57,6010442.53,Good,21
1785873060000,DUST-02,5c5c7940-d07e-4e92-8670-ac35e6a7e956,959034.8,6010464.7,Good,20
1785873120000,DUST-01,ad65284f-6a8b-444e-a5f7-d0dcf56b61f9,958916.57,6010442.53,Good,22
1785873120000,DUST-02,5c5c7940-d07e-4e92-8670-ac35e6a7e956,959034.8,6010464.7,Good,20
1785873180000,DUST-01,ad65284f-6a8b-444e-a5f7-d0dcf56b61f9,958916.57,6010442.53,Good,22
1785873180000,DUST-02,5c5c7940-d07e-4e92-8670-ac35e6a7e956,959034.8,6010464.7,Good,21
1785873240000,DUST-01,ad65284f-6a8b-444e-a5f7-d0dcf56b61f9,958916.57,6010442.53,Good,22
1785873240000,DUST-02,5c5c7940-d07e-4e92-8670-ac35e6a7e956,959034.8,6010464.7,Good,20
1785873300000,DUST-01,ad65284f-6a8b-444e-a5f7-d0dcf56b61f9,958916.57,6010442.53,Good,23
1785873300000,DUST-02,5c5c7940-d07e-4e92-8670-ac35e6a7e956,959034.8,6010464.7,Good,19
1785873360000,DUST-01,ad65284f-6a8b-444e-a5f7-d0dcf56b61f9,958916.57,6010442.53,Good,22
1785873360000,DUST-02,5c5c7940-d07e-4e92-8670-ac35e6a7e956,959034.8,6010464.7,Good,18
1785873420000,DUST-01,ad65284f-6a8b-444e-a5f7-d0dcf56b61f9,958916.57,6010442.53,Good,21
1785873420000,DUST-02,5c5c7940-d07e-4e92-8670-ac35e6a7e956,959034.8,6010464.7,Good,18
1785873480000,DUST-01,ad65284f-6a8b-444e-a5f7-d0dcf56b61f9,958916.57,6010442.53,Good,22
1785873480000,DUST-02,5c5c7940-d07e-4e92-8670-ac35e6a7e956,959034.8,6010464.7,Good,19
1785873540000,DUST-01,ad65284f-6a8b-444e-a5f7-d0dcf56b61f9,958916.57,6010442.53,Good,22
1785873540000,DUST-02,5c5c7940-d07e-4e92-8670-ac35e6a7e956,959034.8,6010464.7,Good,18
1785873600000,DUST-01,ad65284f-6a8b-444e-a5f7-d0dcf56b61f9,958916.57,6010442.53,Good,22
1785873600000,DUST-02,5c5c7940-d07e-4e92-8670-ac35e6a7e956,959034.8,6010464.7,Good,19
1785873660000,DUST-01,ad65284f-6a8b-444e-a5f7-d0dcf56b61f9,958916.57,6010442.53,Good,22
1785873660000,DUST-02,5c5c7940-d07e-4e92-8670-ac35e6a7e956,959034.8,6010464.7,Good,20
1785873720000,DUST-01,ad65284f-6a8b-444e-a5f7-d0dcf56b61f9,958916.57,6010442.53,Good,22
1785873720000,DUST-02,5c5c7940-d07e-4e92-8670-ac35e6a7e956,959034.8,6010464.7,Good,20
1785873780000,DUST-01,ad65284f-6a8b-444e-a5f7-d0dcf56b61f9,958916.57,6010442.53,Good,23
1785873780000,DUST-02,5c5c7940-d07e-4e92-8670-ac35e6a7e956,959034.8,6010464.7,Good,21
1785873840000,DUST-01,ad65284f-6a8b-444e-a5f7-d0dcf56b61f9,958916.57,6010442.53,Good,24
1785873840000,DUST-02,5c5c7940-d07e-4e92-8670-ac35e6a7e956,959034.8,6010464.7,Good,20
1785873900000,DUST-01,ad65284f-6a8b-444e-a5f7-d0dcf56b61f9,958916.57,6010442.53,Good,24
1785873900000,DUST-02,5c5c7940-d07e-4e92-8670-ac35e6a7e956,959034.8,6010464.7,Good,20
1785873960000,DUST-01,ad65284f-6a8b-444e-a5f7-d0dcf56b61f9,958916.57,6010442.53,Good,24
1785873960000,DUST-02,5c5c7940-d07e-4e92-8670-ac35e6a7e956,959034.8,6010464.7,Good,19
1785874020000,DUST-01,ad65284f-6a8b-444e-a5f7-d0dcf56b61f9,958916.57,6010442.53,Good,23
1785874020000,DUST-02,5c5c7940-d07e-4e92-8670-ac35e6a7e956,959034.8,6010464.7,Good,20
1785874080000,DUST-01,ad65284f-6a8b-444e-a5f7-d0dcf56b61f9,958916.57,6010442.53,Good,24
1785874080000,DUST-02,5c5c7940-d07e-4e92-8670-ac35e6a7e956,959034.8,6010464.7,Good,19
1785874140000,DUST-01,ad65284f-6a8b-444e-a5f7-d0dcf56b61f9,958916.57,6010442.53,Good,24
1785874140000,DUST-02,5c5c7940-d07e-4e92-8670-ac35e6a7e956,959034.8,6010464.7,Good,19
1785874200000,DUST-01,ad65284f-6a8b-444e-a5f7-d0dcf56b61f9,958916.57,6010442.53,Good,24
1785874200000,DUST-02,5c5c7940-d07e-4e92-8670-ac35e6a7e956,959034.8,6010464.7,Good,19
1785874260000,DUST-01,ad65284f-6a8b-444e-a5f7-d0dcf56b61f9,958916.57,6010442.53,Good,24
1785874260000,DUST-02,5c5c7940-d07e-4e92-8670-ac35e6a7e956,959034.8,6010464.7,Good,19
1785874320000,DUST-01,ad65284f-6a8b-444e-a5f7-d0dcf56b61f9,958916.57,6010442.53,Good,25
1785874320000,DUST-02,5c5c7940-d07e-4e92-8670-ac35e6a7e956,959034.8,6010464.7,Good,20
1785874380000,DUST-01,ad65284f-6a8b-444e-a5f7-d0dcf56b61f9,958916.57,6010442.53,Good,25
1785874380000,DUST-02,5c5c7940-d07e-4e92-8670-ac35e6a7e956,959034.8,6010464.7,Good,20
1785874440000,DUST-01,ad65284f-6a8b-444e-a5f7-d0dcf56b61f9,958916.57,6010442.53,Good,24
1785874440000,DUST-02,5c5c7940-d07e-4e92-8670-ac35e6a7e956,959034.8,6010464.7,Good,21
1785874500000,DUST-01,ad65284f-6a8b-444e-a5f7-d0dcf56b61f9,958916.57,6010442.53,Good,24
1785874500000,DUST-02,5c5c7940-d07e-4e92-8670-ac35e6a7e956,959034.8,6010464.7,Good,20
1785874560000,DUST-01,ad65284f-6a8b-444e-a5f7-d0dcf56b61f9,958916.57,6010442.53,Good,23
1785874560000,DUST-02,5c5c7940-d07e-4e92-8670-ac35e6a7e956,959034.8,6010464.7,Good,19
1785874620000,DUST-01,ad65284f-6a8b-444e-a5f7-d0dcf56b61f9,958916.57,6010442.53,Good,22
1785874620000,DUST-02,5c5c7940-d07e-4e92-8670-ac35e6a7e956,959034.8,6010464.7,Good,18
1785874680000,DUST-01,ad65284f-6a8b-444e-a5f7-d0dcf56b61f9,958916.57,6010442.53,Good,21
1785874680000,DUST-02,5c5c7940-d07e-4e92-8670-ac35e6a7e956,959034.8,6010464.7,Good,20
1785874740000,DUST-01,ad65284f-6a8b-444e-a5f7-d0dcf56b61f9,958916.57,6010442.53,Good,20
1785874740000,DUST-02,5c5c7940-d07e-4e92-8670-ac35e6a7e956,959034.8,6010464.7,Good,19
1785874800000,DUST-01,ad65284f-6a8b-444e-a5f7-d0dcf56b61f9,958916.57,6010442.53,Good,21
1785874800000,DUST-02,5c5c7940-d07e-4e92-8670-ac35e6a7e956,959034.8,6010464.7,Good,18
1785874860000,DUST-01,ad65284f-6a8b-444e-a5f7-d0dcf56b61f9,958916.57,6010442.53,Good,22
1785874860000,DUST-02,5c5c7940-d07e-4e92-8670-ac35e6a7e956,959034.8,6010464.7,Good,19
1785874920000,DUST-01,ad65284f-6a8b-444e-a5f7-d0dcf56b61f9,958916.57,6010442.53,Good,21
1785874920000,DUST-02,5c5c7940-d07e-4e92-8670-ac35e6a7e956,959034.8,6010464.7,Good,20
1785874980000,DUST-01,ad65284f-6a8b-444e-a5f7-d0dcf56b61f9,958916.57,6010442.53,Good,22
1785874980000,DUST-02,5c5c7940-d07e-4e92-8670-ac35e6a7e956,959034.8,6010464.7,Good,21
1785875040000,DUST-01,ad65284f-6a8b-444e-a5f7-d0dcf56b61f9,958916.57,6010442.53,Good,23
1785875040000,DUST-02,5c5c7940-d07e-4e92-8670-ac35e6a7e956,959034.8,6010464.7,Good,21
1785875100000,DUST-01,ad65284f-6a8b-444e-a5f7-d0dcf56b61f9,958916.57,6010442.53,Good,24
1785875100000,DUST-02,5c5c7940-d07e-4e92-8670-ac35e6a7e956,959034.8,6010464.7,Good,22
1785875160000,DUST-01,ad65284f-6a8b-444e-a5f7-d0dcf56b61f9,958916.57,6010442.53,Good,23
1785875160000,DUST-02,5c5c7940-d07e-4e92-8670-ac35e6a7e956,959034.8,6010464.7,Good,21
1785875220000,DUST-01,ad65284f-6a8b-444e-a5f7-d0dcf56b61f9,958916.57,6010442.53,Good,24
1785875220000,DUST-02,5c5c7940-d07e-4e92-8670-ac35e6a7e956,959034.8,6010464.7,Good,21
1785875280000,DUST-01,ad65284f-6a8b-444e-a5f7-d0dcf56b61f9,958916.57,6010442.53,Good,24
1785875280000,DUST-02,5c5c7940-d07e-4e92-8670-ac35e6a7e956,959034.8,6010464.7,Good,20
1785875340000,DUST-01,ad65284f-6a8b-444e-a5f7-d0dcf56b61f9,958916.57,6010442.53,Good,23
1785875340000,DUST-02,5c5c7940-d07e-4e92-8670-ac35e6a7e956,959034.8,6010464.7,Good,20
1785875400000,DUST-01,ad65284f-6a8b-444e-a5f7-d0dcf56b61f9,958916.57,6010442.53,Good,23
1785875400000,DUST-02,5c5c7940-d07e-4e92-8670-ac35e6a7e956,959034.8,6010464.7,Good,21
1785875460000,DUST-01,ad65284f-6a8b-444e-a5f7-d0dcf56b61f9,958916.57,6010442.53,Good,22
1785875460000,DUST-02,5c5c7940-d07e-4e92-8670-ac35e6a7e956,959034.8,6010464.7,Good,21
1785875520000,DUST-01,ad65284f-6a8b-444e-a5f7-d0dcf56b61f9,958916.57,6010442.53,Good,22
1785875520000,DUST-02,5c5c7940-d07e-4e92-8670-ac35e6a7e956,959034.8,6010464.7,Good,21
1785875580000,DUST-01,ad65284f-6a8b-444e-a5f7-d0dcf56b61f9,958916.57,6010442.53,Good,22
1785875580000,DUST-02,5c5c7940-d07e-4e92-8670-ac35e6a7e956,959034.8,6010464.7,Good,22
1785875640000,DUST-01,ad65284f-6a8b-444e-a5f7-d0dcf56b61f9,958916.57,6010442.53,Good,22
1785875640000,DUST-02,5c5c7940-d07e-4e92-8670-ac35e6a7e956,959034.8,6010464.7,Good,22
1785875700000,DUST-01,ad65284f-6a8b-444e-a5f7-d0dcf56b61f9,958916.57,6010442.53,Good,21
1785875700000,DUST-02,5c5c7940-d07e-4e92-8670-ac35e6a7e956,959034.8,6010464.7,Good,23
1785875760000,DUST-01,ad65284f-6a8b-444e-a5f7-d0dcf56b61f9,958916.57,6010442.53,Good,21
1785875760000,DUST-02,5c5c7940-d07e-4e92-8670-ac35e6a7e956,959034.8,6010464.7,Good,23
1785875820000,DUST-01,ad65284f-6a8b-444e-a5f7-d0dcf56b61f9,958916.57,6010442.53,Good,20
1785875820000,DUST-02,5c5c7940-d07e-4e92-8670-ac35e6a7e956,959034.8,6010464.7,Good,23
1785875880000,DUST-01,ad65284f-6a8b-444e-a5f7-d0dcf56b61f9,958916.57,6010442.53,Good,22
1785875880000,DUST-02,5c5c7940-d07e-4e92-8670-ac35e6a7e956,959034.8,6010464.7,Good,22
1785875940000,DUST-01,ad65284f-6a8b-444e-a5f7-d0dcf56b61f9,958916.57,6010442.53,Good,21
1785875940000,DUST-02,5c5c7940-d07e-4e92-8670-ac35e6a7e956,959034.8,6010464.7,Good,22
1785876000000,DUST-01,ad65284f-6a8b-444e-a5f7-d0dcf56b61f9,958916.57,6010442.53,Good,21
1785876000000,DUST-02,5c5c7940-d07e-4e92-8670-ac35e6a7e956,959034.8,6010464.7,Good,21
1785876060000,DUST-01,ad65284f-6a8b-444e-a5f7-d0dcf56b61f9,958916.57,6010442.53,Good,22
1785876060000,DUST-02,5c5c7940-d07e-4e92-8670-ac35e6a7e956,959034.8,6010464.7,Good,21
1785876120000,DUST-01,ad65284f-6a8b-444e-a5f7-d0dcf56b61f9,958916.57,6010442.53,Good,22
1785876120000,DUST-02,5c5c7940-d07e-4e92-8670-ac35e6a7e956,959034.8,6010464.7,Good,22
1785876180000,DUST-01,ad65284f-6a8b-444e-a5f7-d0dcf56b61f9,958916.57,6010442.53,Good,23
1785876180000,DUST-02,5c5c7940-d07e-4e92-8670-ac35e6a7e956,959034.8,6010464.7,Good,22
1785876240000,DUST-01,ad65284f-6a8b-444e-a5f7-d0dcf56b61f9,958916.57,6010442.53,Good,24
1785876240000,DUST-02,5c5c7940-d07e-4e92-8670-ac35e6a7e956,959034.8,6010464.7,Good,22
1785876300000,DUST-01,ad65284f-6a8b-444e-a5f7-d0dcf56b61f9,958916.57,6010442.53,Good,24
1785876300000,DUST-02,5c5c7940-d07e-4e92-8670-ac35e6a7e956,959034.8,6010464.7,Good,22
1785876360000,DUST-01,ad65284f-6a8b-444e-a5f7-d0dcf56b61f9,958916.57,6010442.53,Good,23
1785876360000,DUST-02,5c5c7940-d07e-4e92-8670-ac35e6a7e956,959034.8,6010464.7,Good,22
1785876420000,DUST-01,ad65284f-6a8b-444e-a5f7-d0dcf56b61f9,958916.57,6010442.53,Good,23
1785876420000,DUST-02,5c5c7940-d07e-4e92-8670-ac35e6a7e956,959034.8,6010464.7,Good,22
1785876480000,DUST-01,ad65284f-6a8b-444e-a5f7-d0dcf56b61f9,958916.57,6010442.53,Good,23
1785876480000,DUST-02,5c5c7940-d07e-4e92-8670-ac35e6a7e956,959034.8,6010464.7,Good,23
1785876540000,DUST-01,ad65284f-6a8b-444e-a5f7-d0dcf56b61f9,958916.57,6010442.53,Good,23
1785876540000,DUST-02,5c5c7940-d07e-4e92-8670-ac35e6a7e956,959034.8,6010464.7,Good,23
1785876600000,DUST-01,ad65284f-6a8b-444e-a5f7-d0dcf56b61f9,958916.57,6010442.53,Good,22
1785876600000,DUST-02,5c5c7940-d07e-4e92-8670-ac35e6a7e956,959034.8,6010464.7,Good,22
1785876660000,DUST-01,ad65284f-6a8b-444e-a5f7-d0dcf56b61f9,958916.57,6010442.53,Good,21
1785876660000,DUST-02,5c5c7940-d07e-4e92-8670-ac35e6a7e956,959034.8,6010464.7,Good,20
1785876720000,DUST-01,ad65284f-6a8b-444e-a5f7-d0dcf56b61f9,958916.57,6010442.53,Good,22
1785876720000,DUST-02,5c5c7940-d07e-4e92-8670-ac35e6a7e956,959034.8,6010464.7,Good,21
1785876780000,DUST-01,ad65284f-6a8b-444e-a5f7-d0dcf56b61f9,958916.57,6010442.53,Good,23
1785876780000,DUST-02,5c5c7940-d07e-4e92-8670-ac35e6a7e956,959034.8,6010464.7,Good,20
1785876840000,DUST-01,ad65284f-6a8b-444e-a5f7-d0dcf56b61f9,958916.57,6010442.53,Good,22
1785876840000,DUST-02,5c5c7940-d07e-4e92-8670-ac35e6a7e956,959034.8,6010464.7,Good,19
1785876900000,DUST-01,ad65284f-6a8b-444e-a5f7-d0dcf56b61f9,958916.57,6010442.53,Good,22
1785876900000,DUST-02,5c5c7940-d07e-4e92-8670-ac35e6a7e956,959034.8,6010464.7,Good,18
1785876960000,DUST-01,ad65284f-6a8b-444e-a5f7-d0dcf56b61f9,958916.57,6010442.53,Good,23
1785876960000,DUST-02,5c5c7940-d07e-4e92-8670-ac35e6a7e956,959034.8,6010464.7,Good,18
1785877020000,DUST-01,ad65284f-6a8b-444e-a5f7-d0dcf56b61f9,958916.57,6010442.53,Good,24
1785877020000,DUST-02,5c5c7940-d07e-4e92-8670-ac35e6a7e956,959034.8,6010464.7,Good,18
1785877080000,DUST-01,ad65284f-6a8b-444e-a5f7-d0dcf56b61f9,958916.57,6010442.53,Good,24
1785877080000,DUST-02,5c5c7940-d07e-4e92-8670-ac35e6a7e956,959034.8,6010464.7,Good,19
1785877140000,DUST-01,ad65284f-6a8b-444e-a5f7-d0dcf56b61f9,958916.57,6010442.53,Good,23
1785877140000,DUST-02,5c5c7940-d07e-4e92-8670-ac35e6a7e956,959034.8,6010464.7,Good,18
1785877200000,DUST-01,ad65284f-6a8b-444e-a5f7-d0dcf56b61f9,958916.57,6010442.53,Good,23
1785877200000,DUST-02,5c5c7940-d07e-4e92-8670-ac35e6a7e956,959034.8,6010464.7,Good,19
1785877260000,DUST-01,ad65284f-6a8b-444e-a5f7-d0dcf56b61f9,958916.57,6010442.53,Good,22
1785877260000,DUST-02,5c5c7940-d07e-4e92-8670-ac35e6a7e956,959034.8,6010464.7,Good,19
1785877320000,DUST-01,ad65284f-6a8b-444e-a5f7-d0dcf56b61f9,958916.57,6010442.53,Good,22
1785877320000,DUST-02,5c5c7940-d07e-4e92-8670-ac35e6a7e956,959034.8,6010464.7,Good,19
1785877380000,DUST-01,ad65284f-6a8b-444e-a5f7-d0dcf56b61f9,958916.57,6010442.53,Good,23
1785877380000,DUST-02,5c5c7940-d07e-4e92-8670-ac35e6a7e956,959034.8,6010464.7,Good,18
1785877440000,DUST-01,ad65284f-6a8b-444e-a5f7-d0dcf56b61f9,958916.57,6010442.53,Good,24
1785877440000,DUST-02,5c5c7940-d07e-4e92-8670-ac35e6a7e956,959034.8,6010464.7,Good,18
1785877500000,DUST-01,ad65284f-6a8b-444e-a5f7-d0dcf56b61f9,958916.57,6010442.53,Good,24
1785877500000,DUST-02,5c5c7940-d07e-4e92-8670-ac35e6a7e956,959034.8,6010464.7,Good,18
1785877560000,DUST-01,ad65284f-6a8b-444e-a5f7-d0dcf56b61f9,958916.57,6010442.53,Good,24
1785877560000,DUST-02,5c5c7940-d07e-4e92-8670-ac35e6a7e956,959034.8,6010464.7,Good,18
1785877620000,DUST-01,ad65284f-6a8b-444e-a5f7-d0dcf56b61f9,958916.57,6010442.53,Good,22
1785877620000,DUST-02,5c5c7940-d07e-4e92-8670-ac35e6a7e956,959034.8,6010464.7,Good,18
1785877680000,DUST-01,ad65284f-6a8b-444e-a5f7-d0dcf56b61f9,958916.57,6010442.53,Good,22
1785877680000,DUST-02,5c5c7940-d07e-4e92-8670-ac35e6a7e956,959034.8,6010464.7,Good,17
1785877740000,DUST-01,ad65284f-6a8b-444e-a5f7-d0dcf56b61f9,958916.57,6010442.53,Good,22
1785877740000,DUST-02,5c5c7940-d07e-4e92-8670-ac35e6a7e956,959034.8,6010464.7,Good,17
1785877800000,DUST-01,ad65284f-6a8b-444e-a5f7-d0dcf56b61f9,958916.57,6010442.53,Good,22
1785877800000,DUST-02,5c5c7940-d07e-4e92-8670-ac35e6a7e956,959034.8,6010464.7,Good,18
1785877860000,DUST-01,ad65284f-6a8b-444e-a5f7-d0dcf56b61f9,958916.57,6010442.53,Good,22
1785877860000,DUST-02,5c5c7940-d07e-4e92-8670-ac35e6a7e956,959034.8,6010464.7,Good,17
1785877920000,DUST-01,ad65284f-6a8b-444e-a5f7-d0dcf56b61f9,958916.57,6010442.53,Good,23
1785877920000,DUST-02,5c5c7940-d07e-4e92-8670-ac35e6a7e956,959034.8,6010464.7,Good,18
1785877980000,DUST-01,ad65284f-6a8b-444e-a5f7-d0dcf56b61f9,958916.57,6010442.53,Good,24
1785877980000,DUST-02,5c5c7940-d07e-4e92-8670-ac35e6a7e956,959034.8,6010464.7,Good,18
1785878040000,DUST-01,ad65284f-6a8b-444e-a5f7-d0dcf56b61f9,958916.57,6010442.53,Good,24
1785878040000,DUST-02,5c5c7940-d07e-4e92-8670-ac35e6a7e956,959034.8,6010464.7,Good,19
1785878100000,DUST-01,ad65284f-6a8b-444e-a5f7-d0dcf56b61f9,958916.57,6010442.53,Good,24
1785878100000,DUST-02,5c5c7940-d07e-4e92-8670-ac35e6a7e956,959034.8,6010464.7,Good,20
1785878160000,DUST-01,ad65284f-6a8b-444e-a5f7-d0dcf56b61f9,958916.57,6010442.53,Good,24
1785878160000,DUST-02,5c5c7940-d07e-4e92-8670-ac35e6a7e956,959034.8,6010464.7,Good,20
1785878220000,DUST-01,ad65284f-6a8b-444e-a5f7-d0dcf56b61f9,958916.57,6010442.53,Good,24
1785878220000,DUST-02,5c5c7940-d07e-4e92-8670-ac35e6a7e956,959034.8,6010464.7,Good,21
1785878280000,DUST-01,ad65284f-6a8b-444e-a5f7-d0dcf56b61f9,958916.57,6010442.53,Good,24
1785878280000,DUST-02,5c5c7940-d07e-4e92-8670-ac35e6a7e956,959034.8,6010464.7,Good,21
1785878340000,DUST-01,ad65284f-6a8b-444e-a5f7-d0dcf56b61f9,958916.57,6010442.53,Good,24
1785878340000,DUST-02,5c5c7940-d07e-4e92-8670-ac35e6a7e956,959034.8,6010464.7,Good,20
1785878400000,DUST-01,ad65284f-6a8b-444e-a5f7-d0dcf56b61f9,958916.57,6010442.53,Good,23
1785878400000,DUST-02,5c5c7940-d07e-4e92-8670-ac35e6a7e956,959034.8,6010464.7,Good,20
1785878460000,DUST-01,ad65284f-6a8b-444e-a5f7-d0dcf56b61f9,958916.57,6010442.53,Good,22
1785878460000,DUST-02,5c5c7940-d07e-4e92-8670-ac35e6a7e956,959034.8,6010464.7,Good,20
1785878520000,DUST-01,ad65284f-6a8b-444e-a5f7-d0dcf56b61f9,958916.57,6010442.53,Good,22
1785878520000,DUST-02,5c5c7940-d07e-4e92-8670-ac35e6a7e956,959034.8,6010464.7,Good,20
1785878580000,DUST-01,ad65284f-6a8b-444e-a5f7-d0dcf56b61f9,958916.57,6010442.53,Good,21
1785878580000,DUST-02,5c5c7940-d07e-4e92-8670-ac35e6a7e956,959034.8,6010464.7,Good,20
1785878640000,DUST-01,ad65284f-6a8b-444e-a5f7-d0dcf56b61f9,958916.57,6010442.53,Good,21
1785878640000,DUST-02,5c5c7940-d07e-4e92-8670-ac35e6a7e956,959034.8,6010464.7,Good,20
1785878700000,DUST-01,ad65284f-6a8b-444e-a5f7-d0dcf56b61f9,958916.57,6010442.53,Good,20
1785878700000,DUST-02,5c5c7940-d07e-4e92-8670-ac35e6a7e956,959034.8,6010464.7,Good,21
1785878760000,DUST-01,ad65284f-6a8b-444e-a5f7-d0dcf56b61f9,958916.57,6010442.53,Good,20
1785878760000,DUST-02,5c5c7940-d07e-4e92-8670-ac35e6a7e956,959034.8,6010464.7,Good,20
1785878820000,DUST-01,ad65284f-6a8b-444e-a5f7-d0dcf56b61f9,958916.57,6010442.53,Good,22
1785878820000,DUST-02,5c5c7940-d07e-4e92-8670-ac35e6a7e956,959034.8,6010464.7,Good,19
1785878880000,DUST-01,ad65284f-6a8b-444e-a5f7-d0dcf56b61f9,958916.57,6010442.53,Good,22
1785878880000,DUST-02,5c5c7940-d07e-4e92-8670-ac35e6a7e956,959034.8,6010464.7,Good,20
1785878940000,DUST-01,ad65284f-6a8b-444e-a5f7-d0dcf56b61f9,958916.57,6010442.53,Good,21
1785878940000,DUST-02,5c5c7940-d07e-4e92-8670-ac35e6a7e956,959034.8,6010464.7,Good,21
1785879000000,DUST-01,ad65284f-6a8b-444e-a5f7-d0dcf56b61f9,958916.57,6010442.53,Good,22
1785879000000,DUST-02,5c5c7940-d07e-4e92-8670-ac35e6a7e956,959034.8,6010464.7,Good,21
1785879060000,DUST-01,ad65284f-6a8b-444e-a5f7-d0dcf56b61f9,958916.57,6010442.53,Good,21
1785879060000,DUST-02,5c5c7940-d07e-4e92-8670-ac35e6a7e956,959034.8,6010464.7,Good,20
1785879120000,DUST-01,ad65284f-6a8b-444e-a5f7-d0dcf56b61f9,958916.57,6010442.53,Good,20
1785879120000,DUST-02,5c5c7940-d07e-4e92-8670-ac35e6a7e956,959034.8,6010464.7,Good,19
1785879180000,DUST-01,ad65284f-6a8b-444e-a5f7-d0dcf56b61f9,958916.57,6010442.53,Good,20
1785879180000,DUST-02,5c5c7940-d07e-4e92-8670-ac35e6a7e956,959034.8,6010464.7,Good,19
1785879240000,DUST-01,ad65284f-6a8b-444e-a5f7-d0dcf56b61f9,958916.57,6010442.53,Good,21
1785879240000,DUST-02,5c5c7940-d07e-4e92-8670-ac35e6a7e956,959034.8,6010464.7,Good,19
1785879300000,DUST-01,ad65284f-6a8b-444e-a5f7-d0dcf56b61f9,958916.57,6010442.53,Good,21
1785879300000,DUST-02,5c5c7940-d07e-4e92-8670-ac35e6a7e956,959034.8,6010464.7,Good,18
1785879360000,DUST-01,ad65284f-6a8b-444e-a5f7-d0dcf56b61f9,958916.57,6010442.53,Good,20
1785879360000,DUST-02,5c5c7940-d07e-4e92-8670-ac35e6a7e956,959034.8,6010464.7,Good,19
1785879420000,DUST-01,ad65284f-6a8b-444e-a5f7-d0dcf56b61f9,958916.57,6010442.53,Good,21
1785879420000,DUST-02,5c5c7940-d07e-4e92-8670-ac35e6a7e956,959034.8,6010464.7,Good,18
1785879480000,DUST-01,ad65284f-6a8b-444e-a5f7-d0dcf56b61f9,958916.57,6010442.53,Good,20
1785879480000,DUST-02,5c5c7940-d07e-4e92-8670-ac35e6a7e956,959034.8,6010464.7,Good,18
1785879540000,DUST-01,ad65284f-6a8b-444e-a5f7-d0dcf56b61f9,958916.57,6010442.53,Good,21
1785879540000,DUST-02,5c5c7940-d07e-4e92-8670-ac35e6a7e956,959034.8,6010464.7,Good,19
1785879600000,DUST-01,ad65284f-6a8b-444e-a5f7-d0dcf56b61f9,958916.57,6010442.53,Good,22
1785879600000,DUST-02,5c5c7940-d07e-4e92-8670-ac35e6a7e956,959034.8,6010464.7,Good,19
1785879660000,DUST-01,ad65284f-6a8b-444e-a5f7-d0dcf56b61f9,958916.57,6010442.53,Good,20
1785879660000,DUST-02,5c5c7940-d07e-4e92-8670-ac35e6a7e956,959034.8,6010464.7,Good,19
1785879720000,DUST-01,ad65284f-6a8b-444e-a5f7-d0dcf56b61f9,958916.57,6010442.53,Good,20
1785879720000,DUST-02,5c5c7940-d07e-4e92-8670-ac35e6a7e956,959034.8,6010464.7,Good,19
1785879780000,DUST-01,ad65284f-6a8b-444e-a5f7-d0dcf56b61f9,958916.57,6010442.53,Good,20
1785879780000,DUST-02,5c5c7940-d07e-4e92-8670-ac35e6a7e956,959034.8,6010464.7,Good,19
1785879840000,DUST-01,ad65284f-6a8b-444e-a5f7-d0dcf56b61f9,958916.57,6010442.53,Good,20
1785879840000,DUST-02,5c5c7940-d07e-4e92-8670-ac35e6a7e956,959034.8,6010464.7,Good,20
1785879900000,DUST-01,ad65284f-6a8b-444e-a5f7-d0dcf56b61f9,958916.57,6010442.53,Good,21
1785879900000,DUST-02,5c5c7940-d07e-4e92-8670-ac35e6a7e956,959034.8,6010464.7,Good,20
1785879960000,DUST-01,ad65284f-6a8b-444e-a5f7-d0dcf56b61f9,958916.57,6010442.53,Good,20
1785879960000,DUST-02,5c5c7940-d07e-4e92-8670-ac35e6a7e956,959034.8,6010464.7,Good,19
1785880020000,DUST-01,ad65284f-6a8b-444e-a5f7-d0dcf56b61f9,958916.57,6010442.53,Good,20
1785880020000,DUST-02,5c5c7940-d07e-4e92-8670-ac35e6a7e956,959034.8,6010464.7,Good,20
1785880080000,DUST-01,ad65284f-6a8b-444e-a5f7-d0dcf56b61f9,958916.57,6010442.53,Good,20
1785880080000,DUST-02,5c5c7940-d07e-4e92-8670-ac35e6a7e956,959034.8,6010464.7,Good,19
1785880140000,DUST-01,ad65284f-6a8b-444e-a5f7-d0dcf56b61f9,958916.57,6010442.53,Good,19
1785880140000,DUST-02,5c5c7940-d07e-4e92-8670-ac35e6a7e956,959034.8,6010464.7,Good,19
1785880200000,DUST-01,ad65284f-6a8b-444e-a5f7-d0dcf56b61f9,958916.57,6010442.53,Good,18
1785880200000,DUST-02,5c5c7940-d07e-4e92-8670-ac35e6a7e956,959034.8,6010464.7,Good,18
1785880260000,DUST-01,ad65284f-6a8b-444e-a5f7-d0dcf56b61f9,958916.57,6010442.53,Good,19
1785880260000,DUST-02,5c5c7940-d07e-4e92-8670-ac35e6a7e956,959034.8,6010464.7,Good,19
1785880320000,DUST-01,ad65284f-6a8b-444e-a5f7-d0dcf56b61f9,958916.57,6010442.53,Good,18
1785880320000,DUST-02,5c5c7940-d07e-4e92-8670-ac35e6a7e956,959034.8,6010464.7,Good,18
1785880380000,DUST-01,ad65284f-6a8b-444e-a5f7-d0dcf56b61f9,958916.57,6010442.53,Good,18
1785880380000,DUST-02,5c5c7940-d07e-4e92-8670-ac35e6a7e956,959034.8,6010464.7,Good,19
1785880440000,DUST-01,ad65284f-6a8b-444e-a5f7-d0dcf56b61f9,958916.57,6010442.53,Good,20
1785880440000,DUST-02,5c5c7940-d07e-4e92-8670-ac35e6a7e956,959034.8,6010464.7,Good,18
1785880500000,DUST-01,ad65284f-6a8b-444e-a5f7-d0dcf56b61f9,958916.57,6010442.53,Good,21
1785880500000,DUST-02,5c5c7940-d07e-4e92-8670-ac35e6a7e956,959034.8,6010464.7,Good,19
1785880560000,DUST-01,ad65284f-6a8b-444e-a5f7-d0dcf56b61f9,958916.57,6010442.53,Good,20
1785880560000,DUST-02,5c5c7940-d07e-4e92-8670-ac35e6a7e956,959034.8,6010464.7,Good,19
1785880620000,DUST-01,ad65284f-6a8b-444e-a5f7-d0dcf56b61f9,958916.57,6010442.53,Good,21
1785880620000,DUST-02,5c5c7940-d07e-4e92-8670-ac35e6a7e956,959034.8,6010464.7,Good,20
1785880680000,DUST-01,ad65284f-6a8b-444e-a5f7-d0dcf56b61f9,958916.57,6010442.53,Good,21
1785880680000,DUST-02,5c5c7940-d07e-4e92-8670-ac35e6a7e956,959034.8,6010464.7,Good,19
1785880740000,DUST-01,ad65284f-6a8b-444e-a5f7-d0dcf56b61f9,958916.57,6010442.53,Good,22
1785880740000,DUST-02,5c5c7940-d07e-4e92-8670-ac35e6a7e956,959034.8,6010464.7,Good,19
