Timestamp,SensorID,TrackID,Longitude,Latitude,GasCategory,GasLevel,CO_ppm,CO2_ppm,NO2_ugm3,O3_ugm3,VOC_ppb,CH4_ppm
1785794400000,GAS-01,28dc49c7-651a-4c08-b646-470d8c332f4d,958827.9,6010509.04,Normal,0,0.4,420,17,34,98,1.9
1785794460000,GAS-01,28dc49c7-651a-4c08-b646-470d8c332f4d,958827.9,6010509.04,Normal,0,0.3,423,17,33,94,1.9
1785794520000,GAS-01,28dc49c7-651a-4c08-b646-470d8c332f4d,958827.9,6010509.04,Normal,0,0.3,419,17,34,95,1.9
1785794580000,GAS-01,28dc49c7-651a-4c08-b646-470d8c332f4d,958827.9,6010509.04,Normal,0,0.3,417,17,34,91,1.9
1785794640000,GAS-01,28dc49c7-651a-4c08-b646-470d8c332f4d,958827.9,6010509.04,Normal,0,0.3,414,17,34,98,1.9
1785794700000,GAS-01,28dc49c7-651a-4c08-b646-470d8c332f4d,958827.9,6010509.04,Normal,0,0.4,412,16,34,104,1.9
1785794760000,GAS-01,28dc49c7-651a-4c08-b646-470d8c332f4d,958827.9,6010509.04,Normal,0,0.4,410,17,34,102,1.9
1785794820000,GAS-01,28dc49c7-651a-4c08-b646-470d8c332f4d,958827.9,6010509.04,Normal,0,0.4,410,16,34,100,1.9
1785794880000,GAS-01,28dc49c7-651a-4c08-b646-470d8c332f4d,958827.9,6010509.04,Normal,0,0.3,411,16,34,100,1.9
1785794940000,GAS-01,28dc49c7-651a-4c08-b646-470d8c332f4d,958827.9,6010509.04,Normal,0,0.4,411,16,34,102,1.9
1785795000000,GAS-01,28dc49c7-651a-4c08-b646-470d8c332f4d,958827.9,6010509.04,Normal,0,0.3,412,16,35,103,1.9
1785795060000,GAS-01,28dc49c7-651a-4c08-b646-470d8c332f4d,958827.9,6010509.04,Normal,0,0.4,415,15,34,98,1.9
1785795120000,GAS-01,28dc49c7-651a-4c08-b646-470d8c332f4d,958827.9,6010509.04,Normal,0,0.3,413,15,35,100,1.9
1785795180000,GAS-01,28dc49c7-651a-4c08-b646-470d8c332f4d,958827.9,6010509.04,Normal,0,0.3,416,15,35,99,1.9
1785795240000,GAS-01,28dc49c7-651a-4c08-b646-470d8c332f4d,958827.9,6010509.04,Normal,0,0.3,415,16,35,104,1.9
1785795300000,GAS-01,28dc49c7-651a-4c08-b646-470d8c332f4d,958827.9,6010509.04,Normal,0,0.3,414,17,34,106,1.9
1785795360000,GAS-01,28dc49c7-651a-4c08-b646-470d8c332f4d,958827.9,6010509.04,Normal,0,0.3,411,16,35,104,1.9
1785795420000,GAS-01,28dc49c7-651a-4c08-b646-470d8c332f4d,958827.9,6010509.04,Normal,0,0.3,416,16,34,103,1.9
1785795480000,GAS-01,28dc49c7-651a-4c08-b646-470d8c332f4d,958827.9,6010509.04,Normal,0,0.3,416,17,33,103,1.9
1785795540000,GAS-01,28dc49c7-651a-4c08-b646-470d8c332f4d,958827.9,6010509.04,Normal,0,0.3,418,18,33,105,1.9
1785795600000,GAS-01,28dc49c7-651a-4c08-b646-470d8c332f4d,958827.9,6010509.04,Normal,0,0.3,421,18,32,100,1.9
1785795660000,GAS-01,28dc49c7-651a-4c08-b646-470d8c332f4d,958827.9,6010509.04,Normal,0,0.3,423,18,33,103,1.9
1785795720000,GAS-01,28dc49c7-651a-4c08-b646-470d8c332f4d,958827.9,6010509.04,Normal,0,0.2,423,18,32,103,1.9
1785795780000,GAS-01,28dc49c7-651a-4c08-b646-470d8c332f4d,958827.9,6010509.04,Normal,0,0.3,420,17,32,101,1.9
1785795840000,GAS-01,28dc49c7-651a-4c08-b646-470d8c332f4d,958827.9,6010509.04,Normal,0,0.3,423,16,31,101,1.9
1785795900000,GAS-01,28dc49c7-651a-4c08-b646-470d8c332f4d,958827.9,6010509.04,Normal,0,0.4,426,17,32,99,1.9
1785795960000,GAS-01,28dc49c7-651a-4c08-b646-470d8c332f4d,958827.9,6010509.04,Normal,0,0.4,428,17,32,103,1.9
1785796020000,GAS-01,28dc49c7-651a-4c08-b646-470d8c332f4d,958827.9,6010509.04,Normal,0,0.4,429,18,32,97,1.9
1785796080000,GAS-01,28dc49c7-651a-4c08-b646-470d8c332f4d,958827.9,6010509.04,Normal,0,0.3,427,17,32,98,1.9
1785796140000,GAS-01,28dc49c7-651a-4c08-b646-470d8c332f4d,958827.9,6010509.04,Normal,0,0.3,430,17,33,102,1.9
1785796200000,GAS-01,28dc49c7-651a-4c08-b646-470d8c332f4d,958827.9,6010509.04,Normal,0,0.4,425,18,34,101,1.9
1785796260000,GAS-01,28dc49c7-651a-4c08-b646-470d8c332f4d,958827.9,6010509.04,Normal,0,0.4,423,17,33,105,1.9
1785796320000,GAS-01,28dc49c7-651a-4c08-b646-470d8c332f4d,958827.9,6010509.04,Normal,0,0.4,421,18,34,110,1.9
1785796380000,GAS-01,28dc49c7-651a-4c08-b646-470d8c332f4d,958827.9,6010509.04,Normal,0,0.3,421,18,35,110,1.9
1785796440000,GAS-01,28dc49c7-651a-4c08-b646-470d8c332f4d,958827.9,6010509.04,Normal,0,0.3,422,18,34,103,1.9
1785796500000,GAS-01,28dc49c7-651a-4c08-b646-470d8c332f4d,958827.9,6010509.04,Normal,0,0.3,420,18,34,103,1.9
1785796560000,GAS-01,28dc49c7-651a-4c08-b646-470d8c332f4d,958827.9,6010509.04,Normal,0,0.3,419,18,35,98,1.9
1785796620000,GAS-01,28dc49c7-651a-4c08-b646-470d8c332f4d,958827.9,6010509.04,Normal,0,0.2,422,17,35,101,1.9
1785796680000,GAS-01,28dc49c7-651a-4c08-b646-470d8c332f4d,958827.9,6010509.04,Normal,0,0.3,422,17,34,106,1.9
1785796740000,GAS-01,28dc49c7-651a-4c08-b646-470d8c332f4d,958827.9,6010509.04,Normal,0,0.3,425,16,34,105,1.9
1785796800000,GAS-01,28dc49c7-651a-4c08-b646-470d8c332f4d,958827.9,6010509.04,Normal,0,0.3,425,17,33,107,1.9
1785796860000,GAS-01,28dc49c7-651a-4c08-b646-470d8c332f4d,958827.9,6010509.04,Normal,0,0.3,427,17,34,104,1.9
1785796920000,GAS-01,28dc49c7-651a-4c08-b646-470d8c332f4d,958827.9,6010509.04,Normal,0,0.3,426,17,33,99,1.9
1785796980000,GAS-01,28dc49c7-651a-4c08-b646-470d8c332f4d,958827.9,6010509.04,Normal,0,0.2,429,17,33,98,1.9
1785797040000,GAS-01,28dc49c7-651a-4c08-b646-470d8c332f4d,958827.9,6010509.04,Normal,0,0.2,431,16,32,95,1.9
1785797100000,GAS-01,28dc49c7-651a-4c08-b646-470d8c332f4d,958827.9,6010509.04,Normal,0,0.2,429,16,32,96,1.9
1785797160000,GAS-01,28dc49c7-651a-4c08-b646-470d8c332f4d,958827.9,6010509.04,Normal,0,0.3,428,17,33,102,1.9
1785797220000,GAS-01,28dc49c7-651a-4c08-b646-470d8c332f4d,958827.9,6010509.04,Normal,0,0.3,428,17,34,102,1.9
1785797280000,GAS-01,28dc49c7-651a-4c08-b646-470d8c332f4d,958827.9,6010509.04,Normal,0,0.4,428,17,34,102,1.9
1785797340000,GAS-01,28dc49c7-651a-4c08-b646-470d8c332f4d,958827.9,6010509.04,Normal,0,0.3,428,16,34,101,2
1785797400000,GAS-01,28dc49c7-651a-4c08-b646-470d8c332f4d,958827.9,6010509.04,Normal,0,0.3,428,17,35,96,2
1785797460000,GAS-01,28dc49c7-651a-4c08-b646-470d8c332f4d,958827.9,6010509.04,Normal,0,0.4,430,16,36,99,2
1785797520000,GAS-01,28dc49c7-651a-4c08-b646-470d8c332f4d,958827.9,6010509.04,Normal,0,0.4,429,17,36,95,2
1785797580000,GAS-01,28dc49c7-651a-4c08-b646-470d8c332f4d,958827.9,6010509.04,Normal,0,0.4,425,18,37,98,2
1785797640000,GAS-01,28dc49c7-651a-4c08-b646-470d8c332f4d,958827.9,6010509.04,Normal,0,0.4,423,18,37,96,2
1785797700000,GAS-01,28dc49c7-651a-4c08-b646-470d8c332f4d,958827.9,6010509.04,Normal,0,0.4,425,17,37,95,2
1785797760000,GAS-01,28dc49c7-651a-4c08-b646-470d8c332f4d,958827.9,6010509.04,Normal,0,0.4,424,17,37,99,2
1785797820000,GAS-01,28dc49c7-651a-4c08-b646-470d8c332f4d,958827.9,6010509.04,Normal,0,0.4,424,17,37,101,1.9
1785797880000,GAS-01,28dc49c7-651a-4c08-b646-470d8c332f4d,958827.9,6010509.04,Normal,0,0.4,420,17,37,99,1.9
1785797940000,GAS-01,28dc49c7-651a-4c08-b646-470d8c332f4d,958827.9,6010509.04,Normal,0,0.3,420,18,37,103,1.9
1785798000000,GAS-01,28dc49c7-651a-4c08-b646-470d8c332f4d,958827.9,6010509.04,Normal,0,0.3,421,17,37,100,1.9
1785798060000,GAS-01,28dc49c7-651a-4c08-b646-470d8c332f4d,958827.9,6010509.04,Normal,0,0.3,419,18,37,104,1.9
1785798120000,GAS-01,28dc49c7-651a-4c08-b646-470d8c332f4d,958827.9,6010509.04,Normal,0,0.3,416,17,35,99,1.9
1785798180000,GAS-01,28dc49c7-651a-4c08-b646-470d8c332f4d,958827.9,6010509.04,Normal,0,0.3,413,16,35,100,1.9
1785798240000,GAS-01,28dc49c7-651a-4c08-b646-470d8c332f4d,958827.9,6010509.04,Normal,0,0.3,416,16,35,103,1.9
1785798300000,GAS-01,28dc49c7-651a-4c08-b646-470d8c332f4d,958827.9,6010509.04,Normal,0,0.3,414,17,35,97,1.9
1785798360000,GAS-01,28dc49c7-651a-4c08-b646-470d8c332f4d,958827.9,6010509.04,Normal,0,0.3,412,16,35,98,1.9
1785798420000,GAS-01,28dc49c7-651a-4c08-b646-470d8c332f4d,958827.9,6010509.04,Normal,0,0.4,414,15,36,94,1.9
1785798480000,GAS-01,28dc49c7-651a-4c08-b646-470d8c332f4d,958827.9,6010509.04,Normal,0,0.3,415,15,35,96,1.9
1785798540000,GAS-01,28dc49c7-651a-4c08-b646-470d8c332f4d,958827.9,6010509.04,Normal,0,0.3,415,15,36,91,2
1785798600000,GAS-01,28dc49c7-651a-4c08-b646-470d8c332f4d,958827.9,6010509.04,Normal,0,0.4,414,16,35,94,2
1785798660000,GAS-01,28dc49c7-651a-4c08-b646-470d8c332f4d,958827.9,6010509.04,Normal,0,0.4,415,16,34,99,1.9
1785798720000,GAS-01,28dc49c7-651a-4c08-b646-470d8c332f4d,958827.9,6010509.04,Normal,0,0.3,413,16,33,94,1.9
1785798780000,GAS-01,28dc49c7-651a-4c08-b646-470d8c332f4d,958827.9,6010509.04,Normal,0,0.4,417,16,34,90,1.9
1785798840000,GAS-01,28dc49c7-651a-4c08-b646-470d8c332f4d,958827.9,6010509.04,Normal,0,0.4,419,17,34,97,1.9
1785798900000,GAS-01,28dc49c7-651a-4c08-b646-470d8c332f4d,958827.9,6010509.04,Normal,0,0.4,418,16,33,101,1.9
1785798960000,GAS-01,28dc49c7-651a-4c08-b646-470d8c332f4d,958827.9,6010509.04,Normal,0,0.4,419,17,32,103,1.9
1785799020000,GAS-01,28dc49c7-651a-4c08-b646-470d8c332f4d,958827.9,6010509.04,Normal,0,0.4,417,17,32,101,1.9
1785799080000,GAS-01,28dc49c7-651a-4c08-b646-470d8c332f4d,958827.9,6010509.04,Normal,0,0.4,421,17,33,102,1.8
1785799140000,GAS-01,28dc49c7-651a-4c08-b646-470d8c332f4d,958827.9,6010509.04,Normal,0,0.3,424,17,33,98,1.8
1785799200000,GAS-01,28dc49c7-651a-4c08-b646-470d8c332f4d,958827.9,6010509.04,Normal,0,0.4,427,16,33,94,1.8
1785799260000,GAS-01,28dc49c7-651a-4c08-b646-470d8c332f4d,958827.9,6010509.04,Normal,0,0.4,424,17,34,89,1.8
1785799320000,GAS-01,28dc49c7-651a-4c08-b646-470d8c332f4d,958827.9,6010509.04,Normal,0,0.3,422,16,33,91,1.9
1785799380000,GAS-01,28dc49c7-651a-4c08-b646-470d8c332f4d,958827.9,6010509.04,Normal,0,0.4,423,17,32,94,1.8
1785799440000,GAS-01,28dc49c7-651a-4c08-b646-470d8c332f4d,958827.9,6010509.04,Normal,0,0.3,425,17,31,91,1.9
1785799500000,GAS-01,28dc49c7-651a-4c08-b646-470d8c332f4d,958827.9,6010509.04,Normal,0,0.3,422,17,31,92,1.8
1785799560000,GAS-01,28dc49c7-651a-4c08-b646-470d8c332f4d,958827.9,6010509.04,Normal,0,0.4,419,17,32,93,1.8
1785799620000,GAS-01,28dc49c7-651a-4c08-b646-470d8c332f4d,958827.9,6010509.04,Normal,0,0.3,424,17,32,96,1.9
1785799680000,GAS-01,28dc49c7-651a-4c08-b646-470d8c332f4d,958827.9,6010509.04,Normal,0,0.4,419,17,33,97,1.8
1785799740000,GAS-01,28dc49c7-651a-4c08-b646-470d8c332f4d,958827.9,6010509.04,Normal,0,0.3,420,17,32,93,1.9
1785799800000,GAS-01,28dc49c7-651a-4c08-b646-470d8c332f4d,958827.9,6010509.04,Normal,0,0.4,416,18,33,98,1.9
1785799860000,GAS-01,28dc49c7-651a-4c08-b646-470d8c332f4d,958827.9,6010509.04,Normal,0,0.4,420,17,33,104,1.9
1785799920000,GAS-01,28dc49c7-651a-4c08-b646-470d8c332f4d,958827.9,6010509.04,Normal,0,0.3,418,17,33,103,1.9
1785799980000,GAS-01,28dc49c7-651a-4c08-b646-470d8c332f4d,958827.9,6010509.04,Normal,0,0.4,416,18,33,108,1.9
1785800040000,GAS-01,28dc49c7-651a-4c08-b646-470d8c332f4d,958827.9,6010509.04,Normal,0,0.3,418,18,33,113,1.9
1785800100000,GAS-01,28dc49c7-651a-4c08-b646-470d8c332f4d,958827.9,6010509.04,Normal,0,0.4,420,18,34,106,1.9
1785800160000,GAS-01,28dc49c7-651a-4c08-b646-470d8c332f4d,958827.9,6010509.04,Normal,0,0.4,418,18,33,100,1.9
1785800220000,GAS-01,28dc49c7-651a-4c08-b646-470d8c332f4d,958827.9,6010509.04,Normal,0,0.4,418,17,32,104,1.9
1785800280000,GAS-01,28dc49c7-651a-4c08-b646-470d8c332f4d,958827.9,6010509.04,Normal,0,0.4,420,18,32,102,1.9
1785800340000,GAS-01,28dc49c7-651a-4c08-b646-470d8c332f4d,958827.9,6010509.04,Normal,0,0.4,419,18,32,99,1.9
1785800400000,GAS-01,28dc49c7-651a-4c08-b646-470d8c332f4d,958827.9,6010509.04,Normal,0,0.5,423,18,31,96,1.9
1785800460000,GAS-01,28dc49c7-651a-4c08-b646-470d8c332f4d,958827.9,6010509.04,Normal,0,0.4,426,18,31,92,1.9
1785800520000,GAS-01,28dc49c7-651a-4c08-b646-470d8c332f4d,958827.9,6010509.04,Normal,0,0.4,427,17,32,89,1.9
1785800580000,GAS-01,28dc49c7-651a-4c08-b646-470d8c332f4d,958827.9,6010509.04,Normal,0,0.4,427,17,33,93,1.9
1785800640000,GAS-01,28dc49c7-651a-4c08-b646-470d8c332f4d,958827.9,6010509.04,Normal,0,0.4,423,17,35,93,1.9
1785800700000,GAS-01,28dc49c7-651a-4c08-b646-470d8c332f4d,958827.9,6010509.04,Normal,0,0.4,423,18,35,99,1.9
1785800760000,GAS-01,28dc49c7-651a-4c08-b646-470d8c332f4d,958827.9,6010509.04,Normal,0,0.4,420,18,36,104,1.9
1785800820000,GAS-01,28dc49c7-651a-4c08-b646-470d8c332f4d,958827.9,6010509.04,Normal,0,0.4,424,17,36,109,1.9
1785800880000,GAS-01,28dc49c7-651a-4c08-b646-470d8c332f4d,958827.9,6010509.04,Normal,0,0.4,425,17,36,102,1.9
1785800940000,GAS-01,28dc49c7-651a-4c08-b646-470d8c332f4d,958827.9,6010509.04,Normal,0,0.4,425,18,36,104,1.9
1785801000000,GAS-01,28dc49c7-651a-4c08-b646-470d8c332f4d,958827.9,6010509.04,Normal,0,0.5,426,18,35,105,1.9
1785801060000,GAS-01,28dc49c7-651a-4c08-b646-470d8c332f4d,958827.9,6010509.04,Normal,0,0.5,424,18,34,106,1.9
1785801120000,GAS-01,28dc49c7-651a-4c08-b646-470d8c332f4d,958827.9,6010509.04,Normal,0,0.4,424,17,34,108,1.9
1785801180000,GAS-01,28dc49c7-651a-4c08-b646-470d8c332f4d,958827.9,6010509.04,Normal,0,0.4,427,18,34,106,1.9
1785801240000,GAS-01,28dc49c7-651a-4c08-b646-470d8c332f4d,958827.9,6010509.04,Normal,0,0.4,429,17,34,102,1.9
1785801300000,GAS-01,28dc49c7-651a-4c08-b646-470d8c332f4d,958827.9,6010509.04,Normal,0,0.4,428,17,34,96,1.9
1785801360000,GAS-01,28dc49c7-651a-4c08-b646-470d8c332f4d,958827.9,6010509.04,Normal,0,0.4,430,17,34,98,1.9
1785801420000,GAS-01,28dc49c7-651a-4c08-b646-470d8c332f4d,958827.9,6010509.04,Normal,0,0.4,428,16,35,103,1.9
1785801480000,GAS-01,28dc49c7-651a-4c08-b646-470d8c332f4d,958827.9,6010509.04,Normal,0,0.4,426,16,35,101,1.9
1785801540000,GAS-01,28dc49c7-651a-4c08-b646-470d8c332f4d,958827.9,6010509.04,Normal,0,0.4,422,16,35,105,1.9
1785801600000,GAS-01,28dc49c7-651a-4c08-b646-470d8c332f4d,958827.9,6010509.04,Normal,0,0.4,418,16,34,98,1.9
1785801660000,GAS-01,28dc49c7-651a-4c08-b646-470d8c332f4d,958827.9,6010509.04,Normal,0,0.4,421,16,33,94,1.9
1785801720000,GAS-01,28dc49c7-651a-4c08-b646-470d8c332f4d,958827.9,6010509.04,Normal,0,0.4,421,17,34,97,1.9
1785801780000,GAS-01,28dc49c7-651a-4c08-b646-470d8c332f4d,958827.9,6010509.04,Normal,0,0.4,418,16,33,101,1.9
1785801840000,GAS-01,28dc49c7-651a-4c08-b646-470d8c332f4d,958827.9,6010509.04,Normal,0,0.4,414,15,32,95,1.9
1785801900000,GAS-01,28dc49c7-651a-4c08-b646-470d8c332f4d,958827.9,6010509.04,Normal,0,0.4,416,15,32,99,1.9
1785801960000,GAS-01,28dc49c7-651a-4c08-b646-470d8c332f4d,958827.9,6010509.04,Normal,0,0.3,413,16,33,95,1.9
1785802020000,GAS-01,28dc49c7-651a-4c08-b646-470d8c332f4d,958827.9,6010509.04,Normal,0,0.3,411,16,33,98,1.9
1785802080000,GAS-01,28dc49c7-651a-4c08-b646-470d8c332f4d,958827.9,6010509.04,Normal,0,0.3,410,16,32,96,1.8
1785802140000,GAS-01,28dc49c7-651a-4c08-b646-470d8c332f4d,958827.9,6010509.04,Normal,0,0.3,415,17,32,97,1.9
1785802200000,GAS-01,28dc49c7-651a-4c08-b646-470d8c332f4d,958827.9,6010509.04,Normal,0,0.4,416,17,31,102,1.9
1785802260000,GAS-01,28dc49c7-651a-4c08-b646-470d8c332f4d,958827.9,6010509.04,Normal,0,0.3,419,17,30,107,1.9
1785802320000,GAS-01,28dc49c7-651a-4c08-b646-470d8c332f4d,958827.9,6010509.04,Normal,0,0.4,421,17,30,111,1.9
1785802380000,GAS-01,28dc49c7-651a-4c08-b646-470d8c332f4d,958827.9,6010509.04,Normal,0,0.3,418,16,30,104,1.9
1785802440000,GAS-01,28dc49c7-651a-4c08-b646-470d8c332f4d,958827.9,6010509.04,Normal,0,0.4,422,17,30,107,1.9
1785802500000,GAS-01,28dc49c7-651a-4c08-b646-470d8c332f4d,958827.9,6010509.04,Normal,0,0.3,423,16,30,104,1.9
1785802560000,GAS-01,28dc49c7-651a-4c08-b646-470d8c332f4d,958827.9,6010509.04,Normal,0,0.4,425,16,30,109,1.9
1785802620000,GAS-01,28dc49c7-651a-4c08-b646-470d8c332f4d,958827.9,6010509.04,Normal,0,0.3,427,16,31,110,1.9
1785802680000,GAS-01,28dc49c7-651a-4c08-b646-470d8c332f4d,958827.9,6010509.04,Normal,0,0.4,422,16,32,109,1.9
1785802740000,GAS-01,28dc49c7-651a-4c08-b646-470d8c332f4d,958827.9,6010509.04,Normal,0,0.4,420,16,31,109,1.9
1785802800000,GAS-01,28dc49c7-651a-4c08-b646-470d8c332f4d,958827.9,6010509.04,Normal,0,0.4,419,16,31,112,1.9
1785802860000,GAS-01,28dc49c7-651a-4c08-b646-470d8c332f4d,958827.9,6010509.04,Normal,0,0.4,419,17,31,108,1.9
1785802920000,GAS-01,28dc49c7-651a-4c08-b646-470d8c332f4d,958827.9,6010509.04,Normal,0,0.4,416,17,31,101,1.9
1785802980000,GAS-01,28dc49c7-651a-4c08-b646-470d8c332f4d,958827.9,6010509.04,Normal,0,0.4,414,17,32,103,1.9
1785803040000,GAS-01,28dc49c7-651a-4c08-b646-470d8c332f4d,958827.9,6010509.04,Normal,0,0.5,414,18,33,102,1.9
1785803100000,GAS-01,28dc49c7-651a-4c08-b646-470d8c332f4d,958827.9,6010509.04,Normal,0,0.4,419,17,33,107,1.9
1785803160000,GAS-01,28dc49c7-651a-4c08-b646-470d8c332f4d,958827.9,6010509.04,Normal,0,0.4,419,16,34,101,1.9
1785803220000,GAS-01,28dc49c7-651a-4c08-b646-470d8c332f4d,958827.9,6010509.04,Normal,0,0.4,420,17,34,103,2
1785803280000,GAS-01,28dc49c7-651a-4c08-b646-470d8c332f4d,958827.9,6010509.04,Normal,0,0.4,420,18,33,102,2
1785803340000,GAS-01,28dc49c7-651a-4c08-b646-470d8c332f4d,958827.9,6010509.04,Normal,0,0.3,422,17,33,101,2
1785803400000,GAS-01,28dc49c7-651a-4c08-b646-470d8c332f4d,958827.9,6010509.04,Normal,0,0.4,422,18,33,101,1.9
1785803460000,GAS-01,28dc49c7-651a-4c08-b646-470d8c332f4d,958827.9,6010509.04,Normal,0,0.4,426,17,33,95,1.9
1785803520000,GAS-01,28dc49c7-651a-4c08-b646-470d8c332f4d,958827.9,6010509.04,Normal,0,0.4,423,18,33,91,1.9
1785803580000,GAS-01,28dc49c7-651a-4c08-b646-470d8c332f4d,958827.9,6010509.04,Normal,0,0.3,419,17,32,91,1.9
1785803640000,GAS-01,28dc49c7-651a-4c08-b646-470d8c332f4d,958827.9,6010509.04,Normal,0,0.3,417,17,33,96,1.9
1785803700000,GAS-01,28dc49c7-651a-4c08-b646-470d8c332f4d,958827.9,6010509.04,Normal,0,0.3,418,16,34,94,1.9
1785803760000,GAS-01,28dc49c7-651a-4c08-b646-470d8c332f4d,958827.9,6010509.04,Normal,0,0.3,416,16,33,93,1.9
1785803820000,GAS-01,28dc49c7-651a-4c08-b646-470d8c332f4d,958827.9,6010509.04,Normal,0,0.3,417,17,34,92,1.9
1785803880000,GAS-01,28dc49c7-651a-4c08-b646-470d8c332f4d,958827.9,6010509.04,Normal,0,0.3,421,16,33,93,2
1785803940000,GAS-01,28dc49c7-651a-4c08-b646-470d8c332f4d,958827.9,6010509.04,Normal,0,0.3,424,16,32,98,2
1785804000000,GAS-01,28dc49c7-651a-4c08-b646-470d8c332f4d,958827.9,6010509.04,Normal,0,0.3,419,16,33,94,1.9
1785804060000,GAS-01,28dc49c7-651a-4c08-b646-470d8c332f4d,958827.9,6010509.04,Normal,0,0.3,417,17,33,97,1.9
1785804120000,GAS-01,28dc49c7-651a-4c08-b646-470d8c332f4d,958827.9,6010509.04,Normal,0,0.4,421,17,34,94,1.9
1785804180000,GAS-01,28dc49c7-651a-4c08-b646-470d8c332f4d,958827.9,6010509.04,Normal,0,0.4,423,16,35,93,1.9
1785804240000,GAS-01,28dc49c7-651a-4c08-b646-470d8c332f4d,958827.9,6010509.04,Normal,0,0.4,420,17,35,88,1.9
1785804300000,GAS-01,28dc49c7-651a-4c08-b646-470d8c332f4d,958827.9,6010509.04,Normal,0,0.4,417,16,35,92,1.9
1785804360000,GAS-01,28dc49c7-651a-4c08-b646-470d8c332f4d,958827.9,6010509.04,Normal,0,0.4,418,17,36,90,1.9
1785804420000,GAS-01,28dc49c7-651a-4c08-b646-470d8c332f4d,958827.9,6010509.04,Normal,0,0.4,416,17,34,87,1.9
1785804480000,GAS-01,28dc49c7-651a-4c08-b646-470d8c332f4d,958827.9,6010509.04,Normal,0,0.4,418,17,34,85,1.9
1785804540000,GAS-01,28dc49c7-651a-4c08-b646-470d8c332f4d,958827.9,6010509.04,Normal,0,0.4,422,18,35,85,1.9
1785804600000,GAS-01,28dc49c7-651a-4c08-b646-470d8c332f4d,958827.9,6010509.04,Normal,0,0.4,419,18,35,88,1.9
1785804660000,GAS-01,28dc49c7-651a-4c08-b646-470d8c332f4d,958827.9,6010509.04,Normal,0,0.4,417,18,36,90,1.9
1785804720000,GAS-01,28dc49c7-651a-4c08-b646-470d8c332f4d,958827.9,6010509.04,Normal,0,0.4,415,18,36,90,1.9
1785804780000,GAS-01,28dc49c7-651a-4c08-b646-470d8c332f4d,958827.9,6010509.04,Normal,0,0.4,416,17,35,96,1.9
1785804840000,GAS-01,28dc49c7-651a-4c08-b646-470d8c332f4d,958827.9,6010509.04,Normal,0,0.4,416,16,35,93,1.9
1785804900000,GAS-01,28dc49c7-651a-4c08-b646-470d8c332f4d,958827.9,6010509.04,Normal,0,0.5,416,16,35,89,1.9
1785804960000,GAS-01,28dc49c7-651a-4c08-b646-470d8c332f4d,958827.9,6010509.04,Normal,0,0.5,420,17,34,91,1.9
1785805020000,GAS-01,28dc49c7-651a-4c08-b646-470d8c332f4d,958827.9,6010509.04,Normal,0,0.4,418,16,34,86,1.9
1785805080000,GAS-01,28dc49c7-651a-4c08-b646-470d8c332f4d,958827.9,6010509.04,Normal,0,0.5,421,16,34,91,1.9
1785805140000,GAS-01,28dc49c7-651a-4c08-b646-470d8c332f4d,958827.9,6010509.04,Normal,0,0.5,424,17,33,88,1.9
1785805200000,GAS-01,28dc49c7-651a-4c08-b646-470d8c332f4d,958827.9,6010509.04,Normal,0,0.5,424,16,35,91,1.9
1785805260000,GAS-01,28dc49c7-651a-4c08-b646-470d8c332f4d,958827.9,6010509.04,Normal,0,0.4,427,17,34,98,1.9
1785805320000,GAS-01,28dc49c7-651a-4c08-b646-470d8c332f4d,958827.9,6010509.04,Normal,0,0.5,424,17,35,98,1.9
1785805380000,GAS-01,28dc49c7-651a-4c08-b646-470d8c332f4d,958827.9,6010509.04,Normal,0,0.5,425,16,34,99,1.9
1785805440000,GAS-01,28dc49c7-651a-4c08-b646-470d8c332f4d,958827.9,6010509.04,Normal,0,0.5,425,16,33,103,1.9
1785805500000,GAS-01,28dc49c7-651a-4c08-b646-470d8c332f4d,958827.9,6010509.04,Normal,0,0.5,427,16,32,102,1.9
1785805560000,GAS-01,28dc49c7-651a-4c08-b646-470d8c332f4d,958827.9,6010509.04,Normal,0,0.4,427,16,33,100,1.8
1785805620000,GAS-01,28dc49c7-651a-4c08-b646-470d8c332f4d,958827.9,6010509.04,Normal,0,0.4,423,16,33,98,1.8
1785805680000,GAS-01,28dc49c7-651a-4c08-b646-470d8c332f4d,958827.9,6010509.04,Normal,0,0.4,426,17,32,93,1.8
1785805740000,GAS-01,28dc49c7-651a-4c08-b646-470d8c332f4d,958827.9,6010509.04,Normal,0,0.4,424,16,33,95,1.8
1785805800000,GAS-01,28dc49c7-651a-4c08-b646-470d8c332f4d,958827.9,6010509.04,Normal,0,0.4,427,17,33,89,1.9
1785805860000,GAS-01,28dc49c7-651a-4c08-b646-470d8c332f4d,958827.9,6010509.04,Normal,0,0.3,425,16,33,94,1.9
1785805920000,GAS-01,28dc49c7-651a-4c08-b646-470d8c332f4d,958827.9,6010509.04,Normal,0,0.3,428,16,32,96,1.9
1785805980000,GAS-01,28dc49c7-651a-4c08-b646-470d8c332f4d,958827.9,6010509.04,Normal,0,0.4,428,16,33,94,1.9
1785806040000,GAS-01,28dc49c7-651a-4c08-b646-470d8c332f4d,958827.9,6010509.04,Normal,0,0.4,429,16,32,99,1.9
1785806100000,GAS-01,28dc49c7-651a-4c08-b646-470d8c332f4d,958827.9,6010509.04,Normal,0,0.4,426,16,31,93,1.9
1785806160000,GAS-01,28dc49c7-651a-4c08-b646-470d8c332f4d,958827.9,6010509.04,Normal,0,0.4,424,17,33,93,1.9
1785806220000,GAS-01,28dc49c7-651a-4c08-b646-470d8c332f4d,958827.9,6010509.04,Normal,0,0.4,421,17,32,88,1.9
1785806280000,GAS-01,28dc49c7-651a-4c08-b646-470d8c332f4d,958827.9,6010509.04,Normal,0,0.4,417,18,32,92,1.9
1785806340000,GAS-01,28dc49c7-651a-4c08-b646-470d8c332f4d,958827.9,6010509.04,Normal,0,0.4,416,18,33,88,1.9
1785806400000,GAS-01,28dc49c7-651a-4c08-b646-470d8c332f4d,958827.9,6010509.04,Normal,0,0.4,420,17,34,91,1.9
1785806460000,GAS-01,28dc49c7-651a-4c08-b646-470d8c332f4d,958827.9,6010509.04,Normal,0,0.4,418,17,33,87,1.9
1785806520000,GAS-01,28dc49c7-651a-4c08-b646-470d8c332f4d,958827.9,6010509.04,Normal,0,0.4,415,17,32,88,1.9
1785806580000,GAS-01,28dc49c7-651a-4c08-b646-470d8c332f4d,958827.9,6010509.04,Normal,0,0.5,419,16,32,93,2
1785806640000,GAS-01,28dc49c7-651a-4c08-b646-470d8c332f4d,958827.9,6010509.04,Normal,0,0.5,415,17,31,94,1.9
1785806700000,GAS-01,28dc49c7-651a-4c08-b646-470d8c332f4d,958827.9,6010509.04,Normal,0,0.5,414,16,32,90,1.9
1785806760000,GAS-01,28dc49c7-651a-4c08-b646-470d8c332f4d,958827.9,6010509.04,Normal,0,0.4,412,16,32,95,1.9
1785806820000,GAS-01,28dc49c7-651a-4c08-b646-470d8c332f4d,958827.9,6010509.04,Normal,0,0.4,413,15,32,91,1.9
1785806880000,GAS-01,28dc49c7-651a-4c08-b646-470d8c332f4d,958827.9,6010509.04,Normal,0,0.5,413,15,32,88,1.9
1785806940000,GAS-01,28dc49c7-651a-4c08-b646-470d8c332f4d,958827.9,6010509.04,Normal,0,0.5,414,15,31,96,1.9
1785807000000,GAS-01,28dc49c7-651a-4c08-b646-470d8c332f4d,958827.9,6010509.04,Normal,0,0.4,414,15,32,101,1.9
1785807060000,GAS-01,28dc49c7-651a-4c08-b646-470d8c332f4d,958827.9,6010509.04,Normal,0,0.4,417,15,31,96,1.9
1785807120000,GAS-01,28dc49c7-651a-4c08-b646-470d8c332f4d,958827.9,6010509.04,Normal,0,0.4,416,16,31,96,1.9
1785807180000,GAS-01,28dc49c7-651a-4c08-b646-470d8c332f4d,958827.9,6010509.04,Normal,0,0.5,420,15,31,98,2
1785807240000,GAS-01,28dc49c7-651a-4c08-b646-470d8c332f4d,958827.9,6010509.04,Normal,0,0.4,420,15,31,96,2
1785807300000,GAS-01,28dc49c7-651a-4c08-b646-470d8c332f4d,958827.9,6010509.04,Normal,0,0.4,422,15,31,98,2
1785807360000,GAS-01,28dc49c7-651a-4c08-b646-470d8c332f4d,958827.9,6010509.04,Normal,0,0.4,422,14,32,97,1.9
1785807420000,GAS-01,28dc49c7-651a-4c08-b646-470d8c332f4d,958827.9,6010509.04,Normal,0,0.4,420,15,33,101,1.9
1785807480000,GAS-01,28dc49c7-651a-4c08-b646-470d8c332f4d,958827.9,6010509.04,Normal,0,0.3,423,15,33,102,1.9
1785807540000,GAS-01,28dc49c7-651a-4c08-b646-470d8c332f4d,958827.9,6010509.04,Normal,0,0.4,421,16,34,96,1.9
1785807600000,GAS-01,28dc49c7-651a-4c08-b646-470d8c332f4d,958827.9,6010509.04,Normal,0,0.4,423,16,33,93,1.9
1785807660000,GAS-01,28dc49c7-651a-4c08-b646-470d8c332f4d,958827.9,6010509.04,Normal,0,0.3,422,16,34,98,1.9
1785807720000,GAS-01,28dc49c7-651a-4c08-b646-470d8c332f4d,958827.9,6010509.04,Normal,0,0.3,419,17,35,96,1.9
1785807780000,GAS-01,28dc49c7-651a-4c08-b646-470d8c332f4d,958827.9,6010509.04,Normal,0,0.3,417,17,35,94,1.9
1785807840000,GAS-01,28dc49c7-651a-4c08-b646-470d8c332f4d,958827.9,6010509.04,Normal,0,0.4,418,17,35,93,1.9
1785807900000,GAS-01,28dc49c7-651a-4c08-b646-470d8c332f4d,958827.9,6010509.04,Normal,0,0.4,418,17,36,91,1.9
1785807960000,GAS-01,28dc49c7-651a-4c08-b646-470d8c332f4d,958827.9,6010509.04,Normal,0,0.4,422,18,36,96,1.9
1785808020000,GAS-01,28dc49c7-651a-4c08-b646-470d8c332f4d,958827.9,6010509.04,Normal,0,0.4,425,18,35,97,1.9
1785808080000,GAS-01,28dc49c7-651a-4c08-b646-470d8c332f4d,958827.9,6010509.04,Normal,0,0.4,424,18,34,103,1.9
1785808140000,GAS-01,28dc49c7-651a-4c08-b646-470d8c332f4d,958827.9,6010509.04,Normal,0,0.4,423,18,33,103,1.9
1785808200000,GAS-01,28dc49c7-651a-4c08-b646-470d8c332f4d,958827.9,6010509.04,Normal,0,0.4,422,17,34,103,1.9
1785808260000,GAS-01,28dc49c7-651a-4c08-b646-470d8c332f4d,958827.9,6010509.04,Normal,0,0.4,419,17,34,101,1.9
1785808320000,GAS-01,28dc49c7-651a-4c08-b646-470d8c332f4d,958827.9,6010509.04,Normal,0,0.4,418,17,33,105,1.9
1785808380000,GAS-01,28dc49c7-651a-4c08-b646-470d8c332f4d,958827.9,6010509.04,Normal,0,0.4,418,17,33,103,1.9
1785808440000,GAS-01,28dc49c7-651a-4c08-b646-470d8c332f4d,958827.9,6010509.04,Normal,0,0.4,416,16,32,101,1.9
1785808500000,GAS-01,28dc49c7-651a-4c08-b646-470d8c332f4d,958827.9,6010509.04,Normal,0,0.3,417,17,32,104,1.9
1785808560000,GAS-01,28dc49c7-651a-4c08-b646-470d8c332f4d,958827.9,6010509.04,Normal,0,0.4,418,16,32,105,1.9
1785808620000,GAS-01,28dc49c7-651a-4c08-b646-470d8c332f4d,958827.9,6010509.04,Normal,0,0.3,417,17,32,105,1.9
1785808680000,GAS-01,28dc49c7-651a-4c08-b646-470d8c332f4d,958827.9,6010509.04,Normal,0,0.3,419,17,31,101,1.9
1785808740000,GAS-01,28dc49c7-651a-4c08-b646-470d8c332f4d,958827.9,6010509.04,Normal,0,0.3,416,16,33,98,1.9
1785808800000,GAS-01,28dc49c7-651a-4c08-b646-470d8c332f4d,958827.9,6010509.04,Normal,0,0.3,413,16,33,95,1.9
1785808860000,GAS-01,28dc49c7-651a-4c08-b646-470d8c332f4d,958827.9,6010509.04,Normal,0,0.3,411,16,33,90,1.9
1785808920000,GAS-01,28dc49c7-651a-4c08-b646-470d8c332f4d,958827.9,6010509.04,Normal,0,0.3,408,16,32,88,1.9
1785808980000,GAS-01,28dc49c7-651a-4c08-b646-470d8c332f4d,958827.9,6010509.04,Normal,0,0.3,412,16,32,86,1.9
1785809040000,GAS-01,28dc49c7-651a-4c08-b646-470d8c332f4d,958827.9,6010509.04,Normal,0,0.3,412,17,33,84,1.9
1785809100000,GAS-01,28dc49c7-651a-4c08-b646-470d8c332f4d,958827.9,6010509.04,Normal,0,0.3,416,17,33,83,1.9
1785809160000,GAS-01,28dc49c7-651a-4c08-b646-470d8c332f4d,958827.9,6010509.04,Normal,0,0.3,418,17,34,89,1.9
1785809220000,GAS-01,28dc49c7-651a-4c08-b646-470d8c332f4d,958827.9,6010509.04,Normal,0,0.4,419,17,33,87,1.9
1785809280000,GAS-01,28dc49c7-651a-4c08-b646-470d8c332f4d,958827.9,6010509.04,Normal,0,0.3,417,16,33,87,1.9
1785809340000,GAS-01,28dc49c7-651a-4c08-b646-470d8c332f4d,958827.9,6010509.04,Normal,0,0.3,416,16,33,91,1.9
1785809400000,GAS-01,28dc49c7-651a-4c08-b646-470d8c332f4d,958827.9,6010509.04,Normal,0,0.3,420,16,32,92,2
1785809460000,GAS-01,28dc49c7-651a-4c08-b646-470d8c332f4d,958827.9,6010509.04,Normal,0,0.3,421,15,32,98,1.9
1785809520000,GAS-01,28dc49c7-651a-4c08-b646-470d8c332f4d,958827.9,6010509.04,Normal,0,0.3,422,16,33,102,2
1785809580000,GAS-01,28dc49c7-651a-4c08-b646-470d8c332f4d,958827.9,6010509.04,Normal,0,0.3,422,17,34,106,2
1785809640000,GAS-01,28dc49c7-651a-4c08-b646-470d8c332f4d,958827.9,6010509.04,Normal,0,0.3,424,17,34,100,2
1785809700000,GAS-01,28dc49c7-651a-4c08-b646-470d8c332f4d,958827.9,6010509.04,Normal,0,0.2,423,17,34,96,2
1785809760000,GAS-01,28dc49c7-651a-4c08-b646-470d8c332f4d,958827.9,6010509.04,Normal,0,0.2,420,18,34,100,2
1785809820000,GAS-01,28dc49c7-651a-4c08-b646-470d8c332f4d,958827.9,6010509.04,Normal,0,0.2,418,19,35,102,2
1785809880000,GAS-01,28dc49c7-651a-4c08-b646-470d8c332f4d,958827.9,6010509.04,Normal,0,0.3,419,18,35,97,2
1785809940000,GAS-01,28dc49c7-651a-4c08-b646-470d8c332f4d,958827.9,6010509.04,Normal,0,0.3,420,17,35,98,2
1785810000000,GAS-01,28dc49c7-651a-4c08-b646-470d8c332f4d,958827.9,6010509.04,Normal,0,0.3,421,18,35,97,2
1785810060000,GAS-01,28dc49c7-651a-4c08-b646-470d8c332f4d,958827.9,6010509.04,Normal,0,0.3,420,18,34,101,1.9
1785810120000,GAS-01,28dc49c7-651a-4c08-b646-470d8c332f4d,958827.9,6010509.04,Normal,0,0.3,418,18,34,102,2
1785810180000,GAS-01,28dc49c7-651a-4c08-b646-470d8c332f4d,958827.9,6010509.04,Normal,0,0.4,422,17,34,103,2
1785810240000,GAS-01,28dc49c7-651a-4c08-b646-470d8c332f4d,958827.9,6010509.04,Normal,0,0.4,425,18,34,108,2
1785810300000,GAS-01,28dc49c7-651a-4c08-b646-470d8c332f4d,958827.9,6010509.04,Normal,0,0.4,421,17,34,108,1.9
1785810360000,GAS-01,28dc49c7-651a-4c08-b646-470d8c332f4d,958827.9,6010509.04,Normal,0,0.4,421,17,35,111,1.9
1785810420000,GAS-01,28dc49c7-651a-4c08-b646-470d8c332f4d,958827.9,6010509.04,Normal,0,0.4,420,17,34,112,1.9
1785810480000,GAS-01,28dc49c7-651a-4c08-b646-470d8c332f4d,958827.9,6010509.04,Normal,0,0.4,421,16,33,104,1.9
1785810540000,GAS-01,28dc49c7-651a-4c08-b646-470d8c332f4d,958827.9,6010509.04,Normal,0,0.4,422,15,34,106,1.9
1785810600000,GAS-01,28dc49c7-651a-4c08-b646-470d8c332f4d,958827.9,6010509.04,Normal,0,0.4,423,16,34,102,1.9
1785810660000,GAS-01,28dc49c7-651a-4c08-b646-470d8c332f4d,958827.9,6010509.04,Normal,0,0.5,421,17,34,98,1.9
1785810720000,GAS-01,28dc49c7-651a-4c08-b646-470d8c332f4d,958827.9,6010509.04,Normal,0,0.4,424,17,35,102,1.9
1785810780000,GAS-01,28dc49c7-651a-4c08-b646-470d8c332f4d,958827.9,6010509.04,Normal,0,0.4,423,17,35,100,1.9
1785810840000,GAS-01,28dc49c7-651a-4c08-b646-470d8c332f4d,958827.9,6010509.04,Normal,0,0.4,423,16,35,102,1.9
1785810900000,GAS-01,28dc49c7-651a-4c08-b646-470d8c332f4d,958827.9,6010509.04,Normal,0,0.4,420,16,35,107,1.9
1785810960000,GAS-01,28dc49c7-651a-4c08-b646-470d8c332f4d,958827.9,6010509.04,Normal,0,0.4,420,16,35,101,1.9
1785811020000,GAS-01,28dc49c7-651a-4c08-b646-470d8c332f4d,958827.9,6010509.04,Normal,0,0.4,416,17,34,102,1.9
1785811080000,GAS-01,28dc49c7-651a-4c08-b646-470d8c332f4d,958827.9,6010509.04,Normal,0,0.3,419,16,33,103,1.9
1785811140000,GAS-01,28dc49c7-651a-4c08-b646-470d8c332f4d,958827.9,6010509.04,Normal,0,0.3,422,17,34,102,1.9
1785811200000,GAS-01,28dc49c7-651a-4c08-b646-470d8c332f4d,958827.9,6010509.04,Normal,0,0.3,426,16,34,103,1.9
1785811260000,GAS-01,28dc49c7-651a-4c08-b646-470d8c332f4d,958827.9,6010509.04,Normal,0,0.3,422,16,34,106,1.9
1785811320000,GAS-01,28dc49c7-651a-4c08-b646-470d8c332f4d,958827.9,6010509.04,Normal,0,0.3,422,16,34,105,1.9
1785811380000,GAS-01,28dc49c7-651a-4c08-b646-470d8c332f4d,958827.9,6010509.04,Normal,0,0.3,421,17,33,103,2
1785811440000,GAS-01,28dc49c7-651a-4c08-b646-470d8c332f4d,958827.9,6010509.04,Normal,0,0.3,418,16,33,103,2
1785811500000,GAS-01,28dc49c7-651a-4c08-b646-470d8c332f4d,958827.9,6010509.04,Normal,0,0.2,415,17,34,103,2
1785811560000,GAS-01,28dc49c7-651a-4c08-b646-470d8c332f4d,958827.9,6010509.04,Normal,0,0.3,418,16,35,100,2
1785811620000,GAS-01,28dc49c7-651a-4c08-b646-470d8c332f4d,958827.9,6010509.04,Normal,0,0.3,422,16,34,100,2
1785811680000,GAS-01,28dc49c7-651a-4c08-b646-470d8c332f4d,958827.9,6010509.04,Normal,0,0.3,420,17,34,99,2
1785811740000,GAS-01,28dc49c7-651a-4c08-b646-470d8c332f4d,958827.9,6010509.04,Normal,0,0.3,417,16,34,94,1.9
1785811800000,GAS-01,28dc49c7-651a-4c08-b646-470d8c332f4d,958827.9,6010509.04,Normal,0,0.3,415,17,33,96,1.9
1785811860000,GAS-01,28dc49c7-651a-4c08-b646-470d8c332f4d,958827.9,6010509.04,Normal,0,0.3,415,17,35,95,1.9
1785811920000,GAS-01,28dc49c7-651a-4c08-b646-470d8c332f4d,958827.9,6010509.04,Normal,0,0.3,419,17,33,100,1.9
1785811980000,GAS-01,28dc49c7-651a-4c08-b646-470d8c332f4d,958827.9,6010509.04,Normal,0,0.3,420,18,34,103,1.9
1785812040000,GAS-01,28dc49c7-651a-4c08-b646-470d8c332f4d,958827.9,6010509.04,Normal,0,0.3,424,18,35,104,1.9
1785812100000,GAS-01,28dc49c7-651a-4c08-b646-470d8c332f4d,958827.9,6010509.04,Normal,0,0.3,425,18,34,106,1.9
1785812160000,GAS-01,28dc49c7-651a-4c08-b646-470d8c332f4d,958827.9,6010509.04,Normal,0,0.3,422,19,34,108,1.9
1785812220000,GAS-01,28dc49c7-651a-4c08-b646-470d8c332f4d,958827.9,6010509.04,Normal,0,0.3,419,19,35,101,1.9
1785812280000,GAS-01,28dc49c7-651a-4c08-b646-470d8c332f4d,958827.9,6010509.04,Normal,0,0.3,417,19,34,99,1.9
1785812340000,GAS-01,28dc49c7-651a-4c08-b646-470d8c332f4d,958827.9,6010509.04,Normal,0,0.3,420,19,34,94,1.9
1785812400000,GAS-01,28dc49c7-651a-4c08-b646-470d8c332f4d,958827.9,6010509.04,Normal,0,0.3,422,19,34,97,1.9
1785812460000,GAS-01,28dc49c7-651a-4c08-b646-470d8c332f4d,958827.9,6010509.04,Normal,0,0.4,423,19,33,101,2
1785812520000,GAS-01,28dc49c7-651a-4c08-b646-470d8c332f4d,958827.9,6010509.04,Normal,0,0.4,424,19,33,104,1.9
1785812580000,GAS-01,28dc49c7-651a-4c08-b646-470d8c332f4d,958827.9,6010509.04,Normal,0,0.4,420,19,34,102,1.9
1785812640000,GAS-01,28dc49c7-651a-4c08-b646-470d8c332f4d,958827.9,6010509.04,Normal,0,0.4,424,19,34,98,2
1785812700000,GAS-01,28dc49c7-651a-4c08-b646-470d8c332f4d,958827.9,6010509.04,Normal,0,0.4,423,18,33,96,2
1785812760000,GAS-01,28dc49c7-651a-4c08-b646-470d8c332f4d,958827.9,6010509.04,Normal,0,0.3,419,18,32,96,2
1785812820000,GAS-01,28dc49c7-651a-4c08-b646-470d8c332f4d,958827.9,6010509.04,Normal,0,0.3,419,18,33,98,1.9
1785812880000,GAS-01,28dc49c7-651a-4c08-b646-470d8c332f4d,958827.9,6010509.04,Normal,0,0.4,423,17,34,102,1.9
1785812940000,GAS-01,28dc49c7-651a-4c08-b646-470d8c332f4d,958827.9,6010509.04,Normal,0,0.3,423,16,35,103,1.9
1785813000000,GAS-01,28dc49c7-651a-4c08-b646-470d8c332f4d,958827.9,6010509.04,Normal,0,0.4,423,16,35,108,1.9
1785813060000,GAS-01,28dc49c7-651a-4c08-b646-470d8c332f4d,958827.9,6010509.04,Normal,0,0.4,426,17,36,102,1.9
1785813120000,GAS-01,28dc49c7-651a-4c08-b646-470d8c332f4d,958827.9,6010509.04,Normal,0,0.4,429,17,36,104,1.9
1785813180000,GAS-01,28dc49c7-651a-4c08-b646-470d8c332f4d,958827.9,6010509.04,Normal,0,0.4,429,18,35,105,1.9
1785813240000,GAS-01,28dc49c7-651a-4c08-b646-470d8c332f4d,958827.9,6010509.04,Normal,0,0.4,430,18,35,103,1.9
1785813300000,GAS-01,28dc49c7-651a-4c08-b646-470d8c332f4d,958827.9,6010509.04,Normal,0,0.5,429,18,34,99,1.9
1785813360000,GAS-01,28dc49c7-651a-4c08-b646-470d8c332f4d,958827.9,6010509.04,Normal,0,0.5,425,18,34,102,2
1785813420000,GAS-01,28dc49c7-651a-4c08-b646-470d8c332f4d,958827.9,6010509.04,Normal,0,0.5,423,18,35,104,1.9
1785813480000,GAS-01,28dc49c7-651a-4c08-b646-470d8c332f4d,958827.9,6010509.04,Normal,0,0.4,426,17,35,109,1.9
1785813540000,GAS-01,28dc49c7-651a-4c08-b646-470d8c332f4d,958827.9,6010509.04,Normal,0,0.4,422,17,34,101,1.9
1785813600000,GAS-01,28dc49c7-651a-4c08-b646-470d8c332f4d,958827.9,6010509.04,Normal,0,0.4,425,18,34,106,1.9
1785813660000,GAS-01,28dc49c7-651a-4c08-b646-470d8c332f4d,958827.9,6010509.04,Normal,0,0.5,428,17,34,101,1.9
1785813720000,GAS-01,28dc49c7-651a-4c08-b646-470d8c332f4d,958827.9,6010509.04,Normal,0,0.4,429,17,33,101,1.9
1785813780000,GAS-01,28dc49c7-651a-4c08-b646-470d8c332f4d,958827.9,6010509.04,Normal,0,0.4,429,17,32,102,1.9
1785813840000,GAS-01,28dc49c7-651a-4c08-b646-470d8c332f4d,958827.9,6010509.04,Normal,0,0.4,430,17,33,96,1.9
1785813900000,GAS-01,28dc49c7-651a-4c08-b646-470d8c332f4d,958827.9,6010509.04,Normal,0,0.4,428,17,34,101,1.9
1785813960000,GAS-01,28dc49c7-651a-4c08-b646-470d8c332f4d,958827.9,6010509.04,Normal,0,0.4,429,17,34,105,1.9
1785814020000,GAS-01,28dc49c7-651a-4c08-b646-470d8c332f4d,958827.9,6010509.04,Normal,0,0.3,424,17,35,106,1.9
1785814080000,GAS-01,28dc49c7-651a-4c08-b646-470d8c332f4d,958827.9,6010509.04,Normal,0,0.3,425,16,36,108,1.9
1785814140000,GAS-01,28dc49c7-651a-4c08-b646-470d8c332f4d,958827.9,6010509.04,Normal,0,0.3,421,16,35,100,1.9
1785814200000,GAS-01,28dc49c7-651a-4c08-b646-470d8c332f4d,958827.9,6010509.04,Normal,0,0.3,422,16,34,96,1.9
1785814260000,GAS-01,28dc49c7-651a-4c08-b646-470d8c332f4d,958827.9,6010509.04,Normal,0,0.3,424,16,34,96,1.9
1785814320000,GAS-01,28dc49c7-651a-4c08-b646-470d8c332f4d,958827.9,6010509.04,Normal,0,0.4,423,16,33,93,1.9
1785814380000,GAS-01,28dc49c7-651a-4c08-b646-470d8c332f4d,958827.9,6010509.04,Normal,0,0.4,422,17,32,97,1.9
1785814440000,GAS-01,28dc49c7-651a-4c08-b646-470d8c332f4d,958827.9,6010509.04,Normal,0,0.4,423,17,32,102,1.9
1785814500000,GAS-01,28dc49c7-651a-4c08-b646-470d8c332f4d,958827.9,6010509.04,Normal,0,0.4,423,16,33,106,1.9
1785814560000,GAS-01,28dc49c7-651a-4c08-b646-470d8c332f4d,958827.9,6010509.04,Normal,0,0.4,419,16,35,102,1.9
1785814620000,GAS-01,28dc49c7-651a-4c08-b646-470d8c332f4d,958827.9,6010509.04,Normal,0,0.3,421,17,35,103,1.9
1785814680000,GAS-01,28dc49c7-651a-4c08-b646-470d8c332f4d,958827.9,6010509.04,Normal,0,0.4,424,17,35,97,1.9
1785814740000,GAS-01,28dc49c7-651a-4c08-b646-470d8c332f4d,958827.9,6010509.04,Normal,0,0.4,421,17,34,103,1.9
1785814800000,GAS-01,28dc49c7-651a-4c08-b646-470d8c332f4d,958827.9,6010509.04,Normal,0,0.4,418,17,34,105,1.9
1785814860000,GAS-01,28dc49c7-651a-4c08-b646-470d8c332f4d,958827.9,6010509.04,Normal,0,0.4,420,18,33,105,1.9
1785814920000,GAS-01,28dc49c7-651a-4c08-b646-470d8c332f4d,958827.9,6010509.04,Normal,0,0.4,418,17,33,109,1.9
1785814980000,GAS-01,28dc49c7-651a-4c08-b646-470d8c332f4d,958827.9,6010509.04,Normal,0,0.3,419,17,33,104,1.9
1785815040000,GAS-01,28dc49c7-651a-4c08-b646-470d8c332f4d,958827.9,6010509.04,Normal,0,0.3,416,16,34,103,1.9
1785815100000,GAS-01,28dc49c7-651a-4c08-b646-470d8c332f4d,958827.9,6010509.04,Normal,0,0.3,419,16,34,104,1.9
1785815160000,GAS-01,28dc49c7-651a-4c08-b646-470d8c332f4d,958827.9,6010509.04,Normal,0,0.4,419,17,34,107,1.9
1785815220000,GAS-01,28dc49c7-651a-4c08-b646-470d8c332f4d,958827.9,6010509.04,Normal,0,0.3,421,16,35,104,1.9
1785815280000,GAS-01,28dc49c7-651a-4c08-b646-470d8c332f4d,958827.9,6010509.04,Normal,0,0.3,422,17,35,101,1.9
1785815340000,GAS-01,28dc49c7-651a-4c08-b646-470d8c332f4d,958827.9,6010509.04,Normal,0,0.3,420,17,35,95,1.9
1785815400000,GAS-01,28dc49c7-651a-4c08-b646-470d8c332f4d,958827.9,6010509.04,Normal,0,0.3,422,16,34,101,1.9
1785815460000,GAS-01,28dc49c7-651a-4c08-b646-470d8c332f4d,958827.9,6010509.04,Normal,0,0.4,425,16,33,95,1.9
1785815520000,GAS-01,28dc49c7-651a-4c08-b646-470d8c332f4d,958827.9,6010509.04,Normal,0,0.4,428,17,34,97,1.9
1785815580000,GAS-01,28dc49c7-651a-4c08-b646-470d8c332f4d,958827.9,6010509.04,Normal,0,0.4,429,17,35,96,1.9
1785815640000,GAS-01,28dc49c7-651a-4c08-b646-470d8c332f4d,958827.9,6010509.04,Normal,0,0.4,431,18,35,100,2
1785815700000,GAS-01,28dc49c7-651a-4c08-b646-470d8c332f4d,958827.9,6010509.04,Normal,0,0.4,428,18,36,99,1.9
1785815760000,GAS-01,28dc49c7-651a-4c08-b646-470d8c332f4d,958827.9,6010509.04,Normal,0,0.4,427,17,35,100,1.9
1785815820000,GAS-01,28dc49c7-651a-4c08-b646-470d8c332f4d,958827.9,6010509.04,Normal,0,0.4,426,17,35,105,1.9
1785815880000,GAS-01,28dc49c7-651a-4c08-b646-470d8c332f4d,958827.9,6010509.04,Normal,0,0.4,428,16,36,100,1.9
1785815940000,GAS-01,28dc49c7-651a-4c08-b646-470d8c332f4d,958827.9,6010509.04,Normal,0,0.4,425,16,37,96,2
1785816000000,GAS-01,28dc49c7-651a-4c08-b646-470d8c332f4d,958827.9,6010509.04,Normal,0,0.4,425,16,36,90,1.9
1785816060000,GAS-01,28dc49c7-651a-4c08-b646-470d8c332f4d,958827.9,6010509.04,Normal,0,0.3,424,16,35,94,1.9
1785816120000,GAS-01,28dc49c7-651a-4c08-b646-470d8c332f4d,958827.9,6010509.04,Normal,0,0.3,424,17,35,98,2
1785816180000,GAS-01,28dc49c7-651a-4c08-b646-470d8c332f4d,958827.9,6010509.04,Normal,0,0.4,420,16,36,92,1.9
1785816240000,GAS-01,28dc49c7-651a-4c08-b646-470d8c332f4d,958827.9,6010509.04,Normal,0,0.4,418,17,36,98,1.9
1785816300000,GAS-01,28dc49c7-651a-4c08-b646-470d8c332f4d,958827.9,6010509.04,Normal,0,0.4,420,16,36,100,1.9
1785816360000,GAS-01,28dc49c7-651a-4c08-b646-470d8c332f4d,958827.9,6010509.04,Normal,0,0.3,417,16,35,98,1.9
1785816420000,GAS-01,28dc49c7-651a-4c08-b646-470d8c332f4d,958827.9,6010509.04,Normal,0,0.4,420,16,35,96,1.9
1785816480000,GAS-01,28dc49c7-651a-4c08-b646-470d8c332f4d,958827.9,6010509.04,Normal,0,0.4,423,17,36,99,1.9
1785816540000,GAS-01,28dc49c7-651a-4c08-b646-470d8c332f4d,958827.9,6010509.04,Normal,0,0.4,421,16,36,97,2
1785816600000,GAS-01,28dc49c7-651a-4c08-b646-470d8c332f4d,958827.9,6010509.04,Normal,0,0.4,422,17,35,96,1.9
1785816660000,GAS-01,28dc49c7-651a-4c08-b646-470d8c332f4d,958827.9,6010509.04,Normal,0,0.4,423,17,34,101,1.9
1785816720000,GAS-01,28dc49c7-651a-4c08-b646-470d8c332f4d,958827.9,6010509.04,Normal,0,0.4,422,17,34,102,2
1785816780000,GAS-01,28dc49c7-651a-4c08-b646-470d8c332f4d,958827.9,6010509.04,Normal,0,0.4,425,16,35,96,1.9
1785816840000,GAS-01,28dc49c7-651a-4c08-b646-470d8c332f4d,958827.9,6010509.04,Normal,0,0.4,427,16,36,94,1.9
1785816900000,GAS-01,28dc49c7-651a-4c08-b646-470d8c332f4d,958827.9,6010509.04,Normal,0,0.4,429,16,36,98,2
1785816960000,GAS-01,28dc49c7-651a-4c08-b646-470d8c332f4d,958827.9,6010509.04,Normal,0,0.4,432,17,36,92,1.9
1785817020000,GAS-01,28dc49c7-651a-4c08-b646-470d8c332f4d,958827.9,6010509.04,Normal,0,0.4,428,17,36,88,1.9
1785817080000,GAS-01,28dc49c7-651a-4c08-b646-470d8c332f4d,958827.9,6010509.04,Normal,0,0.4,424,17,35,91,1.9
1785817140000,GAS-01,28dc49c7-651a-4c08-b646-470d8c332f4d,958827.9,6010509.04,Normal,0,0.3,425,16,36,97,2
1785817200000,GAS-01,28dc49c7-651a-4c08-b646-470d8c332f4d,958827.9,6010509.04,Normal,0,0.4,423,17,35,96,2
1785817260000,GAS-01,28dc49c7-651a-4c08-b646-470d8c332f4d,958827.9,6010509.04,Normal,0,0.3,426,17,36,98,2
1785817320000,GAS-01,28dc49c7-651a-4c08-b646-470d8c332f4d,958827.9,6010509.04,Normal,0,0.4,422,17,37,103,1.9
1785817380000,GAS-01,28dc49c7-651a-4c08-b646-470d8c332f4d,958827.9,6010509.04,Normal,0,0.4,421,16,37,101,1.9
1785817440000,GAS-01,28dc49c7-651a-4c08-b646-470d8c332f4d,958827.9,6010509.04,Normal,0,0.4,419,16,35,98,1.9
1785817500000,GAS-01,28dc49c7-651a-4c08-b646-470d8c332f4d,958827.9,6010509.04,Normal,0,0.3,419,17,36,92,1.9
1785817560000,GAS-01,28dc49c7-651a-4c08-b646-470d8c332f4d,958827.9,6010509.04,Normal,0,0.3,418,16,35,97,1.9
1785817620000,GAS-01,28dc49c7-651a-4c08-b646-470d8c332f4d,958827.9,6010509.04,Normal,0,0.3,418,16,36,103,1.9
1785817680000,GAS-01,28dc49c7-651a-4c08-b646-470d8c332f4d,958827.9,6010509.04,Normal,0,0.3,420,16,35,106,1.9
1785817740000,GAS-01,28dc49c7-651a-4c08-b646-470d8c332f4d,958827.9,6010509.04,Normal,0,0.3,422,16,34,108,1.9
1785817800000,GAS-01,28dc49c7-651a-4c08-b646-470d8c332f4d,958827.9,6010509.04,Normal,0,0.3,418,16,35,103,1.9
1785817860000,GAS-01,28dc49c7-651a-4c08-b646-470d8c332f4d,958827.9,6010509.04,Normal,0,0.3,420,15,35,99,1.9
1785817920000,GAS-01,28dc49c7-651a-4c08-b646-470d8c332f4d,958827.9,6010509.04,Normal,0,0.3,422,15,34,102,1.9
1785817980000,GAS-01,28dc49c7-651a-4c08-b646-470d8c332f4d,958827.9,6010509.04,Normal,0,0.3,419,16,33,105,1.9
1785818040000,GAS-01,28dc49c7-651a-4c08-b646-470d8c332f4d,958827.9,6010509.04,Normal,0,0.3,417,17,35,109,1.9
1785818100000,GAS-01,28dc49c7-651a-4c08-b646-470d8c332f4d,958827.9,6010509.04,Normal,0,0.3,416,17,35,109,1.9
1785818160000,GAS-01,28dc49c7-651a-4c08-b646-470d8c332f4d,958827.9,6010509.04,Normal,0,0.3,414,17,35,109,1.9
1785818220000,GAS-01,28dc49c7-651a-4c08-b646-470d8c332f4d,958827.9,6010509.04,Normal,0,0.3,413,18,35,109,1.9
1785818280000,GAS-01,28dc49c7-651a-4c08-b646-470d8c332f4d,958827.9,6010509.04,Normal,0,0.3,418,17,35,109,1.9
1785818340000,GAS-01,28dc49c7-651a-4c08-b646-470d8c332f4d,958827.9,6010509.04,Normal,0,0.3,416,17,35,111,1.9
1785818400000,GAS-01,28dc49c7-651a-4c08-b646-470d8c332f4d,958827.9,6010509.04,Normal,0,0.3,417,17,34,108,1.9
1785818460000,GAS-01,28dc49c7-651a-4c08-b646-470d8c332f4d,958827.9,6010509.04,Normal,0,0.3,422,17,35,111,1.9
1785818520000,GAS-01,28dc49c7-651a-4c08-b646-470d8c332f4d,958827.9,6010509.04,Normal,0,0.3,422,17,34,114,1.9
1785818580000,GAS-01,28dc49c7-651a-4c08-b646-470d8c332f4d,958827.9,6010509.04,Normal,0,0.3,425,17,33,115,1.9
1785818640000,GAS-01,28dc49c7-651a-4c08-b646-470d8c332f4d,958827.9,6010509.04,Normal,0,0.3,430,18,33,122,1.9
1785818700000,GAS-01,28dc49c7-651a-4c08-b646-470d8c332f4d,958827.9,6010509.04,Normal,0,0.4,435,19,34,123,1.9
1785818760000,GAS-01,28dc49c7-651a-4c08-b646-470d8c332f4d,958827.9,6010509.04,Normal,0,0.4,435,19,34,131,2
1785818820000,GAS-01,28dc49c7-651a-4c08-b646-470d8c332f4d,958827.9,6010509.04,Normal,0,0.4,436,19,34,127,2
1785818880000,GAS-01,28dc49c7-651a-4c08-b646-470d8c332f4d,958827.9,6010509.04,Normal,0,0.4,440,19,35,133,2
1785818940000,GAS-01,28dc49c7-651a-4c08-b646-470d8c332f4d,958827.9,6010509.04,Normal,0,0.5,446,19,35,131,2
1785819000000,GAS-01,28dc49c7-651a-4c08-b646-470d8c332f4d,958827.9,6010509.04,Normal,0,0.6,445,20,36,133,2
1785819060000,GAS-01,28dc49c7-651a-4c08-b646-470d8c332f4d,958827.9,6010509.04,Normal,0,0.6,448,20,36,130,2
1785819120000,GAS-01,28dc49c7-651a-4c08-b646-470d8c332f4d,958827.9,6010509.04,Normal,0,0.6,450,19,36,131,2
1785819180000,GAS-01,28dc49c7-651a-4c08-b646-470d8c332f4d,958827.9,6010509.04,Normal,0,0.6,452,20,36,140,2
1785819240000,GAS-01,28dc49c7-651a-4c08-b646-470d8c332f4d,958827.9,6010509.04,Normal,0,0.7,451,20,35,137,2
1785819300000,GAS-01,28dc49c7-651a-4c08-b646-470d8c332f4d,958827.9,6010509.04,Normal,0,0.7,452,20,35,146,2
1785819360000,GAS-01,28dc49c7-651a-4c08-b646-470d8c332f4d,958827.9,6010509.04,Normal,0,0.8,455,21,35,150,2
1785819420000,GAS-01,28dc49c7-651a-4c08-b646-470d8c332f4d,958827.9,6010509.04,Normal,0,0.8,457,21,34,150,2
1785819480000,GAS-01,28dc49c7-651a-4c08-b646-470d8c332f4d,958827.9,6010509.04,Normal,0,0.8,461,20,34,149,2
1785819540000,GAS-01,28dc49c7-651a-4c08-b646-470d8c332f4d,958827.9,6010509.04,Normal,0,0.9,460,21,35,148,2
1785819600000,GAS-01,28dc49c7-651a-4c08-b646-470d8c332f4d,958827.9,6010509.04,Normal,0,0.9,466,21,34,148,2
1785819660000,GAS-01,28dc49c7-651a-4c08-b646-470d8c332f4d,958827.9,6010509.04,Normal,0,0.9,470,22,34,153,2
1785819720000,GAS-01,28dc49c7-651a-4c08-b646-470d8c332f4d,958827.9,6010509.04,Normal,0,0.9,470,22,33,158,2
1785819780000,GAS-01,28dc49c7-651a-4c08-b646-470d8c332f4d,958827.9,6010509.04,Normal,0,0.9,471,23,34,165,2.1
1785819840000,GAS-01,28dc49c7-651a-4c08-b646-470d8c332f4d,958827.9,6010509.04,Normal,0,1,470,24,35,167,2.1
1785819900000,GAS-01,28dc49c7-651a-4c08-b646-470d8c332f4d,958827.9,6010509.04,Normal,0,1,470,24,34,169,2
1785819960000,GAS-01,28dc49c7-651a-4c08-b646-470d8c332f4d,958827.9,6010509.04,Normal,0,1,468,24,34,178,2.1
1785820020000,GAS-01,28dc49c7-651a-4c08-b646-470d8c332f4d,958827.9,6010509.04,Normal,0,1,470,23,34,179,2.1
1785820080000,GAS-01,28dc49c7-651a-4c08-b646-470d8c332f4d,958827.9,6010509.04,Normal,0,1.1,474,24,34,178,2.1
1785820140000,GAS-01,28dc49c7-651a-4c08-b646-470d8c332f4d,958827.9,6010509.04,Normal,0,1.1,480,24,34,181,2.1
1785820200000,GAS-01,28dc49c7-651a-4c08-b646-470d8c332f4d,958827.9,6010509.04,Normal,0,1.1,478,24,34,182,2.1
1785820260000,GAS-01,28dc49c7-651a-4c08-b646-470d8c332f4d,958827.9,6010509.04,Normal,0,1.1,483,25,34,191,2.1
1785820320000,GAS-01,28dc49c7-651a-4c08-b646-470d8c332f4d,958827.9,6010509.04,Normal,0,1.2,483,26,34,198,2.1
1785820380000,GAS-01,28dc49c7-651a-4c08-b646-470d8c332f4d,958827.9,6010509.04,Normal,0,1.2,483,26,34,202,2.1
1785820440000,GAS-01,28dc49c7-651a-4c08-b646-470d8c332f4d,958827.9,6010509.04,Normal,0,1.2,485,26,33,206,2.1
1785820500000,GAS-01,28dc49c7-651a-4c08-b646-470d8c332f4d,958827.9,6010509.04,Normal,0,1.3,486,27,34,206,2.1
1785820560000,GAS-01,28dc49c7-651a-4c08-b646-470d8c332f4d,958827.9,6010509.04,Normal,0,1.3,487,28,35,209,2.1
1785820620000,GAS-01,28dc49c7-651a-4c08-b646-470d8c332f4d,958827.9,6010509.04,Normal,0,1.3,492,29,35,206,2.1
1785820680000,GAS-01,28dc49c7-651a-4c08-b646-470d8c332f4d,958827.9,6010509.04,Normal,0,1.3,498,29,34,205,2.1
1785820740000,GAS-01,28dc49c7-651a-4c08-b646-470d8c332f4d,958827.9,6010509.04,Normal,0,1.4,503,29,35,212,2.1
1785820800000,GAS-01,28dc49c7-651a-4c08-b646-470d8c332f4d,958827.9,6010509.04,Normal,0,1.4,504,29,34,212,2.1
1785820860000,GAS-01,28dc49c7-651a-4c08-b646-470d8c332f4d,958827.9,6010509.04,Normal,0,1.4,506,29,35,217,2.1
1785820920000,GAS-01,28dc49c7-651a-4c08-b646-470d8c332f4d,958827.9,6010509.04,Normal,0,1.4,512,30,36,225,2.1
1785820980000,GAS-01,28dc49c7-651a-4c08-b646-470d8c332f4d,958827.9,6010509.04,Normal,0,1.4,514,30,36,223,2.1
1785821040000,GAS-01,28dc49c7-651a-4c08-b646-470d8c332f4d,958827.9,6010509.04,Normal,0,1.4,516,30,37,224,2.1
1785821100000,GAS-01,28dc49c7-651a-4c08-b646-470d8c332f4d,958827.9,6010509.04,Normal,0,1.4,517,30,37,228,2.2
1785821160000,GAS-01,28dc49c7-651a-4c08-b646-470d8c332f4d,958827.9,6010509.04,Normal,0,1.4,521,31,36,228,2.1
1785821220000,GAS-01,28dc49c7-651a-4c08-b646-470d8c332f4d,958827.9,6010509.04,Normal,0,1.4,526,31,35,232,2.2
1785821280000,GAS-01,28dc49c7-651a-4c08-b646-470d8c332f4d,958827.9,6010509.04,Normal,0,1.4,527,31,35,237,2.2
1785821340000,GAS-01,28dc49c7-651a-4c08-b646-470d8c332f4d,958827.9,6010509.04,Normal,0,1.5,525,32,34,236,2.2
1785821400000,GAS-01,28dc49c7-651a-4c08-b646-470d8c332f4d,958827.9,6010509.04,Normal,0,1.5,530,33,34,242,2.2
1785821460000,GAS-01,28dc49c7-651a-4c08-b646-470d8c332f4d,958827.9,6010509.04,Normal,0,1.5,534,33,33,241,2.2
1785821520000,GAS-01,28dc49c7-651a-4c08-b646-470d8c332f4d,958827.9,6010509.04,Normal,0,1.6,531,33,33,242,2.2
1785821580000,GAS-01,28dc49c7-651a-4c08-b646-470d8c332f4d,958827.9,6010509.04,Normal,0,1.6,532,33,32,245,2.2
1785821640000,GAS-01,28dc49c7-651a-4c08-b646-470d8c332f4d,958827.9,6010509.04,Normal,0,1.6,534,34,33,252,2.2
1785821700000,GAS-01,28dc49c7-651a-4c08-b646-470d8c332f4d,958827.9,6010509.04,Normal,0,1.6,534,33,34,255,2.2
1785821760000,GAS-01,28dc49c7-651a-4c08-b646-470d8c332f4d,958827.9,6010509.04,Normal,0,1.6,535,33,34,254,2.2
1785821820000,GAS-01,28dc49c7-651a-4c08-b646-470d8c332f4d,958827.9,6010509.04,Normal,0,1.7,537,34,33,257,2.2
1785821880000,GAS-01,28dc49c7-651a-4c08-b646-470d8c332f4d,958827.9,6010509.04,Normal,0,1.7,540,34,33,259,2.2
1785821940000,GAS-01,28dc49c7-651a-4c08-b646-470d8c332f4d,958827.9,6010509.04,Normal,0,1.8,542,35,34,270,2.2
1785822000000,GAS-01,28dc49c7-651a-4c08-b646-470d8c332f4d,958827.9,6010509.04,Normal,0,1.8,541,34,34,268,2.2
1785822060000,GAS-01,28dc49c7-651a-4c08-b646-470d8c332f4d,958827.9,6010509.04,Normal,0,1.9,547,35,35,270,2.2
1785822120000,GAS-01,28dc49c7-651a-4c08-b646-470d8c332f4d,958827.9,6010509.04,Normal,0,1.8,545,36,35,272,2.2
1785822180000,GAS-01,28dc49c7-651a-4c08-b646-470d8c332f4d,958827.9,6010509.04,Normal,0,1.8,549,35,34,274,2.2
1785822240000,GAS-01,28dc49c7-651a-4c08-b646-470d8c332f4d,958827.9,6010509.04,Normal,0,1.8,552,37,34,276,2.3
1785822300000,GAS-01,28dc49c7-651a-4c08-b646-470d8c332f4d,958827.9,6010509.04,Normal,0,1.9,553,37,35,281,2.2
1785822360000,GAS-01,28dc49c7-651a-4c08-b646-470d8c332f4d,958827.9,6010509.04,Normal,0,1.9,556,37,34,289,2.3
1785822420000,GAS-01,28dc49c7-651a-4c08-b646-470d8c332f4d,958827.9,6010509.04,Normal,0,1.9,555,37,34,288,2.2
1785822480000,GAS-01,28dc49c7-651a-4c08-b646-470d8c332f4d,958827.9,6010509.04,Normal,0,1.9,557,37,33,292,2.2
1785822540000,GAS-01,28dc49c7-651a-4c08-b646-470d8c332f4d,958827.9,6010509.04,Normal,0,2,562,37,33,290,2.2
1785822600000,GAS-01,28dc49c7-651a-4c08-b646-470d8c332f4d,958827.9,6010509.04,Normal,0,2,562,37,33,289,2.2
1785822660000,GAS-01,28dc49c7-651a-4c08-b646-470d8c332f4d,958827.9,6010509.04,Normal,0,2,566,37,33,293,2.2
1785822720000,GAS-01,28dc49c7-651a-4c08-b646-470d8c332f4d,958827.9,6010509.04,Normal,0,2,565,38,32,299,2.3
1785822780000,GAS-01,28dc49c7-651a-4c08-b646-470d8c332f4d,958827.9,6010509.04,Normal,0,2.1,565,38,32,305,2.3
1785822840000,GAS-01,28dc49c7-651a-4c08-b646-470d8c332f4d,958827.9,6010509.04,Normal,0,2.1,568,39,32,311,2.3
1785822900000,GAS-01,28dc49c7-651a-4c08-b646-470d8c332f4d,958827.9,6010509.04,Normal,0,2.1,567,40,32,319,2.3
1785822960000,GAS-01,28dc49c7-651a-4c08-b646-470d8c332f4d,958827.9,6010509.04,Watch,1,2.2,568,40,32,321,2.3
1785823020000,GAS-01,28dc49c7-651a-4c08-b646-470d8c332f4d,958827.9,6010509.04,Watch,1,2.1,569,40,33,326,2.3
1785823080000,GAS-01,28dc49c7-651a-4c08-b646-470d8c332f4d,958827.9,6010509.04,Watch,1,2.1,573,40,34,334,2.3
1785823140000,GAS-01,28dc49c7-651a-4c08-b646-470d8c332f4d,958827.9,6010509.04,Watch,1,2.2,580,40,34,330,2.3
1785823200000,GAS-01,28dc49c7-651a-4c08-b646-470d8c332f4d,958827.9,6010509.04,Watch,1,2.2,582,41,33,337,2.3
1785823260000,GAS-01,28dc49c7-651a-4c08-b646-470d8c332f4d,958827.9,6010509.04,Watch,1,2.3,588,41,32,339,2.3
1785823320000,GAS-01,28dc49c7-651a-4c08-b646-470d8c332f4d,958827.9,6010509.04,Watch,1,2.2,588,41,33,342,2.3
1785823380000,GAS-01,28dc49c7-651a-4c08-b646-470d8c332f4d,958827.9,6010509.04,Watch,1,2.2,590,41,33,345,2.3
1785823440000,GAS-01,28dc49c7-651a-4c08-b646-470d8c332f4d,958827.9,6010509.04,Watch,1,2.2,594,42,33,350,2.3
1785823500000,GAS-01,28dc49c7-651a-4c08-b646-470d8c332f4d,958827.9,6010509.04,Watch,1,2.3,598,42,32,345,2.3
1785823560000,GAS-01,28dc49c7-651a-4c08-b646-470d8c332f4d,958827.9,6010509.04,Watch,1,2.3,599,43,33,340,2.3
1785823620000,GAS-01,28dc49c7-651a-4c08-b646-470d8c332f4d,958827.9,6010509.04,Watch,1,2.2,598,43,34,339,2.3
1785823680000,GAS-01,28dc49c7-651a-4c08-b646-470d8c332f4d,958827.9,6010509.04,Watch,1,2.2,596,43,35,343,2.3
1785823740000,GAS-01,28dc49c7-651a-4c08-b646-470d8c332f4d,958827.9,6010509.04,Watch,1,2.2,594,43,35,345,2.3
1785823800000,GAS-01,28dc49c7-651a-4c08-b646-470d8c332f4d,958827.9,6010509.04,Watch,1,2.2,596,43,35,343,2.3
1785823860000,GAS-01,28dc49c7-651a-4c08-b646-470d8c332f4d,958827.9,6010509.04,Watch,1,2.2,593,42,34,343,2.3
1785823920000,GAS-01,28dc49c7-651a-4c08-b646-470d8c332f4d,958827.9,6010509.04,Watch,1,2.2,596,42,35,344,2.3
1785823980000,GAS-01,28dc49c7-651a-4c08-b646-470d8c332f4d,958827.9,6010509.04,Watch,1,2.3,593,41,34,350,2.3
1785824040000,GAS-01,28dc49c7-651a-4c08-b646-470d8c332f4d,958827.9,6010509.04,Watch,1,2.3,592,40,34,346,2.3
1785824100000,GAS-01,28dc49c7-651a-4c08-b646-470d8c332f4d,958827.9,6010509.04,Watch,1,2.2,592,41,33,349,2.3
1785824160000,GAS-01,28dc49c7-651a-4c08-b646-470d8c332f4d,958827.9,6010509.04,Watch,1,2.2,595,41,34,350,2.3
1785824220000,GAS-01,28dc49c7-651a-4c08-b646-470d8c332f4d,958827.9,6010509.04,Watch,1,2.3,597,41,34,352,2.3
1785824280000,GAS-01,28dc49c7-651a-4c08-b646-470d8c332f4d,958827.9,6010509.04,Watch,1,2.3,596,41,33,352,2.3
1785824340000,GAS-01,28dc49c7-651a-4c08-b646-470d8c332f4d,958827.9,6010509.04,Watch,1,2.3,596,41,32,349,2.3
1785824400000,GAS-01,28dc49c7-651a-4c08-b646-470d8c332f4d,958827.9,6010509.04,Watch,1,2.3,595,42,33,345,2.3
1785824460000,GAS-01,28dc49c7-651a-4c08-b646-470d8c332f4d,958827.9,6010509.04,Watch,1,2.3,594,41,33,342,2.3
1785824520000,GAS-01,28dc49c7-651a-4c08-b646-470d8c332f4d,958827.9,6010509.04,Watch,1,2.3,598,41,34,344,2.2
1785824580000,GAS-01,28dc49c7-651a-4c08-b646-470d8c332f4d,958827.9,6010509.04,Watch,1,2.4,599,41,35,341,2.3
1785824640000,GAS-01,28dc49c7-651a-4c08-b646-470d8c332f4d,958827.9,6010509.04,Watch,1,2.4,598,41,35,344,2.3
1785824700000,GAS-01,28dc49c7-651a-4c08-b646-470d8c332f4d,958827.9,6010509.04,Watch,1,2.4,599,40,35,347,2.3
1785824760000,GAS-01,28dc49c7-651a-4c08-b646-470d8c332f4d,958827.9,6010509.04,Normal,0,2.4,598,40,34,347,2.3
1785824820000,GAS-01,28dc49c7-651a-4c08-b646-470d8c332f4d,958827.9,6010509.04,Watch,1,2.4,599,40,35,350,2.3
1785824880000,GAS-01,28dc49c7-651a-4c08-b646-470d8c332f4d,958827.9,6010509.04,Watch,1,2.4,600,41,36,356,2.3
1785824940000,GAS-01,28dc49c7-651a-4c08-b646-470d8c332f4d,958827.9,6010509.04,Watch,1,2.4,601,41,35,359,2.3
1785825000000,GAS-01,28dc49c7-651a-4c08-b646-470d8c332f4d,958827.9,6010509.04,Watch,1,2.4,602,40,34,355,2.3
1785825060000,GAS-01,28dc49c7-651a-4c08-b646-470d8c332f4d,958827.9,6010509.04,Watch,1,2.4,604,41,33,352,2.3
1785825120000,GAS-01,28dc49c7-651a-4c08-b646-470d8c332f4d,958827.9,6010509.04,Watch,1,2.3,601,40,33,356,2.3
1785825180000,GAS-01,28dc49c7-651a-4c08-b646-470d8c332f4d,958827.9,6010509.04,Watch,1,2.3,603,41,34,361,2.3
1785825240000,GAS-01,28dc49c7-651a-4c08-b646-470d8c332f4d,958827.9,6010509.04,Watch,1,2.3,602,41,34,362,2.3
1785825300000,GAS-01,28dc49c7-651a-4c08-b646-470d8c332f4d,958827.9,6010509.04,Watch,1,2.3,600,40,35,359,2.3
1785825360000,GAS-01,28dc49c7-651a-4c08-b646-470d8c332f4d,958827.9,6010509.04,Watch,1,2.3,602,41,36,352,2.3
1785825420000,GAS-01,28dc49c7-651a-4c08-b646-470d8c332f4d,958827.9,6010509.04,Watch,1,2.3,602,42,36,346,2.3
1785825480000,GAS-01,28dc49c7-651a-4c08-b646-470d8c332f4d,958827.9,6010509.04,Watch,1,2.3,600,41,36,351,2.3
1785825540000,GAS-01,28dc49c7-651a-4c08-b646-470d8c332f4d,958827.9,6010509.04,Watch,1,2.3,597,41,35,351,2.3
1785825600000,GAS-01,28dc49c7-651a-4c08-b646-470d8c332f4d,958827.9,6010509.04,Watch,1,2.3,595,42,35,354,2.3
1785825660000,GAS-01,28dc49c7-651a-4c08-b646-470d8c332f4d,958827.9,6010509.04,Watch,1,2.3,596,43,35,359,2.3
1785825720000,GAS-01,28dc49c7-651a-4c08-b646-470d8c332f4d,958827.9,6010509.04,Watch,1,2.3,593,43,35,353,2.3
1785825780000,GAS-01,28dc49c7-651a-4c08-b646-470d8c332f4d,958827.9,6010509.04,Watch,1,2.4,590,43,35,353,2.2
1785825840000,GAS-01,28dc49c7-651a-4c08-b646-470d8c332f4d,958827.9,6010509.04,Watch,1,2.3,590,42,36,356,2.3
1785825900000,GAS-01,28dc49c7-651a-4c08-b646-470d8c332f4d,958827.9,6010509.04,Watch,1,2.3,593,42,35,357,2.3
1785825960000,GAS-01,28dc49c7-651a-4c08-b646-470d8c332f4d,958827.9,6010509.04,Watch,1,2.3,595,42,34,361,2.3
1785826020000,GAS-01,28dc49c7-651a-4c08-b646-470d8c332f4d,958827.9,6010509.04,Watch,1,2.4,597,42,35,362,2.3
1785826080000,GAS-01,28dc49c7-651a-4c08-b646-470d8c332f4d,958827.9,6010509.04,Watch,1,2.4,593,43,35,361,2.3
1785826140000,GAS-01,28dc49c7-651a-4c08-b646-470d8c332f4d,958827.9,6010509.04,Watch,1,2.4,595,43,36,355,2.3
1785826200000,GAS-01,28dc49c7-651a-4c08-b646-470d8c332f4d,958827.9,6010509.04,Watch,1,2.4,598,44,36,351,2.3
1785826260000,GAS-01,28dc49c7-651a-4c08-b646-470d8c332f4d,958827.9,6010509.04,Watch,1,2.4,597,43,35,356,2.3
1785826320000,GAS-01,28dc49c7-651a-4c08-b646-470d8c332f4d,958827.9,6010509.04,Watch,1,2.4,597,43,35,351,2.3
1785826380000,GAS-01,28dc49c7-651a-4c08-b646-470d8c332f4d,958827.9,6010509.04,Watch,1,2.4,597,43,34,349,2.3
1785826440000,GAS-01,28dc49c7-651a-4c08-b646-470d8c332f4d,958827.9,6010509.04,Watch,1,2.4,594,43,35,346,2.3
1785826500000,GAS-01,28dc49c7-651a-4c08-b646-470d8c332f4d,958827.9,6010509.04,Watch,1,2.4,597,43,36,347,2.3
1785826560000,GAS-01,28dc49c7-651a-4c08-b646-470d8c332f4d,958827.9,6010509.04,Watch,1,2.4,596,43,35,353,2.3
1785826620000,GAS-01,28dc49c7-651a-4c08-b646-470d8c332f4d,958827.9,6010509.04,Watch,1,2.4,599,42,34,352,2.4
1785826680000,GAS-01,28dc49c7-651a-4c08-b646-470d8c332f4d,958827.9,6010509.04,Watch,1,2.4,597,43,34,355,2.4
1785826740000,GAS-01,28dc49c7-651a-4c08-b646-470d8c332f4d,958827.9,6010509.04,Watch,1,2.4,593,43,34,352,2.3
1785826800000,GAS-01,28dc49c7-651a-4c08-b646-470d8c332f4d,958827.9,6010509.04,Watch,1,2.4,595,43,33,354,2.3
1785826860000,GAS-01,28dc49c7-651a-4c08-b646-470d8c332f4d,958827.9,6010509.04,Watch,1,2.4,592,43,33,355,2.3
1785826920000,GAS-01,28dc49c7-651a-4c08-b646-470d8c332f4d,958827.9,6010509.04,Watch,1,2.4,594,42,33,352,2.3
1785826980000,GAS-01,28dc49c7-651a-4c08-b646-470d8c332f4d,958827.9,6010509.04,Watch,1,2.5,593,42,33,353,2.3
1785827040000,GAS-01,28dc49c7-651a-4c08-b646-470d8c332f4d,958827.9,6010509.04,Watch,1,2.5,591,42,33,357,2.3
1785827100000,GAS-01,28dc49c7-651a-4c08-b646-470d8c332f4d,958827.9,6010509.04,Watch,1,2.4,590,43,34,353,2.3
1785827160000,GAS-01,28dc49c7-651a-4c08-b646-470d8c332f4d,958827.9,6010509.04,Watch,1,2.4,594,43,35,356,2.3
1785827220000,GAS-01,28dc49c7-651a-4c08-b646-470d8c332f4d,958827.9,6010509.04,Watch,1,2.4,593,42,36,354,2.3
1785827280000,GAS-01,28dc49c7-651a-4c08-b646-470d8c332f4d,958827.9,6010509.04,Watch,1,2.4,590,42,36,349,2.3
1785827340000,GAS-01,28dc49c7-651a-4c08-b646-470d8c332f4d,958827.9,6010509.04,Watch,1,2.3,590,41,36,353,2.3
1785827400000,GAS-01,28dc49c7-651a-4c08-b646-470d8c332f4d,958827.9,6010509.04,Watch,1,2.3,589,41,38,353,2.3
1785827460000,GAS-01,28dc49c7-651a-4c08-b646-470d8c332f4d,958827.9,6010509.04,Watch,1,2.3,587,41,37,347,2.3
1785827520000,GAS-01,28dc49c7-651a-4c08-b646-470d8c332f4d,958827.9,6010509.04,Watch,1,2.3,585,41,36,344,2.3
1785827580000,GAS-01,28dc49c7-651a-4c08-b646-470d8c332f4d,958827.9,6010509.04,Watch,1,2.3,590,42,36,344,2.3
1785827640000,GAS-01,28dc49c7-651a-4c08-b646-470d8c332f4d,958827.9,6010509.04,Watch,1,2.3,591,41,38,339,2.3
1785827700000,GAS-01,28dc49c7-651a-4c08-b646-470d8c332f4d,958827.9,6010509.04,Watch,1,2.3,591,41,38,335,2.3
1785827760000,GAS-01,28dc49c7-651a-4c08-b646-470d8c332f4d,958827.9,6010509.04,Watch,1,2.3,595,40,38,338,2.3
1785827820000,GAS-01,28dc49c7-651a-4c08-b646-470d8c332f4d,958827.9,6010509.04,Watch,1,2.2,599,40,37,345,2.3
1785827880000,GAS-01,28dc49c7-651a-4c08-b646-470d8c332f4d,958827.9,6010509.04,Normal,0,2.2,598,40,39,347,2.3
1785827940000,GAS-01,28dc49c7-651a-4c08-b646-470d8c332f4d,958827.9,6010509.04,Normal,0,2.3,600,40,39,349,2.3
1785828000000,GAS-01,28dc49c7-651a-4c08-b646-470d8c332f4d,958827.9,6010509.04,Normal,0,2.3,596,39,39,351,2.3
1785828060000,GAS-01,28dc49c7-651a-4c08-b646-470d8c332f4d,958827.9,6010509.04,Normal,0,2.3,599,40,40,347,2.3
1785828120000,GAS-01,28dc49c7-651a-4c08-b646-470d8c332f4d,958827.9,6010509.04,Normal,0,2.3,601,40,40,348,2.4
1785828180000,GAS-01,28dc49c7-651a-4c08-b646-470d8c332f4d,958827.9,6010509.04,Watch,1,2.3,597,41,41,346,2.3
1785828240000,GAS-01,28dc49c7-651a-4c08-b646-470d8c332f4d,958827.9,6010509.04,Watch,1,2.3,595,42,41,345,2.3
1785828300000,GAS-01,28dc49c7-651a-4c08-b646-470d8c332f4d,958827.9,6010509.04,Watch,1,2.3,596,42,40,350,2.3
1785828360000,GAS-01,28dc49c7-651a-4c08-b646-470d8c332f4d,958827.9,6010509.04,Watch,1,2.3,598,43,41,348,2.3
1785828420000,GAS-01,28dc49c7-651a-4c08-b646-470d8c332f4d,958827.9,6010509.04,Watch,1,2.3,596,43,40,349,2.3
1785828480000,GAS-01,28dc49c7-651a-4c08-b646-470d8c332f4d,958827.9,6010509.04,Watch,1,2.3,598,44,40,344,2.3
1785828540000,GAS-01,28dc49c7-651a-4c08-b646-470d8c332f4d,958827.9,6010509.04,Watch,1,2.3,594,44,42,346,2.3
1785828600000,GAS-01,28dc49c7-651a-4c08-b646-470d8c332f4d,958827.9,6010509.04,Watch,1,2.2,596,44,43,343,2.3
1785828660000,GAS-01,28dc49c7-651a-4c08-b646-470d8c332f4d,958827.9,6010509.04,Watch,1,2.2,598,45,44,343,2.3
1785828720000,GAS-01,28dc49c7-651a-4c08-b646-470d8c332f4d,958827.9,6010509.04,Watch,1,2.3,601,44,46,348,2.3
1785828780000,GAS-01,28dc49c7-651a-4c08-b646-470d8c332f4d,958827.9,6010509.04,Watch,1,2.3,602,44,45,344,2.3
1785828840000,GAS-01,28dc49c7-651a-4c08-b646-470d8c332f4d,958827.9,6010509.04,Watch,1,2.3,603,44,46,348,2.3
1785828900000,GAS-01,28dc49c7-651a-4c08-b646-470d8c332f4d,958827.9,6010509.04,Watch,1,2.2,600,44,46,344,2.3
1785828960000,GAS-01,28dc49c7-651a-4c08-b646-470d8c332f4d,958827.9,6010509.04,Watch,1,2.2,599,43,46,351,2.3
1785829020000,GAS-01,28dc49c7-651a-4c08-b646-470d8c332f4d,958827.9,6010509.04,Watch,1,2.2,601,43,47,356,2.3
1785829080000,GAS-01,28dc49c7-651a-4c08-b646-470d8c332f4d,958827.9,6010509.04,Watch,1,2.3,598,43,46,352,2.3
1785829140000,GAS-01,28dc49c7-651a-4c08-b646-470d8c332f4d,958827.9,6010509.04,Watch,1,2.3,595,44,46,352,2.3
1785829200000,GAS-01,28dc49c7-651a-4c08-b646-470d8c332f4d,958827.9,6010509.04,Watch,1,2.3,592,44,45,358,2.3
1785829260000,GAS-01,28dc49c7-651a-4c08-b646-470d8c332f4d,958827.9,6010509.04,Watch,1,2.3,589,44,46,358,2.3
1785829320000,GAS-01,28dc49c7-651a-4c08-b646-470d8c332f4d,958827.9,6010509.04,Watch,1,2.3,589,44,46,360,2.3
1785829380000,GAS-01,28dc49c7-651a-4c08-b646-470d8c332f4d,958827.9,6010509.04,Watch,1,2.3,592,44,46,359,2.3
1785829440000,GAS-01,28dc49c7-651a-4c08-b646-470d8c332f4d,958827.9,6010509.04,Watch,1,2.3,591,44,47,359,2.3
1785829500000,GAS-01,28dc49c7-651a-4c08-b646-470d8c332f4d,958827.9,6010509.04,Watch,1,2.3,595,44,47,355,2.3
1785829560000,GAS-01,28dc49c7-651a-4c08-b646-470d8c332f4d,958827.9,6010509.04,Watch,1,2.3,595,44,49,354,2.3
1785829620000,GAS-01,28dc49c7-651a-4c08-b646-470d8c332f4d,958827.9,6010509.04,Watch,1,2.3,593,43,49,354,2.3
1785829680000,GAS-01,28dc49c7-651a-4c08-b646-470d8c332f4d,958827.9,6010509.04,Watch,1,2.2,596,43,50,350,2.3
1785829740000,GAS-01,28dc49c7-651a-4c08-b646-470d8c332f4d,958827.9,6010509.04,Watch,1,2.2,594,43,51,350,2.4
1785829800000,GAS-01,28dc49c7-651a-4c08-b646-470d8c332f4d,958827.9,6010509.04,Watch,1,2.2,597,43,52,345,2.4
1785829860000,GAS-01,28dc49c7-651a-4c08-b646-470d8c332f4d,958827.9,6010509.04,Watch,1,2.2,593,44,52,349,2.3
1785829920000,GAS-01,28dc49c7-651a-4c08-b646-470d8c332f4d,958827.9,6010509.04,Watch,1,2.3,592,43,52,353,2.4
1785829980000,GAS-01,28dc49c7-651a-4c08-b646-470d8c332f4d,958827.9,6010509.04,Watch,1,2.3,592,44,53,347,2.4
1785830040000,GAS-01,28dc49c7-651a-4c08-b646-470d8c332f4d,958827.9,6010509.04,Watch,1,2.3,595,43,55,345,2.3
1785830100000,GAS-01,28dc49c7-651a-4c08-b646-470d8c332f4d,958827.9,6010509.04,Watch,1,2.3,593,44,55,345,2.3
1785830160000,GAS-01,28dc49c7-651a-4c08-b646-470d8c332f4d,958827.9,6010509.04,Watch,1,2.3,597,43,55,342,2.3
1785830220000,GAS-01,28dc49c7-651a-4c08-b646-470d8c332f4d,958827.9,6010509.04,Watch,1,2.3,599,43,56,341,2.4
1785830280000,GAS-01,28dc49c7-651a-4c08-b646-470d8c332f4d,958827.9,6010509.04,Watch,1,2.3,599,43,55,342,2.3
1785830340000,GAS-01,28dc49c7-651a-4c08-b646-470d8c332f4d,958827.9,6010509.04,Watch,1,2.3,596,42,56,340,2.3
1785830400000,GAS-01,28dc49c7-651a-4c08-b646-470d8c332f4d,958827.9,6010509.04,Watch,1,2.3,599,42,56,346,2.3
1785830460000,GAS-01,28dc49c7-651a-4c08-b646-470d8c332f4d,958827.9,6010509.04,Watch,1,2.3,596,42,56,352,2.3
1785830520000,GAS-01,28dc49c7-651a-4c08-b646-470d8c332f4d,958827.9,6010509.04,Watch,1,2.3,598,42,57,346,2.3
1785830580000,GAS-01,28dc49c7-651a-4c08-b646-470d8c332f4d,958827.9,6010509.04,Watch,1,2.2,594,41,58,350,2.3
1785830640000,GAS-01,28dc49c7-651a-4c08-b646-470d8c332f4d,958827.9,6010509.04,Watch,1,2.2,593,41,57,350,2.3
1785830700000,GAS-01,28dc49c7-651a-4c08-b646-470d8c332f4d,958827.9,6010509.04,Watch,1,2.2,591,41,57,353,2.3
1785830760000,GAS-01,28dc49c7-651a-4c08-b646-470d8c332f4d,958827.9,6010509.04,Watch,1,2.2,590,42,57,353,2.3
1785830820000,GAS-01,28dc49c7-651a-4c08-b646-470d8c332f4d,958827.9,6010509.04,Watch,1,2.3,591,43,58,355,2.3
1785830880000,GAS-01,28dc49c7-651a-4c08-b646-470d8c332f4d,958827.9,6010509.04,Watch,1,2.3,588,43,58,353,2.3
1785830940000,GAS-01,28dc49c7-651a-4c08-b646-470d8c332f4d,958827.9,6010509.04,Watch,1,2.3,587,42,58,357,2.3
1785831000000,GAS-01,28dc49c7-651a-4c08-b646-470d8c332f4d,958827.9,6010509.04,Watch,1,2.3,586,42,58,359,2.3
1785831060000,GAS-01,28dc49c7-651a-4c08-b646-470d8c332f4d,958827.9,6010509.04,Watch,1,2.3,584,41,58,360,2.3
1785831120000,GAS-01,28dc49c7-651a-4c08-b646-470d8c332f4d,958827.9,6010509.04,Watch,1,2.4,588,42,59,362,2.3
1785831180000,GAS-01,28dc49c7-651a-4c08-b646-470d8c332f4d,958827.9,6010509.04,Watch,1,2.4,590,42,58,364,2.3
1785831240000,GAS-01,28dc49c7-651a-4c08-b646-470d8c332f4d,958827.9,6010509.04,Watch,1,2.4,587,41,58,358,2.3
1785831300000,GAS-01,28dc49c7-651a-4c08-b646-470d8c332f4d,958827.9,6010509.04,Watch,1,2.4,590,41,59,360,2.3
1785831360000,GAS-01,28dc49c7-651a-4c08-b646-470d8c332f4d,958827.9,6010509.04,Watch,1,2.4,595,41,59,355,2.3
1785831420000,GAS-01,28dc49c7-651a-4c08-b646-470d8c332f4d,958827.9,6010509.04,Watch,1,2.4,591,41,59,355,2.3
1785831480000,GAS-01,28dc49c7-651a-4c08-b646-470d8c332f4d,958827.9,6010509.04,Watch,1,2.4,595,41,60,352,2.3
1785831540000,GAS-01,28dc49c7-651a-4c08-b646-470d8c332f4d,958827.9,6010509.04,Watch,1,2.4,594,41,60,355,2.3
1785831600000,GAS-01,28dc49c7-651a-4c08-b646-470d8c332f4d,958827.9,6010509.04,Watch,1,2.5,595,41,60,356,2.3
1785831660000,GAS-01,28dc49c7-651a-4c08-b646-470d8c332f4d,958827.9,6010509.04,Watch,1,2.5,598,41,62,361,2.3
1785831720000,GAS-01,28dc49c7-651a-4c08-b646-470d8c332f4d,958827.9,6010509.04,Watch,1,2.4,601,42,61,363,2.3
1785831780000,GAS-01,28dc49c7-651a-4c08-b646-470d8c332f4d,958827.9,6010509.04,Watch,1,2.4,598,43,62,366,2.3
1785831840000,GAS-01,28dc49c7-651a-4c08-b646-470d8c332f4d,958827.9,6010509.04,Watch,1,2.4,597,43,62,368,2.3
1785831900000,GAS-01,28dc49c7-651a-4c08-b646-470d8c332f4d,958827.9,6010509.04,Watch,1,2.4,595,43,61,364,2.3
1785831960000,GAS-01,28dc49c7-651a-4c08-b646-470d8c332f4d,958827.9,6010509.04,Watch,1,2.4,598,43,63,362,2.3
1785832020000,GAS-01,28dc49c7-651a-4c08-b646-470d8c332f4d,958827.9,6010509.04,Watch,1,2.4,601,43,64,367,2.3
1785832080000,GAS-01,28dc49c7-651a-4c08-b646-470d8c332f4d,958827.9,6010509.04,Watch,1,2.4,599,43,64,364,2.3
1785832140000,GAS-01,28dc49c7-651a-4c08-b646-470d8c332f4d,958827.9,6010509.04,Watch,1,2.4,600,43,65,360,2.3
1785832200000,GAS-01,28dc49c7-651a-4c08-b646-470d8c332f4d,958827.9,6010509.04,Watch,1,2.4,599,44,66,363,2.3
1785832260000,GAS-01,28dc49c7-651a-4c08-b646-470d8c332f4d,958827.9,6010509.04,Watch,1,2.4,597,43,67,357,2.3
1785832320000,GAS-01,28dc49c7-651a-4c08-b646-470d8c332f4d,958827.9,6010509.04,Watch,1,2.5,598,43,68,362,2.3
1785832380000,GAS-01,28dc49c7-651a-4c08-b646-470d8c332f4d,958827.9,6010509.04,Watch,1,2.4,598,42,69,357,2.3
1785832440000,GAS-01,28dc49c7-651a-4c08-b646-470d8c332f4d,958827.9,6010509.04,Watch,1,2.4,598,42,68,357,2.3
1785832500000,GAS-01,28dc49c7-651a-4c08-b646-470d8c332f4d,958827.9,6010509.04,Watch,1,2.4,601,42,67,351,2.3
1785832560000,GAS-01,28dc49c7-651a-4c08-b646-470d8c332f4d,958827.9,6010509.04,Watch,1,2.3,603,42,67,345,2.3
1785832620000,GAS-01,28dc49c7-651a-4c08-b646-470d8c332f4d,958827.9,6010509.04,Watch,1,2.3,605,43,67,341,2.3
1785832680000,GAS-01,28dc49c7-651a-4c08-b646-470d8c332f4d,958827.9,6010509.04,Watch,1,2.3,600,43,67,347,2.3
1785832740000,GAS-01,28dc49c7-651a-4c08-b646-470d8c332f4d,958827.9,6010509.04,Watch,1,2.3,600,43,68,345,2.3
1785832800000,GAS-01,28dc49c7-651a-4c08-b646-470d8c332f4d,958827.9,6010509.04,Watch,1,2.3,599,43,70,349,2.3
1785832860000,GAS-01,28dc49c7-651a-4c08-b646-470d8c332f4d,958827.9,6010509.04,Watch,1,2.3,594,44,70,355,2.3
1785832920000,GAS-01,28dc49c7-651a-4c08-b646-470d8c332f4d,958827.9,6010509.04,Watch,1,2.3,593,44,70,348,2.3
1785832980000,GAS-01,28dc49c7-651a-4c08-b646-470d8c332f4d,958827.9,6010509.04,Watch,1,2.3,592,43,71,351,2.3
1785833040000,GAS-01,28dc49c7-651a-4c08-b646-470d8c332f4d,958827.9,6010509.04,Watch,1,2.4,594,43,73,355,2.3
1785833100000,GAS-01,28dc49c7-651a-4c08-b646-470d8c332f4d,958827.9,6010509.04,Watch,1,2.4,597,43,73,351,2.3
1785833160000,GAS-01,28dc49c7-651a-4c08-b646-470d8c332f4d,958827.9,6010509.04,Watch,1,2.4,597,43,74,354,2.3
1785833220000,GAS-01,28dc49c7-651a-4c08-b646-470d8c332f4d,958827.9,6010509.04,Watch,1,2.3,601,42,74,350,2.3
1785833280000,GAS-01,28dc49c7-651a-4c08-b646-470d8c332f4d,958827.9,6010509.04,Watch,1,2.4,597,42,74,353,2.3
1785833340000,GAS-01,28dc49c7-651a-4c08-b646-470d8c332f4d,958827.9,6010509.04,Watch,1,2.3,601,41,73,357,2.3
1785833400000,GAS-01,28dc49c7-651a-4c08-b646-470d8c332f4d,958827.9,6010509.04,Watch,1,2.3,599,42,73,358,2.3
1785833460000,GAS-01,28dc49c7-651a-4c08-b646-470d8c332f4d,958827.9,6010509.04,Watch,1,2.3,595,42,74,356,2.3
1785833520000,GAS-01,28dc49c7-651a-4c08-b646-470d8c332f4d,958827.9,6010509.04,Watch,1,2.3,597,43,74,351,2.4
1785833580000,GAS-01,28dc49c7-651a-4c08-b646-470d8c332f4d,958827.9,6010509.04,Watch,1,2.4,595,42,74,355,2.4
1785833640000,GAS-01,28dc49c7-651a-4c08-b646-470d8c332f4d,958827.9,6010509.04,Watch,1,2.3,592,42,74,359,2.3
1785833700000,GAS-01,28dc49c7-651a-4c08-b646-470d8c332f4d,958827.9,6010509.04,Watch,1,2.3,594,42,74,359,2.3
1785833760000,GAS-01,28dc49c7-651a-4c08-b646-470d8c332f4d,958827.9,6010509.04,Watch,1,2.4,594,42,75,354,2.3
1785833820000,GAS-01,28dc49c7-651a-4c08-b646-470d8c332f4d,958827.9,6010509.04,Watch,1,2.3,597,42,76,359,2.3
1785833880000,GAS-01,28dc49c7-651a-4c08-b646-470d8c332f4d,958827.9,6010509.04,Watch,1,2.4,599,42,75,356,2.3
1785833940000,GAS-01,28dc49c7-651a-4c08-b646-470d8c332f4d,958827.9,6010509.04,Watch,1,2.4,601,42,77,360,2.3
1785834000000,GAS-01,28dc49c7-651a-4c08-b646-470d8c332f4d,958827.9,6010509.04,Watch,1,2.4,603,42,78,363,2.3
1785834060000,GAS-01,28dc49c7-651a-4c08-b646-470d8c332f4d,958827.9,6010509.04,Watch,1,2.3,598,42,77,364,2.3
1785834120000,GAS-01,28dc49c7-651a-4c08-b646-470d8c332f4d,958827.9,6010509.04,Watch,1,2.3,599,42,77,357,2.4
1785834180000,GAS-01,28dc49c7-651a-4c08-b646-470d8c332f4d,958827.9,6010509.04,Watch,1,2.4,601,41,79,361,2.3
1785834240000,GAS-01,28dc49c7-651a-4c08-b646-470d8c332f4d,958827.9,6010509.04,Watch,1,2.3,600,41,79,362,2.3
1785834300000,GAS-01,28dc49c7-651a-4c08-b646-470d8c332f4d,958827.9,6010509.04,Watch,1,2.3,597,42,80,361,2.4
1785834360000,GAS-01,28dc49c7-651a-4c08-b646-470d8c332f4d,958827.9,6010509.04,Watch,1,2.2,594,42,79,358,2.3
1785834420000,GAS-01,28dc49c7-651a-4c08-b646-470d8c332f4d,958827.9,6010509.04,Watch,1,2.2,598,43,79,362,2.3
1785834480000,GAS-01,28dc49c7-651a-4c08-b646-470d8c332f4d,958827.9,6010509.04,Watch,1,2.2,595,43,79,360,2.4
1785834540000,GAS-01,28dc49c7-651a-4c08-b646-470d8c332f4d,958827.9,6010509.04,Watch,1,2.2,594,42,80,362,2.4
1785834600000,GAS-01,28dc49c7-651a-4c08-b646-470d8c332f4d,958827.9,6010509.04,Watch,1,2.3,595,42,80,366,2.3
1785834660000,GAS-01,28dc49c7-651a-4c08-b646-470d8c332f4d,958827.9,6010509.04,Watch,1,2.3,596,43,80,364,2.3
1785834720000,GAS-01,28dc49c7-651a-4c08-b646-470d8c332f4d,958827.9,6010509.04,Watch,1,2.3,595,43,79,361,2.3
1785834780000,GAS-01,28dc49c7-651a-4c08-b646-470d8c332f4d,958827.9,6010509.04,Watch,1,2.2,596,43,79,354,2.3
1785834840000,GAS-01,28dc49c7-651a-4c08-b646-470d8c332f4d,958827.9,6010509.04,Watch,1,2.2,593,43,79,348,2.3
1785834900000,GAS-01,28dc49c7-651a-4c08-b646-470d8c332f4d,958827.9,6010509.04,Watch,1,2.2,594,43,79,351,2.3
1785834960000,GAS-01,28dc49c7-651a-4c08-b646-470d8c332f4d,958827.9,6010509.04,Watch,1,2.2,596,44,80,352,2.3
1785835020000,GAS-01,28dc49c7-651a-4c08-b646-470d8c332f4d,958827.9,6010509.04,Watch,1,2.2,592,43,80,356,2.3
1785835080000,GAS-01,28dc49c7-651a-4c08-b646-470d8c332f4d,958827.9,6010509.04,Watch,1,2.2,596,42,81,355,2.3
1785835140000,GAS-01,28dc49c7-651a-4c08-b646-470d8c332f4d,958827.9,6010509.04,Watch,1,2.2,598,43,81,357,2.3
1785835200000,GAS-01,28dc49c7-651a-4c08-b646-470d8c332f4d,958827.9,6010509.04,Watch,1,2.2,598,43,82,360,2.2
1785835260000,GAS-01,28dc49c7-651a-4c08-b646-470d8c332f4d,958827.9,6010509.04,Watch,1,2.2,599,43,82,353,2.2
1785835320000,GAS-01,28dc49c7-651a-4c08-b646-470d8c332f4d,958827.9,6010509.04,Watch,1,2.3,601,43,81,354,2.3
1785835380000,GAS-01,28dc49c7-651a-4c08-b646-470d8c332f4d,958827.9,6010509.04,Watch,1,2.3,601,43,83,355,2.3
1785835440000,GAS-01,28dc49c7-651a-4c08-b646-470d8c332f4d,958827.9,6010509.04,Watch,1,2.3,599,43,83,357,2.2
1785835500000,GAS-01,28dc49c7-651a-4c08-b646-470d8c332f4d,958827.9,6010509.04,Watch,1,2.3,597,44,83,360,2.3
1785835560000,GAS-01,28dc49c7-651a-4c08-b646-470d8c332f4d,958827.9,6010509.04,Watch,1,2.3,596,44,83,359,2.2
1785835620000,GAS-01,28dc49c7-651a-4c08-b646-470d8c332f4d,958827.9,6010509.04,Watch,1,2.3,595,44,85,355,2.2
1785835680000,GAS-01,28dc49c7-651a-4c08-b646-470d8c332f4d,958827.9,6010509.04,Watch,1,2.3,598,44,86,355,2.2
1785835740000,GAS-01,28dc49c7-651a-4c08-b646-470d8c332f4d,958827.9,6010509.04,Watch,1,2.3,596,44,86,356,2.2
1785835800000,GAS-01,28dc49c7-651a-4c08-b646-470d8c332f4d,958827.9,6010509.04,Watch,1,2.3,595,44,87,359,2.2
1785835860000,GAS-01,28dc49c7-651a-4c08-b646-470d8c332f4d,958827.9,6010509.04,Watch,1,2.4,596,43,86,359,2.3
1785835920000,GAS-01,28dc49c7-651a-4c08-b646-470d8c332f4d,958827.9,6010509.04,Watch,1,2.3,598,42,86,359,2.2
1785835980000,GAS-01,28dc49c7-651a-4c08-b646-470d8c332f4d,958827.9,6010509.04,Watch,1,2.3,598,42,86,359,2.3
1785836040000,GAS-01,28dc49c7-651a-4c08-b646-470d8c332f4d,958827.9,6010509.04,Watch,1,2.4,599,42,86,352,2.3
1785836100000,GAS-01,28dc49c7-651a-4c08-b646-470d8c332f4d,958827.9,6010509.04,Watch,1,2.3,595,42,87,346,2.3
1785836160000,GAS-01,28dc49c7-651a-4c08-b646-470d8c332f4d,958827.9,6010509.04,Watch,1,2.3,593,42,88,348,2.3
1785836220000,GAS-01,28dc49c7-651a-4c08-b646-470d8c332f4d,958827.9,6010509.04,Watch,1,2.3,589,43,88,344,2.3
1785836280000,GAS-01,28dc49c7-651a-4c08-b646-470d8c332f4d,958827.9,6010509.04,Watch,1,2.3,590,42,88,345,2.3
1785836340000,GAS-01,28dc49c7-651a-4c08-b646-470d8c332f4d,958827.9,6010509.04,Watch,1,2.4,587,42,89,350,2.3
1785836400000,GAS-01,28dc49c7-651a-4c08-b646-470d8c332f4d,958827.9,6010509.04,Watch,1,2.4,586,43,90,345,2.3
1785836460000,GAS-01,28dc49c7-651a-4c08-b646-470d8c332f4d,958827.9,6010509.04,Watch,1,2.3,591,43,91,348,2.2
1785836520000,GAS-01,28dc49c7-651a-4c08-b646-470d8c332f4d,958827.9,6010509.04,Watch,1,2.3,591,42,90,349,2.3
1785836580000,GAS-01,28dc49c7-651a-4c08-b646-470d8c332f4d,958827.9,6010509.04,Watch,1,2.3,590,42,91,353,2.3
1785836640000,GAS-01,28dc49c7-651a-4c08-b646-470d8c332f4d,958827.9,6010509.04,Watch,1,2.4,595,42,92,352,2.3
1785836700000,GAS-01,28dc49c7-651a-4c08-b646-470d8c332f4d,958827.9,6010509.04,Watch,1,2.4,596,42,93,355,2.3
1785836760000,GAS-01,28dc49c7-651a-4c08-b646-470d8c332f4d,958827.9,6010509.04,Watch,1,2.4,594,42,94,357,2.3
1785836820000,GAS-01,28dc49c7-651a-4c08-b646-470d8c332f4d,958827.9,6010509.04,Watch,1,2.4,590,42,94,356,2.3
1785836880000,GAS-01,28dc49c7-651a-4c08-b646-470d8c332f4d,958827.9,6010509.04,Watch,1,2.4,592,42,95,352,2.3
1785836940000,GAS-01,28dc49c7-651a-4c08-b646-470d8c332f4d,958827.9,6010509.04,Watch,1,2.4,592,42,94,348,2.3
1785837000000,GAS-01,28dc49c7-651a-4c08-b646-470d8c332f4d,958827.9,6010509.04,Watch,1,2.4,593,43,95,352,2.3
1785837060000,GAS-01,28dc49c7-651a-4c08-b646-470d8c332f4d,958827.9,6010509.04,Watch,1,2.4,593,43,94,350,2.3
1785837120000,GAS-01,28dc49c7-651a-4c08-b646-470d8c332f4d,958827.9,6010509.04,Watch,1,2.3,595,44,95,353,2.3
1785837180000,GAS-01,28dc49c7-651a-4c08-b646-470d8c332f4d,958827.9,6010509.04,Watch,1,2.3,594,43,95,352,2.3
1785837240000,GAS-01,28dc49c7-651a-4c08-b646-470d8c332f4d,958827.9,6010509.04,Watch,1,2.4,595,42,94,350,2.3
1785837300000,GAS-01,28dc49c7-651a-4c08-b646-470d8c332f4d,958827.9,6010509.04,Watch,1,2.4,597,42,95,355,2.3
1785837360000,GAS-01,28dc49c7-651a-4c08-b646-470d8c332f4d,958827.9,6010509.04,Watch,1,2.4,599,43,94,350,2.3
1785837420000,GAS-01,28dc49c7-651a-4c08-b646-470d8c332f4d,958827.9,6010509.04,Watch,1,2.3,602,43,95,349,2.3
1785837480000,GAS-01,28dc49c7-651a-4c08-b646-470d8c332f4d,958827.9,6010509.04,Watch,1,2.3,604,43,95,354,2.3
1785837540000,GAS-01,28dc49c7-651a-4c08-b646-470d8c332f4d,958827.9,6010509.04,Watch,1,2.3,599,43,95,350,2.3
1785837600000,GAS-01,28dc49c7-651a-4c08-b646-470d8c332f4d,958827.9,6010509.04,Watch,1,2.2,590,41,95,339,2.3
1785837660000,GAS-01,28dc49c7-651a-4c08-b646-470d8c332f4d,958827.9,6010509.04,Normal,0,2.1,583,40,94,327,2.3
1785837720000,GAS-01,28dc49c7-651a-4c08-b646-470d8c332f4d,958827.9,6010509.04,Normal,0,1.9,571,39,95,319,2.3
1785837780000,GAS-01,28dc49c7-651a-4c08-b646-470d8c332f4d,958827.9,6010509.04,Normal,0,1.9,567,38,95,308,2.2
1785837840000,GAS-01,28dc49c7-651a-4c08-b646-470d8c332f4d,958827.9,6010509.04,Normal,0,1.8,564,37,96,301,2.2
1785837900000,GAS-01,28dc49c7-651a-4c08-b646-470d8c332f4d,958827.9,6010509.04,Normal,0,1.7,554,37,98,292,2.2
1785837960000,GAS-01,28dc49c7-651a-4c08-b646-470d8c332f4d,958827.9,6010509.04,Normal,0,1.7,553,36,99,281,2.3
1785838020000,GAS-01,28dc49c7-651a-4c08-b646-470d8c332f4d,958827.9,6010509.04,Normal,0,1.7,545,36,100,280,2.2
1785838080000,GAS-01,28dc49c7-651a-4c08-b646-470d8c332f4d,958827.9,6010509.04,Normal,0,1.7,541,35,100,271,2.2
1785838140000,GAS-01,28dc49c7-651a-4c08-b646-470d8c332f4d,958827.9,6010509.04,Normal,0,1.6,538,35,100,265,2.2
1785838200000,GAS-01,28dc49c7-651a-4c08-b646-470d8c332f4d,958827.9,6010509.04,Watch,1,1.7,538,36,101,268,2.2
1785838260000,GAS-01,28dc49c7-651a-4c08-b646-470d8c332f4d,958827.9,6010509.04,Watch,1,1.7,540,35,100,269,2.2
1785838320000,GAS-01,28dc49c7-651a-4c08-b646-470d8c332f4d,958827.9,6010509.04,Normal,0,1.7,538,35,100,266,2.2
1785838380000,GAS-01,28dc49c7-651a-4c08-b646-470d8c332f4d,958827.9,6010509.04,Normal,0,1.6,538,35,100,261,2.2
1785838440000,GAS-01,28dc49c7-651a-4c08-b646-470d8c332f4d,958827.9,6010509.04,Watch,1,1.7,534,34,101,261,2.2
1785838500000,GAS-01,28dc49c7-651a-4c08-b646-470d8c332f4d,958827.9,6010509.04,Watch,1,1.6,534,34,101,261,2.2
1785838560000,GAS-01,28dc49c7-651a-4c08-b646-470d8c332f4d,958827.9,6010509.04,Normal,0,1.6,536,33,100,254,2.2
1785838620000,GAS-01,28dc49c7-651a-4c08-b646-470d8c332f4d,958827.9,6010509.04,Watch,1,1.6,535,33,100,257,2.2
1785838680000,GAS-01,28dc49c7-651a-4c08-b646-470d8c332f4d,958827.9,6010509.04,Watch,1,1.6,529,33,101,259,2.1
1785838740000,GAS-01,28dc49c7-651a-4c08-b646-470d8c332f4d,958827.9,6010509.04,Watch,1,1.5,531,33,102,257,2.1
1785838800000,GAS-01,28dc49c7-651a-4c08-b646-470d8c332f4d,958827.9,6010509.04,Watch,1,1.6,531,33,102,257,2.1
1785838860000,GAS-01,28dc49c7-651a-4c08-b646-470d8c332f4d,958827.9,6010509.04,Watch,1,1.6,528,32,103,254,2.1
1785838920000,GAS-01,28dc49c7-651a-4c08-b646-470d8c332f4d,958827.9,6010509.04,Watch,1,1.5,524,32,103,247,2.1
1785838980000,GAS-01,28dc49c7-651a-4c08-b646-470d8c332f4d,958827.9,6010509.04,Watch,1,1.5,525,32,104,245,2.1
1785839040000,GAS-01,28dc49c7-651a-4c08-b646-470d8c332f4d,958827.9,6010509.04,Watch,1,1.5,523,32,104,243,2.1
1785839100000,GAS-01,28dc49c7-651a-4c08-b646-470d8c332f4d,958827.9,6010509.04,Watch,1,1.5,524,32,103,248,2.1
1785839160000,GAS-01,28dc49c7-651a-4c08-b646-470d8c332f4d,958827.9,6010509.04,Watch,1,1.5,526,32,103,246,2.1
1785839220000,GAS-01,28dc49c7-651a-4c08-b646-470d8c332f4d,958827.9,6010509.04,Watch,1,1.5,522,33,102,242,2.1
1785839280000,GAS-01,28dc49c7-651a-4c08-b646-470d8c332f4d,958827.9,6010509.04,Watch,1,1.5,520,32,102,238,2.1
1785839340000,GAS-01,28dc49c7-651a-4c08-b646-470d8c332f4d,958827.9,6010509.04,Watch,1,1.5,522,32,102,234,2.1
1785839400000,GAS-01,28dc49c7-651a-4c08-b646-470d8c332f4d,958827.9,6010509.04,Watch,1,1.5,526,32,101,236,2.1
1785839460000,GAS-01,28dc49c7-651a-4c08-b646-470d8c332f4d,958827.9,6010509.04,Watch,1,1.5,524,32,102,237,2.1
1785839520000,GAS-01,28dc49c7-651a-4c08-b646-470d8c332f4d,958827.9,6010509.04,Watch,1,1.5,522,33,103,238,2.1
1785839580000,GAS-01,28dc49c7-651a-4c08-b646-470d8c332f4d,958827.9,6010509.04,Watch,1,1.5,526,32,103,245,2.1
1785839640000,GAS-01,28dc49c7-651a-4c08-b646-470d8c332f4d,958827.9,6010509.04,Watch,1,1.5,523,32,104,250,2.1
1785839700000,GAS-01,28dc49c7-651a-4c08-b646-470d8c332f4d,958827.9,6010509.04,Watch,1,1.5,520,32,104,250,2.1
1785839760000,GAS-01,28dc49c7-651a-4c08-b646-470d8c332f4d,958827.9,6010509.04,Watch,1,1.5,522,32,105,249,2.1
1785839820000,GAS-01,28dc49c7-651a-4c08-b646-470d8c332f4d,958827.9,6010509.04,Watch,1,1.4,523,32,104,254,2.1
1785839880000,GAS-01,28dc49c7-651a-4c08-b646-470d8c332f4d,958827.9,6010509.04,Watch,1,1.4,521,32,104,257,2.1
1785839940000,GAS-01,28dc49c7-651a-4c08-b646-470d8c332f4d,958827.9,6010509.04,Watch,1,1.5,520,32,103,254,2.1
1785840000000,GAS-01,28dc49c7-651a-4c08-b646-470d8c332f4d,958827.9,6010509.04,Watch,1,1.5,523,32,104,251,2.1
1785840060000,GAS-01,28dc49c7-651a-4c08-b646-470d8c332f4d,958827.9,6010509.04,Watch,1,1.4,522,32,104,246,2.1
1785840120000,GAS-01,28dc49c7-651a-4c08-b646-470d8c332f4d,958827.9,6010509.04,Watch,1,1.5,519,32,105,251,2.2
1785840180000,GAS-01,28dc49c7-651a-4c08-b646-470d8c332f4d,958827.9,6010509.04,Watch,1,1.4,519,32,106,254,2.2
1785840240000,GAS-01,28dc49c7-651a-4c08-b646-470d8c332f4d,958827.9,6010509.04,Watch,1,1.5,523,32,106,258,2.2
1785840300000,GAS-01,28dc49c7-651a-4c08-b646-470d8c332f4d,958827.9,6010509.04,Watch,1,1.5,527,32,106,257,2.2
1785840360000,GAS-01,28dc49c7-651a-4c08-b646-470d8c332f4d,958827.9,6010509.04,Watch,1,1.4,524,32,108,254,2.2
1785840420000,GAS-01,28dc49c7-651a-4c08-b646-470d8c332f4d,958827.9,6010509.04,Watch,1,1.5,522,31,109,249,2.2
1785840480000,GAS-01,28dc49c7-651a-4c08-b646-470d8c332f4d,958827.9,6010509.04,Watch,1,1.5,523,31,108,248,2.1
1785840540000,GAS-01,28dc49c7-651a-4c08-b646-470d8c332f4d,958827.9,6010509.04,Watch,1,1.5,524,32,108,242,2.2
1785840600000,GAS-01,28dc49c7-651a-4c08-b646-470d8c332f4d,958827.9,6010509.04,Watch,1,1.5,520,32,107,237,2.2
1785840660000,GAS-01,28dc49c7-651a-4c08-b646-470d8c332f4d,958827.9,6010509.04,Watch,1,1.5,519,32,107,234,2.2
1785840720000,GAS-01,28dc49c7-651a-4c08-b646-470d8c332f4d,958827.9,6010509.04,Watch,1,1.5,520,32,109,240,2.2
1785840780000,GAS-01,28dc49c7-651a-4c08-b646-470d8c332f4d,958827.9,6010509.04,Watch,1,1.5,518,32,110,242,2.2
1785840840000,GAS-01,28dc49c7-651a-4c08-b646-470d8c332f4d,958827.9,6010509.04,Watch,1,1.5,519,32,110,247,2.2
1785840900000,GAS-01,28dc49c7-651a-4c08-b646-470d8c332f4d,958827.9,6010509.04,Watch,1,1.4,522,33,111,250,2.2
1785840960000,GAS-01,28dc49c7-651a-4c08-b646-470d8c332f4d,958827.9,6010509.04,Watch,1,1.5,521,32,111,255,2.2
1785841020000,GAS-01,28dc49c7-651a-4c08-b646-470d8c332f4d,958827.9,6010509.04,Watch,1,1.5,521,32,110,251,2.2
1785841080000,GAS-01,28dc49c7-651a-4c08-b646-470d8c332f4d,958827.9,6010509.04,Watch,1,1.5,521,32,110,245,2.2
1785841140000,GAS-01,28dc49c7-651a-4c08-b646-470d8c332f4d,958827.9,6010509.04,Watch,1,1.6,520,32,110,240,2.2
1785841200000,GAS-01,28dc49c7-651a-4c08-b646-470d8c332f4d,958827.9,6010509.04,Watch,1,1.7,528,33,111,263,2.2
1785841260000,GAS-01,28dc49c7-651a-4c08-b646-470d8c332f4d,958827.9,6010509.04,Watch,1,1.7,541,34,111,280,2.3
1785841320000,GAS-01,28dc49c7-651a-4c08-b646-470d8c332f4d,958827.9,6010509.04,Watch,1,1.8,547,35,112,291,2.3
1785841380000,GAS-01,28dc49c7-651a-4c08-b646-470d8c332f4d,958827.9,6010509.04,Watch,1,1.9,552,36,112,303,2.3
1785841440000,GAS-01,28dc49c7-651a-4c08-b646-470d8c332f4d,958827.9,6010509.04,Watch,1,1.9,559,38,112,305,2.3
1785841500000,GAS-01,28dc49c7-651a-4c08-b646-470d8c332f4d,958827.9,6010509.04,Watch,1,2,560,39,111,312,2.3
1785841560000,GAS-01,28dc49c7-651a-4c08-b646-470d8c332f4d,958827.9,6010509.04,Watch,1,2.1,566,39,111,320,2.3
1785841620000,GAS-01,28dc49c7-651a-4c08-b646-470d8c332f4d,958827.9,6010509.04,Watch,1,2.1,571,39,110,321,2.3
1785841680000,GAS-01,28dc49c7-651a-4c08-b646-470d8c332f4d,958827.9,6010509.04,Watch,1,2.1,573,39,110,330,2.3
1785841740000,GAS-01,28dc49c7-651a-4c08-b646-470d8c332f4d,958827.9,6010509.04,Watch,1,2.1,577,40,112,334,2.3
1785841800000,GAS-01,28dc49c7-651a-4c08-b646-470d8c332f4d,958827.9,6010509.04,Watch,1,2.1,579,41,111,337,2.3
1785841860000,GAS-01,28dc49c7-651a-4c08-b646-470d8c332f4d,958827.9,6010509.04,Watch,1,2.1,580,40,111,335,2.3
1785841920000,GAS-01,28dc49c7-651a-4c08-b646-470d8c332f4d,958827.9,6010509.04,Watch,1,2.2,586,41,112,334,2.3
1785841980000,GAS-01,28dc49c7-651a-4c08-b646-470d8c332f4d,958827.9,6010509.04,Watch,1,2.2,590,42,113,334,2.3
1785842040000,GAS-01,28dc49c7-651a-4c08-b646-470d8c332f4d,958827.9,6010509.04,Watch,1,2.2,589,42,113,341,2.3
1785842100000,GAS-01,28dc49c7-651a-4c08-b646-470d8c332f4d,958827.9,6010509.04,Watch,1,2.2,594,42,112,339,2.3
1785842160000,GAS-01,28dc49c7-651a-4c08-b646-470d8c332f4d,958827.9,6010509.04,Watch,1,2.2,593,41,114,347,2.3
1785842220000,GAS-01,28dc49c7-651a-4c08-b646-470d8c332f4d,958827.9,6010509.04,Watch,1,2.2,590,41,115,346,2.3
1785842280000,GAS-01,28dc49c7-651a-4c08-b646-470d8c332f4d,958827.9,6010509.04,Watch,1,2.3,591,41,115,344,2.3
1785842340000,GAS-01,28dc49c7-651a-4c08-b646-470d8c332f4d,958827.9,6010509.04,Watch,1,2.3,592,41,114,347,2.3
1785842400000,GAS-01,28dc49c7-651a-4c08-b646-470d8c332f4d,958827.9,6010509.04,Watch,1,2.3,596,40,115,347,2.3
1785842460000,GAS-01,28dc49c7-651a-4c08-b646-470d8c332f4d,958827.9,6010509.04,Watch,1,2.2,596,41,115,347,2.3
1785842520000,GAS-01,28dc49c7-651a-4c08-b646-470d8c332f4d,958827.9,6010509.04,Watch,1,2.3,596,41,114,350,2.3
1785842580000,GAS-01,28dc49c7-651a-4c08-b646-470d8c332f4d,958827.9,6010509.04,Watch,1,2.3,596,41,114,350,2.3
1785842640000,GAS-01,28dc49c7-651a-4c08-b646-470d8c332f4d,958827.9,6010509.04,Watch,1,2.3,597,42,115,347,2.3
1785842700000,GAS-01,28dc49c7-651a-4c08-b646-470d8c332f4d,958827.9,6010509.04,Watch,1,2.3,595,42,115,351,2.3
1785842760000,GAS-01,28dc49c7-651a-4c08-b646-470d8c332f4d,958827.9,6010509.04,Watch,1,2.3,598,43,115,347,2.3
1785842820000,GAS-01,28dc49c7-651a-4c08-b646-470d8c332f4d,958827.9,6010509.04,Watch,1,2.3,593,42,115,349,2.3
1785842880000,GAS-01,28dc49c7-651a-4c08-b646-470d8c332f4d,958827.9,6010509.04,Watch,1,2.3,598,42,115,348,2.2
1785842940000,GAS-01,28dc49c7-651a-4c08-b646-470d8c332f4d,958827.9,6010509.04,Watch,1,2.3,596,42,117,346,2.3
1785843000000,GAS-01,28dc49c7-651a-4c08-b646-470d8c332f4d,958827.9,6010509.04,Watch,1,2.3,598,42,117,350,2.2
1785843060000,GAS-01,28dc49c7-651a-4c08-b646-470d8c332f4d,958827.9,6010509.04,Watch,1,2.3,594,42,116,356,2.3
1785843120000,GAS-01,28dc49c7-651a-4c08-b646-470d8c332f4d,958827.9,6010509.04,Watch,1,2.3,598,41,117,354,2.3
1785843180000,GAS-01,28dc49c7-651a-4c08-b646-470d8c332f4d,958827.9,6010509.04,Watch,1,2.3,597,41,117,352,2.3
1785843240000,GAS-01,28dc49c7-651a-4c08-b646-470d8c332f4d,958827.9,6010509.04,Watch,1,2.3,595,41,117,352,2.3
1785843300000,GAS-01,28dc49c7-651a-4c08-b646-470d8c332f4d,958827.9,6010509.04,Watch,1,2.3,593,42,117,358,2.3
1785843360000,GAS-01,28dc49c7-651a-4c08-b646-470d8c332f4d,958827.9,6010509.04,Watch,1,2.3,590,41,116,353,2.3
1785843420000,GAS-01,28dc49c7-651a-4c08-b646-470d8c332f4d,958827.9,6010509.04,Watch,1,2.3,591,41,116,347,2.3
1785843480000,GAS-01,28dc49c7-651a-4c08-b646-470d8c332f4d,958827.9,6010509.04,Watch,1,2.3,595,41,117,342,2.3
1785843540000,GAS-01,28dc49c7-651a-4c08-b646-470d8c332f4d,958827.9,6010509.04,Watch,1,2.3,597,42,116,340,2.3
1785843600000,GAS-01,28dc49c7-651a-4c08-b646-470d8c332f4d,958827.9,6010509.04,Watch,1,2.3,598,43,116,340,2.3
1785843660000,GAS-01,28dc49c7-651a-4c08-b646-470d8c332f4d,958827.9,6010509.04,Watch,1,2.3,597,43,116,346,2.3
1785843720000,GAS-01,28dc49c7-651a-4c08-b646-470d8c332f4d,958827.9,6010509.04,Watch,1,2.3,593,43,115,351,2.3
1785843780000,GAS-01,28dc49c7-651a-4c08-b646-470d8c332f4d,958827.9,6010509.04,Watch,1,2.3,591,43,115,351,2.3
1785843840000,GAS-01,28dc49c7-651a-4c08-b646-470d8c332f4d,958827.9,6010509.04,Watch,1,2.3,593,42,115,350,2.3
1785843900000,GAS-01,28dc49c7-651a-4c08-b646-470d8c332f4d,958827.9,6010509.04,Watch,1,2.3,594,43,115,352,2.3
1785843960000,GAS-01,28dc49c7-651a-4c08-b646-470d8c332f4d,958827.9,6010509.04,Watch,1,2.2,592,42,115,356,2.3
1785844020000,GAS-01,28dc49c7-651a-4c08-b646-470d8c332f4d,958827.9,6010509.04,Watch,1,2.2,592,43,117,350,2.3
1785844080000,GAS-01,28dc49c7-651a-4c08-b646-470d8c332f4d,958827.9,6010509.04,Watch,1,2.2,591,43,118,348,2.3
1785844140000,GAS-01,28dc49c7-651a-4c08-b646-470d8c332f4d,958827.9,6010509.04,Watch,1,2.2,590,43,119,354,2.3
1785844200000,GAS-01,28dc49c7-651a-4c08-b646-470d8c332f4d,958827.9,6010509.04,Watch,1,2.2,595,43,120,358,2.3
1785844260000,GAS-01,28dc49c7-651a-4c08-b646-470d8c332f4d,958827.9,6010509.04,Watch,1,2.2,594,42,121,353,2.3
1785844320000,GAS-01,28dc49c7-651a-4c08-b646-470d8c332f4d,958827.9,6010509.04,Watch,1,2.3,593,42,122,354,2.3
1785844380000,GAS-01,28dc49c7-651a-4c08-b646-470d8c332f4d,958827.9,6010509.04,Watch,1,2.3,595,43,120,350,2.3
1785844440000,GAS-01,28dc49c7-651a-4c08-b646-470d8c332f4d,958827.9,6010509.04,Watch,1,2.3,595,42,120,347,2.3
1785844500000,GAS-01,28dc49c7-651a-4c08-b646-470d8c332f4d,958827.9,6010509.04,Watch,1,2.3,596,43,119,348,2.3
1785844560000,GAS-01,28dc49c7-651a-4c08-b646-470d8c332f4d,958827.9,6010509.04,Watch,1,2.3,597,42,119,343,2.3
1785844620000,GAS-01,28dc49c7-651a-4c08-b646-470d8c332f4d,958827.9,6010509.04,Watch,1,2.3,599,41,119,343,2.3
1785844680000,GAS-01,28dc49c7-651a-4c08-b646-470d8c332f4d,958827.9,6010509.04,Watch,1,2.3,595,41,119,341,2.3
1785844740000,GAS-01,28dc49c7-651a-4c08-b646-470d8c332f4d,958827.9,6010509.04,Watch,1,2.3,595,41,120,344,2.3
1785844800000,GAS-01,28dc49c7-651a-4c08-b646-470d8c332f4d,958827.9,6010509.04,Watch,1,2.3,594,41,119,348,2.3
1785844860000,GAS-01,28dc49c7-651a-4c08-b646-470d8c332f4d,958827.9,6010509.04,Watch,1,2.3,594,41,120,350,2.3
1785844920000,GAS-01,28dc49c7-651a-4c08-b646-470d8c332f4d,958827.9,6010509.04,Watch,1,2.3,597,41,120,353,2.3
1785844980000,GAS-01,28dc49c7-651a-4c08-b646-470d8c332f4d,958827.9,6010509.04,Watch,1,2.3,596,41,121,356,2.4
1785845040000,GAS-01,28dc49c7-651a-4c08-b646-470d8c332f4d,958827.9,6010509.04,Watch,1,2.3,595,41,120,354,2.4
1785845100000,GAS-01,28dc49c7-651a-4c08-b646-470d8c332f4d,958827.9,6010509.04,Watch,1,2.3,593,41,121,350,2.4
1785845160000,GAS-01,28dc49c7-651a-4c08-b646-470d8c332f4d,958827.9,6010509.04,Watch,1,2.3,594,41,122,347,2.3
1785845220000,GAS-01,28dc49c7-651a-4c08-b646-470d8c332f4d,958827.9,6010509.04,Watch,1,2.3,596,42,121,352,2.3
1785845280000,GAS-01,28dc49c7-651a-4c08-b646-470d8c332f4d,958827.9,6010509.04,Watch,1,2.4,596,41,121,354,2.3
1785845340000,GAS-01,28dc49c7-651a-4c08-b646-470d8c332f4d,958827.9,6010509.04,Watch,1,2.4,595,41,121,359,2.4
1785845400000,GAS-01,28dc49c7-651a-4c08-b646-470d8c332f4d,958827.9,6010509.04,Watch,1,2.3,596,41,121,355,2.4
1785845460000,GAS-01,28dc49c7-651a-4c08-b646-470d8c332f4d,958827.9,6010509.04,Watch,1,2.4,593,40,120,351,2.3
1785845520000,GAS-01,28dc49c7-651a-4c08-b646-470d8c332f4d,958827.9,6010509.04,Watch,1,2.3,592,41,121,352,2.3
1785845580000,GAS-01,28dc49c7-651a-4c08-b646-470d8c332f4d,958827.9,6010509.04,Watch,1,2.3,594,41,122,355,2.3
1785845640000,GAS-01,28dc49c7-651a-4c08-b646-470d8c332f4d,958827.9,6010509.04,Watch,1,2.3,596,42,122,360,2.3
1785845700000,GAS-01,28dc49c7-651a-4c08-b646-470d8c332f4d,958827.9,6010509.04,Watch,1,2.3,594,42,123,360,2.3
1785845760000,GAS-01,28dc49c7-651a-4c08-b646-470d8c332f4d,958827.9,6010509.04,Watch,1,2.3,597,42,124,356,2.3
1785845820000,GAS-01,28dc49c7-651a-4c08-b646-470d8c332f4d,958827.9,6010509.04,Watch,1,2.3,600,42,125,361,2.3
1785845880000,GAS-01,28dc49c7-651a-4c08-b646-470d8c332f4d,958827.9,6010509.04,Watch,1,2.3,596,42,125,355,2.3
1785845940000,GAS-01,28dc49c7-651a-4c08-b646-470d8c332f4d,958827.9,6010509.04,Watch,1,2.3,595,41,125,360,2.3
1785846000000,GAS-01,28dc49c7-651a-4c08-b646-470d8c332f4d,958827.9,6010509.04,Watch,1,2.2,593,42,124,360,2.3
1785846060000,GAS-01,28dc49c7-651a-4c08-b646-470d8c332f4d,958827.9,6010509.04,Watch,1,2.3,591,41,124,358,2.4
1785846120000,GAS-01,28dc49c7-651a-4c08-b646-470d8c332f4d,958827.9,6010509.04,Watch,1,2.3,591,42,124,356,2.3
1785846180000,GAS-01,28dc49c7-651a-4c08-b646-470d8c332f4d,958827.9,6010509.04,Watch,1,2.3,588,42,124,353,2.3
1785846240000,GAS-01,28dc49c7-651a-4c08-b646-470d8c332f4d,958827.9,6010509.04,Watch,1,2.3,593,41,123,351,2.3
1785846300000,GAS-01,28dc49c7-651a-4c08-b646-470d8c332f4d,958827.9,6010509.04,Watch,1,2.3,592,41,124,346,2.3
1785846360000,GAS-01,28dc49c7-651a-4c08-b646-470d8c332f4d,958827.9,6010509.04,Watch,1,2.3,592,42,123,343,2.3
1785846420000,GAS-01,28dc49c7-651a-4c08-b646-470d8c332f4d,958827.9,6010509.04,Watch,1,2.3,596,43,122,348,2.3
1785846480000,GAS-01,28dc49c7-651a-4c08-b646-470d8c332f4d,958827.9,6010509.04,Watch,1,2.4,593,42,121,355,2.3
1785846540000,GAS-01,28dc49c7-651a-4c08-b646-470d8c332f4d,958827.9,6010509.04,Watch,1,2.3,591,43,122,355,2.3
1785846600000,GAS-01,28dc49c7-651a-4c08-b646-470d8c332f4d,958827.9,6010509.04,Watch,1,2.3,591,43,124,351,2.3
1785846660000,GAS-01,28dc49c7-651a-4c08-b646-470d8c332f4d,958827.9,6010509.04,Watch,1,2.3,590,44,124,348,2.3
1785846720000,GAS-01,28dc49c7-651a-4c08-b646-470d8c332f4d,958827.9,6010509.04,Watch,1,2.3,591,44,124,352,2.3
1785846780000,GAS-01,28dc49c7-651a-4c08-b646-470d8c332f4d,958827.9,6010509.04,Watch,1,2.3,593,44,124,347,2.3
1785846840000,GAS-01,28dc49c7-651a-4c08-b646-470d8c332f4d,958827.9,6010509.04,Watch,1,2.3,591,43,124,353,2.3
1785846900000,GAS-01,28dc49c7-651a-4c08-b646-470d8c332f4d,958827.9,6010509.04,Watch,1,2.3,595,43,125,354,2.3
1785846960000,GAS-01,28dc49c7-651a-4c08-b646-470d8c332f4d,958827.9,6010509.04,Watch,1,2.3,592,44,125,350,2.3
1785847020000,GAS-01,28dc49c7-651a-4c08-b646-470d8c332f4d,958827.9,6010509.04,Watch,1,2.3,595,43,126,349,2.3
1785847080000,GAS-01,28dc49c7-651a-4c08-b646-470d8c332f4d,958827.9,6010509.04,Watch,1,2.3,593,43,126,345,2.3
1785847140000,GAS-01,28dc49c7-651a-4c08-b646-470d8c332f4d,958827.9,6010509.04,Watch,1,2.3,593,42,127,351,2.3
1785847200000,GAS-01,28dc49c7-651a-4c08-b646-470d8c332f4d,958827.9,6010509.04,Watch,1,2.3,597,42,126,356,2.3
1785847260000,GAS-01,28dc49c7-651a-4c08-b646-470d8c332f4d,958827.9,6010509.04,Watch,1,2.4,599,43,126,353,2.3
1785847320000,GAS-01,28dc49c7-651a-4c08-b646-470d8c332f4d,958827.9,6010509.04,Watch,1,2.4,597,42,126,350,2.3
1785847380000,GAS-01,28dc49c7-651a-4c08-b646-470d8c332f4d,958827.9,6010509.04,Watch,1,2.4,593,42,125,355,2.3
1785847440000,GAS-01,28dc49c7-651a-4c08-b646-470d8c332f4d,958827.9,6010509.04,Watch,1,2.4,591,43,125,351,2.3
1785847500000,GAS-01,28dc49c7-651a-4c08-b646-470d8c332f4d,958827.9,6010509.04,Watch,1,2.3,588,43,125,346,2.3
1785847560000,GAS-01,28dc49c7-651a-4c08-b646-470d8c332f4d,958827.9,6010509.04,Watch,1,2.3,586,43,124,346,2.3
1785847620000,GAS-01,28dc49c7-651a-4c08-b646-470d8c332f4d,958827.9,6010509.04,Watch,1,2.3,585,42,124,350,2.3
1785847680000,GAS-01,28dc49c7-651a-4c08-b646-470d8c332f4d,958827.9,6010509.04,Watch,1,2.3,586,42,124,349,2.3
1785847740000,GAS-01,28dc49c7-651a-4c08-b646-470d8c332f4d,958827.9,6010509.04,Watch,1,2.3,588,42,124,346,2.3
1785847800000,GAS-01,28dc49c7-651a-4c08-b646-470d8c332f4d,958827.9,6010509.04,Watch,1,2.3,586,42,123,353,2.3
1785847860000,GAS-01,28dc49c7-651a-4c08-b646-470d8c332f4d,958827.9,6010509.04,Watch,1,2.3,591,42,122,346,2.3
1785847920000,GAS-01,28dc49c7-651a-4c08-b646-470d8c332f4d,958827.9,6010509.04,Watch,1,2.3,589,41,123,345,2.3
1785847980000,GAS-01,28dc49c7-651a-4c08-b646-470d8c332f4d,958827.9,6010509.04,Watch,1,2.3,589,42,122,351,2.3
1785848040000,GAS-01,28dc49c7-651a-4c08-b646-470d8c332f4d,958827.9,6010509.04,Watch,1,2.3,590,43,121,351,2.3
1785848100000,GAS-01,28dc49c7-651a-4c08-b646-470d8c332f4d,958827.9,6010509.04,Watch,1,2.3,592,43,123,353,2.3
1785848160000,GAS-01,28dc49c7-651a-4c08-b646-470d8c332f4d,958827.9,6010509.04,Watch,1,2.3,595,42,122,349,2.3
1785848220000,GAS-01,28dc49c7-651a-4c08-b646-470d8c332f4d,958827.9,6010509.04,Watch,1,2.3,598,43,122,352,2.3
1785848280000,GAS-01,28dc49c7-651a-4c08-b646-470d8c332f4d,958827.9,6010509.04,Watch,1,2.4,599,43,123,349,2.3
1785848340000,GAS-01,28dc49c7-651a-4c08-b646-470d8c332f4d,958827.9,6010509.04,Watch,1,2.4,598,42,123,351,2.3
1785848400000,GAS-01,28dc49c7-651a-4c08-b646-470d8c332f4d,958827.9,6010509.04,Watch,1,2.3,599,43,122,351,2.3
1785848460000,GAS-01,28dc49c7-651a-4c08-b646-470d8c332f4d,958827.9,6010509.04,Watch,1,2.3,601,43,121,347,2.3
1785848520000,GAS-01,28dc49c7-651a-4c08-b646-470d8c332f4d,958827.9,6010509.04,Watch,1,2.3,597,42,121,346,2.3
1785848580000,GAS-01,28dc49c7-651a-4c08-b646-470d8c332f4d,958827.9,6010509.04,Watch,1,2.3,593,41,122,349,2.3
1785848640000,GAS-01,28dc49c7-651a-4c08-b646-470d8c332f4d,958827.9,6010509.04,Watch,1,2.2,596,41,121,349,2.3
1785848700000,GAS-01,28dc49c7-651a-4c08-b646-470d8c332f4d,958827.9,6010509.04,Watch,1,2.2,595,42,122,351,2.3
1785848760000,GAS-01,28dc49c7-651a-4c08-b646-470d8c332f4d,958827.9,6010509.04,Watch,1,2.3,595,42,123,346,2.3
1785848820000,GAS-01,28dc49c7-651a-4c08-b646-470d8c332f4d,958827.9,6010509.04,Watch,1,2.3,592,43,124,347,2.3
1785848880000,GAS-01,28dc49c7-651a-4c08-b646-470d8c332f4d,958827.9,6010509.04,Watch,1,2.3,596,42,123,346,2.3
1785848940000,GAS-01,28dc49c7-651a-4c08-b646-470d8c332f4d,958827.9,6010509.04,Watch,1,2.3,592,42,125,351,2.3
1785849000000,GAS-01,28dc49c7-651a-4c08-b646-470d8c332f4d,958827.9,6010509.04,Watch,1,2.3,593,42,125,346,2.3
1785849060000,GAS-01,28dc49c7-651a-4c08-b646-470d8c332f4d,958827.9,6010509.04,Watch,1,2.3,590,41,125,349,2.3
1785849120000,GAS-01,28dc49c7-651a-4c08-b646-470d8c332f4d,958827.9,6010509.04,Watch,1,2.3,589,41,124,350,2.3
1785849180000,GAS-01,28dc49c7-651a-4c08-b646-470d8c332f4d,958827.9,6010509.04,Watch,1,2.3,590,41,123,350,2.2
1785849240000,GAS-01,28dc49c7-651a-4c08-b646-470d8c332f4d,958827.9,6010509.04,Watch,1,2.3,591,41,124,350,2.2
1785849300000,GAS-01,28dc49c7-651a-4c08-b646-470d8c332f4d,958827.9,6010509.04,Watch,1,2.4,588,42,123,355,2.2
1785849360000,GAS-01,28dc49c7-651a-4c08-b646-470d8c332f4d,958827.9,6010509.04,Watch,1,2.4,589,42,123,349,2.2
1785849420000,GAS-01,28dc49c7-651a-4c08-b646-470d8c332f4d,958827.9,6010509.04,Watch,1,2.4,593,42,123,347,2.3
1785849480000,GAS-01,28dc49c7-651a-4c08-b646-470d8c332f4d,958827.9,6010509.04,Watch,1,2.4,593,42,123,348,2.3
1785849540000,GAS-01,28dc49c7-651a-4c08-b646-470d8c332f4d,958827.9,6010509.04,Watch,1,2.4,591,41,123,350,2.3
1785849600000,GAS-01,28dc49c7-651a-4c08-b646-470d8c332f4d,958827.9,6010509.04,Watch,1,2.4,595,41,122,346,2.3
1785849660000,GAS-01,28dc49c7-651a-4c08-b646-470d8c332f4d,958827.9,6010509.04,Watch,1,2.4,594,41,123,349,2.3
1785849720000,GAS-01,28dc49c7-651a-4c08-b646-470d8c332f4d,958827.9,6010509.04,Watch,1,2.4,598,41,123,351,2.3
1785849780000,GAS-01,28dc49c7-651a-4c08-b646-470d8c332f4d,958827.9,6010509.04,Watch,1,2.4,598,41,124,351,2.3
1785849840000,GAS-01,28dc49c7-651a-4c08-b646-470d8c332f4d,958827.9,6010509.04,Watch,1,2.4,598,41,123,346,2.3
1785849900000,GAS-01,28dc49c7-651a-4c08-b646-470d8c332f4d,958827.9,6010509.04,Watch,1,2.4,598,41,123,345,2.2
1785849960000,GAS-01,28dc49c7-651a-4c08-b646-470d8c332f4d,958827.9,6010509.04,Watch,1,2.4,595,41,124,345,2.2
1785850020000,GAS-01,28dc49c7-651a-4c08-b646-470d8c332f4d,958827.9,6010509.04,Watch,1,2.4,595,41,124,343,2.2
1785850080000,GAS-01,28dc49c7-651a-4c08-b646-470d8c332f4d,958827.9,6010509.04,Watch,1,2.3,594,42,124,342,2.2
1785850140000,GAS-01,28dc49c7-651a-4c08-b646-470d8c332f4d,958827.9,6010509.04,Watch,1,2.3,592,41,124,341,2.2
1785850200000,GAS-01,28dc49c7-651a-4c08-b646-470d8c332f4d,958827.9,6010509.04,Watch,1,2.3,595,42,125,339,2.2
1785850260000,GAS-01,28dc49c7-651a-4c08-b646-470d8c332f4d,958827.9,6010509.04,Watch,1,2.3,598,43,125,337,2.3
1785850320000,GAS-01,28dc49c7-651a-4c08-b646-470d8c332f4d,958827.9,6010509.04,Watch,1,2.3,597,43,126,343,2.3
1785850380000,GAS-01,28dc49c7-651a-4c08-b646-470d8c332f4d,958827.9,6010509.04,Watch,1,2.3,596,44,126,349,2.3
1785850440000,GAS-01,28dc49c7-651a-4c08-b646-470d8c332f4d,958827.9,6010509.04,Watch,1,2.3,592,43,126,349,2.3
1785850500000,GAS-01,28dc49c7-651a-4c08-b646-470d8c332f4d,958827.9,6010509.04,Watch,1,2.2,596,42,126,346,2.3
1785850560000,GAS-01,28dc49c7-651a-4c08-b646-470d8c332f4d,958827.9,6010509.04,Watch,1,2.2,596,42,125,346,2.3
1785850620000,GAS-01,28dc49c7-651a-4c08-b646-470d8c332f4d,958827.9,6010509.04,Watch,1,2.2,599,41,124,350,2.3
1785850680000,GAS-01,28dc49c7-651a-4c08-b646-470d8c332f4d,958827.9,6010509.04,Watch,1,2.3,600,41,123,348,2.3
1785850740000,GAS-01,28dc49c7-651a-4c08-b646-470d8c332f4d,958827.9,6010509.04,Watch,1,2.2,603,42,123,346,2.3
1785850800000,GAS-01,28dc49c7-651a-4c08-b646-470d8c332f4d,958827.9,6010509.04,Watch,1,2.2,603,42,124,343,2.2
1785850860000,GAS-01,28dc49c7-651a-4c08-b646-470d8c332f4d,958827.9,6010509.04,Watch,1,2.2,598,42,123,342,2.2
1785850920000,GAS-01,28dc49c7-651a-4c08-b646-470d8c332f4d,958827.9,6010509.04,Watch,1,2.2,596,43,123,337,2.2
1785850980000,GAS-01,28dc49c7-651a-4c08-b646-470d8c332f4d,958827.9,6010509.04,Watch,1,2.2,597,43,122,341,2.2
1785851040000,GAS-01,28dc49c7-651a-4c08-b646-470d8c332f4d,958827.9,6010509.04,Watch,1,2.2,597,44,122,347,2.2
1785851100000,GAS-01,28dc49c7-651a-4c08-b646-470d8c332f4d,958827.9,6010509.04,Watch,1,2.2,598,43,122,350,2.3
1785851160000,GAS-01,28dc49c7-651a-4c08-b646-470d8c332f4d,958827.9,6010509.04,Watch,1,2.2,595,42,122,345,2.3
1785851220000,GAS-01,28dc49c7-651a-4c08-b646-470d8c332f4d,958827.9,6010509.04,Watch,1,2.2,596,43,123,345,2.3
1785851280000,GAS-01,28dc49c7-651a-4c08-b646-470d8c332f4d,958827.9,6010509.04,Watch,1,2.3,598,43,122,351,2.3
1785851340000,GAS-01,28dc49c7-651a-4c08-b646-470d8c332f4d,958827.9,6010509.04,Watch,1,2.3,600,42,123,352,2.3
1785851400000,GAS-01,28dc49c7-651a-4c08-b646-470d8c332f4d,958827.9,6010509.04,Watch,1,2.3,596,43,123,356,2.3
1785851460000,GAS-01,28dc49c7-651a-4c08-b646-470d8c332f4d,958827.9,6010509.04,Watch,1,2.3,598,43,122,352,2.3
1785851520000,GAS-01,28dc49c7-651a-4c08-b646-470d8c332f4d,958827.9,6010509.04,Watch,1,2.3,601,44,123,356,2.3
1785851580000,GAS-01,28dc49c7-651a-4c08-b646-470d8c332f4d,958827.9,6010509.04,Watch,1,2.4,603,44,123,356,2.3
1785851640000,GAS-01,28dc49c7-651a-4c08-b646-470d8c332f4d,958827.9,6010509.04,Watch,1,2.3,599,43,121,355,2.3
1785851700000,GAS-01,28dc49c7-651a-4c08-b646-470d8c332f4d,958827.9,6010509.04,Watch,1,2.3,597,43,121,360,2.3
1785851760000,GAS-01,28dc49c7-651a-4c08-b646-470d8c332f4d,958827.9,6010509.04,Watch,1,2.3,594,43,122,362,2.3
1785851820000,GAS-01,28dc49c7-651a-4c08-b646-470d8c332f4d,958827.9,6010509.04,Watch,1,2.3,595,43,121,360,2.3
1785851880000,GAS-01,28dc49c7-651a-4c08-b646-470d8c332f4d,958827.9,6010509.04,Watch,1,2.3,599,43,122,362,2.3
1785851940000,GAS-01,28dc49c7-651a-4c08-b646-470d8c332f4d,958827.9,6010509.04,Watch,1,2.3,599,43,122,360,2.3
1785852000000,GAS-01,28dc49c7-651a-4c08-b646-470d8c332f4d,958827.9,6010509.04,Watch,1,2.4,595,43,122,361,2.3
1785852060000,GAS-01,28dc49c7-651a-4c08-b646-470d8c332f4d,958827.9,6010509.04,Watch,1,2.3,591,43,122,354,2.3
1785852120000,GAS-01,28dc49c7-651a-4c08-b646-470d8c332f4d,958827.9,6010509.04,Watch,1,2.3,589,43,121,355,2.3
1785852180000,GAS-01,28dc49c7-651a-4c08-b646-470d8c332f4d,958827.9,6010509.04,Watch,1,2.3,588,43,120,354,2.3
1785852240000,GAS-01,28dc49c7-651a-4c08-b646-470d8c332f4d,958827.9,6010509.04,Watch,1,2.3,590,43,121,353,2.3
1785852300000,GAS-01,28dc49c7-651a-4c08-b646-470d8c332f4d,958827.9,6010509.04,Watch,1,2.3,587,43,121,356,2.3
1785852360000,GAS-01,28dc49c7-651a-4c08-b646-470d8c332f4d,958827.9,6010509.04,Watch,1,2.3,583,43,120,358,2.3
1785852420000,GAS-01,28dc49c7-651a-4c08-b646-470d8c332f4d,958827.9,6010509.04,Watch,1,2.3,582,43,119,352,2.3
1785852480000,GAS-01,28dc49c7-651a-4c08-b646-470d8c332f4d,958827.9,6010509.04,Watch,1,2.3,582,42,120,353,2.3
1785852540000,GAS-01,28dc49c7-651a-4c08-b646-470d8c332f4d,958827.9,6010509.04,Watch,1,2.3,583,42,119,349,2.3
1785852600000,GAS-01,28dc49c7-651a-4c08-b646-470d8c332f4d,958827.9,6010509.04,Watch,1,2.2,579,42,118,349,2.3
1785852660000,GAS-01,28dc49c7-651a-4c08-b646-470d8c332f4d,958827.9,6010509.04,Watch,1,2.2,582,42,118,342,2.3
1785852720000,GAS-01,28dc49c7-651a-4c08-b646-470d8c332f4d,958827.9,6010509.04,Watch,1,2.2,582,41,118,338,2.3
1785852780000,GAS-01,28dc49c7-651a-4c08-b646-470d8c332f4d,958827.9,6010509.04,Watch,1,2.2,579,41,117,331,2.2
1785852840000,GAS-01,28dc49c7-651a-4c08-b646-470d8c332f4d,958827.9,6010509.04,Watch,1,2.2,579,41,118,333,2.2
1785852900000,GAS-01,28dc49c7-651a-4c08-b646-470d8c332f4d,958827.9,6010509.04,Watch,1,2.2,574,40,119,325,2.3
1785852960000,GAS-01,28dc49c7-651a-4c08-b646-470d8c332f4d,958827.9,6010509.04,Watch,1,2.1,572,40,119,318,2.2
1785853020000,GAS-01,28dc49c7-651a-4c08-b646-470d8c332f4d,958827.9,6010509.04,Watch,1,2.1,573,40,118,317,2.2
1785853080000,GAS-01,28dc49c7-651a-4c08-b646-470d8c332f4d,958827.9,6010509.04,Watch,1,2.1,570,40,119,312,2.3
1785853140000,GAS-01,28dc49c7-651a-4c08-b646-470d8c332f4d,958827.9,6010509.04,Watch,1,2.1,567,40,118,306,2.3
1785853200000,GAS-01,28dc49c7-651a-4c08-b646-470d8c332f4d,958827.9,6010509.04,Watch,1,2.1,566,40,118,310,2.3
1785853260000,GAS-01,28dc49c7-651a-4c08-b646-470d8c332f4d,958827.9,6010509.04,Watch,1,2,563,39,118,312,2.3
1785853320000,GAS-01,28dc49c7-651a-4c08-b646-470d8c332f4d,958827.9,6010509.04,Watch,1,2,559,38,118,309,2.3
1785853380000,GAS-01,28dc49c7-651a-4c08-b646-470d8c332f4d,958827.9,6010509.04,Watch,1,2,555,38,117,313,2.3
1785853440000,GAS-01,28dc49c7-651a-4c08-b646-470d8c332f4d,958827.9,6010509.04,Watch,1,2,555,37,117,308,2.3
1785853500000,GAS-01,28dc49c7-651a-4c08-b646-470d8c332f4d,958827.9,6010509.04,Watch,1,2,558,37,117,310,2.2
1785853560000,GAS-01,28dc49c7-651a-4c08-b646-470d8c332f4d,958827.9,6010509.04,Watch,1,1.9,557,36,117,307,2.3
1785853620000,GAS-01,28dc49c7-651a-4c08-b646-470d8c332f4d,958827.9,6010509.04,Watch,1,1.9,559,36,117,300,2.2
1785853680000,GAS-01,28dc49c7-651a-4c08-b646-470d8c332f4d,958827.9,6010509.04,Watch,1,1.9,555,36,118,300,2.2
1785853740000,GAS-01,28dc49c7-651a-4c08-b646-470d8c332f4d,958827.9,6010509.04,Watch,1,1.8,551,36,117,298,2.2
1785853800000,GAS-01,28dc49c7-651a-4c08-b646-470d8c332f4d,958827.9,6010509.04,Watch,1,1.8,549,35,118,299,2.2
1785853860000,GAS-01,28dc49c7-651a-4c08-b646-470d8c332f4d,958827.9,6010509.04,Watch,1,1.8,550,34,118,299,2.2
1785853920000,GAS-01,28dc49c7-651a-4c08-b646-470d8c332f4d,958827.9,6010509.04,Watch,1,1.8,547,35,118,289,2.2
1785853980000,GAS-01,28dc49c7-651a-4c08-b646-470d8c332f4d,958827.9,6010509.04,Watch,1,1.8,545,34,119,288,2.2
1785854040000,GAS-01,28dc49c7-651a-4c08-b646-470d8c332f4d,958827.9,6010509.04,Watch,1,1.8,547,34,118,289,2.2
1785854100000,GAS-01,28dc49c7-651a-4c08-b646-470d8c332f4d,958827.9,6010509.04,Watch,1,1.8,541,34,119,280,2.2
1785854160000,GAS-01,28dc49c7-651a-4c08-b646-470d8c332f4d,958827.9,6010509.04,Watch,1,1.8,537,35,119,271,2.2
1785854220000,GAS-01,28dc49c7-651a-4c08-b646-470d8c332f4d,958827.9,6010509.04,Watch,1,1.7,535,35,118,272,2.2
1785854280000,GAS-01,28dc49c7-651a-4c08-b646-470d8c332f4d,958827.9,6010509.04,Watch,1,1.7,535,35,117,271,2.2
1785854340000,GAS-01,28dc49c7-651a-4c08-b646-470d8c332f4d,958827.9,6010509.04,Watch,1,1.7,535,35,116,273,2.2
1785854400000,GAS-01,28dc49c7-651a-4c08-b646-470d8c332f4d,958827.9,6010509.04,Watch,1,1.7,534,34,115,271,2.2
1785854460000,GAS-01,28dc49c7-651a-4c08-b646-470d8c332f4d,958827.9,6010509.04,Watch,1,1.7,531,34,114,262,2.2
1785854520000,GAS-01,28dc49c7-651a-4c08-b646-470d8c332f4d,958827.9,6010509.04,Watch,1,1.7,527,34,115,259,2.2
1785854580000,GAS-01,28dc49c7-651a-4c08-b646-470d8c332f4d,958827.9,6010509.04,Watch,1,1.7,530,33,114,252,2.2
1785854640000,GAS-01,28dc49c7-651a-4c08-b646-470d8c332f4d,958827.9,6010509.04,Watch,1,1.6,529,33,114,248,2.2
1785854700000,GAS-01,28dc49c7-651a-4c08-b646-470d8c332f4d,958827.9,6010509.04,Watch,1,1.6,527,33,115,243,2.2
1785854760000,GAS-01,28dc49c7-651a-4c08-b646-470d8c332f4d,958827.9,6010509.04,Watch,1,1.6,527,32,116,247,2.1
1785854820000,GAS-01,28dc49c7-651a-4c08-b646-470d8c332f4d,958827.9,6010509.04,Watch,1,1.6,522,32,116,251,2.1
1785854880000,GAS-01,28dc49c7-651a-4c08-b646-470d8c332f4d,958827.9,6010509.04,Watch,1,1.6,523,32,115,244,2.1
1785854940000,GAS-01,28dc49c7-651a-4c08-b646-470d8c332f4d,958827.9,6010509.04,Watch,1,1.6,523,32,114,236,2.1
1785855000000,GAS-01,28dc49c7-651a-4c08-b646-470d8c332f4d,958827.9,6010509.04,Watch,1,1.6,522,31,115,231,2.1
1785855060000,GAS-01,28dc49c7-651a-4c08-b646-470d8c332f4d,958827.9,6010509.04,Watch,1,1.5,516,31,115,226,2.1
1785855120000,GAS-01,28dc49c7-651a-4c08-b646-470d8c332f4d,958827.9,6010509.04,Watch,1,1.5,512,30,113,219,2.1
1785855180000,GAS-01,28dc49c7-651a-4c08-b646-470d8c332f4d,958827.9,6010509.04,Watch,1,1.5,508,30,114,221,2.1
1785855240000,GAS-01,28dc49c7-651a-4c08-b646-470d8c332f4d,958827.9,6010509.04,Watch,1,1.5,508,30,114,226,2.1
1785855300000,GAS-01,28dc49c7-651a-4c08-b646-470d8c332f4d,958827.9,6010509.04,Watch,1,1.5,509,29,114,221,2.1
1785855360000,GAS-01,28dc49c7-651a-4c08-b646-470d8c332f4d,958827.9,6010509.04,Watch,1,1.4,510,28,114,216,2.1
1785855420000,GAS-01,28dc49c7-651a-4c08-b646-470d8c332f4d,958827.9,6010509.04,Watch,1,1.4,512,28,114,220,2
1785855480000,GAS-01,28dc49c7-651a-4c08-b646-470d8c332f4d,958827.9,6010509.04,Watch,1,1.4,513,28,115,222,2.1
1785855540000,GAS-01,28dc49c7-651a-4c08-b646-470d8c332f4d,958827.9,6010509.04,Watch,1,1.3,513,27,115,219,2.1
1785855600000,GAS-01,28dc49c7-651a-4c08-b646-470d8c332f4d,958827.9,6010509.04,Watch,1,1.3,507,27,114,222,2
1785855660000,GAS-01,28dc49c7-651a-4c08-b646-470d8c332f4d,958827.9,6010509.04,Watch,1,1.3,501,27,115,216,2
1785855720000,GAS-01,28dc49c7-651a-4c08-b646-470d8c332f4d,958827.9,6010509.04,Watch,1,1.2,502,27,115,213,2
1785855780000,GAS-01,28dc49c7-651a-4c08-b646-470d8c332f4d,958827.9,6010509.04,Watch,1,1.3,498,27,114,213,2
1785855840000,GAS-01,28dc49c7-651a-4c08-b646-470d8c332f4d,958827.9,6010509.04,Watch,1,1.3,498,27,114,212,2
1785855900000,GAS-01,28dc49c7-651a-4c08-b646-470d8c332f4d,958827.9,6010509.04,Watch,1,1.3,493,27,114,211,2
1785855960000,GAS-01,28dc49c7-651a-4c08-b646-470d8c332f4d,958827.9,6010509.04,Watch,1,1.2,495,27,113,204,2
1785856020000,GAS-01,28dc49c7-651a-4c08-b646-470d8c332f4d,958827.9,6010509.04,Watch,1,1.2,494,27,113,207,2
1785856080000,GAS-01,28dc49c7-651a-4c08-b646-470d8c332f4d,958827.9,6010509.04,Watch,1,1.2,488,26,112,208,2
1785856140000,GAS-01,28dc49c7-651a-4c08-b646-470d8c332f4d,958827.9,6010509.04,Watch,1,1.2,485,27,112,201,2
1785856200000,GAS-01,28dc49c7-651a-4c08-b646-470d8c332f4d,958827.9,6010509.04,Watch,1,1.2,481,27,112,202,2
1785856260000,GAS-01,28dc49c7-651a-4c08-b646-470d8c332f4d,958827.9,6010509.04,Watch,1,1.1,480,27,111,203,2
1785856320000,GAS-01,28dc49c7-651a-4c08-b646-470d8c332f4d,958827.9,6010509.04,Watch,1,1.1,478,26,111,197,2
1785856380000,GAS-01,28dc49c7-651a-4c08-b646-470d8c332f4d,958827.9,6010509.04,Watch,1,1.1,474,27,112,196,2
1785856440000,GAS-01,28dc49c7-651a-4c08-b646-470d8c332f4d,958827.9,6010509.04,Watch,1,1,475,26,111,195,2
1785856500000,GAS-01,28dc49c7-651a-4c08-b646-470d8c332f4d,958827.9,6010509.04,Watch,1,0.9,470,25,110,192,2
1785856560000,GAS-01,28dc49c7-651a-4c08-b646-470d8c332f4d,958827.9,6010509.04,Watch,1,0.9,471,25,110,193,2
1785856620000,GAS-01,28dc49c7-651a-4c08-b646-470d8c332f4d,958827.9,6010509.04,Watch,1,0.9,472,24,110,183,2
1785856680000,GAS-01,28dc49c7-651a-4c08-b646-470d8c332f4d,958827.9,6010509.04,Watch,1,0.9,472,24,111,173,2
1785856740000,GAS-01,28dc49c7-651a-4c08-b646-470d8c332f4d,958827.9,6010509.04,Watch,1,0.9,468,23,110,172,2
1785856800000,GAS-01,28dc49c7-651a-4c08-b646-470d8c332f4d,958827.9,6010509.04,Watch,1,0.9,467,22,110,171,2
1785856860000,GAS-01,28dc49c7-651a-4c08-b646-470d8c332f4d,958827.9,6010509.04,Watch,1,0.9,468,22,110,163,2
1785856920000,GAS-01,28dc49c7-651a-4c08-b646-470d8c332f4d,958827.9,6010509.04,Watch,1,0.9,468,22,108,161,2
1785856980000,GAS-01,28dc49c7-651a-4c08-b646-470d8c332f4d,958827.9,6010509.04,Watch,1,0.9,463,22,108,153,2
1785857040000,GAS-01,28dc49c7-651a-4c08-b646-470d8c332f4d,958827.9,6010509.04,Watch,1,0.9,461,22,108,156,2
1785857100000,GAS-01,28dc49c7-651a-4c08-b646-470d8c332f4d,958827.9,6010509.04,Watch,1,0.8,463,21,107,158,2
1785857160000,GAS-01,28dc49c7-651a-4c08-b646-470d8c332f4d,958827.9,6010509.04,Watch,1,0.8,462,21,107,157,2
1785857220000,GAS-01,28dc49c7-651a-4c08-b646-470d8c332f4d,958827.9,6010509.04,Watch,1,0.8,459,21,107,156,2
1785857280000,GAS-01,28dc49c7-651a-4c08-b646-470d8c332f4d,958827.9,6010509.04,Watch,1,0.8,458,21,108,154,2
1785857340000,GAS-01,28dc49c7-651a-4c08-b646-470d8c332f4d,958827.9,6010509.04,Watch,1,0.8,459,21,108,155,2
1785857400000,GAS-01,28dc49c7-651a-4c08-b646-470d8c332f4d,958827.9,6010509.04,Watch,1,0.7,458,20,108,145,2
1785857460000,GAS-01,28dc49c7-651a-4c08-b646-470d8c332f4d,958827.9,6010509.04,Watch,1,0.7,455,20,107,137,2
1785857520000,GAS-01,28dc49c7-651a-4c08-b646-470d8c332f4d,958827.9,6010509.04,Watch,1,0.7,450,19,105,139,2
1785857580000,GAS-01,28dc49c7-651a-4c08-b646-470d8c332f4d,958827.9,6010509.04,Watch,1,0.7,450,20,105,139,2
1785857640000,GAS-01,28dc49c7-651a-4c08-b646-470d8c332f4d,958827.9,6010509.04,Watch,1,0.6,452,20,104,135,2
1785857700000,GAS-01,28dc49c7-651a-4c08-b646-470d8c332f4d,958827.9,6010509.04,Watch,1,0.6,449,20,104,136,2
1785857760000,GAS-01,28dc49c7-651a-4c08-b646-470d8c332f4d,958827.9,6010509.04,Watch,1,0.7,446,21,103,134,2
1785857820000,GAS-01,28dc49c7-651a-4c08-b646-470d8c332f4d,958827.9,6010509.04,Watch,1,0.6,445,20,102,137,1.9
1785857880000,GAS-01,28dc49c7-651a-4c08-b646-470d8c332f4d,958827.9,6010509.04,Watch,1,0.6,442,20,102,139,2
1785857940000,GAS-01,28dc49c7-651a-4c08-b646-470d8c332f4d,958827.9,6010509.04,Watch,1,0.6,438,20,103,140,2
1785858000000,GAS-01,28dc49c7-651a-4c08-b646-470d8c332f4d,958827.9,6010509.04,Watch,1,0.6,437,20,103,133,2
1785858060000,GAS-01,28dc49c7-651a-4c08-b646-470d8c332f4d,958827.9,6010509.04,Watch,1,0.5,433,19,103,127,2
1785858120000,GAS-01,28dc49c7-651a-4c08-b646-470d8c332f4d,958827.9,6010509.04,Watch,1,0.5,436,20,104,124,2
1785858180000,GAS-01,28dc49c7-651a-4c08-b646-470d8c332f4d,958827.9,6010509.04,Watch,1,0.5,439,20,105,121,2
1785858240000,GAS-01,28dc49c7-651a-4c08-b646-470d8c332f4d,958827.9,6010509.04,Watch,1,0.5,442,20,103,119,2
1785858300000,GAS-01,28dc49c7-651a-4c08-b646-470d8c332f4d,958827.9,6010509.04,Watch,1,0.5,443,19,102,123,2
1785858360000,GAS-01,28dc49c7-651a-4c08-b646-470d8c332f4d,958827.9,6010509.04,Watch,1,0.5,443,19,101,119,2
1785858420000,GAS-01,28dc49c7-651a-4c08-b646-470d8c332f4d,958827.9,6010509.04,Watch,1,0.5,445,20,102,125,2
1785858480000,GAS-01,28dc49c7-651a-4c08-b646-470d8c332f4d,958827.9,6010509.04,Watch,1,0.6,443,20,102,120,2
1785858540000,GAS-01,28dc49c7-651a-4c08-b646-470d8c332f4d,958827.9,6010509.04,Watch,1,0.5,442,20,101,118,2
1785858600000,GAS-01,28dc49c7-651a-4c08-b646-470d8c332f4d,958827.9,6010509.04,Watch,1,0.5,444,20,101,117,2
1785858660000,GAS-01,28dc49c7-651a-4c08-b646-470d8c332f4d,958827.9,6010509.04,Watch,1,0.5,444,20,100,114,2
1785858720000,GAS-01,28dc49c7-651a-4c08-b646-470d8c332f4d,958827.9,6010509.04,Watch,1,0.6,445,19,100,118,2
1785858780000,GAS-01,28dc49c7-651a-4c08-b646-470d8c332f4d,958827.9,6010509.04,Watch,1,0.5,445,19,100,120,2
1785858840000,GAS-01,28dc49c7-651a-4c08-b646-470d8c332f4d,958827.9,6010509.04,Watch,1,0.6,444,20,101,122,1.9
1785858900000,GAS-01,28dc49c7-651a-4c08-b646-470d8c332f4d,958827.9,6010509.04,Watch,1,0.6,440,20,101,121,2
1785858960000,GAS-01,28dc49c7-651a-4c08-b646-470d8c332f4d,958827.9,6010509.04,Watch,1,0.6,440,20,101,119,2
1785859020000,GAS-01,28dc49c7-651a-4c08-b646-470d8c332f4d,958827.9,6010509.04,Watch,1,0.5,437,20,102,115,2
1785859080000,GAS-01,28dc49c7-651a-4c08-b646-470d8c332f4d,958827.9,6010509.04,Watch,1,0.6,440,20,102,117,2
1785859140000,GAS-01,28dc49c7-651a-4c08-b646-470d8c332f4d,958827.9,6010509.04,Watch,1,0.5,438,20,100,122,2
1785859200000,GAS-01,28dc49c7-651a-4c08-b646-470d8c332f4d,958827.9,6010509.04,Watch,1,0.6,440,20,101,127,1.9
1785859260000,GAS-01,28dc49c7-651a-4c08-b646-470d8c332f4d,958827.9,6010509.04,Watch,1,0.6,441,20,101,127,1.9
1785859320000,GAS-01,28dc49c7-651a-4c08-b646-470d8c332f4d,958827.9,6010509.04,Normal,0,0.5,445,19,99,126,1.9
1785859380000,GAS-01,28dc49c7-651a-4c08-b646-470d8c332f4d,958827.9,6010509.04,Normal,0,0.5,440,19,100,124,2
1785859440000,GAS-01,28dc49c7-651a-4c08-b646-470d8c332f4d,958827.9,6010509.04,Watch,1,0.5,443,19,100,128,2
1785859500000,GAS-01,28dc49c7-651a-4c08-b646-470d8c332f4d,958827.9,6010509.04,Normal,0,0.5,439,19,98,127,2
1785859560000,GAS-01,28dc49c7-651a-4c08-b646-470d8c332f4d,958827.9,6010509.04,Normal,0,0.5,435,18,99,124,2
1785859620000,GAS-01,28dc49c7-651a-4c08-b646-470d8c332f4d,958827.9,6010509.04,Normal,0,0.5,435,18,99,118,2
1785859680000,GAS-01,28dc49c7-651a-4c08-b646-470d8c332f4d,958827.9,6010509.04,Normal,0,0.5,437,19,98,112,1.9
1785859740000,GAS-01,28dc49c7-651a-4c08-b646-470d8c332f4d,958827.9,6010509.04,Normal,0,0.5,437,18,98,113,2
1785859800000,GAS-01,28dc49c7-651a-4c08-b646-470d8c332f4d,958827.9,6010509.04,Normal,0,0.6,435,18,99,112,2
1785859860000,GAS-01,28dc49c7-651a-4c08-b646-470d8c332f4d,958827.9,6010509.04,Normal,0,0.6,437,18,97,118,2
1785859920000,GAS-01,28dc49c7-651a-4c08-b646-470d8c332f4d,958827.9,6010509.04,Normal,0,0.6,436,19,96,123,1.9
1785859980000,GAS-01,28dc49c7-651a-4c08-b646-470d8c332f4d,958827.9,6010509.04,Normal,0,0.6,439,19,96,120,2
1785860040000,GAS-01,28dc49c7-651a-4c08-b646-470d8c332f4d,958827.9,6010509.04,Normal,0,0.6,437,19,96,124,2
1785860100000,GAS-01,28dc49c7-651a-4c08-b646-470d8c332f4d,958827.9,6010509.04,Normal,0,0.6,434,19,95,122,2
1785860160000,GAS-01,28dc49c7-651a-4c08-b646-470d8c332f4d,958827.9,6010509.04,Normal,0,0.6,434,18,94,126,1.9
1785860220000,GAS-01,28dc49c7-651a-4c08-b646-470d8c332f4d,958827.9,6010509.04,Normal,0,0.6,436,19,94,126,1.9
1785860280000,GAS-01,28dc49c7-651a-4c08-b646-470d8c332f4d,958827.9,6010509.04,Normal,0,0.6,433,20,95,122,1.9
1785860340000,GAS-01,28dc49c7-651a-4c08-b646-470d8c332f4d,958827.9,6010509.04,Normal,0,0.7,430,19,94,122,1.9
1785860400000,GAS-01,28dc49c7-651a-4c08-b646-470d8c332f4d,958827.9,6010509.04,Normal,0,0.7,432,19,94,121,1.9
1785860460000,GAS-01,28dc49c7-651a-4c08-b646-470d8c332f4d,958827.9,6010509.04,Normal,0,0.7,434,19,93,117,1.9
1785860520000,GAS-01,28dc49c7-651a-4c08-b646-470d8c332f4d,958827.9,6010509.04,Normal,0,0.7,433,18,92,118,1.9
1785860580000,GAS-01,28dc49c7-651a-4c08-b646-470d8c332f4d,958827.9,6010509.04,Normal,0,0.6,435,19,93,114,1.9
1785860640000,GAS-01,28dc49c7-651a-4c08-b646-470d8c332f4d,958827.9,6010509.04,Normal,0,0.6,435,20,92,113,1.9
1785860700000,GAS-01,28dc49c7-651a-4c08-b646-470d8c332f4d,958827.9,6010509.04,Normal,0,0.6,436,19,92,114,1.9
1785860760000,GAS-01,28dc49c7-651a-4c08-b646-470d8c332f4d,958827.9,6010509.04,Normal,0,0.5,439,19,91,116,1.9
1785860820000,GAS-01,28dc49c7-651a-4c08-b646-470d8c332f4d,958827.9,6010509.04,Normal,0,0.5,435,18,92,117,1.9
1785860880000,GAS-01,28dc49c7-651a-4c08-b646-470d8c332f4d,958827.9,6010509.04,Normal,0,0.5,433,17,91,123,1.9
1785860940000,GAS-01,28dc49c7-651a-4c08-b646-470d8c332f4d,958827.9,6010509.04,Normal,0,0.5,432,17,91,125,1.9
1785861000000,GAS-01,28dc49c7-651a-4c08-b646-470d8c332f4d,958827.9,6010509.04,Normal,0,0.5,433,17,92,121,1.9
1785861060000,GAS-01,28dc49c7-651a-4c08-b646-470d8c332f4d,958827.9,6010509.04,Normal,0,0.5,433,17,93,119,1.9
1785861120000,GAS-01,28dc49c7-651a-4c08-b646-470d8c332f4d,958827.9,6010509.04,Normal,0,0.5,430,16,92,111,1.9
1785861180000,GAS-01,28dc49c7-651a-4c08-b646-470d8c332f4d,958827.9,6010509.04,Normal,0,0.5,431,17,91,104,1.9
1785861240000,GAS-01,28dc49c7-651a-4c08-b646-470d8c332f4d,958827.9,6010509.04,Normal,0,0.5,431,16,91,105,1.9
1785861300000,GAS-01,28dc49c7-651a-4c08-b646-470d8c332f4d,958827.9,6010509.04,Normal,0,0.4,430,15,90,110,1.9
1785861360000,GAS-01,28dc49c7-651a-4c08-b646-470d8c332f4d,958827.9,6010509.04,Normal,0,0.4,426,15,88,113,1.9
1785861420000,GAS-01,28dc49c7-651a-4c08-b646-470d8c332f4d,958827.9,6010509.04,Normal,0,0.4,421,15,87,107,1.9
1785861480000,GAS-01,28dc49c7-651a-4c08-b646-470d8c332f4d,958827.9,6010509.04,Normal,0,0.4,421,14,88,110,1.9
1785861540000,GAS-01,28dc49c7-651a-4c08-b646-470d8c332f4d,958827.9,6010509.04,Normal,0,0.4,420,15,88,105,1.9
1785861600000,GAS-01,28dc49c7-651a-4c08-b646-470d8c332f4d,958827.9,6010509.04,Normal,0,0.3,417,16,87,110,1.9
1785861660000,GAS-01,28dc49c7-651a-4c08-b646-470d8c332f4d,958827.9,6010509.04,Normal,0,0.3,418,16,86,111,1.9
1785861720000,GAS-01,28dc49c7-651a-4c08-b646-470d8c332f4d,958827.9,6010509.04,Normal,0,0.3,419,15,85,111,1.9
1785861780000,GAS-01,28dc49c7-651a-4c08-b646-470d8c332f4d,958827.9,6010509.04,Normal,0,0.3,421,15,84,112,1.9
1785861840000,GAS-01,28dc49c7-651a-4c08-b646-470d8c332f4d,958827.9,6010509.04,Normal,0,0.3,420,15,85,115,1.9
1785861900000,GAS-01,28dc49c7-651a-4c08-b646-470d8c332f4d,958827.9,6010509.04,Normal,0,0.3,417,15,85,112,1.9
1785861960000,GAS-01,28dc49c7-651a-4c08-b646-470d8c332f4d,958827.9,6010509.04,Normal,0,0.3,417,15,86,104,1.9
1785862020000,GAS-01,28dc49c7-651a-4c08-b646-470d8c332f4d,958827.9,6010509.04,Normal,0,0.2,415,16,85,108,1.9
1785862080000,GAS-01,28dc49c7-651a-4c08-b646-470d8c332f4d,958827.9,6010509.04,Normal,0,0.2,414,16,86,104,1.9
1785862140000,GAS-01,28dc49c7-651a-4c08-b646-470d8c332f4d,958827.9,6010509.04,Normal,0,0.3,419,16,87,101,1.9
1785862200000,GAS-01,28dc49c7-651a-4c08-b646-470d8c332f4d,958827.9,6010509.04,Normal,0,0.3,418,16,87,103,1.9
1785862260000,GAS-01,28dc49c7-651a-4c08-b646-470d8c332f4d,958827.9,6010509.04,Normal,0,0.3,420,17,87,105,1.9
1785862320000,GAS-01,28dc49c7-651a-4c08-b646-470d8c332f4d,958827.9,6010509.04,Normal,0,0.3,417,16,86,103,1.9
1785862380000,GAS-01,28dc49c7-651a-4c08-b646-470d8c332f4d,958827.9,6010509.04,Normal,0,0.3,419,16,85,99,1.9
1785862440000,GAS-01,28dc49c7-651a-4c08-b646-470d8c332f4d,958827.9,6010509.04,Normal,0,0.4,418,16,83,94,1.9
1785862500000,GAS-01,28dc49c7-651a-4c08-b646-470d8c332f4d,958827.9,6010509.04,Normal,0,0.3,418,16,83,96,1.9
1785862560000,GAS-01,28dc49c7-651a-4c08-b646-470d8c332f4d,958827.9,6010509.04,Normal,0,0.4,416,16,82,91,1.9
1785862620000,GAS-01,28dc49c7-651a-4c08-b646-470d8c332f4d,958827.9,6010509.04,Normal,0,0.4,419,17,82,87,1.9
1785862680000,GAS-01,28dc49c7-651a-4c08-b646-470d8c332f4d,958827.9,6010509.04,Normal,0,0.4,422,17,82,85,1.9
1785862740000,GAS-01,28dc49c7-651a-4c08-b646-470d8c332f4d,958827.9,6010509.04,Normal,0,0.4,419,16,82,87,1.9
1785862800000,GAS-01,28dc49c7-651a-4c08-b646-470d8c332f4d,958827.9,6010509.04,Normal,0,0.4,420,16,82,86,1.9
1785862860000,GAS-01,28dc49c7-651a-4c08-b646-470d8c332f4d,958827.9,6010509.04,Normal,0,0.4,421,17,83,91,1.9
1785862920000,GAS-01,28dc49c7-651a-4c08-b646-470d8c332f4d,958827.9,6010509.04,Normal,0,0.4,424,16,83,93,1.9
1785862980000,GAS-01,28dc49c7-651a-4c08-b646-470d8c332f4d,958827.9,6010509.04,Normal,0,0.3,420,16,84,91,1.9
1785863040000,GAS-01,28dc49c7-651a-4c08-b646-470d8c332f4d,958827.9,6010509.04,Normal,0,0.4,419,16,83,86,1.9
1785863100000,GAS-01,28dc49c7-651a-4c08-b646-470d8c332f4d,958827.9,6010509.04,Normal,0,0.4,422,15,81,89,1.9
1785863160000,GAS-01,28dc49c7-651a-4c08-b646-470d8c332f4d,958827.9,6010509.04,Normal,0,0.4,424,16,80,91,1.9
1785863220000,GAS-01,28dc49c7-651a-4c08-b646-470d8c332f4d,958827.9,6010509.04,Normal,0,0.4,426,16,80,94,1.9
1785863280000,GAS-01,28dc49c7-651a-4c08-b646-470d8c332f4d,958827.9,6010509.04,Normal,0,0.4,427,16,78,96,1.9
1785863340000,GAS-01,28dc49c7-651a-4c08-b646-470d8c332f4d,958827.9,6010509.04,Normal,0,0.4,424,16,78,98,1.9
1785863400000,GAS-01,28dc49c7-651a-4c08-b646-470d8c332f4d,958827.9,6010509.04,Normal,0,0.4,426,16,78,94,1.9
1785863460000,GAS-01,28dc49c7-651a-4c08-b646-470d8c332f4d,958827.9,6010509.04,Normal,0,0.4,421,15,79,98,1.9
1785863520000,GAS-01,28dc49c7-651a-4c08-b646-470d8c332f4d,958827.9,6010509.04,Normal,0,0.3,421,15,79,93,1.9
1785863580000,GAS-01,28dc49c7-651a-4c08-b646-470d8c332f4d,958827.9,6010509.04,Normal,0,0.4,419,14,78,89,1.9
1785863640000,GAS-01,28dc49c7-651a-4c08-b646-470d8c332f4d,958827.9,6010509.04,Normal,0,0.3,416,15,77,96,1.8
1785863700000,GAS-01,28dc49c7-651a-4c08-b646-470d8c332f4d,958827.9,6010509.04,Normal,0,0.3,414,15,77,95,1.8
1785863760000,GAS-01,28dc49c7-651a-4c08-b646-470d8c332f4d,958827.9,6010509.04,Normal,0,0.3,416,16,76,97,1.9
1785863820000,GAS-01,28dc49c7-651a-4c08-b646-470d8c332f4d,958827.9,6010509.04,Normal,0,0.3,415,17,76,99,1.9
1785863880000,GAS-01,28dc49c7-651a-4c08-b646-470d8c332f4d,958827.9,6010509.04,Normal,0,0.2,412,17,75,103,1.9
1785863940000,GAS-01,28dc49c7-651a-4c08-b646-470d8c332f4d,958827.9,6010509.04,Normal,0,0.2,417,17,73,102,1.9
1785864000000,GAS-01,28dc49c7-651a-4c08-b646-470d8c332f4d,958827.9,6010509.04,Normal,0,0.2,415,18,72,101,1.9
1785864060000,GAS-01,28dc49c7-651a-4c08-b646-470d8c332f4d,958827.9,6010509.04,Normal,0,0.2,418,18,71,96,1.9
1785864120000,GAS-01,28dc49c7-651a-4c08-b646-470d8c332f4d,958827.9,6010509.04,Normal,0,0.3,417,18,71,98,1.9
1785864180000,GAS-01,28dc49c7-651a-4c08-b646-470d8c332f4d,958827.9,6010509.04,Normal,0,0.2,419,17,71,96,1.9
1785864240000,GAS-01,28dc49c7-651a-4c08-b646-470d8c332f4d,958827.9,6010509.04,Normal,0,0.3,421,16,71,95,1.9
1785864300000,GAS-01,28dc49c7-651a-4c08-b646-470d8c332f4d,958827.9,6010509.04,Normal,0,0.3,423,17,71,100,1.9
1785864360000,GAS-01,28dc49c7-651a-4c08-b646-470d8c332f4d,958827.9,6010509.04,Normal,0,0.3,420,18,71,101,1.9
1785864420000,GAS-01,28dc49c7-651a-4c08-b646-470d8c332f4d,958827.9,6010509.04,Normal,0,0.3,416,17,71,100,1.9
1785864480000,GAS-01,28dc49c7-651a-4c08-b646-470d8c332f4d,958827.9,6010509.04,Normal,0,0.3,415,18,71,96,1.9
1785864540000,GAS-01,28dc49c7-651a-4c08-b646-470d8c332f4d,958827.9,6010509.04,Normal,0,0.3,418,18,71,93,1.9
1785864600000,GAS-01,28dc49c7-651a-4c08-b646-470d8c332f4d,958827.9,6010509.04,Normal,0,0.4,415,18,70,99,1.9
1785864660000,GAS-01,28dc49c7-651a-4c08-b646-470d8c332f4d,958827.9,6010509.04,Normal,0,0.3,412,19,70,101,1.9
1785864720000,GAS-01,28dc49c7-651a-4c08-b646-470d8c332f4d,958827.9,6010509.04,Normal,0,0.4,414,18,69,95,1.9
1785864780000,GAS-01,28dc49c7-651a-4c08-b646-470d8c332f4d,958827.9,6010509.04,Normal,0,0.4,417,18,70,95,1.9
1785864840000,GAS-01,28dc49c7-651a-4c08-b646-470d8c332f4d,958827.9,6010509.04,Normal,0,0.4,421,17,69,97,1.9
1785864900000,GAS-01,28dc49c7-651a-4c08-b646-470d8c332f4d,958827.9,6010509.04,Normal,0,0.4,420,18,67,95,1.9
1785864960000,GAS-01,28dc49c7-651a-4c08-b646-470d8c332f4d,958827.9,6010509.04,Normal,0,0.4,419,17,67,100,1.9
1785865020000,GAS-01,28dc49c7-651a-4c08-b646-470d8c332f4d,958827.9,6010509.04,Normal,0,0.4,418,16,66,95,1.9
1785865080000,GAS-01,28dc49c7-651a-4c08-b646-470d8c332f4d,958827.9,6010509.04,Normal,0,0.4,422,16,66,93,1.9
1785865140000,GAS-01,28dc49c7-651a-4c08-b646-470d8c332f4d,958827.9,6010509.04,Normal,0,0.4,418,16,66,88,1.9
1785865200000,GAS-01,28dc49c7-651a-4c08-b646-470d8c332f4d,958827.9,6010509.04,Normal,0,0.5,417,16,66,90,1.9
1785865260000,GAS-01,28dc49c7-651a-4c08-b646-470d8c332f4d,958827.9,6010509.04,Normal,0,0.5,417,16,65,94,1.9
1785865320000,GAS-01,28dc49c7-651a-4c08-b646-470d8c332f4d,958827.9,6010509.04,Normal,0,0.4,416,16,66,89,1.9
1785865380000,GAS-01,28dc49c7-651a-4c08-b646-470d8c332f4d,958827.9,6010509.04,Normal,0,0.4,418,17,64,89,1.9
1785865440000,GAS-01,28dc49c7-651a-4c08-b646-470d8c332f4d,958827.9,6010509.04,Normal,0,0.4,418,17,65,85,1.9
1785865500000,GAS-01,28dc49c7-651a-4c08-b646-470d8c332f4d,958827.9,6010509.04,Normal,0,0.4,422,17,65,82,2
1785865560000,GAS-01,28dc49c7-651a-4c08-b646-470d8c332f4d,958827.9,6010509.04,Normal,0,0.4,419,18,65,86,2
1785865620000,GAS-01,28dc49c7-651a-4c08-b646-470d8c332f4d,958827.9,6010509.04,Normal,0,0.4,421,18,65,84,1.9
1785865680000,GAS-01,28dc49c7-651a-4c08-b646-470d8c332f4d,958827.9,6010509.04,Normal,0,0.4,425,17,65,91,1.9
1785865740000,GAS-01,28dc49c7-651a-4c08-b646-470d8c332f4d,958827.9,6010509.04,Normal,0,0.5,424,18,64,94,1.9
1785865800000,GAS-01,28dc49c7-651a-4c08-b646-470d8c332f4d,958827.9,6010509.04,Normal,0,0.5,420,17,64,99,1.9
1785865860000,GAS-01,28dc49c7-651a-4c08-b646-470d8c332f4d,958827.9,6010509.04,Normal,0,0.5,419,17,64,99,1.9
1785865920000,GAS-01,28dc49c7-651a-4c08-b646-470d8c332f4d,958827.9,6010509.04,Normal,0,0.5,422,18,63,102,1.9
1785865980000,GAS-01,28dc49c7-651a-4c08-b646-470d8c332f4d,958827.9,6010509.04,Normal,0,0.5,424,18,63,103,1.9
1785866040000,GAS-01,28dc49c7-651a-4c08-b646-470d8c332f4d,958827.9,6010509.04,Normal,0,0.5,421,19,62,97,1.9
1785866100000,GAS-01,28dc49c7-651a-4c08-b646-470d8c332f4d,958827.9,6010509.04,Normal,0,0.4,422,18,62,93,1.9
1785866160000,GAS-01,28dc49c7-651a-4c08-b646-470d8c332f4d,958827.9,6010509.04,Normal,0,0.5,419,18,62,99,1.9
1785866220000,GAS-01,28dc49c7-651a-4c08-b646-470d8c332f4d,958827.9,6010509.04,Normal,0,0.4,416,18,61,98,1.9
1785866280000,GAS-01,28dc49c7-651a-4c08-b646-470d8c332f4d,958827.9,6010509.04,Normal,0,0.4,416,18,61,104,1.9
1785866340000,GAS-01,28dc49c7-651a-4c08-b646-470d8c332f4d,958827.9,6010509.04,Normal,0,0.5,417,17,60,108,1.9
1785866400000,GAS-01,28dc49c7-651a-4c08-b646-470d8c332f4d,958827.9,6010509.04,Normal,0,0.5,418,17,61,106,1.9
1785866460000,GAS-01,28dc49c7-651a-4c08-b646-470d8c332f4d,958827.9,6010509.04,Normal,0,0.4,418,17,60,104,1.9
1785866520000,GAS-01,28dc49c7-651a-4c08-b646-470d8c332f4d,958827.9,6010509.04,Normal,0,0.4,419,18,60,102,1.9
1785866580000,GAS-01,28dc49c7-651a-4c08-b646-470d8c332f4d,958827.9,6010509.04,Normal,0,0.4,423,18,59,104,1.8
1785866640000,GAS-01,28dc49c7-651a-4c08-b646-470d8c332f4d,958827.9,6010509.04,Normal,0,0.4,422,17,59,108,1.9
1785866700000,GAS-01,28dc49c7-651a-4c08-b646-470d8c332f4d,958827.9,6010509.04,Normal,0,0.4,422,17,59,103,1.9
1785866760000,GAS-01,28dc49c7-651a-4c08-b646-470d8c332f4d,958827.9,6010509.04,Normal,0,0.4,420,18,59,97,1.9
1785866820000,GAS-01,28dc49c7-651a-4c08-b646-470d8c332f4d,958827.9,6010509.04,Normal,0,0.5,417,17,60,100,1.9
1785866880000,GAS-01,28dc49c7-651a-4c08-b646-470d8c332f4d,958827.9,6010509.04,Normal,0,0.5,415,17,59,95,1.9
1785866940000,GAS-01,28dc49c7-651a-4c08-b646-470d8c332f4d,958827.9,6010509.04,Normal,0,0.4,414,17,58,94,1.9
1785867000000,GAS-01,28dc49c7-651a-4c08-b646-470d8c332f4d,958827.9,6010509.04,Normal,0,0.4,412,17,56,96,1.9
1785867060000,GAS-01,28dc49c7-651a-4c08-b646-470d8c332f4d,958827.9,6010509.04,Normal,0,0.4,414,17,55,94,1.9
1785867120000,GAS-01,28dc49c7-651a-4c08-b646-470d8c332f4d,958827.9,6010509.04,Normal,0,0.4,417,17,56,94,1.9
1785867180000,GAS-01,28dc49c7-651a-4c08-b646-470d8c332f4d,958827.9,6010509.04,Normal,0,0.4,418,17,56,92,1.9
1785867240000,GAS-01,28dc49c7-651a-4c08-b646-470d8c332f4d,958827.9,6010509.04,Normal,0,0.4,422,17,55,98,1.9
1785867300000,GAS-01,28dc49c7-651a-4c08-b646-470d8c332f4d,958827.9,6010509.04,Normal,0,0.5,425,17,55,100,1.9
1785867360000,GAS-01,28dc49c7-651a-4c08-b646-470d8c332f4d,958827.9,6010509.04,Normal,0,0.4,426,17,54,97,1.9
1785867420000,GAS-01,28dc49c7-651a-4c08-b646-470d8c332f4d,958827.9,6010509.04,Normal,0,0.4,428,17,53,95,1.9
1785867480000,GAS-01,28dc49c7-651a-4c08-b646-470d8c332f4d,958827.9,6010509.04,Normal,0,0.4,423,17,52,91,1.9
1785867540000,GAS-01,28dc49c7-651a-4c08-b646-470d8c332f4d,958827.9,6010509.04,Normal,0,0.4,423,16,52,90,1.9
1785867600000,GAS-01,28dc49c7-651a-4c08-b646-470d8c332f4d,958827.9,6010509.04,Normal,0,0.4,426,17,52,88,1.9
1785867660000,GAS-01,28dc49c7-651a-4c08-b646-470d8c332f4d,958827.9,6010509.04,Normal,0,0.3,422,16,52,92,1.9
1785867720000,GAS-01,28dc49c7-651a-4c08-b646-470d8c332f4d,958827.9,6010509.04,Normal,0,0.3,425,16,51,93,1.9
1785867780000,GAS-01,28dc49c7-651a-4c08-b646-470d8c332f4d,958827.9,6010509.04,Normal,0,0.2,422,16,51,99,1.9
1785867840000,GAS-01,28dc49c7-651a-4c08-b646-470d8c332f4d,958827.9,6010509.04,Normal,0,0.3,421,17,51,102,1.9
1785867900000,GAS-01,28dc49c7-651a-4c08-b646-470d8c332f4d,958827.9,6010509.04,Normal,0,0.3,419,17,52,101,1.9
1785867960000,GAS-01,28dc49c7-651a-4c08-b646-470d8c332f4d,958827.9,6010509.04,Normal,0,0.3,417,17,52,97,1.9
1785868020000,GAS-01,28dc49c7-651a-4c08-b646-470d8c332f4d,958827.9,6010509.04,Normal,0,0.2,421,16,50,102,1.9
1785868080000,GAS-01,28dc49c7-651a-4c08-b646-470d8c332f4d,958827.9,6010509.04,Normal,0,0.2,425,17,49,105,1.9
1785868140000,GAS-01,28dc49c7-651a-4c08-b646-470d8c332f4d,958827.9,6010509.04,Normal,0,0.2,423,17,49,98,1.9
1785868200000,GAS-01,28dc49c7-651a-4c08-b646-470d8c332f4d,958827.9,6010509.04,Normal,0,0.2,423,17,48,94,1.9
1785868260000,GAS-01,28dc49c7-651a-4c08-b646-470d8c332f4d,958827.9,6010509.04,Normal,0,0.3,421,16,49,99,1.9
1785868320000,GAS-01,28dc49c7-651a-4c08-b646-470d8c332f4d,958827.9,6010509.04,Normal,0,0.3,423,17,48,94,1.9
1785868380000,GAS-01,28dc49c7-651a-4c08-b646-470d8c332f4d,958827.9,6010509.04,Normal,0,0.3,423,16,47,92,1.9
1785868440000,GAS-01,28dc49c7-651a-4c08-b646-470d8c332f4d,958827.9,6010509.04,Normal,0,0.3,421,17,48,95,1.9
1785868500000,GAS-01,28dc49c7-651a-4c08-b646-470d8c332f4d,958827.9,6010509.04,Normal,0,0.3,424,17,46,95,1.9
1785868560000,GAS-01,28dc49c7-651a-4c08-b646-470d8c332f4d,958827.9,6010509.04,Normal,0,0.3,419,17,45,97,1.9
1785868620000,GAS-01,28dc49c7-651a-4c08-b646-470d8c332f4d,958827.9,6010509.04,Normal,0,0.4,420,16,46,95,1.9
1785868680000,GAS-01,28dc49c7-651a-4c08-b646-470d8c332f4d,958827.9,6010509.04,Normal,0,0.4,417,17,46,98,1.9
1785868740000,GAS-01,28dc49c7-651a-4c08-b646-470d8c332f4d,958827.9,6010509.04,Normal,0,0.4,414,17,47,95,2
1785868800000,GAS-01,28dc49c7-651a-4c08-b646-470d8c332f4d,958827.9,6010509.04,Normal,0,0.5,414,17,46,98,1.9
1785868860000,GAS-01,28dc49c7-651a-4c08-b646-470d8c332f4d,958827.9,6010509.04,Normal,0,0.5,411,17,45,99,1.9
1785868920000,GAS-01,28dc49c7-651a-4c08-b646-470d8c332f4d,958827.9,6010509.04,Normal,0,0.4,411,17,44,96,1.9
1785868980000,GAS-01,28dc49c7-651a-4c08-b646-470d8c332f4d,958827.9,6010509.04,Normal,0,0.5,409,18,44,100,1.9
1785869040000,GAS-01,28dc49c7-651a-4c08-b646-470d8c332f4d,958827.9,6010509.04,Normal,0,0.5,412,18,43,98,1.9
1785869100000,GAS-01,28dc49c7-651a-4c08-b646-470d8c332f4d,958827.9,6010509.04,Normal,0,0.5,415,18,41,92,1.9
1785869160000,GAS-01,28dc49c7-651a-4c08-b646-470d8c332f4d,958827.9,6010509.04,Normal,0,0.5,414,19,40,94,1.9
1785869220000,GAS-01,28dc49c7-651a-4c08-b646-470d8c332f4d,958827.9,6010509.04,Normal,0,0.5,412,19,41,94,1.9
1785869280000,GAS-01,28dc49c7-651a-4c08-b646-470d8c332f4d,958827.9,6010509.04,Normal,0,0.5,413,19,40,89,1.9
1785869340000,GAS-01,28dc49c7-651a-4c08-b646-470d8c332f4d,958827.9,6010509.04,Normal,0,0.5,411,20,39,87,1.9
1785869400000,GAS-01,28dc49c7-651a-4c08-b646-470d8c332f4d,958827.9,6010509.04,Normal,0,0.5,414,19,40,92,1.9
1785869460000,GAS-01,28dc49c7-651a-4c08-b646-470d8c332f4d,958827.9,6010509.04,Normal,0,0.5,417,19,39,93,1.9
1785869520000,GAS-01,28dc49c7-651a-4c08-b646-470d8c332f4d,958827.9,6010509.04,Normal,0,0.4,418,18,39,93,1.9
1785869580000,GAS-01,28dc49c7-651a-4c08-b646-470d8c332f4d,958827.9,6010509.04,Normal,0,0.4,422,19,39,95,1.9
1785869640000,GAS-01,28dc49c7-651a-4c08-b646-470d8c332f4d,958827.9,6010509.04,Normal,0,0.4,422,19,38,90,1.9
1785869700000,GAS-01,28dc49c7-651a-4c08-b646-470d8c332f4d,958827.9,6010509.04,Normal,0,0.4,421,19,38,86,1.9
1785869760000,GAS-01,28dc49c7-651a-4c08-b646-470d8c332f4d,958827.9,6010509.04,Normal,0,0.4,422,19,37,82,1.9
1785869820000,GAS-01,28dc49c7-651a-4c08-b646-470d8c332f4d,958827.9,6010509.04,Normal,0,0.4,425,18,37,82,1.9
1785869880000,GAS-01,28dc49c7-651a-4c08-b646-470d8c332f4d,958827.9,6010509.04,Normal,0,0.4,427,18,37,86,1.9
1785869940000,GAS-01,28dc49c7-651a-4c08-b646-470d8c332f4d,958827.9,6010509.04,Normal,0,0.4,428,18,36,86,1.9
1785870000000,GAS-01,28dc49c7-651a-4c08-b646-470d8c332f4d,958827.9,6010509.04,Normal,0,0.4,426,17,37,91,1.9
1785870060000,GAS-01,28dc49c7-651a-4c08-b646-470d8c332f4d,958827.9,6010509.04,Normal,0,0.4,424,18,36,93,1.9
1785870120000,GAS-01,28dc49c7-651a-4c08-b646-470d8c332f4d,958827.9,6010509.04,Normal,0,0.4,424,18,36,96,1.9
1785870180000,GAS-01,28dc49c7-651a-4c08-b646-470d8c332f4d,958827.9,6010509.04,Normal,0,0.4,424,18,35,94,1.9
1785870240000,GAS-01,28dc49c7-651a-4c08-b646-470d8c332f4d,958827.9,6010509.04,Normal,0,0.4,420,17,35,101,1.9
1785870300000,GAS-01,28dc49c7-651a-4c08-b646-470d8c332f4d,958827.9,6010509.04,Normal,0,0.3,424,17,36,105,1.9
1785870360000,GAS-01,28dc49c7-651a-4c08-b646-470d8c332f4d,958827.9,6010509.04,Normal,0,0.3,422,17,34,108,1.9
1785870420000,GAS-01,28dc49c7-651a-4c08-b646-470d8c332f4d,958827.9,6010509.04,Normal,0,0.3,424,17,35,106,1.9
1785870480000,GAS-01,28dc49c7-651a-4c08-b646-470d8c332f4d,958827.9,6010509.04,Normal,0,0.3,425,17,34,107,1.9
1785870540000,GAS-01,28dc49c7-651a-4c08-b646-470d8c332f4d,958827.9,6010509.04,Normal,0,0.4,424,16,34,101,2
1785870600000,GAS-01,28dc49c7-651a-4c08-b646-470d8c332f4d,958827.9,6010509.04,Normal,0,0.4,423,16,33,96,1.9
1785870660000,GAS-01,28dc49c7-651a-4c08-b646-470d8c332f4d,958827.9,6010509.04,Normal,0,0.4,422,15,34,94,1.9
1785870720000,GAS-01,28dc49c7-651a-4c08-b646-470d8c332f4d,958827.9,6010509.04,Normal,0,0.4,419,15,34,90,1.9
1785870780000,GAS-01,28dc49c7-651a-4c08-b646-470d8c332f4d,958827.9,6010509.04,Normal,0,0.4,422,14,34,94,2
1785870840000,GAS-01,28dc49c7-651a-4c08-b646-470d8c332f4d,958827.9,6010509.04,Normal,0,0.4,418,15,34,92,2
1785870900000,GAS-01,28dc49c7-651a-4c08-b646-470d8c332f4d,958827.9,6010509.04,Normal,0,0.3,416,16,33,99,2
1785870960000,GAS-01,28dc49c7-651a-4c08-b646-470d8c332f4d,958827.9,6010509.04,Normal,0,0.3,414,16,34,99,1.9
1785871020000,GAS-01,28dc49c7-651a-4c08-b646-470d8c332f4d,958827.9,6010509.04,Normal,0,0.3,415,16,33,101,1.9
1785871080000,GAS-01,28dc49c7-651a-4c08-b646-470d8c332f4d,958827.9,6010509.04,Normal,0,0.3,418,16,33,104,1.9
1785871140000,GAS-01,28dc49c7-651a-4c08-b646-470d8c332f4d,958827.9,6010509.04,Normal,0,0.3,416,16,33,105,1.9
1785871200000,GAS-01,28dc49c7-651a-4c08-b646-470d8c332f4d,958827.9,6010509.04,Normal,0,0.3,421,16,34,106,1.9
1785871260000,GAS-01,28dc49c7-651a-4c08-b646-470d8c332f4d,958827.9,6010509.04,Normal,0,0.4,422,16,35,105,1.9
1785871320000,GAS-01,28dc49c7-651a-4c08-b646-470d8c332f4d,958827.9,6010509.04,Normal,0,0.4,424,16,34,105,1.9
1785871380000,GAS-01,28dc49c7-651a-4c08-b646-470d8c332f4d,958827.9,6010509.04,Normal,0,0.4,423,17,35,102,1.9
1785871440000,GAS-01,28dc49c7-651a-4c08-b646-470d8c332f4d,958827.9,6010509.04,Normal,0,0.4,424,16,34,97,1.9
1785871500000,GAS-01,28dc49c7-651a-4c08-b646-470d8c332f4d,958827.9,6010509.04,Normal,0,0.4,425,16,33,95,1.9
1785871560000,GAS-01,28dc49c7-651a-4c08-b646-470d8c332f4d,958827.9,6010509.04,Normal,0,0.4,423,17,34,96,1.9
1785871620000,GAS-01,28dc49c7-651a-4c08-b646-470d8c332f4d,958827.9,6010509.04,Normal,0,0.4,423,16,35,96,1.9
1785871680000,GAS-01,28dc49c7-651a-4c08-b646-470d8c332f4d,958827.9,6010509.04,Normal,0,0.3,420,16,35,102,1.9
1785871740000,GAS-01,28dc49c7-651a-4c08-b646-470d8c332f4d,958827.9,6010509.04,Normal,0,0.4,416,17,34,102,1.9
1785871800000,GAS-01,28dc49c7-651a-4c08-b646-470d8c332f4d,958827.9,6010509.04,Normal,0,0.4,413,17,35,99,1.9
1785871860000,GAS-01,28dc49c7-651a-4c08-b646-470d8c332f4d,958827.9,6010509.04,Normal,0,0.4,414,16,35,95,1.9
1785871920000,GAS-01,28dc49c7-651a-4c08-b646-470d8c332f4d,958827.9,6010509.04,Normal,0,0.4,412,16,36,94,1.9
1785871980000,GAS-01,28dc49c7-651a-4c08-b646-470d8c332f4d,958827.9,6010509.04,Normal,0,0.4,412,17,36,98,1.9
1785872040000,GAS-01,28dc49c7-651a-4c08-b646-470d8c332f4d,958827.9,6010509.04,Normal,0,0.4,416,17,36,101,1.9
1785872100000,GAS-01,28dc49c7-651a-4c08-b646-470d8c332f4d,958827.9,6010509.04,Normal,0,0.4,414,17,36,96,1.9
1785872160000,GAS-01,28dc49c7-651a-4c08-b646-470d8c332f4d,958827.9,6010509.04,Normal,0,0.4,419,17,35,97,1.9
1785872220000,GAS-01,28dc49c7-651a-4c08-b646-470d8c332f4d,958827.9,6010509.04,Normal,0,0.3,419,17,35,96,1.9
1785872280000,GAS-01,28dc49c7-651a-4c08-b646-470d8c332f4d,958827.9,6010509.04,Normal,0,0.3,419,16,35,102,1.9
1785872340000,GAS-01,28dc49c7-651a-4c08-b646-470d8c332f4d,958827.9,6010509.04,Normal,0,0.4,418,16,35,102,1.9
1785872400000,GAS-01,28dc49c7-651a-4c08-b646-470d8c332f4d,958827.9,6010509.04,Normal,0,0.4,421,16,36,99,1.9
1785872460000,GAS-01,28dc49c7-651a-4c08-b646-470d8c332f4d,958827.9,6010509.04,Normal,0,0.4,418,15,36,103,1.9
1785872520000,GAS-01,28dc49c7-651a-4c08-b646-470d8c332f4d,958827.9,6010509.04,Normal,0,0.3,417,16,36,101,1.9
1785872580000,GAS-01,28dc49c7-651a-4c08-b646-470d8c332f4d,958827.9,6010509.04,Normal,0,0.4,417,15,35,103,1.9
1785872640000,GAS-01,28dc49c7-651a-4c08-b646-470d8c332f4d,958827.9,6010509.04,Normal,0,0.4,418,15,36,104,1.9
1785872700000,GAS-01,28dc49c7-651a-4c08-b646-470d8c332f4d,958827.9,6010509.04,Normal,0,0.4,414,15,35,101,1.9
1785872760000,GAS-01,28dc49c7-651a-4c08-b646-470d8c332f4d,958827.9,6010509.04,Normal,0,0.4,413,16,35,96,1.9
1785872820000,GAS-01,28dc49c7-651a-4c08-b646-470d8c332f4d,958827.9,6010509.04,Normal,0,0.4,412,16,34,94,1.9
1785872880000,GAS-01,28dc49c7-651a-4c08-b646-470d8c332f4d,958827.9,6010509.04,Normal,0,0.4,410,16,34,90,1.9
1785872940000,GAS-01,28dc49c7-651a-4c08-b646-470d8c332f4d,958827.9,6010509.04,Normal,0,0.4,412,16,33,88,1.9
1785873000000,GAS-01,28dc49c7-651a-4c08-b646-470d8c332f4d,958827.9,6010509.04,Normal,0,0.4,415,16,34,93,1.9
1785873060000,GAS-01,28dc49c7-651a-4c08-b646-470d8c332f4d,958827.9,6010509.04,Normal,0,0.3,414,15,35,90,1.9
1785873120000,GAS-01,28dc49c7-651a-4c08-b646-470d8c332f4d,958827.9,6010509.04,Normal,0,0.3,413,15,36,92,1.9
1785873180000,GAS-01,28dc49c7-651a-4c08-b646-470d8c332f4d,958827.9,6010509.04,Normal,0,0.3,418,15,35,92,1.9
1785873240000,GAS-01,28dc49c7-651a-4c08-b646-470d8c332f4d,958827.9,6010509.04,Normal,0,0.3,414,15,34,94,1.9
1785873300000,GAS-01,28dc49c7-651a-4c08-b646-470d8c332f4d,958827.9,6010509.04,Normal,0,0.3,412,15,35,95,1.9
1785873360000,GAS-01,28dc49c7-651a-4c08-b646-470d8c332f4d,958827.9,6010509.04,Normal,0,0.3,412,14,35,91,1.9
1785873420000,GAS-01,28dc49c7-651a-4c08-b646-470d8c332f4d,958827.9,6010509.04,Normal,0,0.3,413,15,34,94,1.9
1785873480000,GAS-01,28dc49c7-651a-4c08-b646-470d8c332f4d,958827.9,6010509.04,Normal,0,0.3,414,15,35,93,1.9
1785873540000,GAS-01,28dc49c7-651a-4c08-b646-470d8c332f4d,958827.9,6010509.04,Normal,0,0.3,411,16,36,89,1.9
1785873600000,GAS-01,28dc49c7-651a-4c08-b646-470d8c332f4d,958827.9,6010509.04,Normal,0,0.3,415,16,35,95,1.9
1785873660000,GAS-01,28dc49c7-651a-4c08-b646-470d8c332f4d,958827.9,6010509.04,Normal,0,0.3,417,17,36,95,1.9
1785873720000,GAS-01,28dc49c7-651a-4c08-b646-470d8c332f4d,958827.9,6010509.04,Normal,0,0.3,415,17,35,97,1.9
1785873780000,GAS-01,28dc49c7-651a-4c08-b646-470d8c332f4d,958827.9,6010509.04,Normal,0,0.3,417,18,34,96,1.9
1785873840000,GAS-01,28dc49c7-651a-4c08-b646-470d8c332f4d,958827.9,6010509.04,Normal,0,0.2,417,17,33,101,1.9
1785873900000,GAS-01,28dc49c7-651a-4c08-b646-470d8c332f4d,958827.9,6010509.04,Normal,0,0.3,414,17,33,99,1.9
1785873960000,GAS-01,28dc49c7-651a-4c08-b646-470d8c332f4d,958827.9,6010509.04,Normal,0,0.3,411,17,33,101,1.9
1785874020000,GAS-01,28dc49c7-651a-4c08-b646-470d8c332f4d,958827.9,6010509.04,Normal,0,0.3,412,18,34,102,1.9
1785874080000,GAS-01,28dc49c7-651a-4c08-b646-470d8c332f4d,958827.9,6010509.04,Normal,0,0.3,411,17,35,104,1.9
1785874140000,GAS-01,28dc49c7-651a-4c08-b646-470d8c332f4d,958827.9,6010509.04,Normal,0,0.4,416,17,33,105,1.9
1785874200000,GAS-01,28dc49c7-651a-4c08-b646-470d8c332f4d,958827.9,6010509.04,Normal,0,0.4,413,17,33,108,2
1785874260000,GAS-01,28dc49c7-651a-4c08-b646-470d8c332f4d,958827.9,6010509.04,Normal,0,0.3,414,17,34,111,1.9
1785874320000,GAS-01,28dc49c7-651a-4c08-b646-470d8c332f4d,958827.9,6010509.04,Normal,0,0.4,413,17,34,113,1.9
1785874380000,GAS-01,28dc49c7-651a-4c08-b646-470d8c332f4d,958827.9,6010509.04,Normal,0,0.4,416,16,34,113,1.9
1785874440000,GAS-01,28dc49c7-651a-4c08-b646-470d8c332f4d,958827.9,6010509.04,Normal,0,0.3,414,17,35,117,1.9
1785874500000,GAS-01,28dc49c7-651a-4c08-b646-470d8c332f4d,958827.9,6010509.04,Normal,0,0.4,415,17,35,119,1.9
1785874560000,GAS-01,28dc49c7-651a-4c08-b646-470d8c332f4d,958827.9,6010509.04,Normal,0,0.4,413,17,34,111,2
1785874620000,GAS-01,28dc49c7-651a-4c08-b646-470d8c332f4d,958827.9,6010509.04,Normal,0,0.4,417,16,35,103,1.9
1785874680000,GAS-01,28dc49c7-651a-4c08-b646-470d8c332f4d,958827.9,6010509.04,Normal,0,0.4,417,17,36,101,1.9
1785874740000,GAS-01,28dc49c7-651a-4c08-b646-470d8c332f4d,958827.9,6010509.04,Normal,0,0.4,415,16,36,95,2
1785874800000,GAS-01,28dc49c7-651a-4c08-b646-470d8c332f4d,958827.9,6010509.04,Normal,0,0.4,413,16,35,93,2
1785874860000,GAS-01,28dc49c7-651a-4c08-b646-470d8c332f4d,958827.9,6010509.04,Normal,0,0.4,417,15,34,88,2
1785874920000,GAS-01,28dc49c7-651a-4c08-b646-470d8c332f4d,958827.9,6010509.04,Normal,0,0.4,415,16,35,93,2
1785874980000,GAS-01,28dc49c7-651a-4c08-b646-470d8c332f4d,958827.9,6010509.04,Normal,0,0.4,416,17,36,93,1.9
1785875040000,GAS-01,28dc49c7-651a-4c08-b646-470d8c332f4d,958827.9,6010509.04,Normal,0,0.4,414,17,36,94,1.9
1785875100000,GAS-01,28dc49c7-651a-4c08-b646-470d8c332f4d,958827.9,6010509.04,Normal,0,0.5,414,17,35,94,1.9
1785875160000,GAS-01,28dc49c7-651a-4c08-b646-470d8c332f4d,958827.9,6010509.04,Normal,0,0.5,414,17,36,95,1.9
1785875220000,GAS-01,28dc49c7-651a-4c08-b646-470d8c332f4d,958827.9,6010509.04,Normal,0,0.5,417,17,36,94,1.9
1785875280000,GAS-01,28dc49c7-651a-4c08-b646-470d8c332f4d,958827.9,6010509.04,Normal,0,0.5,419,17,36,98,1.9
1785875340000,GAS-01,28dc49c7-651a-4c08-b646-470d8c332f4d,958827.9,6010509.04,Normal,0,0.4,420,17,35,102,1.9
1785875400000,GAS-01,28dc49c7-651a-4c08-b646-470d8c332f4d,958827.9,6010509.04,Normal,0,0.4,424,17,34,102,1.9
1785875460000,GAS-01,28dc49c7-651a-4c08-b646-470d8c332f4d,958827.9,6010509.04,Normal,0,0.4,423,17,34,96,1.9
1785875520000,GAS-01,28dc49c7-651a-4c08-b646-470d8c332f4d,958827.9,6010509.04,Normal,0,0.4,425,16,35,95,1.9
1785875580000,GAS-01,28dc49c7-651a-4c08-b646-470d8c332f4d,958827.9,6010509.04,Normal,0,0.4,422,17,35,99,1.9
1785875640000,GAS-01,28dc49c7-651a-4c08-b646-470d8c332f4d,958827.9,6010509.04,Normal,0,0.4,420,17,35,102,1.9
1785875700000,GAS-01,28dc49c7-651a-4c08-b646-470d8c332f4d,958827.9,6010509.04,Normal,0,0.4,416,17,34,98,1.9
1785875760000,GAS-01,28dc49c7-651a-4c08-b646-470d8c332f4d,958827.9,6010509.04,Normal,0,0.4,413,16,35,103,1.9
1785875820000,GAS-01,28dc49c7-651a-4c08-b646-470d8c332f4d,958827.9,6010509.04,Normal,0,0.4,414,16,34,108,1.9
1785875880000,GAS-01,28dc49c7-651a-4c08-b646-470d8c332f4d,958827.9,6010509.04,Normal,0,0.4,418,16,35,102,1.9
1785875940000,GAS-01,28dc49c7-651a-4c08-b646-470d8c332f4d,958827.9,6010509.04,Normal,0,0.4,420,17,35,104,1.9
1785876000000,GAS-01,28dc49c7-651a-4c08-b646-470d8c332f4d,958827.9,6010509.04,Normal,0,0.4,421,17,35,103,1.9
1785876060000,GAS-01,28dc49c7-651a-4c08-b646-470d8c332f4d,958827.9,6010509.04,Normal,0,0.5,423,16,35,101,1.9
1785876120000,GAS-01,28dc49c7-651a-4c08-b646-470d8c332f4d,958827.9,6010509.04,Normal,0,0.4,425,16,36,101,1.9
1785876180000,GAS-01,28dc49c7-651a-4c08-b646-470d8c332f4d,958827.9,6010509.04,Normal,0,0.4,425,17,36,101,1.9
1785876240000,GAS-01,28dc49c7-651a-4c08-b646-470d8c332f4d,958827.9,6010509.04,Normal,0,0.4,424,17,35,99,1.9
1785876300000,GAS-01,28dc49c7-651a-4c08-b646-470d8c332f4d,958827.9,6010509.04,Normal,0,0.5,423,17,35,97,1.9
1785876360000,GAS-01,28dc49c7-651a-4c08-b646-470d8c332f4d,958827.9,6010509.04,Normal,0,0.5,427,16,34,91,1.9
1785876420000,GAS-01,28dc49c7-651a-4c08-b646-470d8c332f4d,958827.9,6010509.04,Normal,0,0.5,425,17,33,94,1.9
1785876480000,GAS-01,28dc49c7-651a-4c08-b646-470d8c332f4d,958827.9,6010509.04,Normal,0,0.4,426,18,34,97,1.9
1785876540000,GAS-01,28dc49c7-651a-4c08-b646-470d8c332f4d,958827.9,6010509.04,Normal,0,0.4,426,17,35,97,1.9
1785876600000,GAS-01,28dc49c7-651a-4c08-b646-470d8c332f4d,958827.9,6010509.04,Normal,0,0.3,425,17,35,95,1.9
1785876660000,GAS-01,28dc49c7-651a-4c08-b646-470d8c332f4d,958827.9,6010509.04,Normal,0,0.4,423,17,34,94,1.9
1785876720000,GAS-01,28dc49c7-651a-4c08-b646-470d8c332f4d,958827.9,6010509.04,Normal,0,0.4,425,17,33,90,1.9
1785876780000,GAS-01,28dc49c7-651a-4c08-b646-470d8c332f4d,958827.9,6010509.04,Normal,0,0.4,427,16,34,92,1.9
1785876840000,GAS-01,28dc49c7-651a-4c08-b646-470d8c332f4d,958827.9,6010509.04,Normal,0,0.4,424,17,34,89,1.9
1785876900000,GAS-01,28dc49c7-651a-4c08-b646-470d8c332f4d,958827.9,6010509.04,Normal,0,0.4,427,17,34,85,1.9
1785876960000,GAS-01,28dc49c7-651a-4c08-b646-470d8c332f4d,958827.9,6010509.04,Normal,0,0.3,428,16,35,93,1.9
1785877020000,GAS-01,28dc49c7-651a-4c08-b646-470d8c332f4d,958827.9,6010509.04,Normal,0,0.3,429,16,34,89,1.9
1785877080000,GAS-01,28dc49c7-651a-4c08-b646-470d8c332f4d,958827.9,6010509.04,Normal,0,0.3,427,16,33,85,1.9
1785877140000,GAS-01,28dc49c7-651a-4c08-b646-470d8c332f4d,958827.9,6010509.04,Normal,0,0.3,424,16,33,81,1.9
1785877200000,GAS-01,28dc49c7-651a-4c08-b646-470d8c332f4d,958827.9,6010509.04,Normal,0,0.3,427,16,32,81,1.9
1785877260000,GAS-01,28dc49c7-651a-4c08-b646-470d8c332f4d,958827.9,6010509.04,Normal,0,0.3,429,16,32,79,1.9
1785877320000,GAS-01,28dc49c7-651a-4c08-b646-470d8c332f4d,958827.9,6010509.04,Normal,0,0.3,428,16,32,87,1.9
1785877380000,GAS-01,28dc49c7-651a-4c08-b646-470d8c332f4d,958827.9,6010509.04,Normal,0,0.3,429,15,33,89,1.9
1785877440000,GAS-01,28dc49c7-651a-4c08-b646-470d8c332f4d,958827.9,6010509.04,Normal,0,0.3,426,15,33,85,2
1785877500000,GAS-01,28dc49c7-651a-4c08-b646-470d8c332f4d,958827.9,6010509.04,Normal,0,0.3,428,16,33,93,1.9
1785877560000,GAS-01,28dc49c7-651a-4c08-b646-470d8c332f4d,958827.9,6010509.04,Normal,0,0.2,425,16,33,98,1.9
1785877620000,GAS-01,28dc49c7-651a-4c08-b646-470d8c332f4d,958827.9,6010509.04,Normal,0,0.2,428,16,33,93,1.9
1785877680000,GAS-01,28dc49c7-651a-4c08-b646-470d8c332f4d,958827.9,6010509.04,Normal,0,0.3,427,15,34,96,1.9
1785877740000,GAS-01,28dc49c7-651a-4c08-b646-470d8c332f4d,958827.9,6010509.04,Normal,0,0.3,429,15,32,94,1.9
1785877800000,GAS-01,28dc49c7-651a-4c08-b646-470d8c332f4d,958827.9,6010509.04,Normal,0,0.3,424,16,34,100,1.9
1785877860000,GAS-01,28dc49c7-651a-4c08-b646-470d8c332f4d,958827.9,6010509.04,Normal,0,0.3,426,16,35,103,1.9
1785877920000,GAS-01,28dc49c7-651a-4c08-b646-470d8c332f4d,958827.9,6010509.04,Normal,0,0.4,427,16,36,106,1.9
1785877980000,GAS-01,28dc49c7-651a-4c08-b646-470d8c332f4d,958827.9,6010509.04,Normal,0,0.4,430,16,35,107,1.9
1785878040000,GAS-01,28dc49c7-651a-4c08-b646-470d8c332f4d,958827.9,6010509.04,Normal,0,0.4,426,16,35,103,1.9
1785878100000,GAS-01,28dc49c7-651a-4c08-b646-470d8c332f4d,958827.9,6010509.04,Normal,0,0.4,424,16,36,99,1.9
1785878160000,GAS-01,28dc49c7-651a-4c08-b646-470d8c332f4d,958827.9,6010509.04,Normal,0,0.4,421,16,35,96,1.9
1785878220000,GAS-01,28dc49c7-651a-4c08-b646-470d8c332f4d,958827.9,6010509.04,Normal,0,0.5,421,17,34,94,1.9
1785878280000,GAS-01,28dc49c7-651a-4c08-b646-470d8c332f4d,958827.9,6010509.04,Normal,0,0.5,420,16,35,97,1.9
1785878340000,GAS-01,28dc49c7-651a-4c08-b646-470d8c332f4d,958827.9,6010509.04,Normal,0,0.5,420,17,36,100,1.9
1785878400000,GAS-01,28dc49c7-651a-4c08-b646-470d8c332f4d,958827.9,6010509.04,Normal,0,0.5,420,17,36,96,1.9
1785878460000,GAS-01,28dc49c7-651a-4c08-b646-470d8c332f4d,958827.9,6010509.04,Normal,0,0.5,422,17,35,96,1.9
1785878520000,GAS-01,28dc49c7-651a-4c08-b646-470d8c332f4d,958827.9,6010509.04,Normal,0,0.5,418,17,34,95,1.9
1785878580000,GAS-01,28dc49c7-651a-4c08-b646-470d8c332f4d,958827.9,6010509.04,Normal,0,0.5,418,17,35,95,1.9
1785878640000,GAS-01,28dc49c7-651a-4c08-b646-470d8c332f4d,958827.9,6010509.04,Normal,0,0.5,418,17,34,97,1.9
1785878700000,GAS-01,28dc49c7-651a-4c08-b646-470d8c332f4d,958827.9,6010509.04,Normal,0,0.5,421,17,33,97,1.9
1785878760000,GAS-01,28dc49c7-651a-4c08-b646-470d8c332f4d,958827.9,6010509.04,Normal,0,0.5,423,17,32,94,1.9
1785878820000,GAS-01,28dc49c7-651a-4c08-b646-470d8c332f4d,958827.9,6010509.04,Normal,0,0.5,420,17,33,99,1.9
1785878880000,GAS-01,28dc49c7-651a-4c08-b646-470d8c332f4d,958827.9,6010509.04,Normal,0,0.4,424,18,33,103,1.9
1785878940000,GAS-01,28dc49c7-651a-4c08-b646-470d8c332f4d,958827.9,6010509.04,Normal,0,0.4,424,17,33,100,1.9
1785879000000,GAS-01,28dc49c7-651a-4c08-b646-470d8c332f4d,958827.9,6010509.04,Normal,0,0.4,422,17,33,95,1.9
1785879060000,GAS-01,28dc49c7-651a-4c08-b646-470d8c332f4d,958827.9,6010509.04,Normal,0,0.4,423,18,35,100,1.9
1785879120000,GAS-01,28dc49c7-651a-4c08-b646-470d8c332f4d,958827.9,6010509.04,Normal,0,0.3,420,18,35,94,1.9
1785879180000,GAS-01,28dc49c7-651a-4c08-b646-470d8c332f4d,958827.9,6010509.04,Normal,0,0.3,417,18,36,93,1.9
1785879240000,GAS-01,28dc49c7-651a-4c08-b646-470d8c332f4d,958827.9,6010509.04,Normal,0,0.4,414,17,35,97,2
1785879300000,GAS-01,28dc49c7-651a-4c08-b646-470d8c332f4d,958827.9,6010509.04,Normal,0,0.3,413,17,36,97,1.9
1785879360000,GAS-01,28dc49c7-651a-4c08-b646-470d8c332f4d,958827.9,6010509.04,Normal,0,0.3,410,17,35,91,1.9
1785879420000,GAS-01,28dc49c7-651a-4c08-b646-470d8c332f4d,958827.9,6010509.04,Normal,0,0.3,414,17,35,87,1.9
1785879480000,GAS-01,28dc49c7-651a-4c08-b646-470d8c332f4d,958827.9,6010509.04,Normal,0,0.3,415,17,35,83,1.9
1785879540000,GAS-01,28dc49c7-651a-4c08-b646-470d8c332f4d,958827.9,6010509.04,Normal,0,0.3,414,17,34,85,1.9
1785879600000,GAS-01,28dc49c7-651a-4c08-b646-470d8c332f4d,958827.9,6010509.04,Normal,0,0.4,417,17,34,85,1.9
1785879660000,GAS-01,28dc49c7-651a-4c08-b646-470d8c332f4d,958827.9,6010509.04,Normal,0,0.4,413,17,34,90,1.9
1785879720000,GAS-01,28dc49c7-651a-4c08-b646-470d8c332f4d,958827.9,6010509.04,Normal,0,0.4,415,17,34,90,1.9
1785879780000,GAS-01,28dc49c7-651a-4c08-b646-470d8c332f4d,958827.9,6010509.04,Normal,0,0.4,415,17,34,92,1.9
1785879840000,GAS-01,28dc49c7-651a-4c08-b646-470d8c332f4d,958827.9,6010509.04,Normal,0,0.4,413,17,34,88,1.9
1785879900000,GAS-01,28dc49c7-651a-4c08-b646-470d8c332f4d,958827.9,6010509.04,Normal,0,0.4,413,17,33,93,1.9
1785879960000,GAS-01,28dc49c7-651a-4c08-b646-470d8c332f4d,958827.9,6010509.04,Normal,0,0.4,417,16,34,97,1.9
1785880020000,GAS-01,28dc49c7-651a-4c08-b646-470d8c332f4d,958827.9,6010509.04,Normal,0,0.3,416,17,33,97,1.9
1785880080000,GAS-01,28dc49c7-651a-4c08-b646-470d8c332f4d,958827.9,6010509.04,Normal,0,0.3,420,17,34,100,2
1785880140000,GAS-01,28dc49c7-651a-4c08-b646-470d8c332f4d,958827.9,6010509.04,Normal,0,0.3,417,17,34,102,2
1785880200000,GAS-01,28dc49c7-651a-4c08-b646-470d8c332f4d,958827.9,6010509.04,Normal,0,0.3,419,17,33,103,2
1785880260000,GAS-01,28dc49c7-651a-4c08-b646-470d8c332f4d,958827.9,6010509.04,Normal,0,0.3,416,17,34,102,2
1785880320000,GAS-01,28dc49c7-651a-4c08-b646-470d8c332f4d,958827.9,6010509.04,Normal,0,0.3,413,16,33,105,2
1785880380000,GAS-01,28dc49c7-651a-4c08-b646-470d8c332f4d,958827.9,6010509.04,Normal,0,0.3,412,17,34,100,2
1785880440000,GAS-01,28dc49c7-651a-4c08-b646-470d8c332f4d,958827.9,6010509.04,Normal,0,0.3,410,17,33,98,1.9
1785880500000,GAS-01,28dc49c7-651a-4c08-b646-470d8c332f4d,958827.9,6010509.04,Normal,0,0.3,410,17,34,94,1.9
1785880560000,GAS-01,28dc49c7-651a-4c08-b646-470d8c332f4d,958827.9,6010509.04,Normal,0,0.3,414,18,35,94,1.9
1785880620000,GAS-01,28dc49c7-651a-4c08-b646-470d8c332f4d,958827.9,6010509.04,Normal,0,0.4,418,18,35,99,1.9
1785880680000,GAS-01,28dc49c7-651a-4c08-b646-470d8c332f4d,958827.9,6010509.04,Normal,0,0.4,415,18,35,104,1.9
1785880740000,GAS-01,28dc49c7-651a-4c08-b646-470d8c332f4d,958827.9,6010509.04,Normal,0,0.4,413,18,35,102,1.9
